문헌번호,확인항목,상세,관련값
KR 10-2620084 B1,F1 도면 수 미채움,도면의 설명은 반입됐으나 drawing_count 가 0 (도면 미반입),figures=1 drawing_count=0
KR 10-2620084 B1,F2 도면별 분리 필요,figures 원소 1개에 도면 9개의 설명이 뭉쳐 있음 — 도면 반입 시 도면 단위 분리 확인,description 길이=298
KR 10-2620258 B1,F1 도면 수 미채움,도면의 설명은 반입됐으나 drawing_count 가 0 (도면 미반입),figures=1 drawing_count=0
KR 10-2620258 B1,F2 도면별 분리 필요,figures 원소 1개에 도면 4개의 설명이 뭉쳐 있음 — 도면 반입 시 도면 단위 분리 확인,description 길이=283
KR 10-2620415 B1,F1 도면 수 미채움,도면의 설명은 반입됐으나 drawing_count 가 0 (도면 미반입),figures=1 drawing_count=0
KR 10-2620415 B1,F2 도면별 분리 필요,figures 원소 1개에 도면 53개의 설명이 뭉쳐 있음 — 도면 반입 시 도면 단위 분리 확인,description 길이=1957
KR 10-2620137 B1,F1 도면 수 미채움,도면의 설명은 반입됐으나 drawing_count 가 0 (도면 미반입),figures=1 drawing_count=0
KR 10-2620137 B1,F2 도면별 분리 필요,figures 원소 1개에 도면 11개의 설명이 뭉쳐 있음 — 도면 반입 시 도면 단위 분리 확인,description 길이=363
KR 10-2619202 B1,F1 도면 수 미채움,도면의 설명은 반입됐으나 drawing_count 가 0 (도면 미반입),figures=1 drawing_count=0
KR 10-2619202 B1,F2 도면별 분리 필요,figures 원소 1개에 도면 10개의 설명이 뭉쳐 있음 — 도면 반입 시 도면 단위 분리 확인,description 길이=751
KR 10-2619739 B1,F1 도면 수 미채움,도면의 설명은 반입됐으나 drawing_count 가 0 (도면 미반입),figures=1 drawing_count=0
KR 10-2619739 B1,F2 도면별 분리 필요,figures 원소 1개에 도면 3개의 설명이 뭉쳐 있음 — 도면 반입 시 도면 단위 분리 확인,description 길이=133
KR 10-2620436 B1,F1 도면 수 미채움,도면의 설명은 반입됐으나 drawing_count 가 0 (도면 미반입),figures=1 drawing_count=0
KR 10-2620436 B1,F2 도면별 분리 필요,figures 원소 1개에 도면 5개의 설명이 뭉쳐 있음 — 도면 반입 시 도면 단위 분리 확인,description 길이=244
KR 10-2620068 B1,F1 도면 수 미채움,도면의 설명은 반입됐으나 drawing_count 가 0 (도면 미반입),figures=1 drawing_count=0
KR 10-2620068 B1,F2 도면별 분리 필요,figures 원소 1개에 도면 11개의 설명이 뭉쳐 있음 — 도면 반입 시 도면 단위 분리 확인,description 길이=481
KR 10-2622456 B1,F1 도면 수 미채움,도면의 설명은 반입됐으나 drawing_count 가 0 (도면 미반입),figures=1 drawing_count=0
KR 10-2622456 B1,F2 도면별 분리 필요,figures 원소 1개에 도면 25개의 설명이 뭉쳐 있음 — 도면 반입 시 도면 단위 분리 확인,description 길이=1190
KR 10-2620738 B1,F1 도면 수 미채움,도면의 설명은 반입됐으나 drawing_count 가 0 (도면 미반입),figures=1 drawing_count=0
KR 10-2620738 B1,F2 도면별 분리 필요,figures 원소 1개에 도면 7개의 설명이 뭉쳐 있음 — 도면 반입 시 도면 단위 분리 확인,description 길이=382
KR 10-2620675 B1,F1 도면 수 미채움,도면의 설명은 반입됐으나 drawing_count 가 0 (도면 미반입),figures=1 drawing_count=0
KR 10-2620675 B1,F2 도면별 분리 필요,figures 원소 1개에 도면 5개의 설명이 뭉쳐 있음 — 도면 반입 시 도면 단위 분리 확인,description 길이=170
KR 10-2621299 B1,F1 도면 수 미채움,도면의 설명은 반입됐으나 drawing_count 가 0 (도면 미반입),figures=1 drawing_count=0
KR 10-2621299 B1,F2 도면별 분리 필요,figures 원소 1개에 도면 3개의 설명이 뭉쳐 있음 — 도면 반입 시 도면 단위 분리 확인,description 길이=265
KR 10-2621772 B1,F1 도면 수 미채움,도면의 설명은 반입됐으나 drawing_count 가 0 (도면 미반입),figures=1 drawing_count=0
KR 10-2621772 B1,F2 도면별 분리 필요,figures 원소 1개에 도면 3개의 설명이 뭉쳐 있음 — 도면 반입 시 도면 단위 분리 확인,description 길이=154
KR 10-2620545 B1,F1 도면 수 미채움,도면의 설명은 반입됐으나 drawing_count 가 0 (도면 미반입),figures=1 drawing_count=0
KR 10-2620545 B1,F2 도면별 분리 필요,figures 원소 1개에 도면 5개의 설명이 뭉쳐 있음 — 도면 반입 시 도면 단위 분리 확인,description 길이=108
KR 10-2620990 B1,F1 도면 수 미채움,도면의 설명은 반입됐으나 drawing_count 가 0 (도면 미반입),figures=1 drawing_count=0
KR 10-2620990 B1,F2 도면별 분리 필요,figures 원소 1개에 도면 11개의 설명이 뭉쳐 있음 — 도면 반입 시 도면 단위 분리 확인,description 길이=402
KR 10-2620102 B1,F1 도면 수 미채움,도면의 설명은 반입됐으나 drawing_count 가 0 (도면 미반입),figures=1 drawing_count=0
KR 10-2620102 B1,F2 도면별 분리 필요,figures 원소 1개에 도면 13개의 설명이 뭉쳐 있음 — 도면 반입 시 도면 단위 분리 확인,description 길이=784
KR 10-2622024 B1,F1 도면 수 미채움,도면의 설명은 반입됐으나 drawing_count 가 0 (도면 미반입),figures=1 drawing_count=0
KR 10-2622024 B1,F2 도면별 분리 필요,figures 원소 1개에 도면 13개의 설명이 뭉쳐 있음 — 도면 반입 시 도면 단위 분리 확인,description 길이=584
KR 10-2619727 B1,F1 도면 수 미채움,도면의 설명은 반입됐으나 drawing_count 가 0 (도면 미반입),figures=1 drawing_count=0
KR 10-2619727 B1,F2 도면별 분리 필요,figures 원소 1개에 도면 5개의 설명이 뭉쳐 있음 — 도면 반입 시 도면 단위 분리 확인,description 길이=1004
KR 10-2621278 B1,F1 도면 수 미채움,도면의 설명은 반입됐으나 drawing_count 가 0 (도면 미반입),figures=1 drawing_count=0
KR 10-2621278 B1,F2 도면별 분리 필요,figures 원소 1개에 도면 7개의 설명이 뭉쳐 있음 — 도면 반입 시 도면 단위 분리 확인,description 길이=489
KR 10-2621091 B1,F1 도면 수 미채움,도면의 설명은 반입됐으나 drawing_count 가 0 (도면 미반입),figures=1 drawing_count=0
KR 10-2621091 B1,F2 도면별 분리 필요,figures 원소 1개에 도면 5개의 설명이 뭉쳐 있음 — 도면 반입 시 도면 단위 분리 확인,description 길이=423
KR 10-2619135 B1,F1 도면 수 미채움,도면의 설명은 반입됐으나 drawing_count 가 0 (도면 미반입),figures=1 drawing_count=0
KR 10-2619135 B1,F2 도면별 분리 필요,figures 원소 1개에 도면 10개의 설명이 뭉쳐 있음 — 도면 반입 시 도면 단위 분리 확인,description 길이=240
KR 10-2621871 B1,F1 도면 수 미채움,도면의 설명은 반입됐으나 drawing_count 가 0 (도면 미반입),figures=1 drawing_count=0
KR 10-2621871 B1,F2 도면별 분리 필요,figures 원소 1개에 도면 3개의 설명이 뭉쳐 있음 — 도면 반입 시 도면 단위 분리 확인,description 길이=145
KR 10-2622134 B1,F1 도면 수 미채움,도면의 설명은 반입됐으나 drawing_count 가 0 (도면 미반입),figures=1 drawing_count=0
KR 10-2622134 B1,F2 도면별 분리 필요,figures 원소 1개에 도면 18개의 설명이 뭉쳐 있음 — 도면 반입 시 도면 단위 분리 확인,description 길이=596
KR 10-2618453 B1,F1 도면 수 미채움,도면의 설명은 반입됐으나 drawing_count 가 0 (도면 미반입),figures=1 drawing_count=0
KR 10-2618453 B1,F2 도면별 분리 필요,figures 원소 1개에 도면 6개의 설명이 뭉쳐 있음 — 도면 반입 시 도면 단위 분리 확인,description 길이=697
KR 10-2620991 B1,F1 도면 수 미채움,도면의 설명은 반입됐으나 drawing_count 가 0 (도면 미반입),figures=1 drawing_count=0
KR 10-2620991 B1,F2 도면별 분리 필요,figures 원소 1개에 도면 13개의 설명이 뭉쳐 있음 — 도면 반입 시 도면 단위 분리 확인,description 길이=474
KR 10-2620314 B1,F1 도면 수 미채움,도면의 설명은 반입됐으나 drawing_count 가 0 (도면 미반입),figures=1 drawing_count=0
KR 10-2620314 B1,F2 도면별 분리 필요,figures 원소 1개에 도면 6개의 설명이 뭉쳐 있음 — 도면 반입 시 도면 단위 분리 확인,description 길이=106
KR 10-2622097 B1,F1 도면 수 미채움,도면의 설명은 반입됐으나 drawing_count 가 0 (도면 미반입),figures=1 drawing_count=0
KR 10-2622097 B1,F2 도면별 분리 필요,figures 원소 1개에 도면 7개의 설명이 뭉쳐 있음 — 도면 반입 시 도면 단위 분리 확인,description 길이=339
KR 10-2621072 B1,F1 도면 수 미채움,도면의 설명은 반입됐으나 drawing_count 가 0 (도면 미반입),figures=1 drawing_count=0
KR 10-2621072 B1,F2 도면별 분리 필요,figures 원소 1개에 도면 15개의 설명이 뭉쳐 있음 — 도면 반입 시 도면 단위 분리 확인,description 길이=751
KR 10-2622815 B1,F1 도면 수 미채움,도면의 설명은 반입됐으나 drawing_count 가 0 (도면 미반입),figures=1 drawing_count=0
KR 10-2622815 B1,F2 도면별 분리 필요,figures 원소 1개에 도면 15개의 설명이 뭉쳐 있음 — 도면 반입 시 도면 단위 분리 확인,description 길이=726
KR 10-2620692 B1,F1 도면 수 미채움,도면의 설명은 반입됐으나 drawing_count 가 0 (도면 미반입),figures=1 drawing_count=0
KR 10-2620692 B1,F2 도면별 분리 필요,figures 원소 1개에 도면 5개의 설명이 뭉쳐 있음 — 도면 반입 시 도면 단위 분리 확인,description 길이=197
KR 10-2620076 B1,F1 도면 수 미채움,도면의 설명은 반입됐으나 drawing_count 가 0 (도면 미반입),figures=1 drawing_count=0
KR 10-2620076 B1,F2 도면별 분리 필요,figures 원소 1개에 도면 4개의 설명이 뭉쳐 있음 — 도면 반입 시 도면 단위 분리 확인,description 길이=147
KR 10-2620344 B1,F1 도면 수 미채움,도면의 설명은 반입됐으나 drawing_count 가 0 (도면 미반입),figures=1 drawing_count=0
KR 10-2620344 B1,F2 도면별 분리 필요,figures 원소 1개에 도면 7개의 설명이 뭉쳐 있음 — 도면 반입 시 도면 단위 분리 확인,description 길이=158
KR 10-2621607 B1,F1 도면 수 미채움,도면의 설명은 반입됐으나 drawing_count 가 0 (도면 미반입),figures=1 drawing_count=0
KR 10-2621607 B1,F2 도면별 분리 필요,figures 원소 1개에 도면 3개의 설명이 뭉쳐 있음 — 도면 반입 시 도면 단위 분리 확인,description 길이=145
KR 10-2619261 B1,F1 도면 수 미채움,도면의 설명은 반입됐으나 drawing_count 가 0 (도면 미반입),figures=1 drawing_count=0
KR 10-2619261 B1,F2 도면별 분리 필요,figures 원소 1개에 도면 41개의 설명이 뭉쳐 있음 — 도면 반입 시 도면 단위 분리 확인,description 길이=2114
KR 10-2621857 B1,F1 도면 수 미채움,도면의 설명은 반입됐으나 drawing_count 가 0 (도면 미반입),figures=1 drawing_count=0
KR 10-2621857 B1,F2 도면별 분리 필요,figures 원소 1개에 도면 29개의 설명이 뭉쳐 있음 — 도면 반입 시 도면 단위 분리 확인,description 길이=485
KR 10-2620828 B1,F1 도면 수 미채움,도면의 설명은 반입됐으나 drawing_count 가 0 (도면 미반입),figures=1 drawing_count=0
KR 10-2620828 B1,F2 도면별 분리 필요,figures 원소 1개에 도면 18개의 설명이 뭉쳐 있음 — 도면 반입 시 도면 단위 분리 확인,description 길이=1382
KR 10-2622454 B1,F1 도면 수 미채움,도면의 설명은 반입됐으나 drawing_count 가 0 (도면 미반입),figures=1 drawing_count=0
KR 10-2622454 B1,F2 도면별 분리 필요,figures 원소 1개에 도면 3개의 설명이 뭉쳐 있음 — 도면 반입 시 도면 단위 분리 확인,description 길이=318
KR 10-2620634 B1,F1 도면 수 미채움,도면의 설명은 반입됐으나 drawing_count 가 0 (도면 미반입),figures=1 drawing_count=0
KR 10-2620634 B1,F2 도면별 분리 필요,figures 원소 1개에 도면 12개의 설명이 뭉쳐 있음 — 도면 반입 시 도면 단위 분리 확인,description 길이=495
KR 10-2620718 B1,F1 도면 수 미채움,도면의 설명은 반입됐으나 drawing_count 가 0 (도면 미반입),figures=1 drawing_count=0
KR 10-2620718 B1,F2 도면별 분리 필요,figures 원소 1개에 도면 10개의 설명이 뭉쳐 있음 — 도면 반입 시 도면 단위 분리 확인,description 길이=421
KR 10-2620312 B1,F1 도면 수 미채움,도면의 설명은 반입됐으나 drawing_count 가 0 (도면 미반입),figures=1 drawing_count=0
KR 10-2620312 B1,F2 도면별 분리 필요,figures 원소 1개에 도면 6개의 설명이 뭉쳐 있음 — 도면 반입 시 도면 단위 분리 확인,description 길이=317
KR 10-2620762 B1,F1 도면 수 미채움,도면의 설명은 반입됐으나 drawing_count 가 0 (도면 미반입),figures=1 drawing_count=0
KR 10-2620762 B1,F2 도면별 분리 필요,figures 원소 1개에 도면 14개의 설명이 뭉쳐 있음 — 도면 반입 시 도면 단위 분리 확인,description 길이=706
KR 10-2619870 B1,F1 도면 수 미채움,도면의 설명은 반입됐으나 drawing_count 가 0 (도면 미반입),figures=1 drawing_count=0
KR 10-2619870 B1,F2 도면별 분리 필요,figures 원소 1개에 도면 14개의 설명이 뭉쳐 있음 — 도면 반입 시 도면 단위 분리 확인,description 길이=305
KR 10-2621619 B1,F1 도면 수 미채움,도면의 설명은 반입됐으나 drawing_count 가 0 (도면 미반입),figures=1 drawing_count=0
KR 10-2621619 B1,F2 도면별 분리 필요,figures 원소 1개에 도면 5개의 설명이 뭉쳐 있음 — 도면 반입 시 도면 단위 분리 확인,description 길이=357
KR 10-2620544 B1,F1 도면 수 미채움,도면의 설명은 반입됐으나 drawing_count 가 0 (도면 미반입),figures=1 drawing_count=0
KR 10-2620544 B1,F2 도면별 분리 필요,figures 원소 1개에 도면 15개의 설명이 뭉쳐 있음 — 도면 반입 시 도면 단위 분리 확인,description 길이=349
KR 10-2622258 B1,F1 도면 수 미채움,도면의 설명은 반입됐으나 drawing_count 가 0 (도면 미반입),figures=1 drawing_count=0
KR 10-2622258 B1,F2 도면별 분리 필요,figures 원소 1개에 도면 7개의 설명이 뭉쳐 있음 — 도면 반입 시 도면 단위 분리 확인,description 길이=256
KR 10-2619880 B1,F1 도면 수 미채움,도면의 설명은 반입됐으나 drawing_count 가 0 (도면 미반입),figures=1 drawing_count=0
KR 10-2619880 B1,F2 도면별 분리 필요,figures 원소 1개에 도면 17개의 설명이 뭉쳐 있음 — 도면 반입 시 도면 단위 분리 확인,description 길이=888
KR 10-2621696 B1,F1 도면 수 미채움,도면의 설명은 반입됐으나 drawing_count 가 0 (도면 미반입),figures=1 drawing_count=0
KR 10-2621696 B1,F2 도면별 분리 필요,figures 원소 1개에 도면 7개의 설명이 뭉쳐 있음 — 도면 반입 시 도면 단위 분리 확인,description 길이=256
KR 10-2619608 B1,F1 도면 수 미채움,도면의 설명은 반입됐으나 drawing_count 가 0 (도면 미반입),figures=1 drawing_count=0
KR 10-2619608 B1,F2 도면별 분리 필요,figures 원소 1개에 도면 4개의 설명이 뭉쳐 있음 — 도면 반입 시 도면 단위 분리 확인,description 길이=399
KR 10-2622086 B1,F1 도면 수 미채움,도면의 설명은 반입됐으나 drawing_count 가 0 (도면 미반입),figures=1 drawing_count=0
KR 10-2622086 B1,F2 도면별 분리 필요,figures 원소 1개에 도면 7개의 설명이 뭉쳐 있음 — 도면 반입 시 도면 단위 분리 확인,description 길이=378
KR 10-2622706 B1,F1 도면 수 미채움,도면의 설명은 반입됐으나 drawing_count 가 0 (도면 미반입),figures=1 drawing_count=0
KR 10-2622706 B1,F2 도면별 분리 필요,figures 원소 1개에 도면 10개의 설명이 뭉쳐 있음 — 도면 반입 시 도면 단위 분리 확인,description 길이=417
KR 10-2620443 B1,F1 도면 수 미채움,도면의 설명은 반입됐으나 drawing_count 가 0 (도면 미반입),figures=1 drawing_count=0
KR 10-2620443 B1,F2 도면별 분리 필요,figures 원소 1개에 도면 98개의 설명이 뭉쳐 있음 — 도면 반입 시 도면 단위 분리 확인,description 길이=3282
KR 10-2620746 B1,F1 도면 수 미채움,도면의 설명은 반입됐으나 drawing_count 가 0 (도면 미반입),figures=1 drawing_count=0
KR 10-2620746 B1,F2 도면별 분리 필요,figures 원소 1개에 도면 14개의 설명이 뭉쳐 있음 — 도면 반입 시 도면 단위 분리 확인,description 길이=655
KR 10-2620377 B1,F1 도면 수 미채움,도면의 설명은 반입됐으나 drawing_count 가 0 (도면 미반입),figures=1 drawing_count=0
KR 10-2620377 B1,F2 도면별 분리 필요,figures 원소 1개에 도면 14개의 설명이 뭉쳐 있음 — 도면 반입 시 도면 단위 분리 확인,description 길이=783
KR 10-2621663 B1,F1 도면 수 미채움,도면의 설명은 반입됐으나 drawing_count 가 0 (도면 미반입),figures=1 drawing_count=0
KR 10-2621663 B1,F2 도면별 분리 필요,figures 원소 1개에 도면 11개의 설명이 뭉쳐 있음 — 도면 반입 시 도면 단위 분리 확인,description 길이=676
KR 10-2620411 B1,F1 도면 수 미채움,도면의 설명은 반입됐으나 drawing_count 가 0 (도면 미반입),figures=1 drawing_count=0
KR 10-2620411 B1,F2 도면별 분리 필요,figures 원소 1개에 도면 13개의 설명이 뭉쳐 있음 — 도면 반입 시 도면 단위 분리 확인,description 길이=308
KR 10-2620877 B1,F1 도면 수 미채움,도면의 설명은 반입됐으나 drawing_count 가 0 (도면 미반입),figures=1 drawing_count=0
KR 10-2620877 B1,F2 도면별 분리 필요,figures 원소 1개에 도면 23개의 설명이 뭉쳐 있음 — 도면 반입 시 도면 단위 분리 확인,description 길이=1648
KR 10-2621004 B1,F1 도면 수 미채움,도면의 설명은 반입됐으나 drawing_count 가 0 (도면 미반입),figures=1 drawing_count=0
KR 10-2621004 B1,F2 도면별 분리 필요,figures 원소 1개에 도면 10개의 설명이 뭉쳐 있음 — 도면 반입 시 도면 단위 분리 확인,description 길이=272
KR 10-2623384 B1,F1 도면 수 미채움,도면의 설명은 반입됐으나 drawing_count 가 0 (도면 미반입),figures=1 drawing_count=0
KR 10-2623384 B1,F2 도면별 분리 필요,figures 원소 1개에 도면 7개의 설명이 뭉쳐 있음 — 도면 반입 시 도면 단위 분리 확인,description 길이=241
KR 10-2620009 B1,F1 도면 수 미채움,도면의 설명은 반입됐으나 drawing_count 가 0 (도면 미반입),figures=1 drawing_count=0
KR 10-2620009 B1,F2 도면별 분리 필요,figures 원소 1개에 도면 7개의 설명이 뭉쳐 있음 — 도면 반입 시 도면 단위 분리 확인,description 길이=419
KR 10-2621738 B1,F1 도면 수 미채움,도면의 설명은 반입됐으나 drawing_count 가 0 (도면 미반입),figures=1 drawing_count=0
KR 10-2621738 B1,F2 도면별 분리 필요,figures 원소 1개에 도면 19개의 설명이 뭉쳐 있음 — 도면 반입 시 도면 단위 분리 확인,description 길이=746
KR 10-2620842 B1,F1 도면 수 미채움,도면의 설명은 반입됐으나 drawing_count 가 0 (도면 미반입),figures=1 drawing_count=0
KR 10-2620842 B1,F2 도면별 분리 필요,figures 원소 1개에 도면 18개의 설명이 뭉쳐 있음 — 도면 반입 시 도면 단위 분리 확인,description 길이=1070
KR 10-2621592 B1,F1 도면 수 미채움,도면의 설명은 반입됐으나 drawing_count 가 0 (도면 미반입),figures=1 drawing_count=0
KR 10-2621592 B1,F2 도면별 분리 필요,figures 원소 1개에 도면 12개의 설명이 뭉쳐 있음 — 도면 반입 시 도면 단위 분리 확인,description 길이=336
KR 10-2620141 B1,F1 도면 수 미채움,도면의 설명은 반입됐으나 drawing_count 가 0 (도면 미반입),figures=1 drawing_count=0
KR 10-2620141 B1,F2 도면별 분리 필요,figures 원소 1개에 도면 11개의 설명이 뭉쳐 있음 — 도면 반입 시 도면 단위 분리 확인,description 길이=437
KR 10-2620927 B1,F1 도면 수 미채움,도면의 설명은 반입됐으나 drawing_count 가 0 (도면 미반입),figures=1 drawing_count=0
KR 10-2620927 B1,F2 도면별 분리 필요,figures 원소 1개에 도면 5개의 설명이 뭉쳐 있음 — 도면 반입 시 도면 단위 분리 확인,description 길이=294
KR 10-2619810 B1,F1 도면 수 미채움,도면의 설명은 반입됐으나 drawing_count 가 0 (도면 미반입),figures=1 drawing_count=0
KR 10-2619810 B1,F2 도면별 분리 필요,figures 원소 1개에 도면 18개의 설명이 뭉쳐 있음 — 도면 반입 시 도면 단위 분리 확인,description 길이=683
KR 10-2622515 B1,F1 도면 수 미채움,도면의 설명은 반입됐으나 drawing_count 가 0 (도면 미반입),figures=1 drawing_count=0
KR 10-2622515 B1,F2 도면별 분리 필요,figures 원소 1개에 도면 23개의 설명이 뭉쳐 있음 — 도면 반입 시 도면 단위 분리 확인,description 길이=992
KR 10-2620334 B1,F1 도면 수 미채움,도면의 설명은 반입됐으나 drawing_count 가 0 (도면 미반입),figures=1 drawing_count=0
KR 10-2622427 B1,F1 도면 수 미채움,도면의 설명은 반입됐으나 drawing_count 가 0 (도면 미반입),figures=1 drawing_count=0
KR 10-2618432 B1,F1 도면 수 미채움,도면의 설명은 반입됐으나 drawing_count 가 0 (도면 미반입),figures=1 drawing_count=0
KR 10-2618432 B1,F2 도면별 분리 필요,figures 원소 1개에 도면 5개의 설명이 뭉쳐 있음 — 도면 반입 시 도면 단위 분리 확인,description 길이=527
KR 10-2620989 B1,F1 도면 수 미채움,도면의 설명은 반입됐으나 drawing_count 가 0 (도면 미반입),figures=1 drawing_count=0
KR 10-2620989 B1,F2 도면별 분리 필요,figures 원소 1개에 도면 7개의 설명이 뭉쳐 있음 — 도면 반입 시 도면 단위 분리 확인,description 길이=465
KR 10-2620614 B1,F1 도면 수 미채움,도면의 설명은 반입됐으나 drawing_count 가 0 (도면 미반입),figures=1 drawing_count=0
KR 10-2620614 B1,F2 도면별 분리 필요,figures 원소 1개에 도면 8개의 설명이 뭉쳐 있음 — 도면 반입 시 도면 단위 분리 확인,description 길이=222
KR 10-2622553 B1,F1 도면 수 미채움,도면의 설명은 반입됐으나 drawing_count 가 0 (도면 미반입),figures=1 drawing_count=0
KR 10-2622553 B1,F2 도면별 분리 필요,figures 원소 1개에 도면 4개의 설명이 뭉쳐 있음 — 도면 반입 시 도면 단위 분리 확인,description 길이=259
KR 10-2620643 B1,F1 도면 수 미채움,도면의 설명은 반입됐으나 drawing_count 가 0 (도면 미반입),figures=1 drawing_count=0
KR 10-2620643 B1,F2 도면별 분리 필요,figures 원소 1개에 도면 4개의 설명이 뭉쳐 있음 — 도면 반입 시 도면 단위 분리 확인,description 길이=451
KR 10-2621331 B1,F1 도면 수 미채움,도면의 설명은 반입됐으나 drawing_count 가 0 (도면 미반입),figures=1 drawing_count=0
KR 10-2621331 B1,F2 도면별 분리 필요,figures 원소 1개에 도면 12개의 설명이 뭉쳐 있음 — 도면 반입 시 도면 단위 분리 확인,description 길이=560
KR 10-2621422 B1,F1 도면 수 미채움,도면의 설명은 반입됐으나 drawing_count 가 0 (도면 미반입),figures=1 drawing_count=0
KR 10-2621422 B1,F2 도면별 분리 필요,figures 원소 1개에 도면 5개의 설명이 뭉쳐 있음 — 도면 반입 시 도면 단위 분리 확인,description 길이=250
KR 10-2619807 B1,F1 도면 수 미채움,도면의 설명은 반입됐으나 drawing_count 가 0 (도면 미반입),figures=1 drawing_count=0
KR 10-2619807 B1,F2 도면별 분리 필요,figures 원소 1개에 도면 7개의 설명이 뭉쳐 있음 — 도면 반입 시 도면 단위 분리 확인,description 길이=382
KR 10-2621184 B1,F1 도면 수 미채움,도면의 설명은 반입됐으나 drawing_count 가 0 (도면 미반입),figures=1 drawing_count=0
KR 10-2621184 B1,F2 도면별 분리 필요,figures 원소 1개에 도면 9개의 설명이 뭉쳐 있음 — 도면 반입 시 도면 단위 분리 확인,description 길이=447
KR 10-2621385 B1,F1 도면 수 미채움,도면의 설명은 반입됐으나 drawing_count 가 0 (도면 미반입),figures=1 drawing_count=0
KR 10-2621385 B1,F2 도면별 분리 필요,figures 원소 1개에 도면 10개의 설명이 뭉쳐 있음 — 도면 반입 시 도면 단위 분리 확인,description 길이=244
KR 10-2621177 B1,F1 도면 수 미채움,도면의 설명은 반입됐으나 drawing_count 가 0 (도면 미반입),figures=1 drawing_count=0
KR 10-2621177 B1,F2 도면별 분리 필요,figures 원소 1개에 도면 6개의 설명이 뭉쳐 있음 — 도면 반입 시 도면 단위 분리 확인,description 길이=351
KR 10-2620690 B1,F1 도면 수 미채움,도면의 설명은 반입됐으나 drawing_count 가 0 (도면 미반입),figures=1 drawing_count=0
KR 10-2620690 B1,F2 도면별 분리 필요,figures 원소 1개에 도면 9개의 설명이 뭉쳐 있음 — 도면 반입 시 도면 단위 분리 확인,description 길이=634
KR 10-2619835 B1,F1 도면 수 미채움,도면의 설명은 반입됐으나 drawing_count 가 0 (도면 미반입),figures=1 drawing_count=0
KR 10-2619835 B1,F2 도면별 분리 필요,figures 원소 1개에 도면 5개의 설명이 뭉쳐 있음 — 도면 반입 시 도면 단위 분리 확인,description 길이=478
KR 10-2622321 B1,F1 도면 수 미채움,도면의 설명은 반입됐으나 drawing_count 가 0 (도면 미반입),figures=1 drawing_count=0
KR 10-2622321 B1,F2 도면별 분리 필요,figures 원소 1개에 도면 8개의 설명이 뭉쳐 있음 — 도면 반입 시 도면 단위 분리 확인,description 길이=207
KR 10-2620621 B1,F1 도면 수 미채움,도면의 설명은 반입됐으나 drawing_count 가 0 (도면 미반입),figures=1 drawing_count=0
KR 10-2620621 B1,F2 도면별 분리 필요,figures 원소 1개에 도면 7개의 설명이 뭉쳐 있음 — 도면 반입 시 도면 단위 분리 확인,description 길이=372
KR 10-2622284 B1,F1 도면 수 미채움,도면의 설명은 반입됐으나 drawing_count 가 0 (도면 미반입),figures=1 drawing_count=0
KR 10-2622284 B1,F2 도면별 분리 필요,figures 원소 1개에 도면 6개의 설명이 뭉쳐 있음 — 도면 반입 시 도면 단위 분리 확인,description 길이=253
KR 10-2620468 B1,F1 도면 수 미채움,도면의 설명은 반입됐으나 drawing_count 가 0 (도면 미반입),figures=1 drawing_count=0
KR 10-2620468 B1,F2 도면별 분리 필요,figures 원소 1개에 도면 7개의 설명이 뭉쳐 있음 — 도면 반입 시 도면 단위 분리 확인,description 길이=274
KR 10-2621614 B1,F1 도면 수 미채움,도면의 설명은 반입됐으나 drawing_count 가 0 (도면 미반입),figures=1 drawing_count=0
KR 10-2621614 B1,F2 도면별 분리 필요,figures 원소 1개에 도면 10개의 설명이 뭉쳐 있음 — 도면 반입 시 도면 단위 분리 확인,description 길이=563
KR 10-2619815 B1,F1 도면 수 미채움,도면의 설명은 반입됐으나 drawing_count 가 0 (도면 미반입),figures=1 drawing_count=0
KR 10-2619815 B1,F2 도면별 분리 필요,figures 원소 1개에 도면 3개의 설명이 뭉쳐 있음 — 도면 반입 시 도면 단위 분리 확인,description 길이=127
KR 10-2620565 B1,F1 도면 수 미채움,도면의 설명은 반입됐으나 drawing_count 가 0 (도면 미반입),figures=1 drawing_count=0
KR 10-2620565 B1,F2 도면별 분리 필요,figures 원소 1개에 도면 3개의 설명이 뭉쳐 있음 — 도면 반입 시 도면 단위 분리 확인,description 길이=167
KR 10-2621846 B1,F1 도면 수 미채움,도면의 설명은 반입됐으나 drawing_count 가 0 (도면 미반입),figures=1 drawing_count=0
KR 10-2621846 B1,F2 도면별 분리 필요,figures 원소 1개에 도면 4개의 설명이 뭉쳐 있음 — 도면 반입 시 도면 단위 분리 확인,description 길이=139
KR 10-2620553 B1,F1 도면 수 미채움,도면의 설명은 반입됐으나 drawing_count 가 0 (도면 미반입),figures=1 drawing_count=0
KR 10-2620553 B1,F2 도면별 분리 필요,figures 원소 1개에 도면 7개의 설명이 뭉쳐 있음 — 도면 반입 시 도면 단위 분리 확인,description 길이=206
KR 10-2622141 B1,F1 도면 수 미채움,도면의 설명은 반입됐으나 drawing_count 가 0 (도면 미반입),figures=1 drawing_count=0
KR 10-2622141 B1,F2 도면별 분리 필요,figures 원소 1개에 도면 4개의 설명이 뭉쳐 있음 — 도면 반입 시 도면 단위 분리 확인,description 길이=197
KR 10-2620522 B1,F1 도면 수 미채움,도면의 설명은 반입됐으나 drawing_count 가 0 (도면 미반입),figures=1 drawing_count=0
KR 10-2620522 B1,F2 도면별 분리 필요,figures 원소 1개에 도면 11개의 설명이 뭉쳐 있음 — 도면 반입 시 도면 단위 분리 확인,description 길이=278
KR 10-2619766 B1,F1 도면 수 미채움,도면의 설명은 반입됐으나 drawing_count 가 0 (도면 미반입),figures=1 drawing_count=0
KR 10-2619766 B1,F2 도면별 분리 필요,figures 원소 1개에 도면 11개의 설명이 뭉쳐 있음 — 도면 반입 시 도면 단위 분리 확인,description 길이=496
KR 10-2621048 B1,F1 도면 수 미채움,도면의 설명은 반입됐으나 drawing_count 가 0 (도면 미반입),figures=1 drawing_count=0
KR 10-2620887 B1,F1 도면 수 미채움,도면의 설명은 반입됐으나 drawing_count 가 0 (도면 미반입),figures=1 drawing_count=0
KR 10-2620887 B1,F2 도면별 분리 필요,figures 원소 1개에 도면 10개의 설명이 뭉쳐 있음 — 도면 반입 시 도면 단위 분리 확인,description 길이=481
KR 10-2620267 B1,F1 도면 수 미채움,도면의 설명은 반입됐으나 drawing_count 가 0 (도면 미반입),figures=1 drawing_count=0
KR 10-2620267 B1,F2 도면별 분리 필요,figures 원소 1개에 도면 12개의 설명이 뭉쳐 있음 — 도면 반입 시 도면 단위 분리 확인,description 길이=880
KR 10-2622177 B1,F1 도면 수 미채움,도면의 설명은 반입됐으나 drawing_count 가 0 (도면 미반입),figures=1 drawing_count=0
KR 10-2622177 B1,F2 도면별 분리 필요,figures 원소 1개에 도면 26개의 설명이 뭉쳐 있음 — 도면 반입 시 도면 단위 분리 확인,description 길이=1691
KR 10-2620271 B1,F1 도면 수 미채움,도면의 설명은 반입됐으나 drawing_count 가 0 (도면 미반입),figures=1 drawing_count=0
KR 10-2620271 B1,F2 도면별 분리 필요,figures 원소 1개에 도면 17개의 설명이 뭉쳐 있음 — 도면 반입 시 도면 단위 분리 확인,description 길이=428
KR 10-2621248 B1,F1 도면 수 미채움,도면의 설명은 반입됐으나 drawing_count 가 0 (도면 미반입),figures=1 drawing_count=0
KR 10-2621248 B1,F2 도면별 분리 필요,figures 원소 1개에 도면 6개의 설명이 뭉쳐 있음 — 도면 반입 시 도면 단위 분리 확인,description 길이=323
KR 10-2620088 B1,F1 도면 수 미채움,도면의 설명은 반입됐으나 drawing_count 가 0 (도면 미반입),figures=1 drawing_count=0
KR 10-2620088 B1,F2 도면별 분리 필요,figures 원소 1개에 도면 4개의 설명이 뭉쳐 있음 — 도면 반입 시 도면 단위 분리 확인,description 길이=235
KR 10-2621594 B1,F1 도면 수 미채움,도면의 설명은 반입됐으나 drawing_count 가 0 (도면 미반입),figures=1 drawing_count=0
KR 10-2621594 B1,F2 도면별 분리 필요,figures 원소 1개에 도면 9개의 설명이 뭉쳐 있음 — 도면 반입 시 도면 단위 분리 확인,description 길이=489
KR 10-2620733 B1,F1 도면 수 미채움,도면의 설명은 반입됐으나 drawing_count 가 0 (도면 미반입),figures=1 drawing_count=0
KR 10-2620733 B1,F2 도면별 분리 필요,figures 원소 1개에 도면 23개의 설명이 뭉쳐 있음 — 도면 반입 시 도면 단위 분리 확인,description 길이=713
KR 10-2622638 B1,F1 도면 수 미채움,도면의 설명은 반입됐으나 drawing_count 가 0 (도면 미반입),figures=1 drawing_count=0
KR 10-2622638 B1,F2 도면별 분리 필요,figures 원소 1개에 도면 7개의 설명이 뭉쳐 있음 — 도면 반입 시 도면 단위 분리 확인,description 길이=340
KR 10-2620543 B1,F1 도면 수 미채움,도면의 설명은 반입됐으나 drawing_count 가 0 (도면 미반입),figures=1 drawing_count=0
KR 10-2620543 B1,F2 도면별 분리 필요,figures 원소 1개에 도면 15개의 설명이 뭉쳐 있음 — 도면 반입 시 도면 단위 분리 확인,description 길이=389
KR 10-2621049 B1,F1 도면 수 미채움,도면의 설명은 반입됐으나 drawing_count 가 0 (도면 미반입),figures=1 drawing_count=0
KR 10-2622267 B1,F1 도면 수 미채움,도면의 설명은 반입됐으나 drawing_count 가 0 (도면 미반입),figures=1 drawing_count=0
KR 10-2622267 B1,F2 도면별 분리 필요,figures 원소 1개에 도면 16개의 설명이 뭉쳐 있음 — 도면 반입 시 도면 단위 분리 확인,description 길이=386
KR 10-2620556 B1,F1 도면 수 미채움,도면의 설명은 반입됐으나 drawing_count 가 0 (도면 미반입),figures=1 drawing_count=0
KR 10-2620556 B1,F2 도면별 분리 필요,figures 원소 1개에 도면 8개의 설명이 뭉쳐 있음 — 도면 반입 시 도면 단위 분리 확인,description 길이=202
KR 10-2620775 B1,F1 도면 수 미채움,도면의 설명은 반입됐으나 drawing_count 가 0 (도면 미반입),figures=1 drawing_count=0
KR 10-2620775 B1,F2 도면별 분리 필요,figures 원소 1개에 도면 8개의 설명이 뭉쳐 있음 — 도면 반입 시 도면 단위 분리 확인,description 길이=420
KR 10-2621050 B1,F1 도면 수 미채움,도면의 설명은 반입됐으나 drawing_count 가 0 (도면 미반입),figures=1 drawing_count=0
KR 10-2621050 B1,F2 도면별 분리 필요,figures 원소 1개에 도면 9개의 설명이 뭉쳐 있음 — 도면 반입 시 도면 단위 분리 확인,description 길이=495
KR 10-2620259 B1,F1 도면 수 미채움,도면의 설명은 반입됐으나 drawing_count 가 0 (도면 미반입),figures=1 drawing_count=0
KR 10-2620259 B1,F2 도면별 분리 필요,figures 원소 1개에 도면 14개의 설명이 뭉쳐 있음 — 도면 반입 시 도면 단위 분리 확인,description 길이=541
KR 10-2620940 B1,F1 도면 수 미채움,도면의 설명은 반입됐으나 drawing_count 가 0 (도면 미반입),figures=1 drawing_count=0
KR 10-2620940 B1,F2 도면별 분리 필요,figures 원소 1개에 도면 12개의 설명이 뭉쳐 있음 — 도면 반입 시 도면 단위 분리 확인,description 길이=520
KR 10-2622587 B1,F1 도면 수 미채움,도면의 설명은 반입됐으나 drawing_count 가 0 (도면 미반입),figures=1 drawing_count=0
KR 10-2622587 B1,F2 도면별 분리 필요,figures 원소 1개에 도면 7개의 설명이 뭉쳐 있음 — 도면 반입 시 도면 단위 분리 확인,description 길이=257
KR 10-2619698 B1,F1 도면 수 미채움,도면의 설명은 반입됐으나 drawing_count 가 0 (도면 미반입),figures=1 drawing_count=0
KR 10-2619698 B1,F2 도면별 분리 필요,figures 원소 1개에 도면 3개의 설명이 뭉쳐 있음 — 도면 반입 시 도면 단위 분리 확인,description 길이=121
KR 10-2621535 B1,F1 도면 수 미채움,도면의 설명은 반입됐으나 drawing_count 가 0 (도면 미반입),figures=1 drawing_count=0
KR 10-2621535 B1,F2 도면별 분리 필요,figures 원소 1개에 도면 6개의 설명이 뭉쳐 있음 — 도면 반입 시 도면 단위 분리 확인,description 길이=332
KR 10-2619849 B1,F1 도면 수 미채움,도면의 설명은 반입됐으나 drawing_count 가 0 (도면 미반입),figures=1 drawing_count=0
KR 10-2619849 B1,F2 도면별 분리 필요,figures 원소 1개에 도면 4개의 설명이 뭉쳐 있음 — 도면 반입 시 도면 단위 분리 확인,description 길이=485
KR 10-2621606 B1,F1 도면 수 미채움,도면의 설명은 반입됐으나 drawing_count 가 0 (도면 미반입),figures=1 drawing_count=0
KR 10-2621606 B1,F2 도면별 분리 필요,figures 원소 1개에 도면 6개의 설명이 뭉쳐 있음 — 도면 반입 시 도면 단위 분리 확인,description 길이=274
KR 10-2618260 B1,F1 도면 수 미채움,도면의 설명은 반입됐으나 drawing_count 가 0 (도면 미반입),figures=1 drawing_count=0
KR 10-2618260 B1,F2 도면별 분리 필요,figures 원소 1개에 도면 4개의 설명이 뭉쳐 있음 — 도면 반입 시 도면 단위 분리 확인,description 길이=145
KR 10-2621244 B1,F1 도면 수 미채움,도면의 설명은 반입됐으나 drawing_count 가 0 (도면 미반입),figures=1 drawing_count=0
KR 10-2621244 B1,F2 도면별 분리 필요,figures 원소 1개에 도면 5개의 설명이 뭉쳐 있음 — 도면 반입 시 도면 단위 분리 확인,description 길이=139
KR 10-2620826 B1,F1 도면 수 미채움,도면의 설명은 반입됐으나 drawing_count 가 0 (도면 미반입),figures=1 drawing_count=0
KR 10-2620826 B1,F2 도면별 분리 필요,figures 원소 1개에 도면 7개의 설명이 뭉쳐 있음 — 도면 반입 시 도면 단위 분리 확인,description 길이=273
KR 10-2619829 B1,F1 도면 수 미채움,도면의 설명은 반입됐으나 drawing_count 가 0 (도면 미반입),figures=1 drawing_count=0
KR 10-2619829 B1,F2 도면별 분리 필요,figures 원소 1개에 도면 7개의 설명이 뭉쳐 있음 — 도면 반입 시 도면 단위 분리 확인,description 길이=212
KR 10-2622078 B1,F1 도면 수 미채움,도면의 설명은 반입됐으나 drawing_count 가 0 (도면 미반입),figures=1 drawing_count=0
KR 10-2622078 B1,F2 도면별 분리 필요,figures 원소 1개에 도면 18개의 설명이 뭉쳐 있음 — 도면 반입 시 도면 단위 분리 확인,description 길이=1700
KR 10-2619796 B1,F1 도면 수 미채움,도면의 설명은 반입됐으나 drawing_count 가 0 (도면 미반입),figures=1 drawing_count=0
KR 10-2619796 B1,F2 도면별 분리 필요,figures 원소 1개에 도면 4개의 설명이 뭉쳐 있음 — 도면 반입 시 도면 단위 분리 확인,description 길이=152
KR 10-2622977 B1,F1 도면 수 미채움,도면의 설명은 반입됐으나 drawing_count 가 0 (도면 미반입),figures=1 drawing_count=0
KR 10-2620234 B1,F1 도면 수 미채움,도면의 설명은 반입됐으나 drawing_count 가 0 (도면 미반입),figures=1 drawing_count=0
KR 10-2620234 B1,F2 도면별 분리 필요,figures 원소 1개에 도면 8개의 설명이 뭉쳐 있음 — 도면 반입 시 도면 단위 분리 확인,description 길이=348
KR 10-2621300 B1,F1 도면 수 미채움,도면의 설명은 반입됐으나 drawing_count 가 0 (도면 미반입),figures=1 drawing_count=0
KR 10-2621300 B1,F2 도면별 분리 필요,figures 원소 1개에 도면 3개의 설명이 뭉쳐 있음 — 도면 반입 시 도면 단위 분리 확인,description 길이=231
KR 10-2619423 B1,F1 도면 수 미채움,도면의 설명은 반입됐으나 drawing_count 가 0 (도면 미반입),figures=1 drawing_count=0
KR 10-2619423 B1,F2 도면별 분리 필요,figures 원소 1개에 도면 3개의 설명이 뭉쳐 있음 — 도면 반입 시 도면 단위 분리 확인,description 길이=187
KR 10-2622566 B1,F1 도면 수 미채움,도면의 설명은 반입됐으나 drawing_count 가 0 (도면 미반입),figures=1 drawing_count=0
KR 10-2622566 B1,F2 도면별 분리 필요,figures 원소 1개에 도면 4개의 설명이 뭉쳐 있음 — 도면 반입 시 도면 단위 분리 확인,description 길이=226
KR 10-2621165 B1,F1 도면 수 미채움,도면의 설명은 반입됐으나 drawing_count 가 0 (도면 미반입),figures=1 drawing_count=0
KR 10-2621165 B1,F2 도면별 분리 필요,figures 원소 1개에 도면 8개의 설명이 뭉쳐 있음 — 도면 반입 시 도면 단위 분리 확인,description 길이=380
KR 10-2620532 B1,F1 도면 수 미채움,도면의 설명은 반입됐으나 drawing_count 가 0 (도면 미반입),figures=1 drawing_count=0
KR 10-2620532 B1,F2 도면별 분리 필요,figures 원소 1개에 도면 10개의 설명이 뭉쳐 있음 — 도면 반입 시 도면 단위 분리 확인,description 길이=292
KR 10-2622191 B1,F1 도면 수 미채움,도면의 설명은 반입됐으나 drawing_count 가 0 (도면 미반입),figures=1 drawing_count=0
KR 10-2622191 B1,F2 도면별 분리 필요,figures 원소 1개에 도면 9개의 설명이 뭉쳐 있음 — 도면 반입 시 도면 단위 분리 확인,description 길이=141
KR 10-2621106 B1,F1 도면 수 미채움,도면의 설명은 반입됐으나 drawing_count 가 0 (도면 미반입),figures=1 drawing_count=0
KR 10-2621106 B1,F2 도면별 분리 필요,figures 원소 1개에 도면 6개의 설명이 뭉쳐 있음 — 도면 반입 시 도면 단위 분리 확인,description 길이=254
KR 10-2620186 B1,F1 도면 수 미채움,도면의 설명은 반입됐으나 drawing_count 가 0 (도면 미반입),figures=1 drawing_count=0
KR 10-2620186 B1,F2 도면별 분리 필요,figures 원소 1개에 도면 7개의 설명이 뭉쳐 있음 — 도면 반입 시 도면 단위 분리 확인,description 길이=965
KR 10-2621110 B1,F1 도면 수 미채움,도면의 설명은 반입됐으나 drawing_count 가 0 (도면 미반입),figures=1 drawing_count=0
KR 10-2621110 B1,F2 도면별 분리 필요,figures 원소 1개에 도면 8개의 설명이 뭉쳐 있음 — 도면 반입 시 도면 단위 분리 확인,description 길이=412
KR 10-2622482 B1,F1 도면 수 미채움,도면의 설명은 반입됐으나 drawing_count 가 0 (도면 미반입),figures=1 drawing_count=0
KR 10-2622482 B1,F2 도면별 분리 필요,figures 원소 1개에 도면 7개의 설명이 뭉쳐 있음 — 도면 반입 시 도면 단위 분리 확인,description 길이=449
KR 10-2620583 B1,F1 도면 수 미채움,도면의 설명은 반입됐으나 drawing_count 가 0 (도면 미반입),figures=1 drawing_count=0
KR 10-2620583 B1,F2 도면별 분리 필요,figures 원소 1개에 도면 54개의 설명이 뭉쳐 있음 — 도면 반입 시 도면 단위 분리 확인,description 길이=2512
KR 10-2621181 B1,F1 도면 수 미채움,도면의 설명은 반입됐으나 drawing_count 가 0 (도면 미반입),figures=1 drawing_count=0
KR 10-2621181 B1,F2 도면별 분리 필요,figures 원소 1개에 도면 11개의 설명이 뭉쳐 있음 — 도면 반입 시 도면 단위 분리 확인,description 길이=361
KR 10-2621715 B1,F1 도면 수 미채움,도면의 설명은 반입됐으나 drawing_count 가 0 (도면 미반입),figures=1 drawing_count=0
KR 10-2621715 B1,F2 도면별 분리 필요,figures 원소 1개에 도면 7개의 설명이 뭉쳐 있음 — 도면 반입 시 도면 단위 분리 확인,description 길이=135
KR 10-2620623 B1,F1 도면 수 미채움,도면의 설명은 반입됐으나 drawing_count 가 0 (도면 미반입),figures=1 drawing_count=0
KR 10-2620623 B1,F2 도면별 분리 필요,figures 원소 1개에 도면 5개의 설명이 뭉쳐 있음 — 도면 반입 시 도면 단위 분리 확인,description 길이=354
KR 10-2620362 B1,F1 도면 수 미채움,도면의 설명은 반입됐으나 drawing_count 가 0 (도면 미반입),figures=1 drawing_count=0
KR 10-2620362 B1,F2 도면별 분리 필요,figures 원소 1개에 도면 15개의 설명이 뭉쳐 있음 — 도면 반입 시 도면 단위 분리 확인,description 길이=366
KR 10-2620289 B1,F1 도면 수 미채움,도면의 설명은 반입됐으나 drawing_count 가 0 (도면 미반입),figures=1 drawing_count=0
KR 10-2620289 B1,F2 도면별 분리 필요,figures 원소 1개에 도면 32개의 설명이 뭉쳐 있음 — 도면 반입 시 도면 단위 분리 확인,description 길이=796
KR 10-2622956 B1,F1 도면 수 미채움,도면의 설명은 반입됐으나 drawing_count 가 0 (도면 미반입),figures=1 drawing_count=0
KR 10-2622956 B1,F2 도면별 분리 필요,figures 원소 1개에 도면 20개의 설명이 뭉쳐 있음 — 도면 반입 시 도면 단위 분리 확인,description 길이=674
KR 10-2620744 B1,F1 도면 수 미채움,도면의 설명은 반입됐으나 drawing_count 가 0 (도면 미반입),figures=1 drawing_count=0
KR 10-2620744 B1,F2 도면별 분리 필요,figures 원소 1개에 도면 14개의 설명이 뭉쳐 있음 — 도면 반입 시 도면 단위 분리 확인,description 길이=700
KR 10-2621153 B1,F1 도면 수 미채움,도면의 설명은 반입됐으나 drawing_count 가 0 (도면 미반입),figures=1 drawing_count=0
KR 10-2621153 B1,F2 도면별 분리 필요,figures 원소 1개에 도면 12개의 설명이 뭉쳐 있음 — 도면 반입 시 도면 단위 분리 확인,description 길이=968
KR 10-2620482 B1,F1 도면 수 미채움,도면의 설명은 반입됐으나 drawing_count 가 0 (도면 미반입),figures=1 drawing_count=0
KR 10-2620482 B1,F2 도면별 분리 필요,figures 원소 1개에 도면 13개의 설명이 뭉쳐 있음 — 도면 반입 시 도면 단위 분리 확인,description 길이=375
KR 10-2622228 B1,F1 도면 수 미채움,도면의 설명은 반입됐으나 drawing_count 가 0 (도면 미반입),figures=1 drawing_count=0
KR 10-2622228 B1,F2 도면별 분리 필요,figures 원소 1개에 도면 13개의 설명이 뭉쳐 있음 — 도면 반입 시 도면 단위 분리 확인,description 길이=311
KR 10-2619275 B1,F1 도면 수 미채움,도면의 설명은 반입됐으나 drawing_count 가 0 (도면 미반입),figures=1 drawing_count=0
KR 10-2619275 B1,F2 도면별 분리 필요,figures 원소 1개에 도면 6개의 설명이 뭉쳐 있음 — 도면 반입 시 도면 단위 분리 확인,description 길이=274
KR 10-2620823 B1,F1 도면 수 미채움,도면의 설명은 반입됐으나 drawing_count 가 0 (도면 미반입),figures=1 drawing_count=0
KR 10-2620823 B1,F2 도면별 분리 필요,figures 원소 1개에 도면 8개의 설명이 뭉쳐 있음 — 도면 반입 시 도면 단위 분리 확인,description 길이=427
KR 10-2620175 B1,F1 도면 수 미채움,도면의 설명은 반입됐으나 drawing_count 가 0 (도면 미반입),figures=1 drawing_count=0
KR 10-2620175 B1,F2 도면별 분리 필요,figures 원소 1개에 도면 8개의 설명이 뭉쳐 있음 — 도면 반입 시 도면 단위 분리 확인,description 길이=357
KR 10-2621380 B1,F1 도면 수 미채움,도면의 설명은 반입됐으나 drawing_count 가 0 (도면 미반입),figures=1 drawing_count=0
KR 10-2621380 B1,F2 도면별 분리 필요,figures 원소 1개에 도면 17개의 설명이 뭉쳐 있음 — 도면 반입 시 도면 단위 분리 확인,description 길이=905
KR 10-2620781 B1,F1 도면 수 미채움,도면의 설명은 반입됐으나 drawing_count 가 0 (도면 미반입),figures=1 drawing_count=0
KR 10-2620781 B1,F2 도면별 분리 필요,figures 원소 1개에 도면 5개의 설명이 뭉쳐 있음 — 도면 반입 시 도면 단위 분리 확인,description 길이=287
KR 10-2622231 B1,F1 도면 수 미채움,도면의 설명은 반입됐으나 drawing_count 가 0 (도면 미반입),figures=1 drawing_count=0
KR 10-2620631 B1,F1 도면 수 미채움,도면의 설명은 반입됐으나 drawing_count 가 0 (도면 미반입),figures=1 drawing_count=0
KR 10-2620631 B1,F2 도면별 분리 필요,figures 원소 1개에 도면 6개의 설명이 뭉쳐 있음 — 도면 반입 시 도면 단위 분리 확인,description 길이=345
KR 10-2621501 B1,F1 도면 수 미채움,도면의 설명은 반입됐으나 drawing_count 가 0 (도면 미반입),figures=1 drawing_count=0
KR 10-2621501 B1,F2 도면별 분리 필요,figures 원소 1개에 도면 7개의 설명이 뭉쳐 있음 — 도면 반입 시 도면 단위 분리 확인,description 길이=676
KR 10-2621521 B1,F1 도면 수 미채움,도면의 설명은 반입됐으나 drawing_count 가 0 (도면 미반입),figures=1 drawing_count=0
KR 10-2621521 B1,F2 도면별 분리 필요,figures 원소 1개에 도면 7개의 설명이 뭉쳐 있음 — 도면 반입 시 도면 단위 분리 확인,description 길이=399
KR 10-2619954 B1,F1 도면 수 미채움,도면의 설명은 반입됐으나 drawing_count 가 0 (도면 미반입),figures=1 drawing_count=0
KR 10-2619954 B1,F2 도면별 분리 필요,figures 원소 1개에 도면 10개의 설명이 뭉쳐 있음 — 도면 반입 시 도면 단위 분리 확인,description 길이=603
KR 10-2622234 B1,F1 도면 수 미채움,도면의 설명은 반입됐으나 drawing_count 가 0 (도면 미반입),figures=1 drawing_count=0
KR 10-2622234 B1,F2 도면별 분리 필요,figures 원소 1개에 도면 20개의 설명이 뭉쳐 있음 — 도면 반입 시 도면 단위 분리 확인,description 길이=667
KR 10-2620624 B1,F1 도면 수 미채움,도면의 설명은 반입됐으나 drawing_count 가 0 (도면 미반입),figures=1 drawing_count=0
KR 10-2620624 B1,F2 도면별 분리 필요,figures 원소 1개에 도면 16개의 설명이 뭉쳐 있음 — 도면 반입 시 도면 단위 분리 확인,description 길이=1000
KR 10-2621797 B1,F1 도면 수 미채움,도면의 설명은 반입됐으나 drawing_count 가 0 (도면 미반입),figures=1 drawing_count=0
KR 10-2621797 B1,F2 도면별 분리 필요,figures 원소 1개에 도면 9개의 설명이 뭉쳐 있음 — 도면 반입 시 도면 단위 분리 확인,description 길이=246
KR 10-2620910 B1,F1 도면 수 미채움,도면의 설명은 반입됐으나 drawing_count 가 0 (도면 미반입),figures=1 drawing_count=0
KR 10-2620910 B1,F2 도면별 분리 필요,figures 원소 1개에 도면 9개의 설명이 뭉쳐 있음 — 도면 반입 시 도면 단위 분리 확인,description 길이=234
KR 10-2621573 B1,F1 도면 수 미채움,도면의 설명은 반입됐으나 drawing_count 가 0 (도면 미반입),figures=1 drawing_count=0
KR 10-2621573 B1,F2 도면별 분리 필요,figures 원소 1개에 도면 5개의 설명이 뭉쳐 있음 — 도면 반입 시 도면 단위 분리 확인,description 길이=234
KR 10-2620656 B1,F1 도면 수 미채움,도면의 설명은 반입됐으나 drawing_count 가 0 (도면 미반입),figures=1 drawing_count=0
KR 10-2620656 B1,F2 도면별 분리 필요,figures 원소 1개에 도면 6개의 설명이 뭉쳐 있음 — 도면 반입 시 도면 단위 분리 확인,description 길이=422
KR 10-2620571 B1,F1 도면 수 미채움,도면의 설명은 반입됐으나 drawing_count 가 0 (도면 미반입),figures=1 drawing_count=0
KR 10-2620571 B1,F2 도면별 분리 필요,figures 원소 1개에 도면 14개의 설명이 뭉쳐 있음 — 도면 반입 시 도면 단위 분리 확인,description 길이=873
KR 10-2622438 B1,F1 도면 수 미채움,도면의 설명은 반입됐으나 drawing_count 가 0 (도면 미반입),figures=1 drawing_count=0
KR 10-2622438 B1,F2 도면별 분리 필요,figures 원소 1개에 도면 5개의 설명이 뭉쳐 있음 — 도면 반입 시 도면 단위 분리 확인,description 길이=215
KR 10-2621349 B1,F1 도면 수 미채움,도면의 설명은 반입됐으나 drawing_count 가 0 (도면 미반입),figures=1 drawing_count=0
KR 10-2621349 B1,F2 도면별 분리 필요,figures 원소 1개에 도면 18개의 설명이 뭉쳐 있음 — 도면 반입 시 도면 단위 분리 확인,description 길이=832
KR 10-2622039 B1,F1 도면 수 미채움,도면의 설명은 반입됐으나 drawing_count 가 0 (도면 미반입),figures=1 drawing_count=0
KR 10-2620335 B1,F1 도면 수 미채움,도면의 설명은 반입됐으나 drawing_count 가 0 (도면 미반입),figures=1 drawing_count=0
KR 10-2619885 B1,F1 도면 수 미채움,도면의 설명은 반입됐으나 drawing_count 가 0 (도면 미반입),figures=1 drawing_count=0
KR 10-2619885 B1,F2 도면별 분리 필요,figures 원소 1개에 도면 6개의 설명이 뭉쳐 있음 — 도면 반입 시 도면 단위 분리 확인,description 길이=255
KR 10-2621829 B1,F1 도면 수 미채움,도면의 설명은 반입됐으나 drawing_count 가 0 (도면 미반입),figures=1 drawing_count=0
KR 10-2621829 B1,F2 도면별 분리 필요,figures 원소 1개에 도면 5개의 설명이 뭉쳐 있음 — 도면 반입 시 도면 단위 분리 확인,description 길이=262
KR 10-2620576 B1,F1 도면 수 미채움,도면의 설명은 반입됐으나 drawing_count 가 0 (도면 미반입),figures=1 drawing_count=0
KR 10-2620576 B1,F2 도면별 분리 필요,figures 원소 1개에 도면 8개의 설명이 뭉쳐 있음 — 도면 반입 시 도면 단위 분리 확인,description 길이=383
KR 10-2663196 B1,F1 도면 수 미채움,도면의 설명은 반입됐으나 drawing_count 가 0 (도면 미반입),figures=1 drawing_count=0
KR 10-2663196 B1,F2 도면별 분리 필요,figures 원소 1개에 도면 12개의 설명이 뭉쳐 있음 — 도면 반입 시 도면 단위 분리 확인,description 길이=740
KR 10-2690385 B1,F1 도면 수 미채움,도면의 설명은 반입됐으나 drawing_count 가 0 (도면 미반입),figures=1 drawing_count=0
KR 10-2690385 B1,F2 도면별 분리 필요,figures 원소 1개에 도면 9개의 설명이 뭉쳐 있음 — 도면 반입 시 도면 단위 분리 확인,description 길이=390
KR 10-2702913 B1,F1 도면 수 미채움,도면의 설명은 반입됐으나 drawing_count 가 0 (도면 미반입),figures=1 drawing_count=0
KR 10-2702913 B1,F2 도면별 분리 필요,figures 원소 1개에 도면 14개의 설명이 뭉쳐 있음 — 도면 반입 시 도면 단위 분리 확인,description 길이=375
KR 10-2717720 B1,F1 도면 수 미채움,도면의 설명은 반입됐으나 drawing_count 가 0 (도면 미반입),figures=1 drawing_count=0
KR 10-2717720 B1,F2 도면별 분리 필요,figures 원소 1개에 도면 7개의 설명이 뭉쳐 있음 — 도면 반입 시 도면 단위 분리 확인,description 길이=379
KR 10-2635013 B1,F1 도면 수 미채움,도면의 설명은 반입됐으나 drawing_count 가 0 (도면 미반입),figures=1 drawing_count=0
KR 10-2635013 B1,F2 도면별 분리 필요,figures 원소 1개에 도면 17개의 설명이 뭉쳐 있음 — 도면 반입 시 도면 단위 분리 확인,description 길이=1166
KR 10-2664962 B1,F1 도면 수 미채움,도면의 설명은 반입됐으나 drawing_count 가 0 (도면 미반입),figures=1 drawing_count=0
KR 10-2664962 B1,F2 도면별 분리 필요,figures 원소 1개에 도면 8개의 설명이 뭉쳐 있음 — 도면 반입 시 도면 단위 분리 확인,description 길이=381
KR 10-2623521 B1,F1 도면 수 미채움,도면의 설명은 반입됐으나 drawing_count 가 0 (도면 미반입),figures=1 drawing_count=0
KR 10-2623521 B1,F2 도면별 분리 필요,figures 원소 1개에 도면 5개의 설명이 뭉쳐 있음 — 도면 반입 시 도면 단위 분리 확인,description 길이=563
KR 10-2689533 B1,F1 도면 수 미채움,도면의 설명은 반입됐으나 drawing_count 가 0 (도면 미반입),figures=1 drawing_count=0
KR 10-2689533 B1,F2 도면별 분리 필요,figures 원소 1개에 도면 12개의 설명이 뭉쳐 있음 — 도면 반입 시 도면 단위 분리 확인,description 길이=604
KR 10-2649868 B1,F1 도면 수 미채움,도면의 설명은 반입됐으나 drawing_count 가 0 (도면 미반입),figures=1 drawing_count=0
KR 10-2649868 B1,F2 도면별 분리 필요,figures 원소 1개에 도면 14개의 설명이 뭉쳐 있음 — 도면 반입 시 도면 단위 분리 확인,description 길이=467
KR 10-2716524 B1,F1 도면 수 미채움,도면의 설명은 반입됐으나 drawing_count 가 0 (도면 미반입),figures=1 drawing_count=0
KR 10-2716524 B1,F2 도면별 분리 필요,figures 원소 1개에 도면 8개의 설명이 뭉쳐 있음 — 도면 반입 시 도면 단위 분리 확인,description 길이=751
KR 10-2635400 B1,F1 도면 수 미채움,도면의 설명은 반입됐으나 drawing_count 가 0 (도면 미반입),figures=1 drawing_count=0
KR 10-2635400 B1,F2 도면별 분리 필요,figures 원소 1개에 도면 12개의 설명이 뭉쳐 있음 — 도면 반입 시 도면 단위 분리 확인,description 길이=609
KR 10-2663989 B1,F1 도면 수 미채움,도면의 설명은 반입됐으나 drawing_count 가 0 (도면 미반입),figures=1 drawing_count=0
KR 10-2663989 B1,F2 도면별 분리 필요,figures 원소 1개에 도면 9개의 설명이 뭉쳐 있음 — 도면 반입 시 도면 단위 분리 확인,description 길이=292
KR 10-2729260 B1,F1 도면 수 미채움,도면의 설명은 반입됐으나 drawing_count 가 0 (도면 미반입),figures=1 drawing_count=0
KR 10-2729260 B1,F2 도면별 분리 필요,figures 원소 1개에 도면 17개의 설명이 뭉쳐 있음 — 도면 반입 시 도면 단위 분리 확인,description 길이=972
KR 10-2689814 B1,F1 도면 수 미채움,도면의 설명은 반입됐으나 drawing_count 가 0 (도면 미반입),figures=1 drawing_count=0
KR 10-2689814 B1,F2 도면별 분리 필요,figures 원소 1개에 도면 10개의 설명이 뭉쳐 있음 — 도면 반입 시 도면 단위 분리 확인,description 길이=277
KR 10-2650095 B1,F1 도면 수 미채움,도면의 설명은 반입됐으나 drawing_count 가 0 (도면 미반입),figures=1 drawing_count=0
KR 10-2650095 B1,F2 도면별 분리 필요,figures 원소 1개에 도면 18개의 설명이 뭉쳐 있음 — 도면 반입 시 도면 단위 분리 확인,description 길이=809
KR 10-2716678 B1,F1 도면 수 미채움,도면의 설명은 반입됐으나 drawing_count 가 0 (도면 미반입),figures=1 drawing_count=0
KR 10-2635881 B1,F1 도면 수 미채움,도면의 설명은 반입됐으나 drawing_count 가 0 (도면 미반입),figures=1 drawing_count=0
KR 10-2635881 B1,F2 도면별 분리 필요,figures 원소 1개에 도면 3개의 설명이 뭉쳐 있음 — 도면 반입 시 도면 단위 분리 확인,description 길이=697
KR 10-2664190 B1,F1 도면 수 미채움,도면의 설명은 반입됐으나 drawing_count 가 0 (도면 미반입),figures=1 drawing_count=0
KR 10-2664190 B1,F2 도면별 분리 필요,figures 원소 1개에 도면 3개의 설명이 뭉쳐 있음 — 도면 반입 시 도면 단위 분리 확인,description 길이=217
KR 10-2731690 B1,F1 도면 수 미채움,도면의 설명은 반입됐으나 drawing_count 가 0 (도면 미반입),figures=1 drawing_count=0
KR 10-2731690 B1,F2 도면별 분리 필요,figures 원소 1개에 도면 5개의 설명이 뭉쳐 있음 — 도면 반입 시 도면 단위 분리 확인,description 길이=192
KR 10-2689475 B1,F1 도면 수 미채움,도면의 설명은 반입됐으나 drawing_count 가 0 (도면 미반입),figures=1 drawing_count=0
KR 10-2689475 B1,F2 도면별 분리 필요,figures 원소 1개에 도면 20개의 설명이 뭉쳐 있음 — 도면 반입 시 도면 단위 분리 확인,description 길이=2223
KR 10-2650577 B1,F1 도면 수 미채움,도면의 설명은 반입됐으나 drawing_count 가 0 (도면 미반입),figures=1 drawing_count=0
KR 10-2650577 B1,F2 도면별 분리 필요,figures 원소 1개에 도면 20개의 설명이 뭉쳐 있음 — 도면 반입 시 도면 단위 분리 확인,description 길이=885
KR 10-2703076 B1,F1 도면 수 미채움,도면의 설명은 반입됐으나 drawing_count 가 0 (도면 미반입),figures=1 drawing_count=0
KR 10-2703076 B1,F2 도면별 분리 필요,figures 원소 1개에 도면 4개의 설명이 뭉쳐 있음 — 도면 반입 시 도면 단위 분리 확인,description 길이=178
KR 10-2717260 B1,F1 도면 수 미채움,도면의 설명은 반입됐으나 drawing_count 가 0 (도면 미반입),figures=1 drawing_count=0
KR 10-2717260 B1,F2 도면별 분리 필요,figures 원소 1개에 도면 5개의 설명이 뭉쳐 있음 — 도면 반입 시 도면 단위 분리 확인,description 길이=229
KR 10-2636181 B1,F1 도면 수 미채움,도면의 설명은 반입됐으나 drawing_count 가 0 (도면 미반입),figures=1 drawing_count=0
KR 10-2636181 B1,F2 도면별 분리 필요,figures 원소 1개에 도면 6개의 설명이 뭉쳐 있음 — 도면 반입 시 도면 단위 분리 확인,description 길이=239
KR 10-2664860 B1,F1 도면 수 미채움,도면의 설명은 반입됐으나 drawing_count 가 0 (도면 미반입),figures=1 drawing_count=0
KR 10-2664860 B1,F2 도면별 분리 필요,figures 원소 1개에 도면 10개의 설명이 뭉쳐 있음 — 도면 반입 시 도면 단위 분리 확인,description 길이=212
KR 10-2689651 B1,F1 도면 수 미채움,도면의 설명은 반입됐으나 drawing_count 가 0 (도면 미반입),figures=1 drawing_count=0
KR 10-2689651 B1,F2 도면별 분리 필요,figures 원소 1개에 도면 19개의 설명이 뭉쳐 있음 — 도면 반입 시 도면 단위 분리 확인,description 길이=652
KR 10-2649993 B1,F1 도면 수 미채움,도면의 설명은 반입됐으나 drawing_count 가 0 (도면 미반입),figures=1 drawing_count=0
KR 10-2649993 B1,F2 도면별 분리 필요,figures 원소 1개에 도면 8개의 설명이 뭉쳐 있음 — 도면 반입 시 도면 단위 분리 확인,description 길이=451
KR 10-2703179 B1,F1 도면 수 미채움,도면의 설명은 반입됐으나 drawing_count 가 0 (도면 미반입),figures=1 drawing_count=0
KR 10-2703179 B1,F2 도면별 분리 필요,figures 원소 1개에 도면 8개의 설명이 뭉쳐 있음 — 도면 반입 시 도면 단위 분리 확인,description 길이=542
KR 10-2717757 B1,F1 도면 수 미채움,도면의 설명은 반입됐으나 drawing_count 가 0 (도면 미반입),figures=1 drawing_count=0
KR 10-2717757 B1,F2 도면별 분리 필요,figures 원소 1개에 도면 9개의 설명이 뭉쳐 있음 — 도면 반입 시 도면 단위 분리 확인,description 길이=429
KR 10-2664348 B1,F1 도면 수 미채움,도면의 설명은 반입됐으나 drawing_count 가 0 (도면 미반입),figures=1 drawing_count=0
KR 10-2664348 B1,F2 도면별 분리 필요,figures 원소 1개에 도면 11개의 설명이 뭉쳐 있음 — 도면 반입 시 도면 단위 분리 확인,description 길이=729
KR 10-2730296 B1,F1 도면 수 미채움,도면의 설명은 반입됐으나 drawing_count 가 0 (도면 미반입),figures=1 drawing_count=0
KR 10-2730296 B1,F2 도면별 분리 필요,figures 원소 1개에 도면 8개의 설명이 뭉쳐 있음 — 도면 반입 시 도면 단위 분리 확인,description 길이=1002
KR 10-2623674 B1,F1 도면 수 미채움,도면의 설명은 반입됐으나 drawing_count 가 0 (도면 미반입),figures=1 drawing_count=0
KR 10-2623674 B1,F2 도면별 분리 필요,figures 원소 1개에 도면 8개의 설명이 뭉쳐 있음 — 도면 반입 시 도면 단위 분리 확인,description 길이=420
KR 10-2690233 B1,F1 도면 수 미채움,도면의 설명은 반입됐으나 drawing_count 가 0 (도면 미반입),figures=1 drawing_count=0
KR 10-2690233 B1,F2 도면별 분리 필요,figures 원소 1개에 도면 8개의 설명이 뭉쳐 있음 — 도면 반입 시 도면 단위 분리 확인,description 길이=225
KR 10-2650144 B1,F1 도면 수 미채움,도면의 설명은 반입됐으나 drawing_count 가 0 (도면 미반입),figures=1 drawing_count=0
KR 10-2650144 B1,F2 도면별 분리 필요,figures 원소 1개에 도면 9개의 설명이 뭉쳐 있음 — 도면 반입 시 도면 단위 분리 확인,description 길이=285
KR 10-2702486 B1,F1 도면 수 미채움,도면의 설명은 반입됐으나 drawing_count 가 0 (도면 미반입),figures=1 drawing_count=0
KR 10-2702486 B1,F2 도면별 분리 필요,figures 원소 1개에 도면 3개의 설명이 뭉쳐 있음 — 도면 반입 시 도면 단위 분리 확인,description 길이=166
KR 10-2717591 B1,F1 도면 수 미채움,도면의 설명은 반입됐으나 drawing_count 가 0 (도면 미반입),figures=1 drawing_count=0
KR 10-2717591 B1,F2 도면별 분리 필요,figures 원소 1개에 도면 11개의 설명이 뭉쳐 있음 — 도면 반입 시 도면 단위 분리 확인,description 길이=269
KR 10-2636705 B1,F1 도면 수 미채움,도면의 설명은 반입됐으나 drawing_count 가 0 (도면 미반입),figures=1 drawing_count=0
KR 10-2636705 B1,F2 도면별 분리 필요,figures 원소 1개에 도면 3개의 설명이 뭉쳐 있음 — 도면 반입 시 도면 단위 분리 확인,description 길이=238
KR 10-2663537 B1,F1 도면 수 미채움,도면의 설명은 반입됐으나 drawing_count 가 0 (도면 미반입),figures=1 drawing_count=0
KR 10-2663537 B1,F2 도면별 분리 필요,figures 원소 1개에 도면 11개의 설명이 뭉쳐 있음 — 도면 반입 시 도면 단위 분리 확인,description 길이=407
KR 10-2623903 B1,F1 도면 수 미채움,도면의 설명은 반입됐으나 drawing_count 가 0 (도면 미반입),figures=1 drawing_count=0
KR 10-2623903 B1,F2 도면별 분리 필요,figures 원소 1개에 도면 14개의 설명이 뭉쳐 있음 — 도면 반입 시 도면 단위 분리 확인,description 길이=985
KR 10-2650518 B1,F1 도면 수 미채움,도면의 설명은 반입됐으나 drawing_count 가 0 (도면 미반입),figures=1 drawing_count=0
KR 10-2650518 B1,F2 도면별 분리 필요,figures 원소 1개에 도면 6개의 설명이 뭉쳐 있음 — 도면 반입 시 도면 단위 분리 확인,description 길이=255
KR 10-2636303 B1,F1 도면 수 미채움,도면의 설명은 반입됐으나 drawing_count 가 0 (도면 미반입),figures=1 drawing_count=0
KR 10-2636303 B1,F2 도면별 분리 필요,figures 원소 1개에 도면 12개의 설명이 뭉쳐 있음 — 도면 반입 시 도면 단위 분리 확인,description 길이=686
KR 10-2664283 B1,F1 도면 수 미채움,도면의 설명은 반입됐으나 drawing_count 가 0 (도면 미반입),figures=1 drawing_count=0
KR 10-2664283 B1,F2 도면별 분리 필요,figures 원소 1개에 도면 4개의 설명이 뭉쳐 있음 — 도면 반입 시 도면 단위 분리 확인,description 길이=171
KR 10-2688805 B1,F1 도면 수 미채움,도면의 설명은 반입됐으나 drawing_count 가 0 (도면 미반입),figures=1 drawing_count=0
KR 10-2688805 B1,F2 도면별 분리 필요,figures 원소 1개에 도면 22개의 설명이 뭉쳐 있음 — 도면 반입 시 도면 단위 분리 확인,description 길이=1106
KR 20-0497874 Y1,F1 도면 수 미채움,도면의 설명은 반입됐으나 drawing_count 가 0 (도면 미반입),figures=1 drawing_count=0
KR 20-0497874 Y1,F2 도면별 분리 필요,figures 원소 1개에 도면 4개의 설명이 뭉쳐 있음 — 도면 반입 시 도면 단위 분리 확인,description 길이=175
KR 10-2703508 B1,F1 도면 수 미채움,도면의 설명은 반입됐으나 drawing_count 가 0 (도면 미반입),figures=1 drawing_count=0
KR 10-2703508 B1,F2 도면별 분리 필요,figures 원소 1개에 도면 8개의 설명이 뭉쳐 있음 — 도면 반입 시 도면 단위 분리 확인,description 길이=812
KR 10-2717088 B1,F1 도면 수 미채움,도면의 설명은 반입됐으나 drawing_count 가 0 (도면 미반입),figures=1 drawing_count=0
KR 10-2717088 B1,F2 도면별 분리 필요,figures 원소 1개에 도면 47개의 설명이 뭉쳐 있음 — 도면 반입 시 도면 단위 분리 확인,description 길이=965
KR 10-2636080 B1,F1 도면 수 미채움,도면의 설명은 반입됐으나 drawing_count 가 0 (도면 미반입),figures=1 drawing_count=0
KR 10-2636080 B1,F2 도면별 분리 필요,figures 원소 1개에 도면 7개의 설명이 뭉쳐 있음 — 도면 반입 시 도면 단위 분리 확인,description 길이=153
KR 10-2731005 B1,F1 도면 수 미채움,도면의 설명은 반입됐으나 drawing_count 가 0 (도면 미반입),figures=1 drawing_count=0
KR 10-2731005 B1,F2 도면별 분리 필요,figures 원소 1개에 도면 8개의 설명이 뭉쳐 있음 — 도면 반입 시 도면 단위 분리 확인,description 길이=254
KR 10-2623784 B1,F1 도면 수 미채움,도면의 설명은 반입됐으나 drawing_count 가 0 (도면 미반입),figures=1 drawing_count=0
KR 10-2623784 B1,F2 도면별 분리 필요,figures 원소 1개에 도면 10개의 설명이 뭉쳐 있음 — 도면 반입 시 도면 단위 분리 확인,description 길이=439
KR 10-2650616 B1,F1 도면 수 미채움,도면의 설명은 반입됐으나 drawing_count 가 0 (도면 미반입),figures=1 drawing_count=0
KR 10-2650616 B1,F2 도면별 분리 필요,figures 원소 1개에 도면 21개의 설명이 뭉쳐 있음 — 도면 반입 시 도면 단위 분리 확인,description 길이=695
KR 10-2703935 B1,F1 도면 수 미채움,도면의 설명은 반입됐으나 drawing_count 가 0 (도면 미반입),figures=1 drawing_count=0
KR 10-2703935 B1,F2 도면별 분리 필요,figures 원소 1개에 도면 7개의 설명이 뭉쳐 있음 — 도면 반입 시 도면 단위 분리 확인,description 길이=464
KR 10-2718131 B1,F1 도면 수 미채움,도면의 설명은 반입됐으나 drawing_count 가 0 (도면 미반입),figures=1 drawing_count=0
KR 10-2718131 B1,F2 도면별 분리 필요,figures 원소 1개에 도면 4개의 설명이 뭉쳐 있음 — 도면 반입 시 도면 단위 분리 확인,description 길이=194
KR 10-2636143 B1,F1 도면 수 미채움,도면의 설명은 반입됐으나 drawing_count 가 0 (도면 미반입),figures=1 drawing_count=0
KR 10-2636143 B1,F2 도면별 분리 필요,figures 원소 1개에 도면 15개의 설명이 뭉쳐 있음 — 도면 반입 시 도면 단위 분리 확인,description 길이=407
KR 10-2664709 B1,F1 도면 수 미채움,도면의 설명은 반입됐으나 drawing_count 가 0 (도면 미반입),figures=1 drawing_count=0
KR 10-2664709 B1,F2 도면별 분리 필요,figures 원소 1개에 도면 15개의 설명이 뭉쳐 있음 — 도면 반입 시 도면 단위 분리 확인,description 길이=485
KR 10-2732086 B1,F1 도면 수 미채움,도면의 설명은 반입됐으나 drawing_count 가 0 (도면 미반입),figures=1 drawing_count=0
KR 10-2732086 B1,F2 도면별 분리 필요,figures 원소 1개에 도면 7개의 설명이 뭉쳐 있음 — 도면 반입 시 도면 단위 분리 확인,description 길이=391
KR 10-2623924 B1,F1 도면 수 미채움,도면의 설명은 반입됐으나 drawing_count 가 0 (도면 미반입),figures=1 drawing_count=0
KR 10-2623924 B1,F2 도면별 분리 필요,figures 원소 1개에 도면 7개의 설명이 뭉쳐 있음 — 도면 반입 시 도면 단위 분리 확인,description 길이=306
KR 10-2677606 B1,F1 도면 수 미채움,도면의 설명은 반입됐으나 drawing_count 가 0 (도면 미반입),figures=1 drawing_count=0
KR 10-2677606 B1,F2 도면별 분리 필요,figures 원소 1개에 도면 5개의 설명이 뭉쳐 있음 — 도면 반입 시 도면 단위 분리 확인,description 길이=355
KR 10-2703406 B1,F1 도면 수 미채움,도면의 설명은 반입됐으나 drawing_count 가 0 (도면 미반입),figures=1 drawing_count=0
KR 10-2703406 B1,F2 도면별 분리 필요,figures 원소 1개에 도면 11개의 설명이 뭉쳐 있음 — 도면 반입 시 도면 단위 분리 확인,description 길이=629
KR 10-2716205 B1,F1 도면 수 미채움,도면의 설명은 반입됐으나 drawing_count 가 0 (도면 미반입),figures=1 drawing_count=0
KR 10-2634678 B1,F1 도면 수 미채움,도면의 설명은 반입됐으나 drawing_count 가 0 (도면 미반입),figures=1 drawing_count=0
KR 10-2634678 B1,F2 도면별 분리 필요,figures 원소 1개에 도면 5개의 설명이 뭉쳐 있음 — 도면 반입 시 도면 단위 분리 확인,description 길이=228
KR 10-2664443 B1,F1 도면 수 미채움,도면의 설명은 반입됐으나 drawing_count 가 0 (도면 미반입),figures=1 drawing_count=0
KR 10-2664443 B1,F2 도면별 분리 필요,figures 원소 1개에 도면 14개의 설명이 뭉쳐 있음 — 도면 반입 시 도면 단위 분리 확인,description 길이=276
KR 10-2729485 B1,F1 도면 수 미채움,도면의 설명은 반입됐으나 drawing_count 가 0 (도면 미반입),figures=1 drawing_count=0
KR 10-2729485 B1,F2 도면별 분리 필요,figures 원소 1개에 도면 8개의 설명이 뭉쳐 있음 — 도면 반입 시 도면 단위 분리 확인,description 길이=273
KR 10-2624069 B1,F1 도면 수 미채움,도면의 설명은 반입됐으나 drawing_count 가 0 (도면 미반입),figures=1 drawing_count=0
KR 10-2624069 B1,F2 도면별 분리 필요,figures 원소 1개에 도면 10개의 설명이 뭉쳐 있음 — 도면 반입 시 도면 단위 분리 확인,description 길이=296
KR 10-2689806 B1,F1 도면 수 미채움,도면의 설명은 반입됐으나 drawing_count 가 0 (도면 미반입),figures=1 drawing_count=0
KR 10-2689806 B1,F2 도면별 분리 필요,figures 원소 1개에 도면 8개의 설명이 뭉쳐 있음 — 도면 반입 시 도면 단위 분리 확인,description 길이=225
KR 10-2648683 B1,F1 도면 수 미채움,도면의 설명은 반입됐으나 drawing_count 가 0 (도면 미반입),figures=1 drawing_count=0
KR 10-2648683 B1,F2 도면별 분리 필요,figures 원소 1개에 도면 6개의 설명이 뭉쳐 있음 — 도면 반입 시 도면 단위 분리 확인,description 길이=357
KR 10-2717490 B1,F1 도면 수 미채움,도면의 설명은 반입됐으나 drawing_count 가 0 (도면 미반입),figures=1 drawing_count=0
KR 10-2717490 B1,F2 도면별 분리 필요,figures 원소 1개에 도면 8개의 설명이 뭉쳐 있음 — 도면 반입 시 도면 단위 분리 확인,description 길이=235
KR 10-2636017 B1,F1 도면 수 미채움,도면의 설명은 반입됐으나 drawing_count 가 0 (도면 미반입),figures=1 drawing_count=0
KR 10-2636017 B1,F2 도면별 분리 필요,figures 원소 1개에 도면 4개의 설명이 뭉쳐 있음 — 도면 반입 시 도면 단위 분리 확인,description 길이=217
KR 10-2665288 B1,F1 도면 수 미채움,도면의 설명은 반입됐으나 drawing_count 가 0 (도면 미반입),figures=1 drawing_count=0
KR 10-2665288 B1,F2 도면별 분리 필요,figures 원소 1개에 도면 5개의 설명이 뭉쳐 있음 — 도면 반입 시 도면 단위 분리 확인,description 길이=198
KR 10-2623424 B1,F1 도면 수 미채움,도면의 설명은 반입됐으나 drawing_count 가 0 (도면 미반입),figures=1 drawing_count=0
KR 10-2623424 B1,F2 도면별 분리 필요,figures 원소 1개에 도면 17개의 설명이 뭉쳐 있음 — 도면 반입 시 도면 단위 분리 확인,description 길이=1015
KR 10-2689260 B1,F1 도면 수 미채움,도면의 설명은 반입됐으나 drawing_count 가 0 (도면 미반입),figures=1 drawing_count=0
KR 10-2689260 B1,F2 도면별 분리 필요,figures 원소 1개에 도면 6개의 설명이 뭉쳐 있음 — 도면 반입 시 도면 단위 분리 확인,description 길이=450
KR 10-2650076 B1,F1 도면 수 미채움,도면의 설명은 반입됐으나 drawing_count 가 0 (도면 미반입),figures=1 drawing_count=0
KR 10-2650076 B1,F2 도면별 분리 필요,figures 원소 1개에 도면 228개의 설명이 뭉쳐 있음 — 도면 반입 시 도면 단위 분리 확인,description 길이=27262
KR 10-2715775 B1,F1 도면 수 미채움,도면의 설명은 반입됐으나 drawing_count 가 0 (도면 미반입),figures=1 drawing_count=0
KR 10-2715775 B1,F2 도면별 분리 필요,figures 원소 1개에 도면 6개의 설명이 뭉쳐 있음 — 도면 반입 시 도면 단위 분리 확인,description 길이=354
KR 10-2689233 B1,F1 도면 수 미채움,도면의 설명은 반입됐으나 drawing_count 가 0 (도면 미반입),figures=1 drawing_count=0
KR 10-2689233 B1,F2 도면별 분리 필요,figures 원소 1개에 도면 5개의 설명이 뭉쳐 있음 — 도면 반입 시 도면 단위 분리 확인,description 길이=372
KR 10-2649282 B1,F1 도면 수 미채움,도면의 설명은 반입됐으나 drawing_count 가 0 (도면 미반입),figures=1 drawing_count=0
KR 10-2649282 B1,F2 도면별 분리 필요,figures 원소 1개에 도면 4개의 설명이 뭉쳐 있음 — 도면 반입 시 도면 단위 분리 확인,description 길이=113
KR 10-2703433 B1,F1 도면 수 미채움,도면의 설명은 반입됐으나 drawing_count 가 0 (도면 미반입),figures=1 drawing_count=0
KR 10-2703433 B1,F2 도면별 분리 필요,figures 원소 1개에 도면 6개의 설명이 뭉쳐 있음 — 도면 반입 시 도면 단위 분리 확인,description 길이=739
KR 10-2635711 B1,F1 도면 수 미채움,도면의 설명은 반입됐으나 drawing_count 가 0 (도면 미반입),figures=1 drawing_count=0
KR 10-2635711 B1,F2 도면별 분리 필요,figures 원소 1개에 도면 6개의 설명이 뭉쳐 있음 — 도면 반입 시 도면 단위 분리 확인,description 길이=310
KR 10-2664940 B1,F1 도면 수 미채움,도면의 설명은 반입됐으나 drawing_count 가 0 (도면 미반입),figures=1 drawing_count=0
KR 10-2730751 B1,F1 도면 수 미채움,도면의 설명은 반입됐으나 drawing_count 가 0 (도면 미반입),figures=1 drawing_count=0
KR 10-2730751 B1,F2 도면별 분리 필요,figures 원소 1개에 도면 11개의 설명이 뭉쳐 있음 — 도면 반입 시 도면 단위 분리 확인,description 길이=560
KR 10-2622934 B1,F1 도면 수 미채움,도면의 설명은 반입됐으나 drawing_count 가 0 (도면 미반입),figures=1 drawing_count=0
KR 10-2622934 B1,F2 도면별 분리 필요,figures 원소 1개에 도면 15개의 설명이 뭉쳐 있음 — 도면 반입 시 도면 단위 분리 확인,description 길이=606
KR 10-2689831 B1,F1 도면 수 미채움,도면의 설명은 반입됐으나 drawing_count 가 0 (도면 미반입),figures=1 drawing_count=0
KR 10-2689831 B1,F2 도면별 분리 필요,figures 원소 1개에 도면 13개의 설명이 뭉쳐 있음 — 도면 반입 시 도면 단위 분리 확인,description 길이=447
KR 10-2650050 B1,F1 도면 수 미채움,도면의 설명은 반입됐으나 drawing_count 가 0 (도면 미반입),figures=1 drawing_count=0
KR 10-2650050 B1,F2 도면별 분리 필요,figures 원소 1개에 도면 13개의 설명이 뭉쳐 있음 — 도면 반입 시 도면 단위 분리 확인,description 길이=466
KR 10-2716593 B1,F1 도면 수 미채움,도면의 설명은 반입됐으나 drawing_count 가 0 (도면 미반입),figures=1 drawing_count=0
KR 10-2716593 B1,F2 도면별 분리 필요,figures 원소 1개에 도면 10개의 설명이 뭉쳐 있음 — 도면 반입 시 도면 단위 분리 확인,description 길이=726
KR 10-2702568 B1,F1 도면 수 미채움,도면의 설명은 반입됐으나 drawing_count 가 0 (도면 미반입),figures=1 drawing_count=0
KR 10-2702568 B1,F2 도면별 분리 필요,figures 원소 1개에 도면 22개의 설명이 뭉쳐 있음 — 도면 반입 시 도면 단위 분리 확인,description 길이=698
KR 10-2717789 B1,F1 도면 수 미채움,도면의 설명은 반입됐으나 drawing_count 가 0 (도면 미반입),figures=1 drawing_count=0
KR 10-2717789 B1,F2 도면별 분리 필요,figures 원소 1개에 도면 11개의 설명이 뭉쳐 있음 — 도면 반입 시 도면 단위 분리 확인,description 길이=336
KR 10-2636427 B1,F1 도면 수 미채움,도면의 설명은 반입됐으나 drawing_count 가 0 (도면 미반입),figures=1 drawing_count=0
KR 10-2636427 B1,F2 도면별 분리 필요,figures 원소 1개에 도면 13개의 설명이 뭉쳐 있음 — 도면 반입 시 도면 단위 분리 확인,description 길이=646
KR 10-2664113 B1,F1 도면 수 미채움,도면의 설명은 반입됐으나 drawing_count 가 0 (도면 미반입),figures=1 drawing_count=0
KR 10-2664113 B1,F2 도면별 분리 필요,figures 원소 1개에 도면 4개의 설명이 뭉쳐 있음 — 도면 반입 시 도면 단위 분리 확인,description 길이=144
KR 10-2622442 B1,F1 도면 수 미채움,도면의 설명은 반입됐으나 drawing_count 가 0 (도면 미반입),figures=1 drawing_count=0
KR 10-2622442 B1,F2 도면별 분리 필요,figures 원소 1개에 도면 7개의 설명이 뭉쳐 있음 — 도면 반입 시 도면 단위 분리 확인,description 길이=257
KR 10-2689948 B1,F1 도면 수 미채움,도면의 설명은 반입됐으나 drawing_count 가 0 (도면 미반입),figures=1 drawing_count=0
KR 10-2689948 B1,F2 도면별 분리 필요,figures 원소 1개에 도면 11개의 설명이 뭉쳐 있음 — 도면 반입 시 도면 단위 분리 확인,description 길이=684
KR 10-2649615 B1,F1 도면 수 미채움,도면의 설명은 반입됐으나 drawing_count 가 0 (도면 미반입),figures=1 drawing_count=0
KR 10-2649615 B1,F2 도면별 분리 필요,figures 원소 1개에 도면 7개의 설명이 뭉쳐 있음 — 도면 반입 시 도면 단위 분리 확인,description 길이=457
KR 10-2704175 B1,F1 도면 수 미채움,도면의 설명은 반입됐으나 drawing_count 가 0 (도면 미반입),figures=1 drawing_count=0
KR 10-2704175 B1,F2 도면별 분리 필요,figures 원소 1개에 도면 12개의 설명이 뭉쳐 있음 — 도면 반입 시 도면 단위 분리 확인,description 길이=400
KR 10-2715695 B1,F1 도면 수 미채움,도면의 설명은 반입됐으나 drawing_count 가 0 (도면 미반입),figures=1 drawing_count=0
KR 10-2715695 B1,F2 도면별 분리 필요,figures 원소 1개에 도면 55개의 설명이 뭉쳐 있음 — 도면 반입 시 도면 단위 분리 확인,description 길이=556
KR 10-2637022 B1,F1 도면 수 미채움,도면의 설명은 반입됐으나 drawing_count 가 0 (도면 미반입),figures=1 drawing_count=0
KR 10-2637022 B1,F2 도면별 분리 필요,figures 원소 1개에 도면 8개의 설명이 뭉쳐 있음 — 도면 반입 시 도면 단위 분리 확인,description 길이=660
KR 10-2731499 B1,F1 도면 수 미채움,도면의 설명은 반입됐으나 drawing_count 가 0 (도면 미반입),figures=1 drawing_count=0
KR 10-2731499 B1,F2 도면별 분리 필요,figures 원소 1개에 도면 6개의 설명이 뭉쳐 있음 — 도면 반입 시 도면 단위 분리 확인,description 길이=290
KR 10-2623161 B1,F1 도면 수 미채움,도면의 설명은 반입됐으나 drawing_count 가 0 (도면 미반입),figures=1 drawing_count=0
KR 10-2623161 B1,F2 도면별 분리 필요,figures 원소 1개에 도면 6개의 설명이 뭉쳐 있음 — 도면 반입 시 도면 단위 분리 확인,description 길이=612
KR 10-2690684 B1,F1 도면 수 미채움,도면의 설명은 반입됐으나 drawing_count 가 0 (도면 미반입),figures=1 drawing_count=0
KR 10-2690684 B1,F2 도면별 분리 필요,figures 원소 1개에 도면 5개의 설명이 뭉쳐 있음 — 도면 반입 시 도면 단위 분리 확인,description 길이=207
KR 10-2650010 B1,F1 도면 수 미채움,도면의 설명은 반입됐으나 drawing_count 가 0 (도면 미반입),figures=1 drawing_count=0
KR 10-2650010 B1,F2 도면별 분리 필요,figures 원소 1개에 도면 16개의 설명이 뭉쳐 있음 — 도면 반입 시 도면 단위 분리 확인,description 길이=937
KR 10-2704362 B1,F1 도면 수 미채움,도면의 설명은 반입됐으나 drawing_count 가 0 (도면 미반입),figures=1 drawing_count=0
KR 10-2704362 B1,F2 도면별 분리 필요,figures 원소 1개에 도면 3개의 설명이 뭉쳐 있음 — 도면 반입 시 도면 단위 분리 확인,description 길이=129
KR 10-2717468 B1,F1 도면 수 미채움,도면의 설명은 반입됐으나 drawing_count 가 0 (도면 미반입),figures=1 drawing_count=0
KR 10-2717468 B1,F2 도면별 분리 필요,figures 원소 1개에 도면 9개의 설명이 뭉쳐 있음 — 도면 반입 시 도면 단위 분리 확인,description 길이=334
KR 10-2635413 B1,F1 도면 수 미채움,도면의 설명은 반입됐으나 drawing_count 가 0 (도면 미반입),figures=1 drawing_count=0
KR 10-2635413 B1,F2 도면별 분리 필요,figures 원소 1개에 도면 8개의 설명이 뭉쳐 있음 — 도면 반입 시 도면 단위 분리 확인,description 길이=254
KR 10-2664402 B1,F1 도면 수 미채움,도면의 설명은 반입됐으나 drawing_count 가 0 (도면 미반입),figures=1 drawing_count=0
KR 10-2664402 B1,F2 도면별 분리 필요,figures 원소 1개에 도면 16개의 설명이 뭉쳐 있음 — 도면 반입 시 도면 단위 분리 확인,description 길이=560
KR 10-2730215 B1,F1 도면 수 미채움,도면의 설명은 반입됐으나 drawing_count 가 0 (도면 미반입),figures=1 drawing_count=0
KR 10-2730215 B1,F2 도면별 분리 필요,figures 원소 1개에 도면 19개의 설명이 뭉쳐 있음 — 도면 반입 시 도면 단위 분리 확인,description 길이=1217
KR 10-2622704 B1,F1 도면 수 미채움,도면의 설명은 반입됐으나 drawing_count 가 0 (도면 미반입),figures=1 drawing_count=0
KR 10-2622704 B1,F2 도면별 분리 필요,figures 원소 1개에 도면 13개의 설명이 뭉쳐 있음 — 도면 반입 시 도면 단위 분리 확인,description 길이=262
KR 10-2689032 B1,F1 도면 수 미채움,도면의 설명은 반입됐으나 drawing_count 가 0 (도면 미반입),figures=1 drawing_count=0
KR 10-2689032 B1,F2 도면별 분리 필요,figures 원소 1개에 도면 7개의 설명이 뭉쳐 있음 — 도면 반입 시 도면 단위 분리 확인,description 길이=249
KR 10-2650369 B1,F1 도면 수 미채움,도면의 설명은 반입됐으나 drawing_count 가 0 (도면 미반입),figures=1 drawing_count=0
KR 10-2650369 B1,F2 도면별 분리 필요,figures 원소 1개에 도면 15개의 설명이 뭉쳐 있음 — 도면 반입 시 도면 단위 분리 확인,description 길이=525
KR 10-2703533 B1,F1 도면 수 미채움,도면의 설명은 반입됐으나 drawing_count 가 0 (도면 미반입),figures=1 drawing_count=0
KR 10-2703533 B1,F2 도면별 분리 필요,figures 원소 1개에 도면 5개의 설명이 뭉쳐 있음 — 도면 반입 시 도면 단위 분리 확인,description 길이=273
KR 10-2635657 B1,F1 도면 수 미채움,도면의 설명은 반입됐으나 drawing_count 가 0 (도면 미반입),figures=1 drawing_count=0
KR 10-2635657 B1,F2 도면별 분리 필요,figures 원소 1개에 도면 8개의 설명이 뭉쳐 있음 — 도면 반입 시 도면 단위 분리 확인,description 길이=376
KR 10-2731065 B1,F1 도면 수 미채움,도면의 설명은 반입됐으나 drawing_count 가 0 (도면 미반입),figures=1 drawing_count=0
KR 10-2731065 B1,F2 도면별 분리 필요,figures 원소 1개에 도면 7개의 설명이 뭉쳐 있음 — 도면 반입 시 도면 단위 분리 확인,description 길이=446
KR 10-2648725 B1,F1 도면 수 미채움,도면의 설명은 반입됐으나 drawing_count 가 0 (도면 미반입),figures=1 drawing_count=0
KR 10-2648725 B1,F2 도면별 분리 필요,figures 원소 1개에 도면 11개의 설명이 뭉쳐 있음 — 도면 반입 시 도면 단위 분리 확인,description 길이=367
KR 10-2716189 B1,F1 도면 수 미채움,도면의 설명은 반입됐으나 drawing_count 가 0 (도면 미반입),figures=1 drawing_count=0
KR 10-2716189 B1,F2 도면별 분리 필요,figures 원소 1개에 도면 11개의 설명이 뭉쳐 있음 — 도면 반입 시 도면 단위 분리 확인,description 길이=584
KR 10-2635364 B1,F1 도면 수 미채움,도면의 설명은 반입됐으나 drawing_count 가 0 (도면 미반입),figures=1 drawing_count=0
KR 10-2635364 B1,F2 도면별 분리 필요,figures 원소 1개에 도면 6개의 설명이 뭉쳐 있음 — 도면 반입 시 도면 단위 분리 확인,description 길이=194
KR 10-2730911 B1,F1 도면 수 미채움,도면의 설명은 반입됐으나 drawing_count 가 0 (도면 미반입),figures=1 drawing_count=0
KR 10-2730911 B1,F2 도면별 분리 필요,figures 원소 1개에 도면 11개의 설명이 뭉쳐 있음 — 도면 반입 시 도면 단위 분리 확인,description 길이=243
KR 10-2624175 B1,F1 도면 수 미채움,도면의 설명은 반입됐으나 drawing_count 가 0 (도면 미반입),figures=1 drawing_count=0
KR 10-2624175 B1,F2 도면별 분리 필요,figures 원소 1개에 도면 6개의 설명이 뭉쳐 있음 — 도면 반입 시 도면 단위 분리 확인,description 길이=159
KR 10-2690260 B1,F1 도면 수 미채움,도면의 설명은 반입됐으나 drawing_count 가 0 (도면 미반입),figures=1 drawing_count=0
KR 10-2650251 B1,F1 도면 수 미채움,도면의 설명은 반입됐으나 drawing_count 가 0 (도면 미반입),figures=1 drawing_count=0
KR 10-2650251 B1,F2 도면별 분리 필요,figures 원소 1개에 도면 9개의 설명이 뭉쳐 있음 — 도면 반입 시 도면 단위 분리 확인,description 길이=601
KR 10-2702017 B1,F1 도면 수 미채움,도면의 설명은 반입됐으나 drawing_count 가 0 (도면 미반입),figures=1 drawing_count=0
KR 10-2702017 B1,F2 도면별 분리 필요,figures 원소 1개에 도면 12개의 설명이 뭉쳐 있음 — 도면 반입 시 도면 단위 분리 확인,description 길이=477
KR 10-2717006 B1,F1 도면 수 미채움,도면의 설명은 반입됐으나 drawing_count 가 0 (도면 미반입),figures=1 drawing_count=0
KR 10-2717006 B1,F2 도면별 분리 필요,figures 원소 1개에 도면 16개의 설명이 뭉쳐 있음 — 도면 반입 시 도면 단위 분리 확인,description 길이=853
KR 10-2636830 B1,F1 도면 수 미채움,도면의 설명은 반입됐으나 drawing_count 가 0 (도면 미반입),figures=1 drawing_count=0
KR 10-2636830 B1,F2 도면별 분리 필요,figures 원소 1개에 도면 17개의 설명이 뭉쳐 있음 — 도면 반입 시 도면 단위 분리 확인,description 길이=635
KR 10-2730554 B1,F1 도면 수 미채움,도면의 설명은 반입됐으나 drawing_count 가 0 (도면 미반입),figures=1 drawing_count=0
KR 10-2730554 B1,F2 도면별 분리 필요,figures 원소 1개에 도면 24개의 설명이 뭉쳐 있음 — 도면 반입 시 도면 단위 분리 확인,description 길이=941
KR 10-2622916 B1,F1 도면 수 미채움,도면의 설명은 반입됐으나 drawing_count 가 0 (도면 미반입),figures=1 drawing_count=0
KR 10-2622916 B1,F2 도면별 분리 필요,figures 원소 1개에 도면 7개의 설명이 뭉쳐 있음 — 도면 반입 시 도면 단위 분리 확인,description 길이=198
KR 10-2689602 B1,F1 도면 수 미채움,도면의 설명은 반입됐으나 drawing_count 가 0 (도면 미반입),figures=1 drawing_count=0
KR 10-2689602 B1,F2 도면별 분리 필요,figures 원소 1개에 도면 5개의 설명이 뭉쳐 있음 — 도면 반입 시 도면 단위 분리 확인,description 길이=799
KR 10-2649579 B1,F1 도면 수 미채움,도면의 설명은 반입됐으나 drawing_count 가 0 (도면 미반입),figures=1 drawing_count=0
KR 10-2649579 B1,F2 도면별 분리 필요,figures 원소 1개에 도면 4개의 설명이 뭉쳐 있음 — 도면 반입 시 도면 단위 분리 확인,description 길이=370
KR 10-2701944 B1,F1 도면 수 미채움,도면의 설명은 반입됐으나 drawing_count 가 0 (도면 미반입),figures=1 drawing_count=0
KR 10-2701944 B1,F2 도면별 분리 필요,figures 원소 1개에 도면 5개의 설명이 뭉쳐 있음 — 도면 반입 시 도면 단위 분리 확인,description 길이=443
KR 10-2635639 B1,F1 도면 수 미채움,도면의 설명은 반입됐으나 drawing_count 가 0 (도면 미반입),figures=1 drawing_count=0
KR 10-2635639 B1,F2 도면별 분리 필요,figures 원소 1개에 도면 4개의 설명이 뭉쳐 있음 — 도면 반입 시 도면 단위 분리 확인,description 길이=201
KR 10-2731382 B1,F1 도면 수 미채움,도면의 설명은 반입됐으나 drawing_count 가 0 (도면 미반입),figures=1 drawing_count=0
KR 10-2731382 B1,F2 도면별 분리 필요,figures 원소 1개에 도면 10개의 설명이 뭉쳐 있음 — 도면 반입 시 도면 단위 분리 확인,description 길이=610
KR 10-2623465 B1,F1 도면 수 미채움,도면의 설명은 반입됐으나 drawing_count 가 0 (도면 미반입),figures=1 drawing_count=0
KR 10-2623465 B1,F2 도면별 분리 필요,figures 원소 1개에 도면 19개의 설명이 뭉쳐 있음 — 도면 반입 시 도면 단위 분리 확인,description 길이=603
KR 10-2690049 B1,F1 도면 수 미채움,도면의 설명은 반입됐으나 drawing_count 가 0 (도면 미반입),figures=1 drawing_count=0
KR 10-2690049 B1,F2 도면별 분리 필요,figures 원소 1개에 도면 6개의 설명이 뭉쳐 있음 — 도면 반입 시 도면 단위 분리 확인,description 길이=319
KR 10-2649849 B1,F1 도면 수 미채움,도면의 설명은 반입됐으나 drawing_count 가 0 (도면 미반입),figures=1 drawing_count=0
KR 10-2649849 B1,F2 도면별 분리 필요,figures 원소 1개에 도면 13개의 설명이 뭉쳐 있음 — 도면 반입 시 도면 단위 분리 확인,description 길이=676
KR 10-2703690 B1,F1 도면 수 미채움,도면의 설명은 반입됐으나 drawing_count 가 0 (도면 미반입),figures=1 drawing_count=0
KR 10-2703690 B1,F2 도면별 분리 필요,figures 원소 1개에 도면 25개의 설명이 뭉쳐 있음 — 도면 반입 시 도면 단위 분리 확인,description 길이=816
KR 10-2635850 B1,F1 도면 수 미채움,도면의 설명은 반입됐으나 drawing_count 가 0 (도면 미반입),figures=1 drawing_count=0
KR 10-2635850 B1,F2 도면별 분리 필요,figures 원소 1개에 도면 24개의 설명이 뭉쳐 있음 — 도면 반입 시 도면 단위 분리 확인,description 길이=683
KR 10-2731204 B1,F1 도면 수 미채움,도면의 설명은 반입됐으나 drawing_count 가 0 (도면 미반입),figures=1 drawing_count=0
KR 10-2731204 B1,F2 도면별 분리 필요,figures 원소 1개에 도면 25개의 설명이 뭉쳐 있음 — 도면 반입 시 도면 단위 분리 확인,description 길이=691
KR 10-2623923 B1,F1 도면 수 미채움,도면의 설명은 반입됐으나 drawing_count 가 0 (도면 미반입),figures=1 drawing_count=0
KR 10-2623923 B1,F2 도면별 분리 필요,figures 원소 1개에 도면 11개의 설명이 뭉쳐 있음 — 도면 반입 시 도면 단위 분리 확인,description 길이=520
KR 10-2688888 B1,F1 도면 수 미채움,도면의 설명은 반입됐으나 drawing_count 가 0 (도면 미반입),figures=1 drawing_count=0
KR 10-2688888 B1,F2 도면별 분리 필요,figures 원소 1개에 도면 16개의 설명이 뭉쳐 있음 — 도면 반입 시 도면 단위 분리 확인,description 길이=520
KR 10-2650058 B1,F1 도면 수 미채움,도면의 설명은 반입됐으나 drawing_count 가 0 (도면 미반입),figures=1 drawing_count=0
KR 10-2650058 B1,F2 도면별 분리 필요,figures 원소 1개에 도면 10개의 설명이 뭉쳐 있음 — 도면 반입 시 도면 단위 분리 확인,description 길이=227
KR 10-2703308 B1,F1 도면 수 미채움,도면의 설명은 반입됐으나 drawing_count 가 0 (도면 미반입),figures=1 drawing_count=0
KR 10-2703308 B1,F2 도면별 분리 필요,figures 원소 1개에 도면 5개의 설명이 뭉쳐 있음 — 도면 반입 시 도면 단위 분리 확인,description 길이=254
KR 10-2715191 B1,F1 도면 수 미채움,도면의 설명은 반입됐으나 drawing_count 가 0 (도면 미반입),figures=1 drawing_count=0
KR 10-2715191 B1,F2 도면별 분리 필요,figures 원소 1개에 도면 5개의 설명이 뭉쳐 있음 — 도면 반입 시 도면 단위 분리 확인,description 길이=256
KR 10-2634410 B1,F1 도면 수 미채움,도면의 설명은 반입됐으나 drawing_count 가 0 (도면 미반입),figures=1 drawing_count=0
KR 10-2634410 B1,F2 도면별 분리 필요,figures 원소 1개에 도면 6개의 설명이 뭉쳐 있음 — 도면 반입 시 도면 단위 분리 확인,description 길이=222
KR 10-2663619 B1,F1 도면 수 미채움,도면의 설명은 반입됐으나 drawing_count 가 0 (도면 미반입),figures=1 drawing_count=0
KR 10-2663619 B1,F2 도면별 분리 필요,figures 원소 1개에 도면 6개의 설명이 뭉쳐 있음 — 도면 반입 시 도면 단위 분리 확인,description 길이=981
KR 10-2621544 B1,F1 도면 수 미채움,도면의 설명은 반입됐으나 drawing_count 가 0 (도면 미반입),figures=1 drawing_count=0
KR 10-2689725 B1,F1 도면 수 미채움,도면의 설명은 반입됐으나 drawing_count 가 0 (도면 미반입),figures=1 drawing_count=0
KR 10-2689725 B1,F2 도면별 분리 필요,figures 원소 1개에 도면 29개의 설명이 뭉쳐 있음 — 도면 반입 시 도면 단위 분리 확인,description 길이=697
KR 10-2650606 B1,F1 도면 수 미채움,도면의 설명은 반입됐으나 drawing_count 가 0 (도면 미반입),figures=1 drawing_count=0
KR 10-2650606 B1,F2 도면별 분리 필요,figures 원소 1개에 도면 5개의 설명이 뭉쳐 있음 — 도면 반입 시 도면 단위 분리 확인,description 길이=177
KR 10-2716228 B1,F1 도면 수 미채움,도면의 설명은 반입됐으나 drawing_count 가 0 (도면 미반입),figures=1 drawing_count=0
KR 10-2716228 B1,F2 도면별 분리 필요,figures 원소 1개에 도면 10개의 설명이 뭉쳐 있음 — 도면 반입 시 도면 단위 분리 확인,description 길이=667
KR 10-2636159 B1,F1 도면 수 미채움,도면의 설명은 반입됐으나 drawing_count 가 0 (도면 미반입),figures=1 drawing_count=0
KR 10-2636159 B1,F2 도면별 분리 필요,figures 원소 1개에 도면 5개의 설명이 뭉쳐 있음 — 도면 반입 시 도면 단위 분리 확인,description 길이=414
KR 10-2663803 B1,F1 도면 수 미채움,도면의 설명은 반입됐으나 drawing_count 가 0 (도면 미반입),figures=1 drawing_count=0
KR 10-2663803 B1,F2 도면별 분리 필요,figures 원소 1개에 도면 15개의 설명이 뭉쳐 있음 — 도면 반입 시 도면 단위 분리 확인,description 길이=485
KR 10-2730370 B1,F1 도면 수 미채움,도면의 설명은 반입됐으나 drawing_count 가 0 (도면 미반입),figures=1 drawing_count=0
KR 10-2730370 B1,F2 도면별 분리 필요,figures 원소 1개에 도면 28개의 설명이 뭉쳐 있음 — 도면 반입 시 도면 단위 분리 확인,description 길이=1696
KR 10-2622680 B1,F1 도면 수 미채움,도면의 설명은 반입됐으나 drawing_count 가 0 (도면 미반입),figures=1 drawing_count=0
KR 10-2622680 B1,F2 도면별 분리 필요,figures 원소 1개에 도면 11개의 설명이 뭉쳐 있음 — 도면 반입 시 도면 단위 분리 확인,description 길이=403
KR 10-2689562 B1,F1 도면 수 미채움,도면의 설명은 반입됐으나 drawing_count 가 0 (도면 미반입),figures=1 drawing_count=0
KR 10-2649628 B1,F1 도면 수 미채움,도면의 설명은 반입됐으나 drawing_count 가 0 (도면 미반입),figures=1 drawing_count=0
KR 10-2649628 B1,F2 도면별 분리 필요,figures 원소 1개에 도면 5개의 설명이 뭉쳐 있음 — 도면 반입 시 도면 단위 분리 확인,description 길이=394
KR 10-2701610 B1,F1 도면 수 미채움,도면의 설명은 반입됐으나 drawing_count 가 0 (도면 미반입),figures=1 drawing_count=0
KR 10-2701610 B1,F2 도면별 분리 필요,figures 원소 1개에 도면 9개의 설명이 뭉쳐 있음 — 도면 반입 시 도면 단위 분리 확인,description 길이=866
KR 10-2717528 B1,F1 도면 수 미채움,도면의 설명은 반입됐으나 drawing_count 가 0 (도면 미반입),figures=1 drawing_count=0
KR 10-2717528 B1,F2 도면별 분리 필요,figures 원소 1개에 도면 4개의 설명이 뭉쳐 있음 — 도면 반입 시 도면 단위 분리 확인,description 길이=239
KR 10-2636286 B1,F1 도면 수 미채움,도면의 설명은 반입됐으나 drawing_count 가 0 (도면 미반입),figures=1 drawing_count=0
KR 10-2636286 B1,F2 도면별 분리 필요,figures 원소 1개에 도면 14개의 설명이 뭉쳐 있음 — 도면 반입 시 도면 단위 분리 확인,description 길이=1263
KR 10-2664141 B1,F1 도면 수 미채움,도면의 설명은 반입됐으나 drawing_count 가 0 (도면 미반입),figures=1 drawing_count=0
KR 10-2664141 B1,F2 도면별 분리 필요,figures 원소 1개에 도면 3개의 설명이 뭉쳐 있음 — 도면 반입 시 도면 단위 분리 확인,description 길이=315
KR 10-2622804 B1,F1 도면 수 미채움,도면의 설명은 반입됐으나 drawing_count 가 0 (도면 미반입),figures=1 drawing_count=0
KR 10-2622804 B1,F2 도면별 분리 필요,figures 원소 1개에 도면 7개의 설명이 뭉쳐 있음 — 도면 반입 시 도면 단위 분리 확인,description 길이=387
KR 10-2690556 B1,F1 도면 수 미채움,도면의 설명은 반입됐으나 drawing_count 가 0 (도면 미반입),figures=1 drawing_count=0
KR 10-2648311 B1,F1 도면 수 미채움,도면의 설명은 반입됐으나 drawing_count 가 0 (도면 미반입),figures=1 drawing_count=0
KR 10-2648311 B1,F2 도면별 분리 필요,figures 원소 1개에 도면 13개의 설명이 뭉쳐 있음 — 도면 반입 시 도면 단위 분리 확인,description 길이=298
KR 10-2704594 B1,F1 도면 수 미채움,도면의 설명은 반입됐으나 drawing_count 가 0 (도면 미반입),figures=1 drawing_count=0
KR 10-2704594 B1,F2 도면별 분리 필요,figures 원소 1개에 도면 14개의 설명이 뭉쳐 있음 — 도면 반입 시 도면 단위 분리 확인,description 길이=564
KR 10-2717932 B1,F1 도면 수 미채움,도면의 설명은 반입됐으나 drawing_count 가 0 (도면 미반입),figures=1 drawing_count=0
KR 10-2717932 B1,F2 도면별 분리 필요,figures 원소 1개에 도면 28개의 설명이 뭉쳐 있음 — 도면 반입 시 도면 단위 분리 확인,description 길이=1162
KR 10-2636917 B1,F1 도면 수 미채움,도면의 설명은 반입됐으나 drawing_count 가 0 (도면 미반입),figures=1 drawing_count=0
KR 10-2636917 B1,F2 도면별 분리 필요,figures 원소 1개에 도면 20개의 설명이 뭉쳐 있음 — 도면 반입 시 도면 단위 분리 확인,description 길이=1101
KR 10-2665466 B1,F1 도면 수 미채움,도면의 설명은 반입됐으나 drawing_count 가 0 (도면 미반입),figures=1 drawing_count=0
KR 10-2665466 B1,F2 도면별 분리 필요,figures 원소 1개에 도면 7개의 설명이 뭉쳐 있음 — 도면 반입 시 도면 단위 분리 확인,description 길이=472
KR 10-2731589 B1,F1 도면 수 미채움,도면의 설명은 반입됐으나 drawing_count 가 0 (도면 미반입),figures=1 drawing_count=0
KR 10-2731589 B1,F2 도면별 분리 필요,figures 원소 1개에 도면 5개의 설명이 뭉쳐 있음 — 도면 반입 시 도면 단위 분리 확인,description 길이=396
KR 10-2688311 B1,F1 도면 수 미채움,도면의 설명은 반입됐으나 drawing_count 가 0 (도면 미반입),figures=1 drawing_count=0
KR 10-2649246 B1,F1 도면 수 미채움,도면의 설명은 반입됐으나 drawing_count 가 0 (도면 미반입),figures=1 drawing_count=0
KR 10-2649246 B1,F2 도면별 분리 필요,figures 원소 1개에 도면 12개의 설명이 뭉쳐 있음 — 도면 반입 시 도면 단위 분리 확인,description 길이=4286
KR 10-2715298 B1,F1 도면 수 미채움,도면의 설명은 반입됐으나 drawing_count 가 0 (도면 미반입),figures=1 drawing_count=0
KR 10-2715298 B1,F2 도면별 분리 필요,figures 원소 1개에 도면 4개의 설명이 뭉쳐 있음 — 도면 반입 시 도면 단위 분리 확인,description 길이=213
KR 10-2634552 B1,F1 도면 수 미채움,도면의 설명은 반입됐으나 drawing_count 가 0 (도면 미반입),figures=1 drawing_count=0
KR 10-2634552 B1,F2 도면별 분리 필요,figures 원소 1개에 도면 9개의 설명이 뭉쳐 있음 — 도면 반입 시 도면 단위 분리 확인,description 길이=388
KR 10-2663476 B1,F1 도면 수 미채움,도면의 설명은 반입됐으나 drawing_count 가 0 (도면 미반입),figures=1 drawing_count=0
KR 10-2663476 B1,F2 도면별 분리 필요,figures 원소 1개에 도면 4개의 설명이 뭉쳐 있음 — 도면 반입 시 도면 단위 분리 확인,description 길이=183
KR 10-2730082 B1,F1 도면 수 미채움,도면의 설명은 반입됐으나 drawing_count 가 0 (도면 미반입),figures=1 drawing_count=0
KR 10-2622618 B1,F1 도면 수 미채움,도면의 설명은 반입됐으나 drawing_count 가 0 (도면 미반입),figures=1 drawing_count=0
KR 10-2622618 B1,F2 도면별 분리 필요,figures 원소 1개에 도면 4개의 설명이 뭉쳐 있음 — 도면 반입 시 도면 단위 분리 확인,description 길이=202
KR 10-2649134 B1,F1 도면 수 미채움,도면의 설명은 반입됐으나 drawing_count 가 0 (도면 미반입),figures=1 drawing_count=0
KR 10-2649134 B1,F2 도면별 분리 필요,figures 원소 1개에 도면 9개의 설명이 뭉쳐 있음 — 도면 반입 시 도면 단위 분리 확인,description 길이=403
KR 10-2701994 B1,F1 도면 수 미채움,도면의 설명은 반입됐으나 drawing_count 가 0 (도면 미반입),figures=1 drawing_count=0
KR 10-2701994 B1,F2 도면별 분리 필요,figures 원소 1개에 도면 3개의 설명이 뭉쳐 있음 — 도면 반입 시 도면 단위 분리 확인,description 길이=255
KR 10-2714661 B1,F1 도면 수 미채움,도면의 설명은 반입됐으나 drawing_count 가 0 (도면 미반입),figures=1 drawing_count=0
KR 10-2714661 B1,F2 도면별 분리 필요,figures 원소 1개에 도면 4개의 설명이 뭉쳐 있음 — 도면 반입 시 도면 단위 분리 확인,description 길이=154
KR 10-2636603 B1,F1 도면 수 미채움,도면의 설명은 반입됐으나 drawing_count 가 0 (도면 미반입),figures=1 drawing_count=0
KR 10-2636603 B1,F2 도면별 분리 필요,figures 원소 1개에 도면 5개의 설명이 뭉쳐 있음 — 도면 반입 시 도면 단위 분리 확인,description 길이=150
KR 10-2664753 B1,F1 도면 수 미채움,도면의 설명은 반입됐으나 drawing_count 가 0 (도면 미반입),figures=1 drawing_count=0
KR 10-2664753 B1,F2 도면별 분리 필요,figures 원소 1개에 도면 16개의 설명이 뭉쳐 있음 — 도면 반입 시 도면 단위 분리 확인,description 길이=575
KR 10-2621460 B1,F1 도면 수 미채움,도면의 설명은 반입됐으나 drawing_count 가 0 (도면 미반입),figures=1 drawing_count=0
KR 10-2621460 B1,F2 도면별 분리 필요,figures 원소 1개에 도면 10개의 설명이 뭉쳐 있음 — 도면 반입 시 도면 단위 분리 확인,description 길이=234
KR 10-2688510 B1,F1 도면 수 미채움,도면의 설명은 반입됐으나 drawing_count 가 0 (도면 미반입),figures=1 drawing_count=0
KR 10-2688510 B1,F2 도면별 분리 필요,figures 원소 1개에 도면 42개의 설명이 뭉쳐 있음 — 도면 반입 시 도면 단위 분리 확인,description 길이=1045
KR 10-2649741 B1,F1 도면 수 미채움,도면의 설명은 반입됐으나 drawing_count 가 0 (도면 미반입),figures=1 drawing_count=0
KR 10-2649741 B1,F2 도면별 분리 필요,figures 원소 1개에 도면 11개의 설명이 뭉쳐 있음 — 도면 반입 시 도면 단위 분리 확인,description 길이=858
KR 10-2704232 B1,F1 도면 수 미채움,도면의 설명은 반입됐으나 drawing_count 가 0 (도면 미반입),figures=1 drawing_count=0
KR 10-2704232 B1,F2 도면별 분리 필요,figures 원소 1개에 도면 4개의 설명이 뭉쳐 있음 — 도면 반입 시 도면 단위 분리 확인,description 길이=254
KR 10-2717838 B1,F1 도면 수 미채움,도면의 설명은 반입됐으나 drawing_count 가 0 (도면 미반입),figures=1 drawing_count=0
KR 10-2717838 B1,F2 도면별 분리 필요,figures 원소 1개에 도면 6개의 설명이 뭉쳐 있음 — 도면 반입 시 도면 단위 분리 확인,description 길이=182
KR 10-2637047 B1,F1 도면 수 미채움,도면의 설명은 반입됐으나 drawing_count 가 0 (도면 미반입),figures=1 drawing_count=0
KR 10-2637047 B1,F2 도면별 분리 필요,figures 원소 1개에 도면 15개의 설명이 뭉쳐 있음 — 도면 반입 시 도면 단위 분리 확인,description 길이=978
KR 10-2663155 B1,F1 도면 수 미채움,도면의 설명은 반입됐으나 drawing_count 가 0 (도면 미반입),figures=1 drawing_count=0
KR 10-2663155 B1,F2 도면별 분리 필요,figures 원소 1개에 도면 23개의 설명이 뭉쳐 있음 — 도면 반입 시 도면 단위 분리 확인,description 길이=1434
KR 10-2729088 B1,F1 도면 수 미채움,도면의 설명은 반입됐으나 drawing_count 가 0 (도면 미반입),figures=1 drawing_count=0
KR 10-2729088 B1,F2 도면별 분리 필요,figures 원소 1개에 도면 4개의 설명이 뭉쳐 있음 — 도면 반입 시 도면 단위 분리 확인,description 길이=263
KR 10-2623061 B1,F1 도면 수 미채움,도면의 설명은 반입됐으나 drawing_count 가 0 (도면 미반입),figures=1 drawing_count=0
KR 10-2623061 B1,F2 도면별 분리 필요,figures 원소 1개에 도면 12개의 설명이 뭉쳐 있음 — 도면 반입 시 도면 단위 분리 확인,description 길이=547
KR 10-2690330 B1,F1 도면 수 미채움,도면의 설명은 반입됐으나 drawing_count 가 0 (도면 미반입),figures=1 drawing_count=0
KR 10-2690330 B1,F2 도면별 분리 필요,figures 원소 1개에 도면 3개의 설명이 뭉쳐 있음 — 도면 반입 시 도면 단위 분리 확인,description 길이=133
KR 20-0497883 Y1,F1 도면 수 미채움,도면의 설명은 반입됐으나 drawing_count 가 0 (도면 미반입),figures=1 drawing_count=0
KR 20-0497883 Y1,F2 도면별 분리 필요,figures 원소 1개에 도면 3개의 설명이 뭉쳐 있음 — 도면 반입 시 도면 단위 분리 확인,description 길이=145
KR 10-2703543 B1,F1 도면 수 미채움,도면의 설명은 반입됐으나 drawing_count 가 0 (도면 미반입),figures=1 drawing_count=0
KR 10-2703543 B1,F2 도면별 분리 필요,figures 원소 1개에 도면 30개의 설명이 뭉쳐 있음 — 도면 반입 시 도면 단위 분리 확인,description 길이=730
KR 10-2714481 B1,F1 도면 수 미채움,도면의 설명은 반입됐으나 drawing_count 가 0 (도면 미반입),figures=1 drawing_count=0
KR 10-2714481 B1,F2 도면별 분리 필요,figures 원소 1개에 도면 9개의 설명이 뭉쳐 있음 — 도면 반입 시 도면 단위 분리 확인,description 길이=248
KR 10-2665759 B1,F1 도면 수 미채움,도면의 설명은 반입됐으나 drawing_count 가 0 (도면 미반입),figures=1 drawing_count=0
KR 10-2665759 B1,F2 도면별 분리 필요,figures 원소 1개에 도면 3개의 설명이 뭉쳐 있음 — 도면 반입 시 도면 단위 분리 확인,description 길이=66
KR 10-2730899 B1,F1 도면 수 미채움,도면의 설명은 반입됐으나 drawing_count 가 0 (도면 미반입),figures=1 drawing_count=0
KR 10-2730899 B1,F2 도면별 분리 필요,figures 원소 1개에 도면 4개의 설명이 뭉쳐 있음 — 도면 반입 시 도면 단위 분리 확인,description 길이=229
KR 10-2623749 B1,F1 도면 수 미채움,도면의 설명은 반입됐으나 drawing_count 가 0 (도면 미반입),figures=1 drawing_count=0
KR 10-2623749 B1,F2 도면별 분리 필요,figures 원소 1개에 도면 51개의 설명이 뭉쳐 있음 — 도면 반입 시 도면 단위 분리 확인,description 길이=566
KR 10-2703014 B1,F1 도면 수 미채움,도면의 설명은 반입됐으나 drawing_count 가 0 (도면 미반입),figures=1 drawing_count=0
KR 10-2703014 B1,F2 도면별 분리 필요,figures 원소 1개에 도면 6개의 설명이 뭉쳐 있음 — 도면 반입 시 도면 단위 분리 확인,description 길이=280
KR 10-2716602 B1,F1 도면 수 미채움,도면의 설명은 반입됐으나 drawing_count 가 0 (도면 미반입),figures=1 drawing_count=0
KR 10-2716602 B1,F2 도면별 분리 필요,figures 원소 1개에 도면 10개의 설명이 뭉쳐 있음 — 도면 반입 시 도면 단위 분리 확인,description 길이=284
KR 10-2636052 B1,F1 도면 수 미채움,도면의 설명은 반입됐으나 drawing_count 가 0 (도면 미반입),figures=1 drawing_count=0
KR 10-2636052 B1,F2 도면별 분리 필요,figures 원소 1개에 도면 24개의 설명이 뭉쳐 있음 — 도면 반입 시 도면 단위 분리 확인,description 길이=1053
KR 10-2663915 B1,F1 도면 수 미채움,도면의 설명은 반입됐으나 drawing_count 가 0 (도면 미반입),figures=1 drawing_count=0
KR 10-2623914 B1,F1 도면 수 미채움,도면의 설명은 반입됐으나 drawing_count 가 0 (도면 미반입),figures=1 drawing_count=0
KR 10-2623914 B1,F2 도면별 분리 필요,figures 원소 1개에 도면 12개의 설명이 뭉쳐 있음 — 도면 반입 시 도면 단위 분리 확인,description 길이=513
KR 10-2689231 B1,F1 도면 수 미채움,도면의 설명은 반입됐으나 drawing_count 가 0 (도면 미반입),figures=1 drawing_count=0
KR 10-2689231 B1,F2 도면별 분리 필요,figures 원소 1개에 도면 3개의 설명이 뭉쳐 있음 — 도면 반입 시 도면 단위 분리 확인,description 길이=226
KR 10-2703096 B1,F1 도면 수 미채움,도면의 설명은 반입됐으나 drawing_count 가 0 (도면 미반입),figures=1 drawing_count=0
KR 10-2703096 B1,F2 도면별 분리 필요,figures 원소 1개에 도면 5개의 설명이 뭉쳐 있음 — 도면 반입 시 도면 단위 분리 확인,description 길이=259
KR 10-2715308 B1,F1 도면 수 미채움,도면의 설명은 반입됐으나 drawing_count 가 0 (도면 미반입),figures=1 drawing_count=0
KR 10-2715308 B1,F2 도면별 분리 필요,figures 원소 1개에 도면 4개의 설명이 뭉쳐 있음 — 도면 반입 시 도면 단위 분리 확인,description 길이=645
KR 10-2635718 B1,F1 도면 수 미채움,도면의 설명은 반입됐으나 drawing_count 가 0 (도면 미반입),figures=1 drawing_count=0
KR 10-2635718 B1,F2 도면별 분리 필요,figures 원소 1개에 도면 13개의 설명이 뭉쳐 있음 — 도면 반입 시 도면 단위 분리 확인,description 길이=274
KR 10-2664479 B1,F1 도면 수 미채움,도면의 설명은 반입됐으나 drawing_count 가 0 (도면 미반입),figures=1 drawing_count=0
KR 10-2664479 B1,F2 도면별 분리 필요,figures 원소 1개에 도면 5개의 설명이 뭉쳐 있음 — 도면 반입 시 도면 단위 분리 확인,description 길이=167
KR 10-2730848 B1,F1 도면 수 미채움,도면의 설명은 반입됐으나 drawing_count 가 0 (도면 미반입),figures=1 drawing_count=0
KR 10-2730848 B1,F2 도면별 분리 필요,figures 원소 1개에 도면 8개의 설명이 뭉쳐 있음 — 도면 반입 시 도면 단위 분리 확인,description 길이=509
KR 10-2621982 B1,F1 도면 수 미채움,도면의 설명은 반입됐으나 drawing_count 가 0 (도면 미반입),figures=1 drawing_count=0
KR 10-2621982 B1,F2 도면별 분리 필요,figures 원소 1개에 도면 15개의 설명이 뭉쳐 있음 — 도면 반입 시 도면 단위 분리 확인,description 길이=1012
KR 10-2689248 B1,F1 도면 수 미채움,도면의 설명은 반입됐으나 drawing_count 가 0 (도면 미반입),figures=1 drawing_count=0
KR 10-2689248 B1,F2 도면별 분리 필요,figures 원소 1개에 도면 6개의 설명이 뭉쳐 있음 — 도면 반입 시 도면 단위 분리 확인,description 길이=314
KR 10-2649845 B1,F1 도면 수 미채움,도면의 설명은 반입됐으나 drawing_count 가 0 (도면 미반입),figures=1 drawing_count=0
KR 10-2649845 B1,F2 도면별 분리 필요,figures 원소 1개에 도면 10개의 설명이 뭉쳐 있음 — 도면 반입 시 도면 단위 분리 확인,description 길이=275
KR 10-2717351 B1,F1 도면 수 미채움,도면의 설명은 반입됐으나 drawing_count 가 0 (도면 미반입),figures=1 drawing_count=0
KR 10-2717351 B1,F2 도면별 분리 필요,figures 원소 1개에 도면 7개의 설명이 뭉쳐 있음 — 도면 반입 시 도면 단위 분리 확인,description 길이=315
KR 10-2636490 B1,F1 도면 수 미채움,도면의 설명은 반입됐으나 drawing_count 가 0 (도면 미반입),figures=1 drawing_count=0
KR 10-2636490 B1,F2 도면별 분리 필요,figures 원소 1개에 도면 16개의 설명이 뭉쳐 있음 — 도면 반입 시 도면 단위 분리 확인,description 길이=962
KR 10-2665510 B1,F1 도면 수 미채움,도면의 설명은 반입됐으나 drawing_count 가 0 (도면 미반입),figures=1 drawing_count=0
KR 10-2665510 B1,F2 도면별 분리 필요,figures 원소 1개에 도면 10개의 설명이 뭉쳐 있음 — 도면 반입 시 도면 단위 분리 확인,description 길이=283
KR 10-2731080 B1,F1 도면 수 미채움,도면의 설명은 반입됐으나 drawing_count 가 0 (도면 미반입),figures=1 drawing_count=0
KR 10-2731080 B1,F2 도면별 분리 필요,figures 원소 1개에 도면 7개의 설명이 뭉쳐 있음 — 도면 반입 시 도면 단위 분리 확인,description 길이=418
KR 10-2622348 B1,F1 도면 수 미채움,도면의 설명은 반입됐으나 drawing_count 가 0 (도면 미반입),figures=1 drawing_count=0
KR 10-2622348 B1,F2 도면별 분리 필요,figures 원소 1개에 도면 42개의 설명이 뭉쳐 있음 — 도면 반입 시 도면 단위 분리 확인,description 길이=1585
KR 10-2688874 B1,F1 도면 수 미채움,도면의 설명은 반입됐으나 drawing_count 가 0 (도면 미반입),figures=1 drawing_count=0
KR 10-2688874 B1,F2 도면별 분리 필요,figures 원소 1개에 도면 16개의 설명이 뭉쳐 있음 — 도면 반입 시 도면 단위 분리 확인,description 길이=801
KR 10-2649194 B1,F1 도면 수 미채움,도면의 설명은 반입됐으나 drawing_count 가 0 (도면 미반입),figures=1 drawing_count=0
KR 10-2649194 B1,F2 도면별 분리 필요,figures 원소 1개에 도면 12개의 설명이 뭉쳐 있음 — 도면 반입 시 도면 단위 분리 확인,description 길이=451
KR 10-2635876 B1,F1 도면 수 미채움,도면의 설명은 반입됐으나 drawing_count 가 0 (도면 미반입),figures=1 drawing_count=0
KR 10-2635876 B1,F2 도면별 분리 필요,figures 원소 1개에 도면 5개의 설명이 뭉쳐 있음 — 도면 반입 시 도면 단위 분리 확인,description 길이=123
KR 10-2663449 B1,F1 도면 수 미채움,도면의 설명은 반입됐으나 drawing_count 가 0 (도면 미반입),figures=1 drawing_count=0
KR 10-2663449 B1,F2 도면별 분리 필요,figures 원소 1개에 도면 7개의 설명이 뭉쳐 있음 — 도면 반입 시 도면 단위 분리 확인,description 길이=302
KR 10-2689706 B1,F1 도면 수 미채움,도면의 설명은 반입됐으나 drawing_count 가 0 (도면 미반입),figures=1 drawing_count=0
KR 10-2689706 B1,F2 도면별 분리 필요,figures 원소 1개에 도면 21개의 설명이 뭉쳐 있음 — 도면 반입 시 도면 단위 분리 확인,description 길이=655
KR 10-2649121 B1,F1 도면 수 미채움,도면의 설명은 반입됐으나 drawing_count 가 0 (도면 미반입),figures=1 drawing_count=0
KR 10-2649121 B1,F2 도면별 분리 필요,figures 원소 1개에 도면 10개의 설명이 뭉쳐 있음 — 도면 반입 시 도면 단위 분리 확인,description 길이=429
KR 10-2702272 B1,F1 도면 수 미채움,도면의 설명은 반입됐으나 drawing_count 가 0 (도면 미반입),figures=1 drawing_count=0
KR 10-2702272 B1,F2 도면별 분리 필요,figures 원소 1개에 도면 5개의 설명이 뭉쳐 있음 — 도면 반입 시 도면 단위 분리 확인,description 길이=283
KR 10-2716403 B1,F1 도면 수 미채움,도면의 설명은 반입됐으나 drawing_count 가 0 (도면 미반입),figures=1 drawing_count=0
KR 10-2716403 B1,F2 도면별 분리 필요,figures 원소 1개에 도면 16개의 설명이 뭉쳐 있음 — 도면 반입 시 도면 단위 분리 확인,description 길이=296
KR 10-2635614 B1,F1 도면 수 미채움,도면의 설명은 반입됐으나 drawing_count 가 0 (도면 미반입),figures=1 drawing_count=0
KR 10-2635614 B1,F2 도면별 분리 필요,figures 원소 1개에 도면 9개의 설명이 뭉쳐 있음 — 도면 반입 시 도면 단위 분리 확인,description 길이=485
KR 10-2664727 B1,F1 도면 수 미채움,도면의 설명은 반입됐으나 drawing_count 가 0 (도면 미반입),figures=1 drawing_count=0
KR 10-2664727 B1,F2 도면별 분리 필요,figures 원소 1개에 도면 10개의 설명이 뭉쳐 있음 — 도면 반입 시 도면 단위 분리 확인,description 길이=301
KR 10-2730737 B1,F1 도면 수 미채움,도면의 설명은 반입됐으나 drawing_count 가 0 (도면 미반입),figures=1 drawing_count=0
KR 10-2730737 B1,F2 도면별 분리 필요,figures 원소 1개에 도면 6개의 설명이 뭉쳐 있음 — 도면 반입 시 도면 단위 분리 확인,description 길이=178
KR 10-2622766 B1,F1 도면 수 미채움,도면의 설명은 반입됐으나 drawing_count 가 0 (도면 미반입),figures=1 drawing_count=0
KR 10-2622766 B1,F2 도면별 분리 필요,figures 원소 1개에 도면 9개의 설명이 뭉쳐 있음 — 도면 반입 시 도면 단위 분리 확인,description 길이=432
KR 10-2702954 B1,F1 도면 수 미채움,도면의 설명은 반입됐으나 drawing_count 가 0 (도면 미반입),figures=1 drawing_count=0
KR 10-2702954 B1,F2 도면별 분리 필요,figures 원소 1개에 도면 24개의 설명이 뭉쳐 있음 — 도면 반입 시 도면 단위 분리 확인,description 길이=684
KR 10-2716378 B1,F1 도면 수 미채움,도면의 설명은 반입됐으나 drawing_count 가 0 (도면 미반입),figures=1 drawing_count=0
KR 10-2716378 B1,F2 도면별 분리 필요,figures 원소 1개에 도면 6개의 설명이 뭉쳐 있음 — 도면 반입 시 도면 단위 분리 확인,description 길이=349
KR 10-2634760 B1,F1 도면 수 미채움,도면의 설명은 반입됐으나 drawing_count 가 0 (도면 미반입),figures=1 drawing_count=0
KR 10-2634760 B1,F2 도면별 분리 필요,figures 원소 1개에 도면 11개의 설명이 뭉쳐 있음 — 도면 반입 시 도면 단위 분리 확인,description 길이=565
KR 10-2663671 B1,F1 도면 수 미채움,도면의 설명은 반입됐으나 drawing_count 가 0 (도면 미반입),figures=1 drawing_count=0
KR 10-2663671 B1,F2 도면별 분리 필요,figures 원소 1개에 도면 18개의 설명이 뭉쳐 있음 — 도면 반입 시 도면 단위 분리 확인,description 길이=456
KR 10-2730354 B1,F1 도면 수 미채움,도면의 설명은 반입됐으나 drawing_count 가 0 (도면 미반입),figures=1 drawing_count=0
KR 10-2730354 B1,F2 도면별 분리 필요,figures 원소 1개에 도면 9개의 설명이 뭉쳐 있음 — 도면 반입 시 도면 단위 분리 확인,description 길이=445
KR 10-2624154 B1,F1 도면 수 미채움,도면의 설명은 반입됐으나 drawing_count 가 0 (도면 미반입),figures=1 drawing_count=0
KR 10-2624154 B1,F2 도면별 분리 필요,figures 원소 1개에 도면 14개의 설명이 뭉쳐 있음 — 도면 반입 시 도면 단위 분리 확인,description 길이=782
KR 10-2689223 B1,F1 도면 수 미채움,도면의 설명은 반입됐으나 drawing_count 가 0 (도면 미반입),figures=1 drawing_count=0
KR 10-2689223 B1,F2 도면별 분리 필요,figures 원소 1개에 도면 7개의 설명이 뭉쳐 있음 — 도면 반입 시 도면 단위 분리 확인,description 길이=179
KR 10-2649648 B1,F1 도면 수 미채움,도면의 설명은 반입됐으나 drawing_count 가 0 (도면 미반입),figures=1 drawing_count=0
KR 10-2649648 B1,F2 도면별 분리 필요,figures 원소 1개에 도면 7개의 설명이 뭉쳐 있음 — 도면 반입 시 도면 단위 분리 확인,description 길이=240
KR 10-2704006 B1,F1 도면 수 미채움,도면의 설명은 반입됐으나 drawing_count 가 0 (도면 미반입),figures=1 drawing_count=0
KR 10-2704006 B1,F2 도면별 분리 필요,figures 원소 1개에 도면 9개의 설명이 뭉쳐 있음 — 도면 반입 시 도면 단위 분리 확인,description 길이=337
KR 10-2731203 B1,F1 도면 수 미채움,도면의 설명은 반입됐으나 drawing_count 가 0 (도면 미반입),figures=1 drawing_count=0
KR 10-2731203 B1,F2 도면별 분리 필요,figures 원소 1개에 도면 25개의 설명이 뭉쳐 있음 — 도면 반입 시 도면 단위 분리 확인,description 길이=669
KR 10-2622362 B1,F1 도면 수 미채움,도면의 설명은 반입됐으나 drawing_count 가 0 (도면 미반입),figures=1 drawing_count=0
KR 10-2622362 B1,F2 도면별 분리 필요,figures 원소 1개에 도면 14개의 설명이 뭉쳐 있음 — 도면 반입 시 도면 단위 분리 확인,description 길이=473
KR 10-2689504 B1,F1 도면 수 미채움,도면의 설명은 반입됐으나 drawing_count 가 0 (도면 미반입),figures=1 drawing_count=0
KR 10-2689504 B1,F2 도면별 분리 필요,figures 원소 1개에 도면 37개의 설명이 뭉쳐 있음 — 도면 반입 시 도면 단위 분리 확인,description 길이=1219
KR 10-2648993 B1,F1 도면 수 미채움,도면의 설명은 반입됐으나 drawing_count 가 0 (도면 미반입),figures=1 drawing_count=0
KR 10-2648993 B1,F2 도면별 분리 필요,figures 원소 1개에 도면 13개의 설명이 뭉쳐 있음 — 도면 반입 시 도면 단위 분리 확인,description 길이=872
KR 10-2703765 B1,F1 도면 수 미채움,도면의 설명은 반입됐으나 drawing_count 가 0 (도면 미반입),figures=1 drawing_count=0
KR 10-2703765 B1,F2 도면별 분리 필요,figures 원소 1개에 도면 13개의 설명이 뭉쳐 있음 — 도면 반입 시 도면 단위 분리 확인,description 길이=214
KR 10-2715789 B1,F1 도면 수 미채움,도면의 설명은 반입됐으나 drawing_count 가 0 (도면 미반입),figures=1 drawing_count=0
KR 10-2634534 B1,F1 도면 수 미채움,도면의 설명은 반입됐으나 drawing_count 가 0 (도면 미반입),figures=1 drawing_count=0
KR 10-2663749 B1,F1 도면 수 미채움,도면의 설명은 반입됐으나 drawing_count 가 0 (도면 미반입),figures=1 drawing_count=0
KR 10-2663749 B1,F2 도면별 분리 필요,figures 원소 1개에 도면 22개의 설명이 뭉쳐 있음 — 도면 반입 시 도면 단위 분리 확인,description 길이=1266
KR 10-2730170 B1,F1 도면 수 미채움,도면의 설명은 반입됐으나 drawing_count 가 0 (도면 미반입),figures=1 drawing_count=0
KR 10-2730170 B1,F2 도면별 분리 필요,figures 원소 1개에 도면 20개의 설명이 뭉쳐 있음 — 도면 반입 시 도면 단위 분리 확인,description 길이=578
KR 10-2689497 B1,F1 도면 수 미채움,도면의 설명은 반입됐으나 drawing_count 가 0 (도면 미반입),figures=1 drawing_count=0
KR 10-2689497 B1,F2 도면별 분리 필요,figures 원소 1개에 도면 21개의 설명이 뭉쳐 있음 — 도면 반입 시 도면 단위 분리 확인,description 길이=602
KR 10-2650298 B1,F1 도면 수 미채움,도면의 설명은 반입됐으나 drawing_count 가 0 (도면 미반입),figures=1 drawing_count=0
KR 10-2650298 B1,F2 도면별 분리 필요,figures 원소 1개에 도면 11개의 설명이 뭉쳐 있음 — 도면 반입 시 도면 단위 분리 확인,description 길이=524
KR 10-2714374 B1,F1 도면 수 미채움,도면의 설명은 반입됐으나 drawing_count 가 0 (도면 미반입),figures=1 drawing_count=0
KR 10-2714374 B1,F2 도면별 분리 필요,figures 원소 1개에 도면 9개의 설명이 뭉쳐 있음 — 도면 반입 시 도면 단위 분리 확인,description 길이=284
KR 10-2635635 B1,F1 도면 수 미채움,도면의 설명은 반입됐으나 drawing_count 가 0 (도면 미반입),figures=1 drawing_count=0
KR 10-2635635 B1,F2 도면별 분리 필요,figures 원소 1개에 도면 30개의 설명이 뭉쳐 있음 — 도면 반입 시 도면 단위 분리 확인,description 길이=3018
KR 10-2731014 B1,F1 도면 수 미채움,도면의 설명은 반입됐으나 drawing_count 가 0 (도면 미반입),figures=1 drawing_count=0
KR 10-2731014 B1,F2 도면별 분리 필요,figures 원소 1개에 도면 15개의 설명이 뭉쳐 있음 — 도면 반입 시 도면 단위 분리 확인,description 길이=625
KR 10-2689912 B1,F1 도면 수 미채움,도면의 설명은 반입됐으나 drawing_count 가 0 (도면 미반입),figures=1 drawing_count=0
KR 10-2689912 B1,F2 도면별 분리 필요,figures 원소 1개에 도면 44개의 설명이 뭉쳐 있음 — 도면 반입 시 도면 단위 분리 확인,description 길이=1096
KR 10-2650112 B1,F1 도면 수 미채움,도면의 설명은 반입됐으나 drawing_count 가 0 (도면 미반입),figures=1 drawing_count=0
KR 10-2650112 B1,F2 도면별 분리 필요,figures 원소 1개에 도면 4개의 설명이 뭉쳐 있음 — 도면 반입 시 도면 단위 분리 확인,description 길이=224
KR 10-2716288 B1,F1 도면 수 미채움,도면의 설명은 반입됐으나 drawing_count 가 0 (도면 미반입),figures=1 drawing_count=0
KR 10-2716288 B1,F2 도면별 분리 필요,figures 원소 1개에 도면 12개의 설명이 뭉쳐 있음 — 도면 반입 시 도면 단위 분리 확인,description 길이=262
KR 10-2636629 B1,F1 도면 수 미채움,도면의 설명은 반입됐으나 drawing_count 가 0 (도면 미반입),figures=1 drawing_count=0
KR 10-2636629 B1,F2 도면별 분리 필요,figures 원소 1개에 도면 24개의 설명이 뭉쳐 있음 — 도면 반입 시 도면 단위 분리 확인,description 길이=550
KR 10-2664382 B1,F1 도면 수 미채움,도면의 설명은 반입됐으나 drawing_count 가 0 (도면 미반입),figures=1 drawing_count=0
KR 10-2664382 B1,F2 도면별 분리 필요,figures 원소 1개에 도면 39개의 설명이 뭉쳐 있음 — 도면 반입 시 도면 단위 분리 확인,description 길이=1499
KR 10-2730644 B1,F1 도면 수 미채움,도면의 설명은 반입됐으나 drawing_count 가 0 (도면 미반입),figures=1 drawing_count=0
KR 10-2730644 B1,F2 도면별 분리 필요,figures 원소 1개에 도면 6개의 설명이 뭉쳐 있음 — 도면 반입 시 도면 단위 분리 확인,description 길이=1082
KR 10-2622575 B1,F1 도면 수 미채움,도면의 설명은 반입됐으나 drawing_count 가 0 (도면 미반입),figures=1 drawing_count=0
KR 10-2622575 B1,F2 도면별 분리 필요,figures 원소 1개에 도면 6개의 설명이 뭉쳐 있음 — 도면 반입 시 도면 단위 분리 확인,description 길이=220
KR 10-2690586 B1,F1 도면 수 미채움,도면의 설명은 반입됐으나 drawing_count 가 0 (도면 미반입),figures=1 drawing_count=0
KR 10-2690586 B1,F2 도면별 분리 필요,figures 원소 1개에 도면 9개의 설명이 뭉쳐 있음 — 도면 반입 시 도면 단위 분리 확인,description 길이=504
KR 10-2649319 B1,F1 도면 수 미채움,도면의 설명은 반입됐으나 drawing_count 가 0 (도면 미반입),figures=1 drawing_count=0
KR 10-2649319 B1,F2 도면별 분리 필요,figures 원소 1개에 도면 24개의 설명이 뭉쳐 있음 — 도면 반입 시 도면 단위 분리 확인,description 길이=912
KR 10-2703571 B1,F1 도면 수 미채움,도면의 설명은 반입됐으나 drawing_count 가 0 (도면 미반입),figures=1 drawing_count=0
KR 10-2717812 B1,F1 도면 수 미채움,도면의 설명은 반입됐으나 drawing_count 가 0 (도면 미반입),figures=1 drawing_count=0
KR 10-2717812 B1,F2 도면별 분리 필요,figures 원소 1개에 도면 10개의 설명이 뭉쳐 있음 — 도면 반입 시 도면 단위 분리 확인,description 길이=416
KR 10-2636023 B1,F1 도면 수 미채움,도면의 설명은 반입됐으나 drawing_count 가 0 (도면 미반입),figures=1 drawing_count=0
KR 10-2636023 B1,F2 도면별 분리 필요,figures 원소 1개에 도면 6개의 설명이 뭉쳐 있음 — 도면 반입 시 도면 단위 분리 확인,description 길이=345
KR 10-2665358 B1,F1 도면 수 미채움,도면의 설명은 반입됐으나 drawing_count 가 0 (도면 미반입),figures=1 drawing_count=0
KR 10-2665358 B1,F2 도면별 분리 필요,figures 원소 1개에 도면 42개의 설명이 뭉쳐 있음 — 도면 반입 시 도면 단위 분리 확인,description 길이=1447
KR 10-2730528 B1,F1 도면 수 미채움,도면의 설명은 반입됐으나 drawing_count 가 0 (도면 미반입),figures=1 drawing_count=0
KR 10-2730528 B1,F2 도면별 분리 필요,figures 원소 1개에 도면 5개의 설명이 뭉쳐 있음 — 도면 반입 시 도면 단위 분리 확인,description 길이=193
KR 10-2690270 B1,F1 도면 수 미채움,도면의 설명은 반입됐으나 drawing_count 가 0 (도면 미반입),figures=1 drawing_count=0
KR 10-2690270 B1,F2 도면별 분리 필요,figures 원소 1개에 도면 6개의 설명이 뭉쳐 있음 — 도면 반입 시 도면 단위 분리 확인,description 길이=147
KR 10-2648704 B1,F1 도면 수 미채움,도면의 설명은 반입됐으나 drawing_count 가 0 (도면 미반입),figures=1 drawing_count=0
KR 10-2648704 B1,F2 도면별 분리 필요,figures 원소 1개에 도면 25개의 설명이 뭉쳐 있음 — 도면 반입 시 도면 단위 분리 확인,description 길이=987
KR 10-2635249 B1,F1 도면 수 미채움,도면의 설명은 반입됐으나 drawing_count 가 0 (도면 미반입),figures=1 drawing_count=0
KR 10-2635249 B1,F2 도면별 분리 필요,figures 원소 1개에 도면 12개의 설명이 뭉쳐 있음 — 도면 반입 시 도면 단위 분리 확인,description 길이=404
KR 10-2729730 B1,F1 도면 수 미채움,도면의 설명은 반입됐으나 drawing_count 가 0 (도면 미반입),figures=1 drawing_count=0
KR 10-2729730 B1,F2 도면별 분리 필요,figures 원소 1개에 도면 5개의 설명이 뭉쳐 있음 — 도면 반입 시 도면 단위 분리 확인,description 길이=144
KR 10-2623409 B1,F1 도면 수 미채움,도면의 설명은 반입됐으나 drawing_count 가 0 (도면 미반입),figures=1 drawing_count=0
KR 10-2623409 B1,F2 도면별 분리 필요,figures 원소 1개에 도면 14개의 설명이 뭉쳐 있음 — 도면 반입 시 도면 단위 분리 확인,description 길이=589
KR 10-2690297 B1,F1 도면 수 미채움,도면의 설명은 반입됐으나 drawing_count 가 0 (도면 미반입),figures=1 drawing_count=0
KR 10-2690297 B1,F2 도면별 분리 필요,figures 원소 1개에 도면 10개의 설명이 뭉쳐 있음 — 도면 반입 시 도면 단위 분리 확인,description 길이=511
KR 10-2649556 B1,F1 도면 수 미채움,도면의 설명은 반입됐으나 drawing_count 가 0 (도면 미반입),figures=1 drawing_count=0
KR 10-2649556 B1,F2 도면별 분리 필요,figures 원소 1개에 도면 5개의 설명이 뭉쳐 있음 — 도면 반입 시 도면 단위 분리 확인,description 길이=368
KR 10-2703145 B1,F1 도면 수 미채움,도면의 설명은 반입됐으나 drawing_count 가 0 (도면 미반입),figures=1 drawing_count=0
KR 10-2703145 B1,F2 도면별 분리 필요,figures 원소 1개에 도면 14개의 설명이 뭉쳐 있음 — 도면 반입 시 도면 단위 분리 확인,description 길이=437
KR 10-2715381 B1,F1 도면 수 미채움,도면의 설명은 반입됐으나 drawing_count 가 0 (도면 미반입),figures=1 drawing_count=0
KR 10-2715381 B1,F2 도면별 분리 필요,figures 원소 1개에 도면 6개의 설명이 뭉쳐 있음 — 도면 반입 시 도면 단위 분리 확인,description 길이=344
KR 10-2635953 B1,F1 도면 수 미채움,도면의 설명은 반입됐으나 drawing_count 가 0 (도면 미반입),figures=1 drawing_count=0
KR 10-2635953 B1,F2 도면별 분리 필요,figures 원소 1개에 도면 3개의 설명이 뭉쳐 있음 — 도면 반입 시 도면 단위 분리 확인,description 길이=432
KR 10-2663725 B1,F1 도면 수 미채움,도면의 설명은 반입됐으나 drawing_count 가 0 (도면 미반입),figures=1 drawing_count=0
KR 10-2663725 B1,F2 도면별 분리 필요,figures 원소 1개에 도면 12개의 설명이 뭉쳐 있음 — 도면 반입 시 도면 단위 분리 확인,description 길이=358
KR 10-2731279 B1,F1 도면 수 미채움,도면의 설명은 반입됐으나 drawing_count 가 0 (도면 미반입),figures=1 drawing_count=0
KR 10-2731279 B1,F2 도면별 분리 필요,figures 원소 1개에 도면 7개의 설명이 뭉쳐 있음 — 도면 반입 시 도면 단위 분리 확인,description 길이=281
KR 10-2621655 B1,F1 도면 수 미채움,도면의 설명은 반입됐으나 drawing_count 가 0 (도면 미반입),figures=1 drawing_count=0
KR 10-2621655 B1,F2 도면별 분리 필요,figures 원소 1개에 도면 13개의 설명이 뭉쳐 있음 — 도면 반입 시 도면 단위 분리 확인,description 길이=253
KR 10-2689390 B1,F1 도면 수 미채움,도면의 설명은 반입됐으나 drawing_count 가 0 (도면 미반입),figures=1 drawing_count=0
KR 10-2689390 B1,F2 도면별 분리 필요,figures 원소 1개에 도면 3개의 설명이 뭉쳐 있음 — 도면 반입 시 도면 단위 분리 확인,description 길이=207
KR 10-2649749 B1,F1 도면 수 미채움,도면의 설명은 반입됐으나 drawing_count 가 0 (도면 미반입),figures=1 drawing_count=0
KR 10-2649749 B1,F2 도면별 분리 필요,figures 원소 1개에 도면 4개의 설명이 뭉쳐 있음 — 도면 반입 시 도면 단위 분리 확인,description 길이=356
KR 10-2718003 B1,F1 도면 수 미채움,도면의 설명은 반입됐으나 drawing_count 가 0 (도면 미반입),figures=1 drawing_count=0
KR 10-2718003 B1,F2 도면별 분리 필요,figures 원소 1개에 도면 31개의 설명이 뭉쳐 있음 — 도면 반입 시 도면 단위 분리 확인,description 길이=765
KR 10-2635994 B1,F1 도면 수 미채움,도면의 설명은 반입됐으나 drawing_count 가 0 (도면 미반입),figures=1 drawing_count=0
KR 10-2635994 B1,F2 도면별 분리 필요,figures 원소 1개에 도면 11개의 설명이 뭉쳐 있음 — 도면 반입 시 도면 단위 분리 확인,description 길이=450
KR 10-2730035 B1,F1 도면 수 미채움,도면의 설명은 반입됐으나 drawing_count 가 0 (도면 미반입),figures=1 drawing_count=0
KR 10-2730035 B1,F2 도면별 분리 필요,figures 원소 1개에 도면 9개의 설명이 뭉쳐 있음 — 도면 반입 시 도면 단위 분리 확인,description 길이=330
KR 10-2623420 B1,F1 도면 수 미채움,도면의 설명은 반입됐으나 drawing_count 가 0 (도면 미반입),figures=1 drawing_count=0
KR 10-2623420 B1,F2 도면별 분리 필요,figures 원소 1개에 도면 17개의 설명이 뭉쳐 있음 — 도면 반입 시 도면 단위 분리 확인,description 길이=822
KR 10-2650004 B1,F1 도면 수 미채움,도면의 설명은 반입됐으나 drawing_count 가 0 (도면 미반입),figures=1 drawing_count=0
KR 10-2650004 B1,F2 도면별 분리 필요,figures 원소 1개에 도면 19개의 설명이 뭉쳐 있음 — 도면 반입 시 도면 단위 분리 확인,description 길이=724
KR 10-2663875 B1,F1 도면 수 미채움,도면의 설명은 반입됐으나 drawing_count 가 0 (도면 미반입),figures=1 drawing_count=0
KR 10-2663875 B1,F2 도면별 분리 필요,figures 원소 1개에 도면 6개의 설명이 뭉쳐 있음 — 도면 반입 시 도면 단위 분리 확인,description 길이=246
KR 10-2729321 B1,F1 도면 수 미채움,도면의 설명은 반입됐으나 drawing_count 가 0 (도면 미반입),figures=1 drawing_count=0
KR 10-2729321 B1,F2 도면별 분리 필요,figures 원소 1개에 도면 11개의 설명이 뭉쳐 있음 — 도면 반입 시 도면 단위 분리 확인,description 길이=321
KR 10-2622042 B1,F1 도면 수 미채움,도면의 설명은 반입됐으나 drawing_count 가 0 (도면 미반입),figures=1 drawing_count=0
KR 10-2622042 B1,F2 도면별 분리 필요,figures 원소 1개에 도면 11개의 설명이 뭉쳐 있음 — 도면 반입 시 도면 단위 분리 확인,description 길이=613
KR 10-2688924 B1,F1 도면 수 미채움,도면의 설명은 반입됐으나 drawing_count 가 0 (도면 미반입),figures=1 drawing_count=0
KR 10-2688924 B1,F2 도면별 분리 필요,figures 원소 1개에 도면 9개의 설명이 뭉쳐 있음 — 도면 반입 시 도면 단위 분리 확인,description 길이=381
KR 10-2648501 B1,F1 도면 수 미채움,도면의 설명은 반입됐으나 drawing_count 가 0 (도면 미반입),figures=1 drawing_count=0
KR 10-2648501 B1,F2 도면별 분리 필요,figures 원소 1개에 도면 12개의 설명이 뭉쳐 있음 — 도면 반입 시 도면 단위 분리 확인,description 길이=454
KR 10-2702813 B1,F1 도면 수 미채움,도면의 설명은 반입됐으나 drawing_count 가 0 (도면 미반입),figures=1 drawing_count=0
KR 10-2702813 B1,F2 도면별 분리 필요,figures 원소 1개에 도면 6개의 설명이 뭉쳐 있음 — 도면 반입 시 도면 단위 분리 확인,description 길이=393
KR 10-2715779 B1,F1 도면 수 미채움,도면의 설명은 반입됐으나 drawing_count 가 0 (도면 미반입),figures=1 drawing_count=0
KR 10-2715779 B1,F2 도면별 분리 필요,figures 원소 1개에 도면 10개의 설명이 뭉쳐 있음 — 도면 반입 시 도면 단위 분리 확인,description 길이=396
KR 10-2636206 B1,F1 도면 수 미채움,도면의 설명은 반입됐으나 drawing_count 가 0 (도면 미반입),figures=1 drawing_count=0
KR 10-2636206 B1,F2 도면별 분리 필요,figures 원소 1개에 도면 6개의 설명이 뭉쳐 있음 — 도면 반입 시 도면 단위 분리 확인,description 길이=179
KR 10-2665259 B1,F1 도면 수 미채움,도면의 설명은 반입됐으나 drawing_count 가 0 (도면 미반입),figures=1 drawing_count=0
KR 10-2665259 B1,F2 도면별 분리 필요,figures 원소 1개에 도면 6개의 설명이 뭉쳐 있음 — 도면 반입 시 도면 단위 분리 확인,description 길이=291
KR 10-2731661 B1,F1 도면 수 미채움,도면의 설명은 반입됐으나 drawing_count 가 0 (도면 미반입),figures=1 drawing_count=0
KR 10-2731661 B1,F2 도면별 분리 필요,figures 원소 1개에 도면 8개의 설명이 뭉쳐 있음 — 도면 반입 시 도면 단위 분리 확인,description 길이=468
KR 10-2623108 B1,F1 도면 수 미채움,도면의 설명은 반입됐으나 drawing_count 가 0 (도면 미반입),figures=1 drawing_count=0
KR 10-2623108 B1,F2 도면별 분리 필요,figures 원소 1개에 도면 6개의 설명이 뭉쳐 있음 — 도면 반입 시 도면 단위 분리 확인,description 길이=213
KR 10-2689511 B1,F1 도면 수 미채움,도면의 설명은 반입됐으나 drawing_count 가 0 (도면 미반입),figures=1 drawing_count=0
KR 10-2689511 B1,F2 도면별 분리 필요,figures 원소 1개에 도면 12개의 설명이 뭉쳐 있음 — 도면 반입 시 도면 단위 분리 확인,description 길이=721
KR 10-2650209 B1,F1 도면 수 미채움,도면의 설명은 반입됐으나 drawing_count 가 0 (도면 미반입),figures=1 drawing_count=0
KR 10-2650209 B1,F2 도면별 분리 필요,figures 원소 1개에 도면 7개의 설명이 뭉쳐 있음 — 도면 반입 시 도면 단위 분리 확인,description 길이=407
KR 10-2702988 B1,F1 도면 수 미채움,도면의 설명은 반입됐으나 drawing_count 가 0 (도면 미반입),figures=1 drawing_count=0
KR 10-2702988 B1,F2 도면별 분리 필요,figures 원소 1개에 도면 24개의 설명이 뭉쳐 있음 — 도면 반입 시 도면 단위 분리 확인,description 길이=871
KR 10-2714236 B1,F1 도면 수 미채움,도면의 설명은 반입됐으나 drawing_count 가 0 (도면 미반입),figures=1 drawing_count=0
KR 10-2714236 B1,F2 도면별 분리 필요,figures 원소 1개에 도면 23개의 설명이 뭉쳐 있음 — 도면 반입 시 도면 단위 분리 확인,description 길이=802
KR 10-2635891 B1,F1 도면 수 미채움,도면의 설명은 반입됐으나 drawing_count 가 0 (도면 미반입),figures=1 drawing_count=0
KR 10-2635891 B1,F2 도면별 분리 필요,figures 원소 1개에 도면 4개의 설명이 뭉쳐 있음 — 도면 반입 시 도면 단위 분리 확인,description 길이=279
KR 10-2662869 B1,F1 도면 수 미채움,도면의 설명은 반입됐으나 drawing_count 가 0 (도면 미반입),figures=1 drawing_count=0
KR 10-2662869 B1,F2 도면별 분리 필요,figures 원소 1개에 도면 30개의 설명이 뭉쳐 있음 — 도면 반입 시 도면 단위 분리 확인,description 길이=937
KR 10-2622659 B1,F1 도면 수 미채움,도면의 설명은 반입됐으나 drawing_count 가 0 (도면 미반입),figures=1 drawing_count=0
KR 10-2622659 B1,F2 도면별 분리 필요,figures 원소 1개에 도면 12개의 설명이 뭉쳐 있음 — 도면 반입 시 도면 단위 분리 확인,description 길이=559
KR 10-2689799 B1,F1 도면 수 미채움,도면의 설명은 반입됐으나 drawing_count 가 0 (도면 미반입),figures=1 drawing_count=0
KR 10-2689799 B1,F2 도면별 분리 필요,figures 원소 1개에 도면 8개의 설명이 뭉쳐 있음 — 도면 반입 시 도면 단위 분리 확인,description 길이=556
KR 10-2649485 B1,F1 도면 수 미채움,도면의 설명은 반입됐으나 drawing_count 가 0 (도면 미반입),figures=1 drawing_count=0
KR 10-2649485 B1,F2 도면별 분리 필요,figures 원소 1개에 도면 9개의 설명이 뭉쳐 있음 — 도면 반입 시 도면 단위 분리 확인,description 길이=457
KR 10-2717270 B1,F1 도면 수 미채움,도면의 설명은 반입됐으나 drawing_count 가 0 (도면 미반입),figures=1 drawing_count=0
KR 10-2717270 B1,F2 도면별 분리 필요,figures 원소 1개에 도면 12개의 설명이 뭉쳐 있음 — 도면 반입 시 도면 단위 분리 확인,description 길이=458
KR 10-2636156 B1,F1 도면 수 미채움,도면의 설명은 반입됐으나 drawing_count 가 0 (도면 미반입),figures=1 drawing_count=0
KR 10-2636156 B1,F2 도면별 분리 필요,figures 원소 1개에 도면 7개의 설명이 뭉쳐 있음 — 도면 반입 시 도면 단위 분리 확인,description 길이=252
KR 10-2615046 B1,F1 도면 수 미채움,도면의 설명은 반입됐으나 drawing_count 가 0 (도면 미반입),figures=1 drawing_count=0
KR 10-2615046 B1,F2 도면별 분리 필요,figures 원소 1개에 도면 13개의 설명이 뭉쳐 있음 — 도면 반입 시 도면 단위 분리 확인,description 길이=342
KR 10-2689208 B1,F1 도면 수 미채움,도면의 설명은 반입됐으나 drawing_count 가 0 (도면 미반입),figures=1 drawing_count=0
KR 10-2689208 B1,F2 도면별 분리 필요,figures 원소 1개에 도면 6개의 설명이 뭉쳐 있음 — 도면 반입 시 도면 단위 분리 확인,description 길이=211
KR 20-0497867 Y1,F1 도면 수 미채움,도면의 설명은 반입됐으나 drawing_count 가 0 (도면 미반입),figures=1 drawing_count=0
KR 20-0497867 Y1,F2 도면별 분리 필요,figures 원소 1개에 도면 19개의 설명이 뭉쳐 있음 — 도면 반입 시 도면 단위 분리 확인,description 길이=645
KR 10-2702062 B1,F1 도면 수 미채움,도면의 설명은 반입됐으나 drawing_count 가 0 (도면 미반입),figures=1 drawing_count=0
KR 10-2702062 B1,F2 도면별 분리 필요,figures 원소 1개에 도면 53개의 설명이 뭉쳐 있음 — 도면 반입 시 도면 단위 분리 확인,description 길이=815
KR 10-2717315 B1,F1 도면 수 미채움,도면의 설명은 반입됐으나 drawing_count 가 0 (도면 미반입),figures=1 drawing_count=0
KR 10-2717315 B1,F2 도면별 분리 필요,figures 원소 1개에 도면 16개의 설명이 뭉쳐 있음 — 도면 반입 시 도면 단위 분리 확인,description 길이=596
KR 10-2636990 B1,F1 도면 수 미채움,도면의 설명은 반입됐으나 drawing_count 가 0 (도면 미반입),figures=1 drawing_count=0
KR 10-2636990 B1,F2 도면별 분리 필요,figures 원소 1개에 도면 12개의 설명이 뭉쳐 있음 — 도면 반입 시 도면 단위 분리 확인,description 길이=486
KR 10-2623103 B1,F1 도면 수 미채움,도면의 설명은 반입됐으나 drawing_count 가 0 (도면 미반입),figures=1 drawing_count=0
KR 10-2623103 B1,F2 도면별 분리 필요,figures 원소 1개에 도면 15개의 설명이 뭉쳐 있음 — 도면 반입 시 도면 단위 분리 확인,description 길이=548
KR 10-2649324 B1,F1 도면 수 미채움,도면의 설명은 반입됐으나 drawing_count 가 0 (도면 미반입),figures=1 drawing_count=0
KR 10-2649324 B1,F2 도면별 분리 필요,figures 원소 1개에 도면 19개의 설명이 뭉쳐 있음 — 도면 반입 시 도면 단위 분리 확인,description 길이=591
KR 10-2717805 B1,F1 도면 수 미채움,도면의 설명은 반입됐으나 drawing_count 가 0 (도면 미반입),figures=1 drawing_count=0
KR 10-2717805 B1,F2 도면별 분리 필요,figures 원소 1개에 도면 10개의 설명이 뭉쳐 있음 — 도면 반입 시 도면 단위 분리 확인,description 길이=394
KR 10-2635612 B1,F1 도면 수 미채움,도면의 설명은 반입됐으나 drawing_count 가 0 (도면 미반입),figures=1 drawing_count=0
KR 10-2635612 B1,F2 도면별 분리 필요,figures 원소 1개에 도면 10개의 설명이 뭉쳐 있음 — 도면 반입 시 도면 단위 분리 확인,description 길이=326
KR 10-2729870 B1,F1 도면 수 미채움,도면의 설명은 반입됐으나 drawing_count 가 0 (도면 미반입),figures=1 drawing_count=0
KR 10-2729870 B1,F2 도면별 분리 필요,figures 원소 1개에 도면 22개의 설명이 뭉쳐 있음 — 도면 반입 시 도면 단위 분리 확인,description 길이=825
KR 10-2621108 B1,F1 도면 수 미채움,도면의 설명은 반입됐으나 drawing_count 가 0 (도면 미반입),figures=1 drawing_count=0
KR 10-2621108 B1,F2 도면별 분리 필요,figures 원소 1개에 도면 3개의 설명이 뭉쳐 있음 — 도면 반입 시 도면 단위 분리 확인,description 길이=269
KR 10-2649392 B1,F1 도면 수 미채움,도면의 설명은 반입됐으나 drawing_count 가 0 (도면 미반입),figures=1 drawing_count=0
KR 10-2649392 B1,F2 도면별 분리 필요,figures 원소 1개에 도면 10개의 설명이 뭉쳐 있음 — 도면 반입 시 도면 단위 분리 확인,description 길이=426
KR 10-2703722 B1,F1 도면 수 미채움,도면의 설명은 반입됐으나 drawing_count 가 0 (도면 미반입),figures=1 drawing_count=0
KR 10-2703722 B1,F2 도면별 분리 필요,figures 원소 1개에 도면 21개의 설명이 뭉쳐 있음 — 도면 반입 시 도면 단위 분리 확인,description 길이=815
KR 10-2716609 B1,F1 도면 수 미채움,도면의 설명은 반입됐으나 drawing_count 가 0 (도면 미반입),figures=1 drawing_count=0
KR 10-2716609 B1,F2 도면별 분리 필요,figures 원소 1개에 도면 7개의 설명이 뭉쳐 있음 — 도면 반입 시 도면 단위 분리 확인,description 길이=672
KR 10-2663771 B1,F1 도면 수 미채움,도면의 설명은 반입됐으나 drawing_count 가 0 (도면 미반입),figures=1 drawing_count=0
KR 10-2663771 B1,F2 도면별 분리 필요,figures 원소 1개에 도면 15개의 설명이 뭉쳐 있음 — 도면 반입 시 도면 단위 분리 확인,description 길이=342
KR 10-2730192 B1,F1 도면 수 미채움,도면의 설명은 반입됐으나 drawing_count 가 0 (도면 미반입),figures=1 drawing_count=0
KR 10-2624133 B1,F1 도면 수 미채움,도면의 설명은 반입됐으나 drawing_count 가 0 (도면 미반입),figures=1 drawing_count=0
KR 10-2624133 B1,F2 도면별 분리 필요,figures 원소 1개에 도면 5개의 설명이 뭉쳐 있음 — 도면 반입 시 도면 단위 분리 확인,description 길이=280
KR 10-2690065 B1,F1 도면 수 미채움,도면의 설명은 반입됐으나 drawing_count 가 0 (도면 미반입),figures=1 drawing_count=0
KR 10-2690065 B1,F2 도면별 분리 필요,figures 원소 1개에 도면 18개의 설명이 뭉쳐 있음 — 도면 반입 시 도면 단위 분리 확인,description 길이=1208
KR 10-2716725 B1,F1 도면 수 미채움,도면의 설명은 반입됐으나 drawing_count 가 0 (도면 미반입),figures=1 drawing_count=0
KR 10-2716725 B1,F2 도면별 분리 필요,figures 원소 1개에 도면 15개의 설명이 뭉쳐 있음 — 도면 반입 시 도면 단위 분리 확인,description 길이=696
KR 10-2636666 B1,F1 도면 수 미채움,도면의 설명은 반입됐으나 drawing_count 가 0 (도면 미반입),figures=1 drawing_count=0
KR 10-2636666 B1,F2 도면별 분리 필요,figures 원소 1개에 도면 8개의 설명이 뭉쳐 있음 — 도면 반입 시 도면 단위 분리 확인,description 길이=596
KR 10-2663256 B1,F1 도면 수 미채움,도면의 설명은 반입됐으나 drawing_count 가 0 (도면 미반입),figures=1 drawing_count=0
KR 10-2663256 B1,F2 도면별 분리 필요,figures 원소 1개에 도면 10개의 설명이 뭉쳐 있음 — 도면 반입 시 도면 단위 분리 확인,description 길이=515
KR 10-2621491 B1,F1 도면 수 미채움,도면의 설명은 반입됐으나 drawing_count 가 0 (도면 미반입),figures=1 drawing_count=0
KR 10-2621491 B1,F2 도면별 분리 필요,figures 원소 1개에 도면 11개의 설명이 뭉쳐 있음 — 도면 반입 시 도면 단위 분리 확인,description 길이=757
KR 10-2649166 B1,F1 도면 수 미채움,도면의 설명은 반입됐으나 drawing_count 가 0 (도면 미반입),figures=1 drawing_count=0
KR 10-2649166 B1,F2 도면별 분리 필요,figures 원소 1개에 도면 15개의 설명이 뭉쳐 있음 — 도면 반입 시 도면 단위 분리 확인,description 길이=548
KR 10-2702965 B1,F1 도면 수 미채움,도면의 설명은 반입됐으나 drawing_count 가 0 (도면 미반입),figures=1 drawing_count=0
KR 10-2716099 B1,F1 도면 수 미채움,도면의 설명은 반입됐으나 drawing_count 가 0 (도면 미반입),figures=1 drawing_count=0
KR 10-2716099 B1,F2 도면별 분리 필요,figures 원소 1개에 도면 6개의 설명이 뭉쳐 있음 — 도면 반입 시 도면 단위 분리 확인,description 길이=241
KR 10-2636398 B1,F1 도면 수 미채움,도면의 설명은 반입됐으나 drawing_count 가 0 (도면 미반입),figures=1 drawing_count=0
KR 10-2636398 B1,F2 도면별 분리 필요,figures 원소 1개에 도면 12개의 설명이 뭉쳐 있음 — 도면 반입 시 도면 단위 분리 확인,description 길이=644
KR 10-2729338 B1,F1 도면 수 미채움,도면의 설명은 반입됐으나 drawing_count 가 0 (도면 미반입),figures=1 drawing_count=0
KR 10-2729338 B1,F2 도면별 분리 필요,figures 원소 1개에 도면 15개의 설명이 뭉쳐 있음 — 도면 반입 시 도면 단위 분리 확인,description 길이=531
KR 10-2650070 B1,F1 도면 수 미채움,도면의 설명은 반입됐으나 drawing_count 가 0 (도면 미반입),figures=1 drawing_count=0
KR 10-2650070 B1,F2 도면별 분리 필요,figures 원소 1개에 도면 6개의 설명이 뭉쳐 있음 — 도면 반입 시 도면 단위 분리 확인,description 길이=249
KR 10-2718019 B1,F1 도면 수 미채움,도면의 설명은 반입됐으나 drawing_count 가 0 (도면 미반입),figures=1 drawing_count=0
KR 10-2718019 B1,F2 도면별 분리 필요,figures 원소 1개에 도면 24개의 설명이 뭉쳐 있음 — 도면 반입 시 도면 단위 분리 확인,description 길이=1135
KR 10-2636225 B1,F1 도면 수 미채움,도면의 설명은 반입됐으나 drawing_count 가 0 (도면 미반입),figures=1 drawing_count=0
KR 10-2636225 B1,F2 도면별 분리 필요,figures 원소 1개에 도면 19개의 설명이 뭉쳐 있음 — 도면 반입 시 도면 단위 분리 확인,description 길이=491
KR 10-2665101 B1,F1 도면 수 미채움,도면의 설명은 반입됐으나 drawing_count 가 0 (도면 미반입),figures=1 drawing_count=0
KR 10-2665101 B1,F2 도면별 분리 필요,figures 원소 1개에 도면 12개의 설명이 뭉쳐 있음 — 도면 반입 시 도면 단위 분리 확인,description 길이=433
KR 10-2730295 B1,F1 도면 수 미채움,도면의 설명은 반입됐으나 drawing_count 가 0 (도면 미반입),figures=1 drawing_count=0
KR 10-2730295 B1,F2 도면별 분리 필요,figures 원소 1개에 도면 14개의 설명이 뭉쳐 있음 — 도면 반입 시 도면 단위 분리 확인,description 길이=284
KR 10-2623490 B1,F1 도면 수 미채움,도면의 설명은 반입됐으나 drawing_count 가 0 (도면 미반입),figures=1 drawing_count=0
KR 10-2623490 B1,F2 도면별 분리 필요,figures 원소 1개에 도면 19개의 설명이 뭉쳐 있음 — 도면 반입 시 도면 단위 분리 확인,description 길이=718
KR 10-2687489 B1,F1 도면 수 미채움,도면의 설명은 반입됐으나 drawing_count 가 0 (도면 미반입),figures=1 drawing_count=0
KR 10-2687489 B1,F2 도면별 분리 필요,figures 원소 1개에 도면 17개의 설명이 뭉쳐 있음 — 도면 반입 시 도면 단위 분리 확인,description 길이=915
KR 10-2650215 B1,F1 도면 수 미채움,도면의 설명은 반입됐으나 drawing_count 가 0 (도면 미반입),figures=1 drawing_count=0
KR 10-2650215 B1,F2 도면별 분리 필요,figures 원소 1개에 도면 10개의 설명이 뭉쳐 있음 — 도면 반입 시 도면 단위 분리 확인,description 길이=684
KR 10-2715484 B1,F1 도면 수 미채움,도면의 설명은 반입됐으나 drawing_count 가 0 (도면 미반입),figures=1 drawing_count=0
KR 10-2715484 B1,F2 도면별 분리 필요,figures 원소 1개에 도면 6개의 설명이 뭉쳐 있음 — 도면 반입 시 도면 단위 분리 확인,description 길이=217
KR 10-2634606 B1,F1 도면 수 미채움,도면의 설명은 반입됐으나 drawing_count 가 0 (도면 미반입),figures=1 drawing_count=0
KR 10-2634606 B1,F2 도면별 분리 필요,figures 원소 1개에 도면 9개의 설명이 뭉쳐 있음 — 도면 반입 시 도면 단위 분리 확인,description 길이=261
KR 10-2662987 B1,F1 도면 수 미채움,도면의 설명은 반입됐으나 drawing_count 가 0 (도면 미반입),figures=1 drawing_count=0
KR 10-2662987 B1,F2 도면별 분리 필요,figures 원소 1개에 도면 10개의 설명이 뭉쳐 있음 — 도면 반입 시 도면 단위 분리 확인,description 길이=623
KR 10-2730925 B1,F1 도면 수 미채움,도면의 설명은 반입됐으나 drawing_count 가 0 (도면 미반입),figures=1 drawing_count=0
KR 10-2730925 B1,F2 도면별 분리 필요,figures 원소 1개에 도면 9개의 설명이 뭉쳐 있음 — 도면 반입 시 도면 단위 분리 확인,description 길이=303
KR 10-2624078 B1,F1 도면 수 미채움,도면의 설명은 반입됐으나 drawing_count 가 0 (도면 미반입),figures=1 drawing_count=0
KR 10-2624078 B1,F2 도면별 분리 필요,figures 원소 1개에 도면 11개의 설명이 뭉쳐 있음 — 도면 반입 시 도면 단위 분리 확인,description 길이=191
KR 10-2689341 B1,F1 도면 수 미채움,도면의 설명은 반입됐으나 drawing_count 가 0 (도면 미반입),figures=1 drawing_count=0
KR 10-2689341 B1,F2 도면별 분리 필요,figures 원소 1개에 도면 4개의 설명이 뭉쳐 있음 — 도면 반입 시 도면 단위 분리 확인,description 길이=476
KR 10-2649640 B1,F1 도면 수 미채움,도면의 설명은 반입됐으나 drawing_count 가 0 (도면 미반입),figures=1 drawing_count=0
KR 10-2649640 B1,F2 도면별 분리 필요,figures 원소 1개에 도면 6개의 설명이 뭉쳐 있음 — 도면 반입 시 도면 단위 분리 확인,description 길이=333
KR 10-2703294 B1,F1 도면 수 미채움,도면의 설명은 반입됐으나 drawing_count 가 0 (도면 미반입),figures=1 drawing_count=0
KR 10-2703294 B1,F2 도면별 분리 필요,figures 원소 1개에 도면 18개의 설명이 뭉쳐 있음 — 도면 반입 시 도면 단위 분리 확인,description 길이=531
KR 10-2715895 B1,F1 도면 수 미채움,도면의 설명은 반입됐으나 drawing_count 가 0 (도면 미반입),figures=1 drawing_count=0
KR 10-2715895 B1,F2 도면별 분리 필요,figures 원소 1개에 도면 13개의 설명이 뭉쳐 있음 — 도면 반입 시 도면 단위 분리 확인,description 길이=725
KR 10-2635419 B1,F1 도면 수 미채움,도면의 설명은 반입됐으나 drawing_count 가 0 (도면 미반입),figures=1 drawing_count=0
KR 10-2635419 B1,F2 도면별 분리 필요,figures 원소 1개에 도면 14개의 설명이 뭉쳐 있음 — 도면 반입 시 도면 단위 분리 확인,description 길이=739
KR 10-2731329 B1,F1 도면 수 미채움,도면의 설명은 반입됐으나 drawing_count 가 0 (도면 미반입),figures=1 drawing_count=0
KR 10-2731329 B1,F2 도면별 분리 필요,figures 원소 1개에 도면 4개의 설명이 뭉쳐 있음 — 도면 반입 시 도면 단위 분리 확인,description 길이=219
KR 10-2622963 B1,F1 도면 수 미채움,도면의 설명은 반입됐으나 drawing_count 가 0 (도면 미반입),figures=1 drawing_count=0
KR 10-2688671 B1,F1 도면 수 미채움,도면의 설명은 반입됐으나 drawing_count 가 0 (도면 미반입),figures=1 drawing_count=0
KR 10-2688671 B1,F2 도면별 분리 필요,figures 원소 1개에 도면 45개의 설명이 뭉쳐 있음 — 도면 반입 시 도면 단위 분리 확인,description 길이=1024
KR 10-2649953 B1,F1 도면 수 미채움,도면의 설명은 반입됐으나 drawing_count 가 0 (도면 미반입),figures=1 drawing_count=0
KR 10-2703180 B1,F1 도면 수 미채움,도면의 설명은 반입됐으나 drawing_count 가 0 (도면 미반입),figures=1 drawing_count=0
KR 10-2636247 B1,F1 도면 수 미채움,도면의 설명은 반입됐으나 drawing_count 가 0 (도면 미반입),figures=1 drawing_count=0
KR 10-2636247 B1,F2 도면별 분리 필요,figures 원소 1개에 도면 7개의 설명이 뭉쳐 있음 — 도면 반입 시 도면 단위 분리 확인,description 길이=296
KR 10-2664882 B1,F1 도면 수 미채움,도면의 설명은 반입됐으나 drawing_count 가 0 (도면 미반입),figures=1 drawing_count=0
KR 10-2664882 B1,F2 도면별 분리 필요,figures 원소 1개에 도면 7개의 설명이 뭉쳐 있음 — 도면 반입 시 도면 단위 분리 확인,description 길이=313
KR 10-2689589 B1,F1 도면 수 미채움,도면의 설명은 반입됐으나 drawing_count 가 0 (도면 미반입),figures=1 drawing_count=0
KR 10-2689589 B1,F2 도면별 분리 필요,figures 원소 1개에 도면 5개의 설명이 뭉쳐 있음 — 도면 반입 시 도면 단위 분리 확인,description 길이=199
KR 10-2650602 B1,F1 도면 수 미채움,도면의 설명은 반입됐으나 drawing_count 가 0 (도면 미반입),figures=1 drawing_count=0
KR 10-2650602 B1,F2 도면별 분리 필요,figures 원소 1개에 도면 10개의 설명이 뭉쳐 있음 — 도면 반입 시 도면 단위 분리 확인,description 길이=620
KR 10-2716650 B1,F1 도면 수 미채움,도면의 설명은 반입됐으나 drawing_count 가 0 (도면 미반입),figures=1 drawing_count=0
KR 10-2716650 B1,F2 도면별 분리 필요,figures 원소 1개에 도면 6개의 설명이 뭉쳐 있음 — 도면 반입 시 도면 단위 분리 확인,description 길이=511
KR 10-2637176 B1,F1 도면 수 미채움,도면의 설명은 반입됐으나 drawing_count 가 0 (도면 미반입),figures=1 drawing_count=0
KR 10-2637176 B1,F2 도면별 분리 필요,figures 원소 1개에 도면 4개의 설명이 뭉쳐 있음 — 도면 반입 시 도면 단위 분리 확인,description 길이=149
KR 10-2664433 B1,F1 도면 수 미채움,도면의 설명은 반입됐으나 drawing_count 가 0 (도면 미반입),figures=1 drawing_count=0
KR 10-2664433 B1,F2 도면별 분리 필요,figures 원소 1개에 도면 5개의 설명이 뭉쳐 있음 — 도면 반입 시 도면 단위 분리 확인,description 길이=232
KR 10-2730491 B1,F1 도면 수 미채움,도면의 설명은 반입됐으나 drawing_count 가 0 (도면 미반입),figures=1 drawing_count=0
KR 10-2730491 B1,F2 도면별 분리 필요,figures 원소 1개에 도면 4개의 설명이 뭉쳐 있음 — 도면 반입 시 도면 단위 분리 확인,description 길이=298
KR 10-2622460 B1,F1 도면 수 미채움,도면의 설명은 반입됐으나 drawing_count 가 0 (도면 미반입),figures=1 drawing_count=0
KR 10-2622460 B1,F2 도면별 분리 필요,figures 원소 1개에 도면 8개의 설명이 뭉쳐 있음 — 도면 반입 시 도면 단위 분리 확인,description 길이=405
KR 10-2688653 B1,F1 도면 수 미채움,도면의 설명은 반입됐으나 drawing_count 가 0 (도면 미반입),figures=1 drawing_count=0
KR 10-2688653 B1,F2 도면별 분리 필요,figures 원소 1개에 도면 13개의 설명이 뭉쳐 있음 — 도면 반입 시 도면 단위 분리 확인,description 길이=568
KR 10-2650255 B1,F1 도면 수 미채움,도면의 설명은 반입됐으나 drawing_count 가 0 (도면 미반입),figures=1 drawing_count=0
KR 10-2650255 B1,F2 도면별 분리 필요,figures 원소 1개에 도면 3개의 설명이 뭉쳐 있음 — 도면 반입 시 도면 단위 분리 확인,description 길이=115
KR 10-2703544 B1,F1 도면 수 미채움,도면의 설명은 반입됐으나 drawing_count 가 0 (도면 미반입),figures=1 drawing_count=0
KR 10-2703544 B1,F2 도면별 분리 필요,figures 원소 1개에 도면 14개의 설명이 뭉쳐 있음 — 도면 반입 시 도면 단위 분리 확인,description 길이=577
KR 10-2714878 B1,F1 도면 수 미채움,도면의 설명은 반입됐으나 drawing_count 가 0 (도면 미반입),figures=1 drawing_count=0
KR 10-2635540 B1,F1 도면 수 미채움,도면의 설명은 반입됐으나 drawing_count 가 0 (도면 미반입),figures=1 drawing_count=0
KR 10-2635540 B1,F2 도면별 분리 필요,figures 원소 1개에 도면 10개의 설명이 뭉쳐 있음 — 도면 반입 시 도면 단위 분리 확인,description 길이=349
KR 10-2665001 B1,F1 도면 수 미채움,도면의 설명은 반입됐으나 drawing_count 가 0 (도면 미반입),figures=1 drawing_count=0
KR 10-2665001 B1,F2 도면별 분리 필요,figures 원소 1개에 도면 8개의 설명이 뭉쳐 있음 — 도면 반입 시 도면 단위 분리 확인,description 길이=538
KR 10-2649379 B1,F1 도면 수 미채움,도면의 설명은 반입됐으나 drawing_count 가 0 (도면 미반입),figures=1 drawing_count=0
KR 10-2649379 B1,F2 도면별 분리 필요,figures 원소 1개에 도면 16개의 설명이 뭉쳐 있음 — 도면 반입 시 도면 단위 분리 확인,description 길이=639
KR 10-2717344 B1,F1 도면 수 미채움,도면의 설명은 반입됐으나 drawing_count 가 0 (도면 미반입),figures=1 drawing_count=0
KR 10-2717344 B1,F2 도면별 분리 필요,figures 원소 1개에 도면 11개의 설명이 뭉쳐 있음 — 도면 반입 시 도면 단위 분리 확인,description 길이=1573
KR 10-2665446 B1,F1 도면 수 미채움,도면의 설명은 반입됐으나 drawing_count 가 0 (도면 미반입),figures=1 drawing_count=0
KR 10-2665446 B1,F2 도면별 분리 필요,figures 원소 1개에 도면 4개의 설명이 뭉쳐 있음 — 도면 반입 시 도면 단위 분리 확인,description 길이=126
KR 10-2728983 B1,F1 도면 수 미채움,도면의 설명은 반입됐으나 drawing_count 가 0 (도면 미반입),figures=1 drawing_count=0
KR 10-2728983 B1,F2 도면별 분리 필요,figures 원소 1개에 도면 4개의 설명이 뭉쳐 있음 — 도면 반입 시 도면 단위 분리 확인,description 길이=235
KR 10-2623204 B1,F1 도면 수 미채움,도면의 설명은 반입됐으나 drawing_count 가 0 (도면 미반입),figures=1 drawing_count=0
KR 10-2688944 B1,F1 도면 수 미채움,도면의 설명은 반입됐으나 drawing_count 가 0 (도면 미반입),figures=1 drawing_count=0
KR 10-2688944 B1,F2 도면별 분리 필요,figures 원소 1개에 도면 13개의 설명이 뭉쳐 있음 — 도면 반입 시 도면 단위 분리 확인,description 길이=717
KR 10-2649413 B1,F1 도면 수 미채움,도면의 설명은 반입됐으나 drawing_count 가 0 (도면 미반입),figures=1 drawing_count=0
KR 10-2716039 B1,F1 도면 수 미채움,도면의 설명은 반입됐으나 drawing_count 가 0 (도면 미반입),figures=1 drawing_count=0
KR 10-2716039 B1,F2 도면별 분리 필요,figures 원소 1개에 도면 5개의 설명이 뭉쳐 있음 — 도면 반입 시 도면 단위 분리 확인,description 길이=190
KR 10-2635921 B1,F1 도면 수 미채움,도면의 설명은 반입됐으나 drawing_count 가 0 (도면 미반입),figures=1 drawing_count=0
KR 10-2635921 B1,F2 도면별 분리 필요,figures 원소 1개에 도면 12개의 설명이 뭉쳐 있음 — 도면 반입 시 도면 단위 분리 확인,description 길이=235
KR 10-2664889 B1,F1 도면 수 미채움,도면의 설명은 반입됐으나 drawing_count 가 0 (도면 미반입),figures=1 drawing_count=0
KR 10-2730352 B1,F1 도면 수 미채움,도면의 설명은 반입됐으나 drawing_count 가 0 (도면 미반입),figures=1 drawing_count=0
KR 10-2730352 B1,F2 도면별 분리 필요,figures 원소 1개에 도면 5개의 설명이 뭉쳐 있음 — 도면 반입 시 도면 단위 분리 확인,description 길이=176
KR 10-2623609 B1,F1 도면 수 미채움,도면의 설명은 반입됐으나 drawing_count 가 0 (도면 미반입),figures=1 drawing_count=0
KR 10-2623609 B1,F2 도면별 분리 필요,figures 원소 1개에 도면 36개의 설명이 뭉쳐 있음 — 도면 반입 시 도면 단위 분리 확인,description 길이=1747
KR 10-2688975 B1,F1 도면 수 미채움,도면의 설명은 반입됐으나 drawing_count 가 0 (도면 미반입),figures=1 drawing_count=0
KR 10-2688975 B1,F2 도면별 분리 필요,figures 원소 1개에 도면 9개의 설명이 뭉쳐 있음 — 도면 반입 시 도면 단위 분리 확인,description 길이=334
KR 10-2703822 B1,F1 도면 수 미채움,도면의 설명은 반입됐으나 drawing_count 가 0 (도면 미반입),figures=1 drawing_count=0
KR 10-2703822 B1,F2 도면별 분리 필요,figures 원소 1개에 도면 5개의 설명이 뭉쳐 있음 — 도면 반입 시 도면 단위 분리 확인,description 길이=277
KR 10-2714327 B1,F1 도면 수 미채움,도면의 설명은 반입됐으나 drawing_count 가 0 (도면 미반입),figures=1 drawing_count=0
KR 10-2714327 B1,F2 도면별 분리 필요,figures 원소 1개에 도면 33개의 설명이 뭉쳐 있음 — 도면 반입 시 도면 단위 분리 확인,description 길이=1385
KR 10-2635591 B1,F1 도면 수 미채움,도면의 설명은 반입됐으나 drawing_count 가 0 (도면 미반입),figures=1 drawing_count=0
KR 10-2635591 B1,F2 도면별 분리 필요,figures 원소 1개에 도면 8개의 설명이 뭉쳐 있음 — 도면 반입 시 도면 단위 분리 확인,description 길이=289
KR 10-2664239 B1,F1 도면 수 미채움,도면의 설명은 반입됐으나 drawing_count 가 0 (도면 미반입),figures=1 drawing_count=0
KR 10-2664239 B1,F2 도면별 분리 필요,figures 원소 1개에 도면 5개의 설명이 뭉쳐 있음 — 도면 반입 시 도면 단위 분리 확인,description 길이=182
KR 10-2729797 B1,F1 도면 수 미채움,도면의 설명은 반입됐으나 drawing_count 가 0 (도면 미반입),figures=1 drawing_count=0
KR 10-2729797 B1,F2 도면별 분리 필요,figures 원소 1개에 도면 27개의 설명이 뭉쳐 있음 — 도면 반입 시 도면 단위 분리 확인,description 길이=1894
KR 10-2689350 B1,F1 도면 수 미채움,도면의 설명은 반입됐으나 drawing_count 가 0 (도면 미반입),figures=1 drawing_count=0
KR 10-2689350 B1,F2 도면별 분리 필요,figures 원소 1개에 도면 9개의 설명이 뭉쳐 있음 — 도면 반입 시 도면 단위 분리 확인,description 길이=472
KR 10-2648801 B1,F1 도면 수 미채움,도면의 설명은 반입됐으나 drawing_count 가 0 (도면 미반입),figures=1 drawing_count=0
KR 10-2648801 B1,F2 도면별 분리 필요,figures 원소 1개에 도면 4개의 설명이 뭉쳐 있음 — 도면 반입 시 도면 단위 분리 확인,description 길이=235
KR 10-2636057 B1,F1 도면 수 미채움,도면의 설명은 반입됐으나 drawing_count 가 0 (도면 미반입),figures=1 drawing_count=0
KR 10-2636057 B1,F2 도면별 분리 필요,figures 원소 1개에 도면 17개의 설명이 뭉쳐 있음 — 도면 반입 시 도면 단위 분리 확인,description 길이=720
KR 10-2664088 B1,F1 도면 수 미채움,도면의 설명은 반입됐으나 drawing_count 가 0 (도면 미반입),figures=1 drawing_count=0
KR 10-2664088 B1,F2 도면별 분리 필요,figures 원소 1개에 도면 9개의 설명이 뭉쳐 있음 — 도면 반입 시 도면 단위 분리 확인,description 길이=363
KR 10-2730501 B1,F1 도면 수 미채움,도면의 설명은 반입됐으나 drawing_count 가 0 (도면 미반입),figures=1 drawing_count=0
KR 10-2730501 B1,F2 도면별 분리 필요,figures 원소 1개에 도면 22개의 설명이 뭉쳐 있음 — 도면 반입 시 도면 단위 분리 확인,description 길이=633
KR 10-2622035 B1,F1 도면 수 미채움,도면의 설명은 반입됐으나 drawing_count 가 0 (도면 미반입),figures=1 drawing_count=0
KR 10-2622035 B1,F2 도면별 분리 필요,figures 원소 1개에 도면 12개의 설명이 뭉쳐 있음 — 도면 반입 시 도면 단위 분리 확인,description 길이=384
KR 10-2688996 B1,F1 도면 수 미채움,도면의 설명은 반입됐으나 drawing_count 가 0 (도면 미반입),figures=1 drawing_count=0
KR 10-2688996 B1,F2 도면별 분리 필요,figures 원소 1개에 도면 4개의 설명이 뭉쳐 있음 — 도면 반입 시 도면 단위 분리 확인,description 길이=153
KR 10-2702737 B1,F1 도면 수 미채움,도면의 설명은 반입됐으나 drawing_count 가 0 (도면 미반입),figures=1 drawing_count=0
KR 10-2702737 B1,F2 도면별 분리 필요,figures 원소 1개에 도면 27개의 설명이 뭉쳐 있음 — 도면 반입 시 도면 단위 분리 확인,description 길이=1193
KR 10-2718148 B1,F1 도면 수 미채움,도면의 설명은 반입됐으나 drawing_count 가 0 (도면 미반입),figures=1 drawing_count=0
KR 10-2718148 B1,F2 도면별 분리 필요,figures 원소 1개에 도면 3개의 설명이 뭉쳐 있음 — 도면 반입 시 도면 단위 분리 확인,description 길이=190
KR 10-2635299 B1,F1 도면 수 미채움,도면의 설명은 반입됐으나 drawing_count 가 0 (도면 미반입),figures=1 drawing_count=0
KR 10-2664394 B1,F1 도면 수 미채움,도면의 설명은 반입됐으나 drawing_count 가 0 (도면 미반입),figures=1 drawing_count=0
KR 10-2664394 B1,F2 도면별 분리 필요,figures 원소 1개에 도면 30개의 설명이 뭉쳐 있음 — 도면 반입 시 도면 단위 분리 확인,description 길이=1723
KR 10-2730097 B1,F1 도면 수 미채움,도면의 설명은 반입됐으나 drawing_count 가 0 (도면 미반입),figures=1 drawing_count=0
KR 10-2730097 B1,F2 도면별 분리 필요,figures 원소 1개에 도면 13개의 설명이 뭉쳐 있음 — 도면 반입 시 도면 단위 분리 확인,description 길이=820
KR 10-2623517 B1,F1 도면 수 미채움,도면의 설명은 반입됐으나 drawing_count 가 0 (도면 미반입),figures=1 drawing_count=0
KR 10-2623517 B1,F2 도면별 분리 필요,figures 원소 1개에 도면 25개의 설명이 뭉쳐 있음 — 도면 반입 시 도면 단위 분리 확인,description 길이=1405
KR 10-2689414 B1,F1 도면 수 미채움,도면의 설명은 반입됐으나 drawing_count 가 0 (도면 미반입),figures=1 drawing_count=0
KR 10-2689414 B1,F2 도면별 분리 필요,figures 원소 1개에 도면 13개의 설명이 뭉쳐 있음 — 도면 반입 시 도면 단위 분리 확인,description 길이=467
KR 10-2649688 B1,F1 도면 수 미채움,도면의 설명은 반입됐으나 drawing_count 가 0 (도면 미반입),figures=1 drawing_count=0
KR 10-2649688 B1,F2 도면별 분리 필요,figures 원소 1개에 도면 24개의 설명이 뭉쳐 있음 — 도면 반입 시 도면 단위 분리 확인,description 길이=846
KR 10-2703986 B1,F1 도면 수 미채움,도면의 설명은 반입됐으나 drawing_count 가 0 (도면 미반입),figures=1 drawing_count=0
KR 10-2703986 B1,F2 도면별 분리 필요,figures 원소 1개에 도면 12개의 설명이 뭉쳐 있음 — 도면 반입 시 도면 단위 분리 확인,description 길이=652
KR 10-2718476 B1,F1 도면 수 미채움,도면의 설명은 반입됐으나 drawing_count 가 0 (도면 미반입),figures=1 drawing_count=0
KR 10-2718476 B1,F2 도면별 분리 필요,figures 원소 1개에 도면 7개의 설명이 뭉쳐 있음 — 도면 반입 시 도면 단위 분리 확인,description 길이=343
KR 10-2634318 B1,F1 도면 수 미채움,도면의 설명은 반입됐으나 drawing_count 가 0 (도면 미반입),figures=1 drawing_count=0
KR 10-2634318 B1,F2 도면별 분리 필요,figures 원소 1개에 도면 10개의 설명이 뭉쳐 있음 — 도면 반입 시 도면 단위 분리 확인,description 길이=418
KR 10-2662098 B1,F1 도면 수 미채움,도면의 설명은 반입됐으나 drawing_count 가 0 (도면 미반입),figures=1 drawing_count=0
KR 10-2662098 B1,F2 도면별 분리 필요,figures 원소 1개에 도면 10개의 설명이 뭉쳐 있음 — 도면 반입 시 도면 단위 분리 확인,description 길이=917
KR 10-2729725 B1,F1 도면 수 미채움,도면의 설명은 반입됐으나 drawing_count 가 0 (도면 미반입),figures=1 drawing_count=0
KR 10-2729725 B1,F2 도면별 분리 필요,figures 원소 1개에 도면 6개의 설명이 뭉쳐 있음 — 도면 반입 시 도면 단위 분리 확인,description 길이=300
KR 10-2621809 B1,F1 도면 수 미채움,도면의 설명은 반입됐으나 drawing_count 가 0 (도면 미반입),figures=1 drawing_count=0
KR 10-2621809 B1,F2 도면별 분리 필요,figures 원소 1개에 도면 16개의 설명이 뭉쳐 있음 — 도면 반입 시 도면 단위 분리 확인,description 길이=914
KR 10-2688654 B1,F1 도면 수 미채움,도면의 설명은 반입됐으나 drawing_count 가 0 (도면 미반입),figures=1 drawing_count=0
KR 10-2688654 B1,F2 도면별 분리 필요,figures 원소 1개에 도면 3개의 설명이 뭉쳐 있음 — 도면 반입 시 도면 단위 분리 확인,description 길이=590
KR 10-2703204 B1,F1 도면 수 미채움,도면의 설명은 반입됐으나 drawing_count 가 0 (도면 미반입),figures=1 drawing_count=0
KR 10-2703204 B1,F2 도면별 분리 필요,figures 원소 1개에 도면 14개의 설명이 뭉쳐 있음 — 도면 반입 시 도면 단위 분리 확인,description 길이=784
KR 10-2716118 B1,F1 도면 수 미채움,도면의 설명은 반입됐으나 drawing_count 가 0 (도면 미반입),figures=1 drawing_count=0
KR 10-2716118 B1,F2 도면별 분리 필요,figures 원소 1개에 도면 5개의 설명이 뭉쳐 있음 — 도면 반입 시 도면 단위 분리 확인,description 길이=330
KR 10-2636207 B1,F1 도면 수 미채움,도면의 설명은 반입됐으나 drawing_count 가 0 (도면 미반입),figures=1 drawing_count=0
KR 10-2636207 B1,F2 도면별 분리 필요,figures 원소 1개에 도면 6개의 설명이 뭉쳐 있음 — 도면 반입 시 도면 단위 분리 확인,description 길이=271
KR 10-2662871 B1,F1 도면 수 미채움,도면의 설명은 반입됐으나 drawing_count 가 0 (도면 미반입),figures=1 drawing_count=0
KR 10-2662871 B1,F2 도면별 분리 필요,figures 원소 1개에 도면 14개의 설명이 뭉쳐 있음 — 도면 반입 시 도면 단위 분리 확인,description 길이=643
KR 10-2622846 B1,F1 도면 수 미채움,도면의 설명은 반입됐으나 drawing_count 가 0 (도면 미반입),figures=1 drawing_count=0
KR 10-2622846 B1,F2 도면별 분리 필요,figures 원소 1개에 도면 3개의 설명이 뭉쳐 있음 — 도면 반입 시 도면 단위 분리 확인,description 길이=181
KR 10-2689815 B1,F1 도면 수 미채움,도면의 설명은 반입됐으나 drawing_count 가 0 (도면 미반입),figures=1 drawing_count=0
KR 10-2689815 B1,F2 도면별 분리 필요,figures 원소 1개에 도면 10개의 설명이 뭉쳐 있음 — 도면 반입 시 도면 단위 분리 확인,description 길이=1058
KR 10-2650228 B1,F1 도면 수 미채움,도면의 설명은 반입됐으나 drawing_count 가 0 (도면 미반입),figures=1 drawing_count=0
KR 10-2650228 B1,F2 도면별 분리 필요,figures 원소 1개에 도면 7개의 설명이 뭉쳐 있음 — 도면 반입 시 도면 단위 분리 확인,description 길이=550
KR 10-2703236 B1,F1 도면 수 미채움,도면의 설명은 반입됐으나 drawing_count 가 0 (도면 미반입),figures=1 drawing_count=0
KR 10-2703236 B1,F2 도면별 분리 필요,figures 원소 1개에 도면 4개의 설명이 뭉쳐 있음 — 도면 반입 시 도면 단위 분리 확인,description 길이=1104
KR 10-2716193 B1,F1 도면 수 미채움,도면의 설명은 반입됐으나 drawing_count 가 0 (도면 미반입),figures=1 drawing_count=0
KR 10-2716193 B1,F2 도면별 분리 필요,figures 원소 1개에 도면 7개의 설명이 뭉쳐 있음 — 도면 반입 시 도면 단위 분리 확인,description 길이=274
KR 10-2636280 B1,F1 도면 수 미채움,도면의 설명은 반입됐으나 drawing_count 가 0 (도면 미반입),figures=1 drawing_count=0
KR 10-2636280 B1,F2 도면별 분리 필요,figures 원소 1개에 도면 4개의 설명이 뭉쳐 있음 — 도면 반입 시 도면 단위 분리 확인,description 길이=133
KR 10-2664413 B1,F1 도면 수 미채움,도면의 설명은 반입됐으나 drawing_count 가 0 (도면 미반입),figures=1 drawing_count=0
KR 10-2664413 B1,F2 도면별 분리 필요,figures 원소 1개에 도면 8개의 설명이 뭉쳐 있음 — 도면 반입 시 도면 단위 분리 확인,description 길이=612
KR 10-2729649 B1,F1 도면 수 미채움,도면의 설명은 반입됐으나 drawing_count 가 0 (도면 미반입),figures=1 drawing_count=0
KR 10-2729649 B1,F2 도면별 분리 필요,figures 원소 1개에 도면 3개의 설명이 뭉쳐 있음 — 도면 반입 시 도면 단위 분리 확인,description 길이=244
KR 10-2623483 B1,F1 도면 수 미채움,도면의 설명은 반입됐으나 drawing_count 가 0 (도면 미반입),figures=1 drawing_count=0
KR 10-2623483 B1,F2 도면별 분리 필요,figures 원소 1개에 도면 9개의 설명이 뭉쳐 있음 — 도면 반입 시 도면 단위 분리 확인,description 길이=316
KR 10-2691053 B1,F1 도면 수 미채움,도면의 설명은 반입됐으나 drawing_count 가 0 (도면 미반입),figures=1 drawing_count=0
KR 10-2691053 B1,F2 도면별 분리 필요,figures 원소 1개에 도면 13개의 설명이 뭉쳐 있음 — 도면 반입 시 도면 단위 분리 확인,description 길이=915
KR 10-2649092 B1,F1 도면 수 미채움,도면의 설명은 반입됐으나 drawing_count 가 0 (도면 미반입),figures=1 drawing_count=0
KR 10-2649092 B1,F2 도면별 분리 필요,figures 원소 1개에 도면 23개의 설명이 뭉쳐 있음 — 도면 반입 시 도면 단위 분리 확인,description 길이=1227
KR 10-2702860 B1,F1 도면 수 미채움,도면의 설명은 반입됐으나 drawing_count 가 0 (도면 미반입),figures=1 drawing_count=0
KR 10-2702860 B1,F2 도면별 분리 필요,figures 원소 1개에 도면 5개의 설명이 뭉쳐 있음 — 도면 반입 시 도면 단위 분리 확인,description 길이=289
KR 10-2716345 B1,F1 도면 수 미채움,도면의 설명은 반입됐으나 drawing_count 가 0 (도면 미반입),figures=1 drawing_count=0
KR 10-2716345 B1,F2 도면별 분리 필요,figures 원소 1개에 도면 11개의 설명이 뭉쳐 있음 — 도면 반입 시 도면 단위 분리 확인,description 길이=352
KR 10-2634942 B1,F1 도면 수 미채움,도면의 설명은 반입됐으나 drawing_count 가 0 (도면 미반입),figures=1 drawing_count=0
KR 10-2634942 B1,F2 도면별 분리 필요,figures 원소 1개에 도면 15개의 설명이 뭉쳐 있음 — 도면 반입 시 도면 단위 분리 확인,description 길이=1100
KR 10-2664577 B1,F1 도면 수 미채움,도면의 설명은 반입됐으나 drawing_count 가 0 (도면 미반입),figures=1 drawing_count=0
KR 10-2664577 B1,F2 도면별 분리 필요,figures 원소 1개에 도면 6개의 설명이 뭉쳐 있음 — 도면 반입 시 도면 단위 분리 확인,description 길이=321
KR 10-2730981 B1,F1 도면 수 미채움,도면의 설명은 반입됐으나 drawing_count 가 0 (도면 미반입),figures=1 drawing_count=0
KR 10-2730981 B1,F2 도면별 분리 필요,figures 원소 1개에 도면 36개의 설명이 뭉쳐 있음 — 도면 반입 시 도면 단위 분리 확인,description 길이=1741
KR 10-2622878 B1,F1 도면 수 미채움,도면의 설명은 반입됐으나 drawing_count 가 0 (도면 미반입),figures=1 drawing_count=0
KR 10-2622878 B1,F2 도면별 분리 필요,figures 원소 1개에 도면 8개의 설명이 뭉쳐 있음 — 도면 반입 시 도면 단위 분리 확인,description 길이=195
KR 10-2689648 B1,F1 도면 수 미채움,도면의 설명은 반입됐으나 drawing_count 가 0 (도면 미반입),figures=1 drawing_count=0
KR 10-2689648 B1,F2 도면별 분리 필요,figures 원소 1개에 도면 11개의 설명이 뭉쳐 있음 — 도면 반입 시 도면 단위 분리 확인,description 길이=364
KR 10-2649543 B1,F1 도면 수 미채움,도면의 설명은 반입됐으나 drawing_count 가 0 (도면 미반입),figures=1 drawing_count=0
KR 10-2649543 B1,F2 도면별 분리 필요,figures 원소 1개에 도면 215개의 설명이 뭉쳐 있음 — 도면 반입 시 도면 단위 분리 확인,description 길이=16526
KR 10-2701718 B1,F1 도면 수 미채움,도면의 설명은 반입됐으나 drawing_count 가 0 (도면 미반입),figures=1 drawing_count=0
KR 10-2701718 B1,F2 도면별 분리 필요,figures 원소 1개에 도면 15개의 설명이 뭉쳐 있음 — 도면 반입 시 도면 단위 분리 확인,description 길이=1269
KR 10-2715887 B1,F1 도면 수 미채움,도면의 설명은 반입됐으나 drawing_count 가 0 (도면 미반입),figures=1 drawing_count=0
KR 10-2715887 B1,F2 도면별 분리 필요,figures 원소 1개에 도면 8개의 설명이 뭉쳐 있음 — 도면 반입 시 도면 단위 분리 확인,description 길이=642
KR 10-2636132 B1,F1 도면 수 미채움,도면의 설명은 반입됐으나 drawing_count 가 0 (도면 미반입),figures=1 drawing_count=0
KR 10-2636132 B1,F2 도면별 분리 필요,figures 원소 1개에 도면 5개의 설명이 뭉쳐 있음 — 도면 반입 시 도면 단위 분리 확인,description 길이=169
KR 10-2729023 B1,F1 도면 수 미채움,도면의 설명은 반입됐으나 drawing_count 가 0 (도면 미반입),figures=1 drawing_count=0
KR 10-2729023 B1,F2 도면별 분리 필요,figures 원소 1개에 도면 8개의 설명이 뭉쳐 있음 — 도면 반입 시 도면 단위 분리 확인,description 길이=530
KR 10-2623586 B1,F1 도면 수 미채움,도면의 설명은 반입됐으나 drawing_count 가 0 (도면 미반입),figures=1 drawing_count=0
KR 10-2623586 B1,F2 도면별 분리 필요,figures 원소 1개에 도면 11개의 설명이 뭉쳐 있음 — 도면 반입 시 도면 단위 분리 확인,description 길이=1219
KR 10-2689334 B1,F1 도면 수 미채움,도면의 설명은 반입됐으나 drawing_count 가 0 (도면 미반입),figures=1 drawing_count=0
KR 10-2689334 B1,F2 도면별 분리 필요,figures 원소 1개에 도면 8개의 설명이 뭉쳐 있음 — 도면 반입 시 도면 단위 분리 확인,description 길이=341
KR 10-2648933 B1,F1 도면 수 미채움,도면의 설명은 반입됐으나 drawing_count 가 0 (도면 미반입),figures=1 drawing_count=0
KR 10-2648933 B1,F2 도면별 분리 필요,figures 원소 1개에 도면 7개의 설명이 뭉쳐 있음 — 도면 반입 시 도면 단위 분리 확인,description 길이=203
KR 10-2703893 B1,F1 도면 수 미채움,도면의 설명은 반입됐으나 drawing_count 가 0 (도면 미반입),figures=1 drawing_count=0
KR 10-2703893 B1,F2 도면별 분리 필요,figures 원소 1개에 도면 6개의 설명이 뭉쳐 있음 — 도면 반입 시 도면 단위 분리 확인,description 길이=136
KR 10-2716018 B1,F1 도면 수 미채움,도면의 설명은 반입됐으나 drawing_count 가 0 (도면 미반입),figures=1 drawing_count=0
KR 10-2716018 B1,F2 도면별 분리 필요,figures 원소 1개에 도면 25개의 설명이 뭉쳐 있음 — 도면 반입 시 도면 단위 분리 확인,description 길이=776
KR 10-2636361 B1,F1 도면 수 미채움,도면의 설명은 반입됐으나 drawing_count 가 0 (도면 미반입),figures=1 drawing_count=0
KR 10-2636361 B1,F2 도면별 분리 필요,figures 원소 1개에 도면 10개의 설명이 뭉쳐 있음 — 도면 반입 시 도면 단위 분리 확인,description 길이=393
KR 10-2665433 B1,F1 도면 수 미채움,도면의 설명은 반입됐으나 drawing_count 가 0 (도면 미반입),figures=1 drawing_count=0
KR 10-2730348 B1,F1 도면 수 미채움,도면의 설명은 반입됐으나 drawing_count 가 0 (도면 미반입),figures=1 drawing_count=0
KR 10-2730348 B1,F2 도면별 분리 필요,figures 원소 1개에 도면 9개의 설명이 뭉쳐 있음 — 도면 반입 시 도면 단위 분리 확인,description 길이=354
KR 10-2621768 B1,F1 도면 수 미채움,도면의 설명은 반입됐으나 drawing_count 가 0 (도면 미반입),figures=1 drawing_count=0
KR 10-2621768 B1,F2 도면별 분리 필요,figures 원소 1개에 도면 13개의 설명이 뭉쳐 있음 — 도면 반입 시 도면 단위 분리 확인,description 길이=620
KR 10-2689388 B1,F1 도면 수 미채움,도면의 설명은 반입됐으나 drawing_count 가 0 (도면 미반입),figures=1 drawing_count=0
KR 10-2689388 B1,F2 도면별 분리 필요,figures 원소 1개에 도면 9개의 설명이 뭉쳐 있음 — 도면 반입 시 도면 단위 분리 확인,description 길이=803
KR 10-2703429 B1,F1 도면 수 미채움,도면의 설명은 반입됐으나 drawing_count 가 0 (도면 미반입),figures=1 drawing_count=0
KR 10-2703429 B1,F2 도면별 분리 필요,figures 원소 1개에 도면 23개의 설명이 뭉쳐 있음 — 도면 반입 시 도면 단위 분리 확인,description 길이=525
KR 10-2716784 B1,F1 도면 수 미채움,도면의 설명은 반입됐으나 drawing_count 가 0 (도면 미반입),figures=1 drawing_count=0
KR 10-2716784 B1,F2 도면별 분리 필요,figures 원소 1개에 도면 5개의 설명이 뭉쳐 있음 — 도면 반입 시 도면 단위 분리 확인,description 길이=259
KR 10-2635596 B1,F1 도면 수 미채움,도면의 설명은 반입됐으나 drawing_count 가 0 (도면 미반입),figures=1 drawing_count=0
KR 10-2635596 B1,F2 도면별 분리 필요,figures 원소 1개에 도면 4개의 설명이 뭉쳐 있음 — 도면 반입 시 도면 단위 분리 확인,description 길이=288
KR 10-2663921 B1,F1 도면 수 미채움,도면의 설명은 반입됐으나 drawing_count 가 0 (도면 미반입),figures=1 drawing_count=0
KR 10-2663921 B1,F2 도면별 분리 필요,figures 원소 1개에 도면 6개의 설명이 뭉쳐 있음 — 도면 반입 시 도면 단위 분리 확인,description 길이=308
KR 10-2730557 B1,F1 도면 수 미채움,도면의 설명은 반입됐으나 drawing_count 가 0 (도면 미반입),figures=1 drawing_count=0
KR 10-2730557 B1,F2 도면별 분리 필요,figures 원소 1개에 도면 4개의 설명이 뭉쳐 있음 — 도면 반입 시 도면 단위 분리 확인,description 길이=391
KR 10-2624345 B1,F1 도면 수 미채움,도면의 설명은 반입됐으나 drawing_count 가 0 (도면 미반입),figures=1 drawing_count=0
KR 10-2624345 B1,F2 도면별 분리 필요,figures 원소 1개에 도면 6개의 설명이 뭉쳐 있음 — 도면 반입 시 도면 단위 분리 확인,description 길이=468
KR 10-2651015 B1,F1 도면 수 미채움,도면의 설명은 반입됐으나 drawing_count 가 0 (도면 미반입),figures=1 drawing_count=0
KR 10-2651015 B1,F2 도면별 분리 필요,figures 원소 1개에 도면 4개의 설명이 뭉쳐 있음 — 도면 반입 시 도면 단위 분리 확인,description 길이=184
KR 10-2704174 B1,F1 도면 수 미채움,도면의 설명은 반입됐으나 drawing_count 가 0 (도면 미반입),figures=1 drawing_count=0
KR 10-2704174 B1,F2 도면별 분리 필요,figures 원소 1개에 도면 8개의 설명이 뭉쳐 있음 — 도면 반입 시 도면 단위 분리 확인,description 길이=158
KR 10-2715933 B1,F1 도면 수 미채움,도면의 설명은 반입됐으나 drawing_count 가 0 (도면 미반입),figures=1 drawing_count=0
KR 10-2715933 B1,F2 도면별 분리 필요,figures 원소 1개에 도면 9개의 설명이 뭉쳐 있음 — 도면 반입 시 도면 단위 분리 확인,description 길이=364
KR 10-2729493 B1,F1 도면 수 미채움,도면의 설명은 반입됐으나 drawing_count 가 0 (도면 미반입),figures=1 drawing_count=0
KR 10-2729493 B1,F2 도면별 분리 필요,figures 원소 1개에 도면 4개의 설명이 뭉쳐 있음 — 도면 반입 시 도면 단위 분리 확인,description 길이=1297
KR 10-2690165 B1,F1 도면 수 미채움,도면의 설명은 반입됐으나 drawing_count 가 0 (도면 미반입),figures=1 drawing_count=0
KR 10-2690165 B1,F2 도면별 분리 필요,figures 원소 1개에 도면 4개의 설명이 뭉쳐 있음 — 도면 반입 시 도면 단위 분리 확인,description 길이=202
KR 10-2650325 B1,F1 도면 수 미채움,도면의 설명은 반입됐으나 drawing_count 가 0 (도면 미반입),figures=1 drawing_count=0
KR 10-2650325 B1,F2 도면별 분리 필요,figures 원소 1개에 도면 17개의 설명이 뭉쳐 있음 — 도면 반입 시 도면 단위 분리 확인,description 길이=1263
KR 10-2702422 B1,F1 도면 수 미채움,도면의 설명은 반입됐으나 drawing_count 가 0 (도면 미반입),figures=1 drawing_count=0
KR 10-2702422 B1,F2 도면별 분리 필요,figures 원소 1개에 도면 11개의 설명이 뭉쳐 있음 — 도면 반입 시 도면 단위 분리 확인,description 길이=653
KR 10-2715513 B1,F1 도면 수 미채움,도면의 설명은 반입됐으나 drawing_count 가 0 (도면 미반입),figures=1 drawing_count=0
KR 10-2715513 B1,F2 도면별 분리 필요,figures 원소 1개에 도면 7개의 설명이 뭉쳐 있음 — 도면 반입 시 도면 단위 분리 확인,description 길이=756
KR 10-2635224 B1,F1 도면 수 미채움,도면의 설명은 반입됐으나 drawing_count 가 0 (도면 미반입),figures=1 drawing_count=0
KR 10-2635224 B1,F2 도면별 분리 필요,figures 원소 1개에 도면 6개의 설명이 뭉쳐 있음 — 도면 반입 시 도면 단위 분리 확인,description 길이=465
KR 10-2663554 B1,F1 도면 수 미채움,도면의 설명은 반입됐으나 drawing_count 가 0 (도면 미반입),figures=1 drawing_count=0
KR 10-2663554 B1,F2 도면별 분리 필요,figures 원소 1개에 도면 5개의 설명이 뭉쳐 있음 — 도면 반입 시 도면 단위 분리 확인,description 길이=224
KR 10-2731236 B1,F1 도면 수 미채움,도면의 설명은 반입됐으나 drawing_count 가 0 (도면 미반입),figures=1 drawing_count=0
KR 10-2731236 B1,F2 도면별 분리 필요,figures 원소 1개에 도면 9개의 설명이 뭉쳐 있음 — 도면 반입 시 도면 단위 분리 확인,description 길이=234
KR 10-2623491 B1,F1 도면 수 미채움,도면의 설명은 반입됐으나 drawing_count 가 0 (도면 미반입),figures=1 drawing_count=0
KR 10-2623491 B1,F2 도면별 분리 필요,figures 원소 1개에 도면 6개의 설명이 뭉쳐 있음 — 도면 반입 시 도면 단위 분리 확인,description 길이=537
KR 10-2689636 B1,F1 도면 수 미채움,도면의 설명은 반입됐으나 drawing_count 가 0 (도면 미반입),figures=1 drawing_count=0
KR 10-2689636 B1,F2 도면별 분리 필요,figures 원소 1개에 도면 3개의 설명이 뭉쳐 있음 — 도면 반입 시 도면 단위 분리 확인,description 길이=181
KR 10-2650110 B1,F1 도면 수 미채움,도면의 설명은 반입됐으나 drawing_count 가 0 (도면 미반입),figures=1 drawing_count=0
KR 10-2650110 B1,F2 도면별 분리 필요,figures 원소 1개에 도면 7개의 설명이 뭉쳐 있음 — 도면 반입 시 도면 단위 분리 확인,description 길이=381
KR 10-2703468 B1,F1 도면 수 미채움,도면의 설명은 반입됐으나 drawing_count 가 0 (도면 미반입),figures=1 drawing_count=0
KR 10-2703468 B1,F2 도면별 분리 필요,figures 원소 1개에 도면 9개의 설명이 뭉쳐 있음 — 도면 반입 시 도면 단위 분리 확인,description 길이=258
KR 10-2717082 B1,F1 도면 수 미채움,도면의 설명은 반입됐으나 drawing_count 가 0 (도면 미반입),figures=1 drawing_count=0
KR 10-2636664 B1,F1 도면 수 미채움,도면의 설명은 반입됐으나 drawing_count 가 0 (도면 미반입),figures=1 drawing_count=0
KR 10-2664896 B1,F1 도면 수 미채움,도면의 설명은 반입됐으나 drawing_count 가 0 (도면 미반입),figures=1 drawing_count=0
KR 10-2730699 B1,F1 도면 수 미채움,도면의 설명은 반입됐으나 drawing_count 가 0 (도면 미반입),figures=1 drawing_count=0
KR 10-2730699 B1,F2 도면별 분리 필요,figures 원소 1개에 도면 134개의 설명이 뭉쳐 있음 — 도면 반입 시 도면 단위 분리 확인,description 길이=3682
KR 10-2621892 B1,F1 도면 수 미채움,도면의 설명은 반입됐으나 drawing_count 가 0 (도면 미반입),figures=1 drawing_count=0
KR 10-2621892 B1,F2 도면별 분리 필요,figures 원소 1개에 도면 4개의 설명이 뭉쳐 있음 — 도면 반입 시 도면 단위 분리 확인,description 길이=182
KR 10-2690332 B1,F1 도면 수 미채움,도면의 설명은 반입됐으나 drawing_count 가 0 (도면 미반입),figures=1 drawing_count=0
KR 10-2690332 B1,F2 도면별 분리 필요,figures 원소 1개에 도면 31개의 설명이 뭉쳐 있음 — 도면 반입 시 도면 단위 분리 확인,description 길이=744
KR 10-2650137 B1,F1 도면 수 미채움,도면의 설명은 반입됐으나 drawing_count 가 0 (도면 미반입),figures=1 drawing_count=0
KR 10-2650137 B1,F2 도면별 분리 필요,figures 원소 1개에 도면 4개의 설명이 뭉쳐 있음 — 도면 반입 시 도면 단위 분리 확인,description 길이=228
KR 10-2703476 B1,F1 도면 수 미채움,도면의 설명은 반입됐으나 drawing_count 가 0 (도면 미반입),figures=1 drawing_count=0
KR 10-2703476 B1,F2 도면별 분리 필요,figures 원소 1개에 도면 5개의 설명이 뭉쳐 있음 — 도면 반입 시 도면 단위 분리 확인,description 길이=311
KR 10-2717833 B1,F1 도면 수 미채움,도면의 설명은 반입됐으나 drawing_count 가 0 (도면 미반입),figures=1 drawing_count=0
KR 10-2717833 B1,F2 도면별 분리 필요,figures 원소 1개에 도면 11개의 설명이 뭉쳐 있음 — 도면 반입 시 도면 단위 분리 확인,description 길이=515
KR 10-2635712 B1,F1 도면 수 미채움,도면의 설명은 반입됐으나 drawing_count 가 0 (도면 미반입),figures=1 drawing_count=0
KR 10-2635712 B1,F2 도면별 분리 필요,figures 원소 1개에 도면 67개의 설명이 뭉쳐 있음 — 도면 반입 시 도면 단위 분리 확인,description 길이=3367
KR 10-2663899 B1,F1 도면 수 미채움,도면의 설명은 반입됐으나 drawing_count 가 0 (도면 미반입),figures=1 drawing_count=0
KR 10-2663899 B1,F2 도면별 분리 필요,figures 원소 1개에 도면 17개의 설명이 뭉쳐 있음 — 도면 반입 시 도면 단위 분리 확인,description 길이=710
KR 10-2730455 B1,F1 도면 수 미채움,도면의 설명은 반입됐으나 drawing_count 가 0 (도면 미반입),figures=1 drawing_count=0
KR 10-2730455 B1,F2 도면별 분리 필요,figures 원소 1개에 도면 5개의 설명이 뭉쳐 있음 — 도면 반입 시 도면 단위 분리 확인,description 길이=188
KR 10-2624096 B1,F1 도면 수 미채움,도면의 설명은 반입됐으나 drawing_count 가 0 (도면 미반입),figures=1 drawing_count=0
KR 10-2624096 B1,F2 도면별 분리 필요,figures 원소 1개에 도면 7개의 설명이 뭉쳐 있음 — 도면 반입 시 도면 단위 분리 확인,description 길이=285
KR 10-2649654 B1,F1 도면 수 미채움,도면의 설명은 반입됐으나 drawing_count 가 0 (도면 미반입),figures=1 drawing_count=0
KR 10-2649654 B1,F2 도면별 분리 필요,figures 원소 1개에 도면 8개의 설명이 뭉쳐 있음 — 도면 반입 시 도면 단위 분리 확인,description 길이=292
KR 10-2702985 B1,F1 도면 수 미채움,도면의 설명은 반입됐으나 drawing_count 가 0 (도면 미반입),figures=1 drawing_count=0
KR 10-2702985 B1,F2 도면별 분리 필요,figures 원소 1개에 도면 5개의 설명이 뭉쳐 있음 — 도면 반입 시 도면 단위 분리 확인,description 길이=322
KR 10-2716309 B1,F1 도면 수 미채움,도면의 설명은 반입됐으나 drawing_count 가 0 (도면 미반입),figures=1 drawing_count=0
KR 10-2716309 B1,F2 도면별 분리 필요,figures 원소 1개에 도면 23개의 설명이 뭉쳐 있음 — 도면 반입 시 도면 단위 분리 확인,description 길이=1028
KR 10-2636717 B1,F1 도면 수 미채움,도면의 설명은 반입됐으나 drawing_count 가 0 (도면 미반입),figures=1 drawing_count=0
KR 10-2636717 B1,F2 도면별 분리 필요,figures 원소 1개에 도면 8개의 설명이 뭉쳐 있음 — 도면 반입 시 도면 단위 분리 확인,description 길이=456
KR 10-2662948 B1,F1 도면 수 미채움,도면의 설명은 반입됐으나 drawing_count 가 0 (도면 미반입),figures=1 drawing_count=0
KR 10-2662948 B1,F2 도면별 분리 필요,figures 원소 1개에 도면 29개의 설명이 뭉쳐 있음 — 도면 반입 시 도면 단위 분리 확인,description 길이=626
KR 10-2730719 B1,F1 도면 수 미채움,도면의 설명은 반입됐으나 drawing_count 가 0 (도면 미반입),figures=1 drawing_count=0
KR 10-2730719 B1,F2 도면별 분리 필요,figures 원소 1개에 도면 7개의 설명이 뭉쳐 있음 — 도면 반입 시 도면 단위 분리 확인,description 길이=196
KR 10-2623097 B1,F1 도면 수 미채움,도면의 설명은 반입됐으나 drawing_count 가 0 (도면 미반입),figures=1 drawing_count=0
KR 10-2623097 B1,F2 도면별 분리 필요,figures 원소 1개에 도면 22개의 설명이 뭉쳐 있음 — 도면 반입 시 도면 단위 분리 확인,description 길이=477
KR 10-2689190 B1,F1 도면 수 미채움,도면의 설명은 반입됐으나 drawing_count 가 0 (도면 미반입),figures=1 drawing_count=0
KR 10-2718256 B1,F1 도면 수 미채움,도면의 설명은 반입됐으나 drawing_count 가 0 (도면 미반입),figures=1 drawing_count=0
KR 10-2718256 B1,F2 도면별 분리 필요,figures 원소 1개에 도면 10개의 설명이 뭉쳐 있음 — 도면 반입 시 도면 단위 분리 확인,description 길이=457
KR 10-2635094 B1,F1 도면 수 미채움,도면의 설명은 반입됐으나 drawing_count 가 0 (도면 미반입),figures=1 drawing_count=0
KR 10-2635094 B1,F2 도면별 분리 필요,figures 원소 1개에 도면 5개의 설명이 뭉쳐 있음 — 도면 반입 시 도면 단위 분리 확인,description 길이=1946
KR 10-2663940 B1,F1 도면 수 미채움,도면의 설명은 반입됐으나 drawing_count 가 0 (도면 미반입),figures=1 drawing_count=0
KR 10-2663940 B1,F2 도면별 분리 필요,figures 원소 1개에 도면 5개의 설명이 뭉쳐 있음 — 도면 반입 시 도면 단위 분리 확인,description 길이=151
KR 10-2731902 B1,F1 도면 수 미채움,도면의 설명은 반입됐으나 drawing_count 가 0 (도면 미반입),figures=1 drawing_count=0
KR 10-2731902 B1,F2 도면별 분리 필요,figures 원소 1개에 도면 4개의 설명이 뭉쳐 있음 — 도면 반입 시 도면 단위 분리 확인,description 길이=145
KR 10-2623031 B1,F1 도면 수 미채움,도면의 설명은 반입됐으나 drawing_count 가 0 (도면 미반입),figures=1 drawing_count=0
KR 10-2623031 B1,F2 도면별 분리 필요,figures 원소 1개에 도면 10개의 설명이 뭉쳐 있음 — 도면 반입 시 도면 단위 분리 확인,description 길이=627
KR 10-2649411 B1,F1 도면 수 미채움,도면의 설명은 반입됐으나 drawing_count 가 0 (도면 미반입),figures=1 drawing_count=0
KR 10-2649411 B1,F2 도면별 분리 필요,figures 원소 1개에 도면 4개의 설명이 뭉쳐 있음 — 도면 반입 시 도면 단위 분리 확인,description 길이=250
KR 10-2702978 B1,F1 도면 수 미채움,도면의 설명은 반입됐으나 drawing_count 가 0 (도면 미반입),figures=1 drawing_count=0
KR 10-2702978 B1,F2 도면별 분리 필요,figures 원소 1개에 도면 20개의 설명이 뭉쳐 있음 — 도면 반입 시 도면 단위 분리 확인,description 길이=901
KR 10-2715869 B1,F1 도면 수 미채움,도면의 설명은 반입됐으나 drawing_count 가 0 (도면 미반입),figures=1 drawing_count=0
KR 10-2715869 B1,F2 도면별 분리 필요,figures 원소 1개에 도면 6개의 설명이 뭉쳐 있음 — 도면 반입 시 도면 단위 분리 확인,description 길이=335
KR 10-2636878 B1,F1 도면 수 미채움,도면의 설명은 반입됐으나 drawing_count 가 0 (도면 미반입),figures=1 drawing_count=0
KR 10-2636878 B1,F2 도면별 분리 필요,figures 원소 1개에 도면 4개의 설명이 뭉쳐 있음 — 도면 반입 시 도면 단위 분리 확인,description 길이=230
KR 10-2663782 B1,F1 도면 수 미채움,도면의 설명은 반입됐으나 drawing_count 가 0 (도면 미반입),figures=1 drawing_count=0
KR 10-2663782 B1,F2 도면별 분리 필요,figures 원소 1개에 도면 11개의 설명이 뭉쳐 있음 — 도면 반입 시 도면 단위 분리 확인,description 길이=532
KR 10-2730542 B1,F1 도면 수 미채움,도면의 설명은 반입됐으나 drawing_count 가 0 (도면 미반입),figures=1 drawing_count=0
KR 10-2730542 B1,F2 도면별 분리 필요,figures 원소 1개에 도면 17개의 설명이 뭉쳐 있음 — 도면 반입 시 도면 단위 분리 확인,description 길이=417
KR 10-2689633 B1,F1 도면 수 미채움,도면의 설명은 반입됐으나 drawing_count 가 0 (도면 미반입),figures=1 drawing_count=0
KR 10-2689633 B1,F2 도면별 분리 필요,figures 원소 1개에 도면 4개의 설명이 뭉쳐 있음 — 도면 반입 시 도면 단위 분리 확인,description 길이=325
KR 10-2649679 B1,F1 도면 수 미채움,도면의 설명은 반입됐으나 drawing_count 가 0 (도면 미반입),figures=1 drawing_count=0
KR 10-2649679 B1,F2 도면별 분리 필요,figures 원소 1개에 도면 77개의 설명이 뭉쳐 있음 — 도면 반입 시 도면 단위 분리 확인,description 길이=3619
KR 10-2717262 B1,F1 도면 수 미채움,도면의 설명은 반입됐으나 drawing_count 가 0 (도면 미반입),figures=1 drawing_count=0
KR 10-2717262 B1,F2 도면별 분리 필요,figures 원소 1개에 도면 3개의 설명이 뭉쳐 있음 — 도면 반입 시 도면 단위 분리 확인,description 길이=176
KR 10-2634840 B1,F1 도면 수 미채움,도면의 설명은 반입됐으나 drawing_count 가 0 (도면 미반입),figures=1 drawing_count=0
KR 10-2634840 B1,F2 도면별 분리 필요,figures 원소 1개에 도면 12개의 설명이 뭉쳐 있음 — 도면 반입 시 도면 단위 분리 확인,description 길이=417
KR 10-2664803 B1,F1 도면 수 미채움,도면의 설명은 반입됐으나 drawing_count 가 0 (도면 미반입),figures=1 drawing_count=0
KR 10-2664803 B1,F2 도면별 분리 필요,figures 원소 1개에 도면 8개의 설명이 뭉쳐 있음 — 도면 반입 시 도면 단위 분리 확인,description 길이=863
KR 10-2731704 B1,F1 도면 수 미채움,도면의 설명은 반입됐으나 drawing_count 가 0 (도면 미반입),figures=1 drawing_count=0
KR 10-2731704 B1,F2 도면별 분리 필요,figures 원소 1개에 도면 13개의 설명이 뭉쳐 있음 — 도면 반입 시 도면 단위 분리 확인,description 길이=512
KR 10-2622982 B1,F1 도면 수 미채움,도면의 설명은 반입됐으나 drawing_count 가 0 (도면 미반입),figures=1 drawing_count=0
KR 10-2622982 B1,F2 도면별 분리 필요,figures 원소 1개에 도면 4개의 설명이 뭉쳐 있음 — 도면 반입 시 도면 단위 분리 확인,description 길이=141
KR 10-2703364 B1,F1 도면 수 미채움,도면의 설명은 반입됐으나 drawing_count 가 0 (도면 미반입),figures=1 drawing_count=0
KR 10-2703364 B1,F2 도면별 분리 필요,figures 원소 1개에 도면 10개의 설명이 뭉쳐 있음 — 도면 반입 시 도면 단위 분리 확인,description 길이=290
KR 10-2717521 B1,F1 도면 수 미채움,도면의 설명은 반입됐으나 drawing_count 가 0 (도면 미반입),figures=1 drawing_count=0
KR 10-2717521 B1,F2 도면별 분리 필요,figures 원소 1개에 도면 3개의 설명이 뭉쳐 있음 — 도면 반입 시 도면 단위 분리 확인,description 길이=168
KR 10-2634650 B1,F1 도면 수 미채움,도면의 설명은 반입됐으나 drawing_count 가 0 (도면 미반입),figures=1 drawing_count=0
KR 10-2634650 B1,F2 도면별 분리 필요,figures 원소 1개에 도면 3개의 설명이 뭉쳐 있음 — 도면 반입 시 도면 단위 분리 확인,description 길이=145
KR 10-2665445 B1,F1 도면 수 미채움,도면의 설명은 반입됐으나 drawing_count 가 0 (도면 미반입),figures=1 drawing_count=0
KR 10-2665445 B1,F2 도면별 분리 필요,figures 원소 1개에 도면 9개의 설명이 뭉쳐 있음 — 도면 반입 시 도면 단위 분리 확인,description 길이=526
KR 10-2622889 B1,F1 도면 수 미채움,도면의 설명은 반입됐으나 drawing_count 가 0 (도면 미반입),figures=1 drawing_count=0
KR 10-2622889 B1,F2 도면별 분리 필요,figures 원소 1개에 도면 38개의 설명이 뭉쳐 있음 — 도면 반입 시 도면 단위 분리 확인,description 길이=2573
KR 10-2690545 B1,F1 도면 수 미채움,도면의 설명은 반입됐으나 drawing_count 가 0 (도면 미반입),figures=1 drawing_count=0
KR 10-2690545 B1,F2 도면별 분리 필요,figures 원소 1개에 도면 7개의 설명이 뭉쳐 있음 — 도면 반입 시 도면 단위 분리 확인,description 길이=378
KR 10-2650135 B1,F1 도면 수 미채움,도면의 설명은 반입됐으나 drawing_count 가 0 (도면 미반입),figures=1 drawing_count=0
KR 10-2650135 B1,F2 도면별 분리 필요,figures 원소 1개에 도면 31개의 설명이 뭉쳐 있음 — 도면 반입 시 도면 단위 분리 확인,description 길이=1433
KR 10-2703164 B1,F1 도면 수 미채움,도면의 설명은 반입됐으나 drawing_count 가 0 (도면 미반입),figures=1 drawing_count=0
KR 10-2703164 B1,F2 도면별 분리 필요,figures 원소 1개에 도면 7개의 설명이 뭉쳐 있음 — 도면 반입 시 도면 단위 분리 확인,description 길이=230
KR 10-2716401 B1,F1 도면 수 미채움,도면의 설명은 반입됐으나 drawing_count 가 0 (도면 미반입),figures=1 drawing_count=0
KR 10-2716401 B1,F2 도면별 분리 필요,figures 원소 1개에 도면 6개의 설명이 뭉쳐 있음 — 도면 반입 시 도면 단위 분리 확인,description 길이=206
KR 10-2635553 B1,F1 도면 수 미채움,도면의 설명은 반입됐으나 drawing_count 가 0 (도면 미반입),figures=1 drawing_count=0
KR 10-2635553 B1,F2 도면별 분리 필요,figures 원소 1개에 도면 10개의 설명이 뭉쳐 있음 — 도면 반입 시 도면 단위 분리 확인,description 길이=844
KR 10-2663653 B1,F1 도면 수 미채움,도면의 설명은 반입됐으나 drawing_count 가 0 (도면 미반입),figures=1 drawing_count=0
KR 10-2663653 B1,F2 도면별 분리 필요,figures 원소 1개에 도면 8개의 설명이 뭉쳐 있음 — 도면 반입 시 도면 단위 분리 확인,description 길이=577
KR 10-2731098 B1,F1 도면 수 미채움,도면의 설명은 반입됐으나 drawing_count 가 0 (도면 미반입),figures=1 drawing_count=0
KR 10-2731098 B1,F2 도면별 분리 필요,figures 원소 1개에 도면 16개의 설명이 뭉쳐 있음 — 도면 반입 시 도면 단위 분리 확인,description 길이=417
KR 10-2623891 B1,F1 도면 수 미채움,도면의 설명은 반입됐으나 drawing_count 가 0 (도면 미반입),figures=1 drawing_count=0
KR 10-2690017 B1,F1 도면 수 미채움,도면의 설명은 반입됐으나 drawing_count 가 0 (도면 미반입),figures=1 drawing_count=0
KR 10-2690017 B1,F2 도면별 분리 필요,figures 원소 1개에 도면 7개의 설명이 뭉쳐 있음 — 도면 반입 시 도면 단위 분리 확인,description 길이=405
KR 10-2650443 B1,F1 도면 수 미채움,도면의 설명은 반입됐으나 drawing_count 가 0 (도면 미반입),figures=1 drawing_count=0
KR 10-2650443 B1,F2 도면별 분리 필요,figures 원소 1개에 도면 40개의 설명이 뭉쳐 있음 — 도면 반입 시 도면 단위 분리 확인,description 길이=1624
KR 10-2635076 B1,F1 도면 수 미채움,도면의 설명은 반입됐으나 drawing_count 가 0 (도면 미반입),figures=1 drawing_count=0
KR 10-2635076 B1,F2 도면별 분리 필요,figures 원소 1개에 도면 8개의 설명이 뭉쳐 있음 — 도면 반입 시 도면 단위 분리 확인,description 길이=328
KR 10-2664092 B1,F1 도면 수 미채움,도면의 설명은 반입됐으나 drawing_count 가 0 (도면 미반입),figures=1 drawing_count=0
KR 10-2664092 B1,F2 도면별 분리 필요,figures 원소 1개에 도면 3개의 설명이 뭉쳐 있음 — 도면 반입 시 도면 단위 분리 확인,description 길이=299
KR 10-2623250 B1,F1 도면 수 미채움,도면의 설명은 반입됐으나 drawing_count 가 0 (도면 미반입),figures=1 drawing_count=0
KR 10-2689840 B1,F1 도면 수 미채움,도면의 설명은 반입됐으나 drawing_count 가 0 (도면 미반입),figures=1 drawing_count=0
KR 10-2689840 B1,F2 도면별 분리 필요,figures 원소 1개에 도면 10개의 설명이 뭉쳐 있음 — 도면 반입 시 도면 단위 분리 확인,description 길이=346
KR 10-2703674 B1,F1 도면 수 미채움,도면의 설명은 반입됐으나 drawing_count 가 0 (도면 미반입),figures=1 drawing_count=0
KR 10-2716389 B1,F1 도면 수 미채움,도면의 설명은 반입됐으나 drawing_count 가 0 (도면 미반입),figures=1 drawing_count=0
KR 10-2716389 B1,F2 도면별 분리 필요,figures 원소 1개에 도면 4개의 설명이 뭉쳐 있음 — 도면 반입 시 도면 단위 분리 확인,description 길이=186
KR 10-2636028 B1,F1 도면 수 미채움,도면의 설명은 반입됐으나 drawing_count 가 0 (도면 미반입),figures=1 drawing_count=0
KR 10-2636028 B1,F2 도면별 분리 필요,figures 원소 1개에 도면 62개의 설명이 뭉쳐 있음 — 도면 반입 시 도면 단위 분리 확인,description 길이=3965
KR 10-2729655 B1,F1 도면 수 미채움,도면의 설명은 반입됐으나 drawing_count 가 0 (도면 미반입),figures=1 drawing_count=0
KR 10-2729655 B1,F2 도면별 분리 필요,figures 원소 1개에 도면 9개의 설명이 뭉쳐 있음 — 도면 반입 시 도면 단위 분리 확인,description 길이=1437
KR 10-2623469 B1,F1 도면 수 미채움,도면의 설명은 반입됐으나 drawing_count 가 0 (도면 미반입),figures=1 drawing_count=0
KR 10-2623469 B1,F2 도면별 분리 필요,figures 원소 1개에 도면 9개의 설명이 뭉쳐 있음 — 도면 반입 시 도면 단위 분리 확인,description 길이=267
KR 10-2689741 B1,F1 도면 수 미채움,도면의 설명은 반입됐으나 drawing_count 가 0 (도면 미반입),figures=1 drawing_count=0
KR 10-2689741 B1,F2 도면별 분리 필요,figures 원소 1개에 도면 14개의 설명이 뭉쳐 있음 — 도면 반입 시 도면 단위 분리 확인,description 길이=619
KR 10-2650171 B1,F1 도면 수 미채움,도면의 설명은 반입됐으나 drawing_count 가 0 (도면 미반입),figures=1 drawing_count=0
KR 10-2702457 B1,F1 도면 수 미채움,도면의 설명은 반입됐으나 drawing_count 가 0 (도면 미반입),figures=1 drawing_count=0
KR 10-2702457 B1,F2 도면별 분리 필요,figures 원소 1개에 도면 6개의 설명이 뭉쳐 있음 — 도면 반입 시 도면 단위 분리 확인,description 길이=165
KR 10-2716427 B1,F1 도면 수 미채움,도면의 설명은 반입됐으나 drawing_count 가 0 (도면 미반입),figures=1 drawing_count=0
KR 10-2716427 B1,F2 도면별 분리 필요,figures 원소 1개에 도면 14개의 설명이 뭉쳐 있음 — 도면 반입 시 도면 단위 분리 확인,description 길이=422
KR 10-2636825 B1,F1 도면 수 미채움,도면의 설명은 반입됐으나 drawing_count 가 0 (도면 미반입),figures=1 drawing_count=0
KR 10-2636825 B1,F2 도면별 분리 필요,figures 원소 1개에 도면 5개의 설명이 뭉쳐 있음 — 도면 반입 시 도면 단위 분리 확인,description 길이=247
KR 10-2663822 B1,F1 도면 수 미채움,도면의 설명은 반입됐으나 drawing_count 가 0 (도면 미반입),figures=1 drawing_count=0
KR 10-2663822 B1,F2 도면별 분리 필요,figures 원소 1개에 도면 5개의 설명이 뭉쳐 있음 — 도면 반입 시 도면 단위 분리 확인,description 길이=296
KR 10-2729782 B1,F1 도면 수 미채움,도면의 설명은 반입됐으나 drawing_count 가 0 (도면 미반입),figures=1 drawing_count=0
KR 10-2729782 B1,F2 도면별 분리 필요,figures 원소 1개에 도면 9개의 설명이 뭉쳐 있음 — 도면 반입 시 도면 단위 분리 확인,description 길이=707
KR 10-2623430 B1,F1 도면 수 미채움,도면의 설명은 반입됐으나 drawing_count 가 0 (도면 미반입),figures=1 drawing_count=0
KR 10-2623430 B1,F2 도면별 분리 필요,figures 원소 1개에 도면 9개의 설명이 뭉쳐 있음 — 도면 반입 시 도면 단위 분리 확인,description 길이=354
KR 10-2689278 B1,F1 도면 수 미채움,도면의 설명은 반입됐으나 drawing_count 가 0 (도면 미반입),figures=1 drawing_count=0
KR 10-2689278 B1,F2 도면별 분리 필요,figures 원소 1개에 도면 9개의 설명이 뭉쳐 있음 — 도면 반입 시 도면 단위 분리 확인,description 길이=297
KR 10-2648491 B1,F1 도면 수 미채움,도면의 설명은 반입됐으나 drawing_count 가 0 (도면 미반입),figures=1 drawing_count=0
KR 10-2648491 B1,F2 도면별 분리 필요,figures 원소 1개에 도면 7개의 설명이 뭉쳐 있음 — 도면 반입 시 도면 단위 분리 확인,description 길이=425
KR 10-2703008 B1,F1 도면 수 미채움,도면의 설명은 반입됐으나 drawing_count 가 0 (도면 미반입),figures=1 drawing_count=0
KR 10-2703008 B1,F2 도면별 분리 필요,figures 원소 1개에 도면 3개의 설명이 뭉쳐 있음 — 도면 반입 시 도면 단위 분리 확인,description 길이=208
KR 10-2715421 B1,F1 도면 수 미채움,도면의 설명은 반입됐으나 drawing_count 가 0 (도면 미반입),figures=1 drawing_count=0
KR 10-2715421 B1,F2 도면별 분리 필요,figures 원소 1개에 도면 8개의 설명이 뭉쳐 있음 — 도면 반입 시 도면 단위 분리 확인,description 길이=208
KR 10-2664446 B1,F1 도면 수 미채움,도면의 설명은 반입됐으나 drawing_count 가 0 (도면 미반입),figures=1 drawing_count=0
KR 10-2664446 B1,F2 도면별 분리 필요,figures 원소 1개에 도면 10개의 설명이 뭉쳐 있음 — 도면 반입 시 도면 단위 분리 확인,description 길이=334
KR 10-2622632 B1,F1 도면 수 미채움,도면의 설명은 반입됐으나 drawing_count 가 0 (도면 미반입),figures=1 drawing_count=0
KR 10-2622632 B1,F2 도면별 분리 필요,figures 원소 1개에 도면 7개의 설명이 뭉쳐 있음 — 도면 반입 시 도면 단위 분리 확인,description 길이=206
KR 10-2689887 B1,F1 도면 수 미채움,도면의 설명은 반입됐으나 drawing_count 가 0 (도면 미반입),figures=1 drawing_count=0
KR 10-2649955 B1,F1 도면 수 미채움,도면의 설명은 반입됐으나 drawing_count 가 0 (도면 미반입),figures=1 drawing_count=0
KR 10-2649955 B1,F2 도면별 분리 필요,figures 원소 1개에 도면 9개의 설명이 뭉쳐 있음 — 도면 반입 시 도면 단위 분리 확인,description 길이=429
KR 10-2716184 B1,F1 도면 수 미채움,도면의 설명은 반입됐으나 drawing_count 가 0 (도면 미반입),figures=1 drawing_count=0
KR 10-2716184 B1,F2 도면별 분리 필요,figures 원소 1개에 도면 7개의 설명이 뭉쳐 있음 — 도면 반입 시 도면 단위 분리 확인,description 길이=211
KR 10-2636473 B1,F1 도면 수 미채움,도면의 설명은 반입됐으나 drawing_count 가 0 (도면 미반입),figures=1 drawing_count=0
KR 10-2636473 B1,F2 도면별 분리 필요,figures 원소 1개에 도면 17개의 설명이 뭉쳐 있음 — 도면 반입 시 도면 단위 분리 확인,description 길이=614
KR 10-2623806 B1,F1 도면 수 미채움,도면의 설명은 반입됐으나 drawing_count 가 0 (도면 미반입),figures=1 drawing_count=0
KR 10-2623806 B1,F2 도면별 분리 필요,figures 원소 1개에 도면 3개의 설명이 뭉쳐 있음 — 도면 반입 시 도면 단위 분리 확인,description 길이=112
KR 10-2689457 B1,F1 도면 수 미채움,도면의 설명은 반입됐으나 drawing_count 가 0 (도면 미반입),figures=1 drawing_count=0
KR 10-2689457 B1,F2 도면별 분리 필요,figures 원소 1개에 도면 14개의 설명이 뭉쳐 있음 — 도면 반입 시 도면 단위 분리 확인,description 길이=786
KR 10-2650033 B1,F1 도면 수 미채움,도면의 설명은 반입됐으나 drawing_count 가 0 (도면 미반입),figures=1 drawing_count=0
KR 10-2703273 B1,F1 도면 수 미채움,도면의 설명은 반입됐으나 drawing_count 가 0 (도면 미반입),figures=1 drawing_count=0
KR 10-2703273 B1,F2 도면별 분리 필요,figures 원소 1개에 도면 9개의 설명이 뭉쳐 있음 — 도면 반입 시 도면 단위 분리 확인,description 길이=481
KR 10-2717677 B1,F1 도면 수 미채움,도면의 설명은 반입됐으나 drawing_count 가 0 (도면 미반입),figures=1 drawing_count=0
KR 10-2717677 B1,F2 도면별 분리 필요,figures 원소 1개에 도면 21개의 설명이 뭉쳐 있음 — 도면 반입 시 도면 단위 분리 확인,description 길이=573
KR 10-2636557 B1,F1 도면 수 미채움,도면의 설명은 반입됐으나 drawing_count 가 0 (도면 미반입),figures=1 drawing_count=0
KR 10-2636557 B1,F2 도면별 분리 필요,figures 원소 1개에 도면 5개의 설명이 뭉쳐 있음 — 도면 반입 시 도면 단위 분리 확인,description 길이=255
KR 10-2664241 B1,F1 도면 수 미채움,도면의 설명은 반입됐으나 drawing_count 가 0 (도면 미반입),figures=1 drawing_count=0
KR 10-2664241 B1,F2 도면별 분리 필요,figures 원소 1개에 도면 4개의 설명이 뭉쳐 있음 — 도면 반입 시 도면 단위 분리 확인,description 길이=351
KR 10-2730021 B1,F1 도면 수 미채움,도면의 설명은 반입됐으나 drawing_count 가 0 (도면 미반입),figures=1 drawing_count=0
KR 10-2730021 B1,F2 도면별 분리 필요,figures 원소 1개에 도면 13개의 설명이 뭉쳐 있음 — 도면 반입 시 도면 단위 분리 확인,description 길이=429
KR 10-2623549 B1,F1 도면 수 미채움,도면의 설명은 반입됐으나 drawing_count 가 0 (도면 미반입),figures=1 drawing_count=0
KR 10-2623549 B1,F2 도면별 분리 필요,figures 원소 1개에 도면 17개의 설명이 뭉쳐 있음 — 도면 반입 시 도면 단위 분리 확인,description 길이=646
KR 10-2689337 B1,F1 도면 수 미채움,도면의 설명은 반입됐으나 drawing_count 가 0 (도면 미반입),figures=1 drawing_count=0
KR 10-2689337 B1,F2 도면별 분리 필요,figures 원소 1개에 도면 24개의 설명이 뭉쳐 있음 — 도면 반입 시 도면 단위 분리 확인,description 길이=664
KR 10-2703281 B1,F1 도면 수 미채움,도면의 설명은 반입됐으나 drawing_count 가 0 (도면 미반입),figures=1 drawing_count=0
KR 10-2703281 B1,F2 도면별 분리 필요,figures 원소 1개에 도면 4개의 설명이 뭉쳐 있음 — 도면 반입 시 도면 단위 분리 확인,description 길이=222
KR 10-2717403 B1,F1 도면 수 미채움,도면의 설명은 반입됐으나 drawing_count 가 0 (도면 미반입),figures=1 drawing_count=0
KR 10-2717403 B1,F2 도면별 분리 필요,figures 원소 1개에 도면 21개의 설명이 뭉쳐 있음 — 도면 반입 시 도면 단위 분리 확인,description 길이=1146
KR 10-2636677 B1,F1 도면 수 미채움,도면의 설명은 반입됐으나 drawing_count 가 0 (도면 미반입),figures=1 drawing_count=0
KR 10-2636677 B1,F2 도면별 분리 필요,figures 원소 1개에 도면 17개의 설명이 뭉쳐 있음 — 도면 반입 시 도면 단위 분리 확인,description 길이=496
KR 10-2665311 B1,F1 도면 수 미채움,도면의 설명은 반입됐으나 drawing_count 가 0 (도면 미반입),figures=1 drawing_count=0
KR 10-2665311 B1,F2 도면별 분리 필요,figures 원소 1개에 도면 8개의 설명이 뭉쳐 있음 — 도면 반입 시 도면 단위 분리 확인,description 길이=447
KR 10-2730237 B1,F1 도면 수 미채움,도면의 설명은 반입됐으나 drawing_count 가 0 (도면 미반입),figures=1 drawing_count=0
KR 10-2730237 B1,F2 도면별 분리 필요,figures 원소 1개에 도면 8개의 설명이 뭉쳐 있음 — 도면 반입 시 도면 단위 분리 확인,description 길이=510
KR 10-2623295 B1,F1 도면 수 미채움,도면의 설명은 반입됐으나 drawing_count 가 0 (도면 미반입),figures=1 drawing_count=0
KR 10-2623295 B1,F2 도면별 분리 필요,figures 원소 1개에 도면 14개의 설명이 뭉쳐 있음 — 도면 반입 시 도면 단위 분리 확인,description 길이=368
KR 10-2689587 B1,F1 도면 수 미채움,도면의 설명은 반입됐으나 drawing_count 가 0 (도면 미반입),figures=1 drawing_count=0
KR 10-2689587 B1,F2 도면별 분리 필요,figures 원소 1개에 도면 5개의 설명이 뭉쳐 있음 — 도면 반입 시 도면 단위 분리 확인,description 길이=254
KR 10-2649595 B1,F1 도면 수 미채움,도면의 설명은 반입됐으나 drawing_count 가 0 (도면 미반입),figures=1 drawing_count=0
KR 10-2649595 B1,F2 도면별 분리 필요,figures 원소 1개에 도면 11개의 설명이 뭉쳐 있음 — 도면 반입 시 도면 단위 분리 확인,description 길이=209
KR 10-2704308 B1,F1 도면 수 미채움,도면의 설명은 반입됐으나 drawing_count 가 0 (도면 미반입),figures=1 drawing_count=0
KR 10-2704308 B1,F2 도면별 분리 필요,figures 원소 1개에 도면 18개의 설명이 뭉쳐 있음 — 도면 반입 시 도면 단위 분리 확인,description 길이=1180
KR 10-2716323 B1,F1 도면 수 미채움,도면의 설명은 반입됐으나 drawing_count 가 0 (도면 미반입),figures=1 drawing_count=0
KR 10-2716323 B1,F2 도면별 분리 필요,figures 원소 1개에 도면 5개의 설명이 뭉쳐 있음 — 도면 반입 시 도면 단위 분리 확인,description 길이=174
KR 10-2635439 B1,F1 도면 수 미채움,도면의 설명은 반입됐으나 drawing_count 가 0 (도면 미반입),figures=1 drawing_count=0
KR 10-2635439 B1,F2 도면별 분리 필요,figures 원소 1개에 도면 15개의 설명이 뭉쳐 있음 — 도면 반입 시 도면 단위 분리 확인,description 길이=306
KR 10-2663722 B1,F1 도면 수 미채움,도면의 설명은 반입됐으나 drawing_count 가 0 (도면 미반입),figures=1 drawing_count=0
KR 10-2663722 B1,F2 도면별 분리 필요,figures 원소 1개에 도면 11개의 설명이 뭉쳐 있음 — 도면 반입 시 도면 단위 분리 확인,description 길이=282
KR 10-2731334 B1,F1 도면 수 미채움,도면의 설명은 반입됐으나 drawing_count 가 0 (도면 미반입),figures=1 drawing_count=0
KR 10-2731334 B1,F2 도면별 분리 필요,figures 원소 1개에 도면 12개의 설명이 뭉쳐 있음 — 도면 반입 시 도면 단위 분리 확인,description 길이=282
KR 10-2622157 B1,F1 도면 수 미채움,도면의 설명은 반입됐으나 drawing_count 가 0 (도면 미반입),figures=1 drawing_count=0
KR 10-2648742 B1,F1 도면 수 미채움,도면의 설명은 반입됐으나 drawing_count 가 0 (도면 미반입),figures=1 drawing_count=0
KR 10-2648742 B1,F2 도면별 분리 필요,figures 원소 1개에 도면 6개의 설명이 뭉쳐 있음 — 도면 반입 시 도면 단위 분리 확인,description 길이=366
KR 10-2635634 B1,F1 도면 수 미채움,도면의 설명은 반입됐으나 drawing_count 가 0 (도면 미반입),figures=1 drawing_count=0
KR 10-2635634 B1,F2 도면별 분리 필요,figures 원소 1개에 도면 25개의 설명이 뭉쳐 있음 — 도면 반입 시 도면 단위 분리 확인,description 길이=514
KR 10-2730697 B1,F1 도면 수 미채움,도면의 설명은 반입됐으나 drawing_count 가 0 (도면 미반입),figures=1 drawing_count=0
KR 10-2730697 B1,F2 도면별 분리 필요,figures 원소 1개에 도면 4개의 설명이 뭉쳐 있음 — 도면 반입 시 도면 단위 분리 확인,description 길이=253
KR 10-2621450 B1,F1 도면 수 미채움,도면의 설명은 반입됐으나 drawing_count 가 0 (도면 미반입),figures=1 drawing_count=0
KR 10-2621450 B1,F2 도면별 분리 필요,figures 원소 1개에 도면 5개의 설명이 뭉쳐 있음 — 도면 반입 시 도면 단위 분리 확인,description 길이=467
KR 10-2689320 B1,F1 도면 수 미채움,도면의 설명은 반입됐으나 drawing_count 가 0 (도면 미반입),figures=1 drawing_count=0
KR 10-2689320 B1,F2 도면별 분리 필요,figures 원소 1개에 도면 12개의 설명이 뭉쳐 있음 — 도면 반입 시 도면 단위 분리 확인,description 길이=330
KR 10-2648508 B1,F1 도면 수 미채움,도면의 설명은 반입됐으나 drawing_count 가 0 (도면 미반입),figures=1 drawing_count=0
KR 10-2648508 B1,F2 도면별 분리 필요,figures 원소 1개에 도면 10개의 설명이 뭉쳐 있음 — 도면 반입 시 도면 단위 분리 확인,description 길이=567
KR 10-2702682 B1,F1 도면 수 미채움,도면의 설명은 반입됐으나 drawing_count 가 0 (도면 미반입),figures=1 drawing_count=0
KR 10-2702682 B1,F2 도면별 분리 필요,figures 원소 1개에 도면 4개의 설명이 뭉쳐 있음 — 도면 반입 시 도면 단위 분리 확인,description 길이=140
KR 10-2718433 B1,F1 도면 수 미채움,도면의 설명은 반입됐으나 drawing_count 가 0 (도면 미반입),figures=1 drawing_count=0
KR 10-2718433 B1,F2 도면별 분리 필요,figures 원소 1개에 도면 10개의 설명이 뭉쳐 있음 — 도면 반입 시 도면 단위 분리 확인,description 길이=816
KR 10-2635279 B1,F1 도면 수 미채움,도면의 설명은 반입됐으나 drawing_count 가 0 (도면 미반입),figures=1 drawing_count=0
KR 10-2635279 B1,F2 도면별 분리 필요,figures 원소 1개에 도면 5개의 설명이 뭉쳐 있음 — 도면 반입 시 도면 단위 분리 확인,description 길이=235
KR 10-2664974 B1,F1 도면 수 미채움,도면의 설명은 반입됐으나 drawing_count 가 0 (도면 미반입),figures=1 drawing_count=0
KR 10-2664974 B1,F2 도면별 분리 필요,figures 원소 1개에 도면 7개의 설명이 뭉쳐 있음 — 도면 반입 시 도면 단위 분리 확인,description 길이=206
KR 10-2730360 B1,F1 도면 수 미채움,도면의 설명은 반입됐으나 drawing_count 가 0 (도면 미반입),figures=1 drawing_count=0
KR 10-2730360 B1,F2 도면별 분리 필요,figures 원소 1개에 도면 5개의 설명이 뭉쳐 있음 — 도면 반입 시 도면 단위 분리 확인,description 길이=467
KR 10-2623906 B1,F1 도면 수 미채움,도면의 설명은 반입됐으나 drawing_count 가 0 (도면 미반입),figures=1 drawing_count=0
KR 10-2623906 B1,F2 도면별 분리 필요,figures 원소 1개에 도면 12개의 설명이 뭉쳐 있음 — 도면 반입 시 도면 단위 분리 확인,description 길이=334
KR 10-2690502 B1,F1 도면 수 미채움,도면의 설명은 반입됐으나 drawing_count 가 0 (도면 미반입),figures=1 drawing_count=0
KR 10-2690502 B1,F2 도면별 분리 필요,figures 원소 1개에 도면 23개의 설명이 뭉쳐 있음 — 도면 반입 시 도면 단위 분리 확인,description 길이=922
KR 10-2649332 B1,F1 도면 수 미채움,도면의 설명은 반입됐으나 drawing_count 가 0 (도면 미반입),figures=1 drawing_count=0
KR 10-2649332 B1,F2 도면별 분리 필요,figures 원소 1개에 도면 5개의 설명이 뭉쳐 있음 — 도면 반입 시 도면 단위 분리 확인,description 길이=144
KR 10-2704445 B1,F1 도면 수 미채움,도면의 설명은 반입됐으나 drawing_count 가 0 (도면 미반입),figures=1 drawing_count=0
KR 10-2704445 B1,F2 도면별 분리 필요,figures 원소 1개에 도면 7개의 설명이 뭉쳐 있음 — 도면 반입 시 도면 단위 분리 확인,description 길이=517
KR 10-2716267 B1,F1 도면 수 미채움,도면의 설명은 반입됐으나 drawing_count 가 0 (도면 미반입),figures=1 drawing_count=0
KR 10-2716267 B1,F2 도면별 분리 필요,figures 원소 1개에 도면 5개의 설명이 뭉쳐 있음 — 도면 반입 시 도면 단위 분리 확인,description 길이=138
KR 10-2636407 B1,F1 도면 수 미채움,도면의 설명은 반입됐으나 drawing_count 가 0 (도면 미반입),figures=1 drawing_count=0
KR 10-2636407 B1,F2 도면별 분리 필요,figures 원소 1개에 도면 18개의 설명이 뭉쳐 있음 — 도면 반입 시 도면 단위 분리 확인,description 길이=883
KR 10-2664501 B1,F1 도면 수 미채움,도면의 설명은 반입됐으나 drawing_count 가 0 (도면 미반입),figures=1 drawing_count=0
KR 10-2664501 B1,F2 도면별 분리 필요,figures 원소 1개에 도면 10개의 설명이 뭉쳐 있음 — 도면 반입 시 도면 단위 분리 확인,description 길이=682
KR 10-2730781 B1,F1 도면 수 미채움,도면의 설명은 반입됐으나 drawing_count 가 0 (도면 미반입),figures=1 drawing_count=0
KR 10-2730781 B1,F2 도면별 분리 필요,figures 원소 1개에 도면 9개의 설명이 뭉쳐 있음 — 도면 반입 시 도면 단위 분리 확인,description 길이=432
KR 10-2623265 B1,F1 도면 수 미채움,도면의 설명은 반입됐으나 drawing_count 가 0 (도면 미반입),figures=1 drawing_count=0
KR 10-2690250 B1,F1 도면 수 미채움,도면의 설명은 반입됐으나 drawing_count 가 0 (도면 미반입),figures=1 drawing_count=0
KR 10-2690250 B1,F2 도면별 분리 필요,figures 원소 1개에 도면 6개의 설명이 뭉쳐 있음 — 도면 반입 시 도면 단위 분리 확인,description 길이=309
KR 10-2649725 B1,F1 도면 수 미채움,도면의 설명은 반입됐으나 drawing_count 가 0 (도면 미반입),figures=1 drawing_count=0
KR 10-2649725 B1,F2 도면별 분리 필요,figures 원소 1개에 도면 10개의 설명이 뭉쳐 있음 — 도면 반입 시 도면 단위 분리 확인,description 길이=359
KR 10-2717485 B1,F1 도면 수 미채움,도면의 설명은 반입됐으나 drawing_count 가 0 (도면 미반입),figures=1 drawing_count=0
KR 10-2717485 B1,F2 도면별 분리 필요,figures 원소 1개에 도면 9개의 설명이 뭉쳐 있음 — 도면 반입 시 도면 단위 분리 확인,description 길이=458
KR 10-2635324 B1,F1 도면 수 미채움,도면의 설명은 반입됐으나 drawing_count 가 0 (도면 미반입),figures=1 drawing_count=0
KR 10-2635324 B1,F2 도면별 분리 필요,figures 원소 1개에 도면 27개의 설명이 뭉쳐 있음 — 도면 반입 시 도면 단위 분리 확인,description 길이=1258
KR 10-2729992 B1,F1 도면 수 미채움,도면의 설명은 반입됐으나 drawing_count 가 0 (도면 미반입),figures=1 drawing_count=0
KR 10-2729992 B1,F2 도면별 분리 필요,figures 원소 1개에 도면 43개의 설명이 뭉쳐 있음 — 도면 반입 시 도면 단위 분리 확인,description 길이=1551
KR 10-2622874 B1,F1 도면 수 미채움,도면의 설명은 반입됐으나 drawing_count 가 0 (도면 미반입),figures=1 drawing_count=0
KR 10-2622874 B1,F2 도면별 분리 필요,figures 원소 1개에 도면 8개의 설명이 뭉쳐 있음 — 도면 반입 시 도면 단위 분리 확인,description 길이=433
KR 10-2689531 B1,F1 도면 수 미채움,도면의 설명은 반입됐으나 drawing_count 가 0 (도면 미반입),figures=1 drawing_count=0
KR 10-2689531 B1,F2 도면별 분리 필요,figures 원소 1개에 도면 20개의 설명이 뭉쳐 있음 — 도면 반입 시 도면 단위 분리 확인,description 길이=568
KR 10-2649711 B1,F1 도면 수 미채움,도면의 설명은 반입됐으나 drawing_count 가 0 (도면 미반입),figures=1 drawing_count=0
KR 10-2649711 B1,F2 도면별 분리 필요,figures 원소 1개에 도면 17개의 설명이 뭉쳐 있음 — 도면 반입 시 도면 단위 분리 확인,description 길이=732
KR 10-2702556 B1,F1 도면 수 미채움,도면의 설명은 반입됐으나 drawing_count 가 0 (도면 미반입),figures=1 drawing_count=0
KR 10-2702556 B1,F2 도면별 분리 필요,figures 원소 1개에 도면 16개의 설명이 뭉쳐 있음 — 도면 반입 시 도면 단위 분리 확인,description 길이=897
KR 10-2717101 B1,F1 도면 수 미채움,도면의 설명은 반입됐으나 drawing_count 가 0 (도면 미반입),figures=1 drawing_count=0
KR 10-2717101 B1,F2 도면별 분리 필요,figures 원소 1개에 도면 4개의 설명이 뭉쳐 있음 — 도면 반입 시 도면 단위 분리 확인,description 길이=157
KR 10-2635478 B1,F1 도면 수 미채움,도면의 설명은 반입됐으나 drawing_count 가 0 (도면 미반입),figures=1 drawing_count=0
KR 10-2635478 B1,F2 도면별 분리 필요,figures 원소 1개에 도면 18개의 설명이 뭉쳐 있음 — 도면 반입 시 도면 단위 분리 확인,description 길이=671
KR 10-2730682 B1,F1 도면 수 미채움,도면의 설명은 반입됐으나 drawing_count 가 0 (도면 미반입),figures=1 drawing_count=0
KR 10-2730682 B1,F2 도면별 분리 필요,figures 원소 1개에 도면 3개의 설명이 뭉쳐 있음 — 도면 반입 시 도면 단위 분리 확인,description 길이=117
KR 10-2621196 B1,F1 도면 수 미채움,도면의 설명은 반입됐으나 drawing_count 가 0 (도면 미반입),figures=1 drawing_count=0
KR 10-2621196 B1,F2 도면별 분리 필요,figures 원소 1개에 도면 7개의 설명이 뭉쳐 있음 — 도면 반입 시 도면 단위 분리 확인,description 길이=194
KR 10-2689399 B1,F1 도면 수 미채움,도면의 설명은 반입됐으나 drawing_count 가 0 (도면 미반입),figures=1 drawing_count=0
KR 10-2689399 B1,F2 도면별 분리 필요,figures 원소 1개에 도면 3개의 설명이 뭉쳐 있음 — 도면 반입 시 도면 단위 분리 확인,description 길이=308
KR 10-2649053 B1,F1 도면 수 미채움,도면의 설명은 반입됐으나 drawing_count 가 0 (도면 미반입),figures=1 drawing_count=0
KR 10-2649053 B1,F2 도면별 분리 필요,figures 원소 1개에 도면 11개의 설명이 뭉쳐 있음 — 도면 반입 시 도면 단위 분리 확인,description 길이=515
KR 10-2717240 B1,F1 도면 수 미채움,도면의 설명은 반입됐으나 drawing_count 가 0 (도면 미반입),figures=1 drawing_count=0
KR 10-2717240 B1,F2 도면별 분리 필요,figures 원소 1개에 도면 13개의 설명이 뭉쳐 있음 — 도면 반입 시 도면 단위 분리 확인,description 길이=657
KR 10-2635784 B1,F1 도면 수 미채움,도면의 설명은 반입됐으나 drawing_count 가 0 (도면 미반입),figures=1 drawing_count=0
KR 10-2635784 B1,F2 도면별 분리 필요,figures 원소 1개에 도면 5개의 설명이 뭉쳐 있음 — 도면 반입 시 도면 단위 분리 확인,description 길이=210
KR 10-2731553 B1,F1 도면 수 미채움,도면의 설명은 반입됐으나 drawing_count 가 0 (도면 미반입),figures=1 drawing_count=0
KR 10-2731553 B1,F2 도면별 분리 필요,figures 원소 1개에 도면 7개의 설명이 뭉쳐 있음 — 도면 반입 시 도면 단위 분리 확인,description 길이=265
KR 10-2623406 B1,F1 도면 수 미채움,도면의 설명은 반입됐으나 drawing_count 가 0 (도면 미반입),figures=1 drawing_count=0
KR 10-2689064 B1,F1 도면 수 미채움,도면의 설명은 반입됐으나 drawing_count 가 0 (도면 미반입),figures=1 drawing_count=0
KR 10-2689064 B1,F2 도면별 분리 필요,figures 원소 1개에 도면 11개의 설명이 뭉쳐 있음 — 도면 반입 시 도면 단위 분리 확인,description 길이=620
KR 10-2649455 B1,F1 도면 수 미채움,도면의 설명은 반입됐으나 drawing_count 가 0 (도면 미반입),figures=1 drawing_count=0
KR 10-2649455 B1,F2 도면별 분리 필요,figures 원소 1개에 도면 5개의 설명이 뭉쳐 있음 — 도면 반입 시 도면 단위 분리 확인,description 길이=382
KR 10-2717460 B1,F1 도면 수 미채움,도면의 설명은 반입됐으나 drawing_count 가 0 (도면 미반입),figures=1 drawing_count=0
KR 10-2717460 B1,F2 도면별 분리 필요,figures 원소 1개에 도면 6개의 설명이 뭉쳐 있음 — 도면 반입 시 도면 단위 분리 확인,description 길이=321
KR 10-2636700 B1,F1 도면 수 미채움,도면의 설명은 반입됐으나 drawing_count 가 0 (도면 미반입),figures=1 drawing_count=0
KR 10-2636700 B1,F2 도면별 분리 필요,figures 원소 1개에 도면 3개의 설명이 뭉쳐 있음 — 도면 반입 시 도면 단위 분리 확인,description 길이=288
KR 10-2664818 B1,F1 도면 수 미채움,도면의 설명은 반입됐으나 drawing_count 가 0 (도면 미반입),figures=1 drawing_count=0
KR 10-2664818 B1,F2 도면별 분리 필요,figures 원소 1개에 도면 8개의 설명이 뭉쳐 있음 — 도면 반입 시 도면 단위 분리 확인,description 길이=377
KR 10-2730257 B1,F1 도면 수 미채움,도면의 설명은 반입됐으나 drawing_count 가 0 (도면 미반입),figures=1 drawing_count=0
KR 10-2730257 B1,F2 도면별 분리 필요,figures 원소 1개에 도면 4개의 설명이 뭉쳐 있음 — 도면 반입 시 도면 단위 분리 확인,description 길이=97
KR 10-2622995 B1,F1 도면 수 미채움,도면의 설명은 반입됐으나 drawing_count 가 0 (도면 미반입),figures=1 drawing_count=0
KR 10-2622995 B1,F2 도면별 분리 필요,figures 원소 1개에 도면 6개의 설명이 뭉쳐 있음 — 도면 반입 시 도면 단위 분리 확인,description 길이=373
KR 10-2649918 B1,F1 도면 수 미채움,도면의 설명은 반입됐으나 drawing_count 가 0 (도면 미반입),figures=1 drawing_count=0
KR 10-2717044 B1,F1 도면 수 미채움,도면의 설명은 반입됐으나 drawing_count 가 0 (도면 미반입),figures=1 drawing_count=0
KR 10-2717044 B1,F2 도면별 분리 필요,figures 원소 1개에 도면 15개의 설명이 뭉쳐 있음 — 도면 반입 시 도면 단위 분리 확인,description 길이=838
KR 10-2635479 B1,F1 도면 수 미채움,도면의 설명은 반입됐으나 drawing_count 가 0 (도면 미반입),figures=1 drawing_count=0
KR 10-2635479 B1,F2 도면별 분리 필요,figures 원소 1개에 도면 14개의 설명이 뭉쳐 있음 — 도면 반입 시 도면 단위 분리 확인,description 길이=305
KR 10-2664042 B1,F1 도면 수 미채움,도면의 설명은 반입됐으나 drawing_count 가 0 (도면 미반입),figures=1 drawing_count=0
KR 10-2664042 B1,F2 도면별 분리 필요,figures 원소 1개에 도면 7개의 설명이 뭉쳐 있음 — 도면 반입 시 도면 단위 분리 확인,description 길이=288
KR 10-2729426 B1,F1 도면 수 미채움,도면의 설명은 반입됐으나 drawing_count 가 0 (도면 미반입),figures=1 drawing_count=0
KR 10-2729426 B1,F2 도면별 분리 필요,figures 원소 1개에 도면 7개의 설명이 뭉쳐 있음 — 도면 반입 시 도면 단위 분리 확인,description 길이=159
KR 10-2623281 B1,F1 도면 수 미채움,도면의 설명은 반입됐으나 drawing_count 가 0 (도면 미반입),figures=1 drawing_count=0
KR 10-2623281 B1,F2 도면별 분리 필요,figures 원소 1개에 도면 5개의 설명이 뭉쳐 있음 — 도면 반입 시 도면 단위 분리 확인,description 길이=294
KR 10-2689358 B1,F1 도면 수 미채움,도면의 설명은 반입됐으나 drawing_count 가 0 (도면 미반입),figures=1 drawing_count=0
KR 10-2689358 B1,F2 도면별 분리 필요,figures 원소 1개에 도면 21개의 설명이 뭉쳐 있음 — 도면 반입 시 도면 단위 분리 확인,description 길이=1160
KR 10-2649816 B1,F1 도면 수 미채움,도면의 설명은 반입됐으나 drawing_count 가 0 (도면 미반입),figures=1 drawing_count=0
KR 10-2649816 B1,F2 도면별 분리 필요,figures 원소 1개에 도면 5개의 설명이 뭉쳐 있음 — 도면 반입 시 도면 단위 분리 확인,description 길이=329
KR 10-2702917 B1,F1 도면 수 미채움,도면의 설명은 반입됐으나 drawing_count 가 0 (도면 미반입),figures=1 drawing_count=0
KR 10-2702917 B1,F2 도면별 분리 필요,figures 원소 1개에 도면 7개의 설명이 뭉쳐 있음 — 도면 반입 시 도면 단위 분리 확인,description 길이=365
KR 10-2715696 B1,F1 도면 수 미채움,도면의 설명은 반입됐으나 drawing_count 가 0 (도면 미반입),figures=1 drawing_count=0
KR 10-2715696 B1,F2 도면별 분리 필요,figures 원소 1개에 도면 21개의 설명이 뭉쳐 있음 — 도면 반입 시 도면 단위 분리 확인,description 길이=559
KR 10-2635789 B1,F1 도면 수 미채움,도면의 설명은 반입됐으나 drawing_count 가 0 (도면 미반입),figures=1 drawing_count=0
KR 10-2635789 B1,F2 도면별 분리 필요,figures 원소 1개에 도면 13개의 설명이 뭉쳐 있음 — 도면 반입 시 도면 단위 분리 확인,description 길이=632
KR 10-2665428 B1,F1 도면 수 미채움,도면의 설명은 반입됐으나 drawing_count 가 0 (도면 미반입),figures=1 drawing_count=0
KR 10-2665428 B1,F2 도면별 분리 필요,figures 원소 1개에 도면 13개의 설명이 뭉쳐 있음 — 도면 반입 시 도면 단위 분리 확인,description 길이=337
KR 10-2731180 B1,F1 도면 수 미채움,도면의 설명은 반입됐으나 drawing_count 가 0 (도면 미반입),figures=1 drawing_count=0
KR 10-2731180 B1,F2 도면별 분리 필요,figures 원소 1개에 도면 14개의 설명이 뭉쳐 있음 — 도면 반입 시 도면 단위 분리 확인,description 길이=735
KR 10-2621983 B1,F1 도면 수 미채움,도면의 설명은 반입됐으나 drawing_count 가 0 (도면 미반입),figures=1 drawing_count=0
KR 10-2621983 B1,F2 도면별 분리 필요,figures 원소 1개에 도면 5개의 설명이 뭉쳐 있음 — 도면 반입 시 도면 단위 분리 확인,description 길이=161
KR 10-2689962 B1,F1 도면 수 미채움,도면의 설명은 반입됐으나 drawing_count 가 0 (도면 미반입),figures=1 drawing_count=0
KR 10-2689962 B1,F2 도면별 분리 필요,figures 원소 1개에 도면 7개의 설명이 뭉쳐 있음 — 도면 반입 시 도면 단위 분리 확인,description 길이=497
KR 10-2649335 B1,F1 도면 수 미채움,도면의 설명은 반입됐으나 drawing_count 가 0 (도면 미반입),figures=1 drawing_count=0
KR 10-2701587 B1,F1 도면 수 미채움,도면의 설명은 반입됐으나 drawing_count 가 0 (도면 미반입),figures=1 drawing_count=0
KR 10-2701587 B1,F2 도면별 분리 필요,figures 원소 1개에 도면 21개의 설명이 뭉쳐 있음 — 도면 반입 시 도면 단위 분리 확인,description 길이=933
KR 10-2665151 B1,F1 도면 수 미채움,도면의 설명은 반입됐으나 drawing_count 가 0 (도면 미반입),figures=1 drawing_count=0
KR 10-2665151 B1,F2 도면별 분리 필요,figures 원소 1개에 도면 5개의 설명이 뭉쳐 있음 — 도면 반입 시 도면 단위 분리 확인,description 길이=244
KR 10-2730832 B1,F1 도면 수 미채움,도면의 설명은 반입됐으나 drawing_count 가 0 (도면 미반입),figures=1 drawing_count=0
KR 10-2730832 B1,F2 도면별 분리 필요,figures 원소 1개에 도면 5개의 설명이 뭉쳐 있음 — 도면 반입 시 도면 단위 분리 확인,description 길이=126
KR 10-2623895 B1,F1 도면 수 미채움,도면의 설명은 반입됐으나 drawing_count 가 0 (도면 미반입),figures=1 drawing_count=0
KR 10-2649083 B1,F1 도면 수 미채움,도면의 설명은 반입됐으나 drawing_count 가 0 (도면 미반입),figures=1 drawing_count=0
KR 10-2649083 B1,F2 도면별 분리 필요,figures 원소 1개에 도면 28개의 설명이 뭉쳐 있음 — 도면 반입 시 도면 단위 분리 확인,description 길이=781
KR 10-2717028 B1,F1 도면 수 미채움,도면의 설명은 반입됐으나 drawing_count 가 0 (도면 미반입),figures=1 drawing_count=0
KR 10-2636942 B1,F1 도면 수 미채움,도면의 설명은 반입됐으나 drawing_count 가 0 (도면 미반입),figures=1 drawing_count=0
KR 10-2636942 B1,F2 도면별 분리 필요,figures 원소 1개에 도면 39개의 설명이 뭉쳐 있음 — 도면 반입 시 도면 단위 분리 확인,description 길이=1647
KR 10-2731487 B1,F1 도면 수 미채움,도면의 설명은 반입됐으나 drawing_count 가 0 (도면 미반입),figures=1 drawing_count=0
KR 10-2622046 B1,F1 도면 수 미채움,도면의 설명은 반입됐으나 drawing_count 가 0 (도면 미반입),figures=1 drawing_count=0
KR 10-2622046 B1,F2 도면별 분리 필요,figures 원소 1개에 도면 15개의 설명이 뭉쳐 있음 — 도면 반입 시 도면 단위 분리 확인,description 길이=350
KR 10-2649798 B1,F1 도면 수 미채움,도면의 설명은 반입됐으나 drawing_count 가 0 (도면 미반입),figures=1 drawing_count=0
KR 10-2649798 B1,F2 도면별 분리 필요,figures 원소 1개에 도면 14개의 설명이 뭉쳐 있음 — 도면 반입 시 도면 단위 분리 확인,description 길이=354
KR 10-2703463 B1,F1 도면 수 미채움,도면의 설명은 반입됐으나 drawing_count 가 0 (도면 미반입),figures=1 drawing_count=0
KR 10-2703463 B1,F2 도면별 분리 필요,figures 원소 1개에 도면 5개의 설명이 뭉쳐 있음 — 도면 반입 시 도면 단위 분리 확인,description 길이=306
KR 10-2665040 B1,F1 도면 수 미채움,도면의 설명은 반입됐으나 drawing_count 가 0 (도면 미반입),figures=1 drawing_count=0
KR 10-2665040 B1,F2 도면별 분리 필요,figures 원소 1개에 도면 5개의 설명이 뭉쳐 있음 — 도면 반입 시 도면 단위 분리 확인,description 길이=205
KR 10-2705024 B1,F1 도면 수 미채움,도면의 설명은 반입됐으나 drawing_count 가 0 (도면 미반입),figures=1 drawing_count=0
KR 10-2705024 B1,F2 도면별 분리 필요,figures 원소 1개에 도면 37개의 설명이 뭉쳐 있음 — 도면 반입 시 도면 단위 분리 확인,description 길이=768
KR 10-2665640 B1,F1 도면 수 미채움,도면의 설명은 반입됐으나 drawing_count 가 0 (도면 미반입),figures=1 drawing_count=0
KR 10-2665640 B1,F2 도면별 분리 필요,figures 원소 1개에 도면 10개의 설명이 뭉쳐 있음 — 도면 반입 시 도면 단위 분리 확인,description 길이=653
KR 10-2703414 B1,F1 도면 수 미채움,도면의 설명은 반입됐으나 drawing_count 가 0 (도면 미반입),figures=1 drawing_count=0
KR 10-2703414 B1,F2 도면별 분리 필요,figures 원소 1개에 도면 23개의 설명이 뭉쳐 있음 — 도면 반입 시 도면 단위 분리 확인,description 길이=762
KR 10-2690970 B1,F1 도면 수 미채움,도면의 설명은 반입됐으나 drawing_count 가 0 (도면 미반입),figures=1 drawing_count=0
KR 10-2690970 B1,F2 도면별 분리 필요,figures 원소 1개에 도면 37개의 설명이 뭉쳐 있음 — 도면 반입 시 도면 단위 분리 확인,description 길이=1727
KR 10-2718304 B1,F1 도면 수 미채움,도면의 설명은 반입됐으나 drawing_count 가 0 (도면 미반입),figures=1 drawing_count=0
KR 10-2718304 B1,F2 도면별 분리 필요,figures 원소 1개에 도면 8개의 설명이 뭉쳐 있음 — 도면 반입 시 도면 단위 분리 확인,description 길이=619
KR 10-2637390 B1,F1 도면 수 미채움,도면의 설명은 반입됐으나 drawing_count 가 0 (도면 미반입),figures=1 drawing_count=0
KR 10-2731839 B1,F1 도면 수 미채움,도면의 설명은 반입됐으나 drawing_count 가 0 (도면 미반입),figures=1 drawing_count=0
KR 10-2731839 B1,F2 도면별 분리 필요,figures 원소 1개에 도면 7개의 설명이 뭉쳐 있음 — 도면 반입 시 도면 단위 분리 확인,description 길이=262
KR 10-2665410 B1,F1 도면 수 미채움,도면의 설명은 반입됐으나 drawing_count 가 0 (도면 미반입),figures=1 drawing_count=0
KR 10-2665410 B1,F2 도면별 분리 필요,figures 원소 1개에 도면 9개의 설명이 뭉쳐 있음 — 도면 반입 시 도면 단위 분리 확인,description 길이=475
KR 10-2623722 B1,F1 도면 수 미채움,도면의 설명은 반입됐으나 drawing_count 가 0 (도면 미반입),figures=1 drawing_count=0
KR 10-2623722 B1,F2 도면별 분리 필요,figures 원소 1개에 도면 5개의 설명이 뭉쳐 있음 — 도면 반입 시 도면 단위 분리 확인,description 길이=191
KR 10-2705409 B1,F1 도면 수 미채움,도면의 설명은 반입됐으나 drawing_count 가 0 (도면 미반입),figures=1 drawing_count=0
KR 10-2705409 B1,F2 도면별 분리 필요,figures 원소 1개에 도면 10개의 설명이 뭉쳐 있음 — 도면 반입 시 도면 단위 분리 확인,description 길이=279
KR 10-2650771 B1,F1 도면 수 미채움,도면의 설명은 반입됐으나 drawing_count 가 0 (도면 미반입),figures=1 drawing_count=0
KR 10-2650771 B1,F2 도면별 분리 필요,figures 원소 1개에 도면 7개의 설명이 뭉쳐 있음 — 도면 반입 시 도면 단위 분리 확인,description 길이=331
KR 10-2690589 B1,F1 도면 수 미채움,도면의 설명은 반입됐으나 drawing_count 가 0 (도면 미반입),figures=1 drawing_count=0
KR 10-2690589 B1,F2 도면별 분리 필요,figures 원소 1개에 도면 22개의 설명이 뭉쳐 있음 — 도면 반입 시 도면 단위 분리 확인,description 길이=697
KR 10-2717311 B1,F1 도면 수 미채움,도면의 설명은 반입됐으나 drawing_count 가 0 (도면 미반입),figures=1 drawing_count=0
KR 10-2717311 B1,F2 도면별 분리 필요,figures 원소 1개에 도면 8개의 설명이 뭉쳐 있음 — 도면 반입 시 도면 단위 분리 확인,description 길이=470
KR 10-2638457 B1,F1 도면 수 미채움,도면의 설명은 반입됐으나 drawing_count 가 0 (도면 미반입),figures=1 drawing_count=0
KR 10-2638457 B1,F2 도면별 분리 필요,figures 원소 1개에 도면 20개의 설명이 뭉쳐 있음 — 도면 반입 시 도면 단위 분리 확인,description 길이=554
KR 10-2733107 B1,F1 도면 수 미채움,도면의 설명은 반입됐으나 drawing_count 가 0 (도면 미반입),figures=1 drawing_count=0
KR 10-2733107 B1,F2 도면별 분리 필요,figures 원소 1개에 도면 5개의 설명이 뭉쳐 있음 — 도면 반입 시 도면 단위 분리 확인,description 길이=140
KR 10-2665973 B1,F1 도면 수 미채움,도면의 설명은 반입됐으나 drawing_count 가 0 (도면 미반입),figures=1 drawing_count=0
KR 10-2665973 B1,F2 도면별 분리 필요,figures 원소 1개에 도면 21개의 설명이 뭉쳐 있음 — 도면 반입 시 도면 단위 분리 확인,description 길이=455
KR 10-2624113 B1,F1 도면 수 미채움,도면의 설명은 반입됐으나 drawing_count 가 0 (도면 미반입),figures=1 drawing_count=0
KR 10-2624113 B1,F2 도면별 분리 필요,figures 원소 1개에 도면 6개의 설명이 뭉쳐 있음 — 도면 반입 시 도면 단위 분리 확인,description 길이=238
KR 10-2704848 B1,F1 도면 수 미채움,도면의 설명은 반입됐으나 drawing_count 가 0 (도면 미반입),figures=1 drawing_count=0
KR 10-2704848 B1,F2 도면별 분리 필요,figures 원소 1개에 도면 13개의 설명이 뭉쳐 있음 — 도면 반입 시 도면 단위 분리 확인,description 길이=633
KR 10-2650803 B1,F1 도면 수 미채움,도면의 설명은 반입됐으나 drawing_count 가 0 (도면 미반입),figures=1 drawing_count=0
KR 10-2650803 B1,F2 도면별 분리 필요,figures 원소 1개에 도면 9개의 설명이 뭉쳐 있음 — 도면 반입 시 도면 단위 분리 확인,description 길이=1740
KR 10-2691548 B1,F1 도면 수 미채움,도면의 설명은 반입됐으나 drawing_count 가 0 (도면 미반입),figures=1 drawing_count=0
KR 10-2691548 B1,F2 도면별 분리 필요,figures 원소 1개에 도면 15개의 설명이 뭉쳐 있음 — 도면 반입 시 도면 단위 분리 확인,description 길이=426
KR 10-2637356 B1,F1 도면 수 미채움,도면의 설명은 반입됐으나 drawing_count 가 0 (도면 미반입),figures=1 drawing_count=0
KR 10-2637356 B1,F2 도면별 분리 필요,figures 원소 1개에 도면 7개의 설명이 뭉쳐 있음 — 도면 반입 시 도면 단위 분리 확인,description 길이=743
KR 10-2731044 B1,F1 도면 수 미채움,도면의 설명은 반입됐으나 drawing_count 가 0 (도면 미반입),figures=1 drawing_count=0
KR 10-2731044 B1,F2 도면별 분리 필요,figures 원소 1개에 도면 21개의 설명이 뭉쳐 있음 — 도면 반입 시 도면 단위 분리 확인,description 길이=637
KR 10-2623911 B1,F1 도면 수 미채움,도면의 설명은 반입됐으나 drawing_count 가 0 (도면 미반입),figures=1 drawing_count=0
KR 10-2623911 B1,F2 도면별 분리 필요,figures 원소 1개에 도면 15개의 설명이 뭉쳐 있음 — 도면 반입 시 도면 단위 분리 확인,description 길이=453
KR 10-2703232 B1,F1 도면 수 미채움,도면의 설명은 반입됐으나 drawing_count 가 0 (도면 미반입),figures=1 drawing_count=0
KR 10-2703232 B1,F2 도면별 분리 필요,figures 원소 1개에 도면 31개의 설명이 뭉쳐 있음 — 도면 반입 시 도면 단위 분리 확인,description 길이=1551
KR 10-2649937 B1,F1 도면 수 미채움,도면의 설명은 반입됐으나 drawing_count 가 0 (도면 미반입),figures=1 drawing_count=0
KR 10-2649937 B1,F2 도면별 분리 필요,figures 원소 1개에 도면 9개의 설명이 뭉쳐 있음 — 도면 반입 시 도면 단위 분리 확인,description 길이=666
KR 10-2690669 B1,F1 도면 수 미채움,도면의 설명은 반입됐으나 drawing_count 가 0 (도면 미반입),figures=1 drawing_count=0
KR 10-2690669 B1,F2 도면별 분리 필요,figures 원소 1개에 도면 8개의 설명이 뭉쳐 있음 — 도면 반입 시 도면 단위 분리 확인,description 길이=396
KR 10-2707148 B1,F1 도면 수 미채움,도면의 설명은 반입됐으나 drawing_count 가 0 (도면 미반입),figures=1 drawing_count=0
KR 10-2707148 B1,F2 도면별 분리 필요,figures 원소 1개에 도면 5개의 설명이 뭉쳐 있음 — 도면 반입 시 도면 단위 분리 확인,description 길이=353
KR 10-2638441 B1,F1 도면 수 미채움,도면의 설명은 반입됐으나 drawing_count 가 0 (도면 미반입),figures=1 drawing_count=0
KR 10-2638441 B1,F2 도면별 분리 필요,figures 원소 1개에 도면 3개의 설명이 뭉쳐 있음 — 도면 반입 시 도면 단위 분리 확인,description 길이=86
KR 10-2731702 B1,F1 도면 수 미채움,도면의 설명은 반입됐으나 drawing_count 가 0 (도면 미반입),figures=1 drawing_count=0
KR 10-2731702 B1,F2 도면별 분리 필요,figures 원소 1개에 도면 19개의 설명이 뭉쳐 있음 — 도면 반입 시 도면 단위 분리 확인,description 길이=825
KR 10-2665751 B1,F1 도면 수 미채움,도면의 설명은 반입됐으나 drawing_count 가 0 (도면 미반입),figures=1 drawing_count=0
KR 10-2665751 B1,F2 도면별 분리 필요,figures 원소 1개에 도면 6개의 설명이 뭉쳐 있음 — 도면 반입 시 도면 단위 분리 확인,description 길이=178
KR 10-2623861 B1,F1 도면 수 미채움,도면의 설명은 반입됐으나 drawing_count 가 0 (도면 미반입),figures=1 drawing_count=0
KR 10-2623861 B1,F2 도면별 분리 필요,figures 원소 1개에 도면 5개의 설명이 뭉쳐 있음 — 도면 반입 시 도면 단위 분리 확인,description 길이=254
KR 10-2701958 B1,F1 도면 수 미채움,도면의 설명은 반입됐으나 drawing_count 가 0 (도면 미반입),figures=1 drawing_count=0
KR 10-2701958 B1,F2 도면별 분리 필요,figures 원소 1개에 도면 4개의 설명이 뭉쳐 있음 — 도면 반입 시 도면 단위 분리 확인,description 길이=173
KR 10-2650093 B1,F1 도면 수 미채움,도면의 설명은 반입됐으나 drawing_count 가 0 (도면 미반입),figures=1 drawing_count=0
KR 10-2650093 B1,F2 도면별 분리 필요,figures 원소 1개에 도면 7개의 설명이 뭉쳐 있음 — 도면 반입 시 도면 단위 분리 확인,description 길이=207
KR 10-2690359 B1,F1 도면 수 미채움,도면의 설명은 반입됐으나 drawing_count 가 0 (도면 미반입),figures=1 drawing_count=0
KR 10-2717488 B1,F1 도면 수 미채움,도면의 설명은 반입됐으나 drawing_count 가 0 (도면 미반입),figures=1 drawing_count=0
KR 10-2717488 B1,F2 도면별 분리 필요,figures 원소 1개에 도면 6개의 설명이 뭉쳐 있음 — 도면 반입 시 도면 단위 분리 확인,description 길이=394
KR 10-2636669 B1,F1 도면 수 미채움,도면의 설명은 반입됐으나 drawing_count 가 0 (도면 미반입),figures=1 drawing_count=0
KR 10-2636669 B1,F2 도면별 분리 필요,figures 원소 1개에 도면 6개의 설명이 뭉쳐 있음 — 도면 반입 시 도면 단위 분리 확인,description 길이=332
KR 10-2731456 B1,F1 도면 수 미채움,도면의 설명은 반입됐으나 drawing_count 가 0 (도면 미반입),figures=1 drawing_count=0
KR 10-2731456 B1,F2 도면별 분리 필요,figures 원소 1개에 도면 12개의 설명이 뭉쳐 있음 — 도면 반입 시 도면 단위 분리 확인,description 길이=368
KR 10-2664863 B1,F1 도면 수 미채움,도면의 설명은 반입됐으나 drawing_count 가 0 (도면 미반입),figures=1 drawing_count=0
KR 10-2664863 B1,F2 도면별 분리 필요,figures 원소 1개에 도면 8개의 설명이 뭉쳐 있음 — 도면 반입 시 도면 단위 분리 확인,description 길이=559
KR 10-2624317 B1,F1 도면 수 미채움,도면의 설명은 반입됐으나 drawing_count 가 0 (도면 미반입),figures=1 drawing_count=0
KR 10-2624317 B1,F2 도면별 분리 필요,figures 원소 1개에 도면 6개의 설명이 뭉쳐 있음 — 도면 반입 시 도면 단위 분리 확인,description 길이=325
KR 10-2705052 B1,F1 도면 수 미채움,도면의 설명은 반입됐으나 drawing_count 가 0 (도면 미반입),figures=1 drawing_count=0
KR 10-2705052 B1,F2 도면별 분리 필요,figures 원소 1개에 도면 3개의 설명이 뭉쳐 있음 — 도면 반입 시 도면 단위 분리 확인,description 길이=177
KR 10-2650550 B1,F1 도면 수 미채움,도면의 설명은 반입됐으나 drawing_count 가 0 (도면 미반입),figures=1 drawing_count=0
KR 10-2690318 B1,F1 도면 수 미채움,도면의 설명은 반입됐으나 drawing_count 가 0 (도면 미반입),figures=1 drawing_count=0
KR 10-2690318 B1,F2 도면별 분리 필요,figures 원소 1개에 도면 26개의 설명이 뭉쳐 있음 — 도면 반입 시 도면 단위 분리 확인,description 길이=867
KR 10-2637467 B1,F1 도면 수 미채움,도면의 설명은 반입됐으나 drawing_count 가 0 (도면 미반입),figures=1 drawing_count=0
KR 10-2637467 B1,F2 도면별 분리 필요,figures 원소 1개에 도면 4개의 설명이 뭉쳐 있음 — 도면 반입 시 도면 단위 분리 확인,description 길이=181
KR 10-2663593 B1,F1 도면 수 미채움,도면의 설명은 반입됐으나 drawing_count 가 0 (도면 미반입),figures=1 drawing_count=0
KR 10-2663593 B1,F2 도면별 분리 필요,figures 원소 1개에 도면 11개의 설명이 뭉쳐 있음 — 도면 반입 시 도면 단위 분리 확인,description 길이=492
KR 10-2624268 B1,F1 도면 수 미채움,도면의 설명은 반입됐으나 drawing_count 가 0 (도면 미반입),figures=1 drawing_count=0
KR 10-2624268 B1,F2 도면별 분리 필요,figures 원소 1개에 도면 10개의 설명이 뭉쳐 있음 — 도면 반입 시 도면 단위 분리 확인,description 길이=694
KR 10-2703010 B1,F1 도면 수 미채움,도면의 설명은 반입됐으나 drawing_count 가 0 (도면 미반입),figures=1 drawing_count=0
KR 10-2703010 B1,F2 도면별 분리 필요,figures 원소 1개에 도면 6개의 설명이 뭉쳐 있음 — 도면 반입 시 도면 단위 분리 확인,description 길이=310
KR 10-2650863 B1,F1 도면 수 미채움,도면의 설명은 반입됐으나 drawing_count 가 0 (도면 미반입),figures=1 drawing_count=0
KR 10-2650863 B1,F2 도면별 분리 필요,figures 원소 1개에 도면 18개의 설명이 뭉쳐 있음 — 도면 반입 시 도면 단위 분리 확인,description 길이=1293
KR 10-2690883 B1,F1 도면 수 미채움,도면의 설명은 반입됐으나 drawing_count 가 0 (도면 미반입),figures=1 drawing_count=0
KR 10-2690883 B1,F2 도면별 분리 필요,figures 원소 1개에 도면 12개의 설명이 뭉쳐 있음 — 도면 반입 시 도면 단위 분리 확인,description 길이=757
KR 10-2718430 B1,F1 도면 수 미채움,도면의 설명은 반입됐으나 drawing_count 가 0 (도면 미반입),figures=1 drawing_count=0
KR 10-2718430 B1,F2 도면별 분리 필요,figures 원소 1개에 도면 20개의 설명이 뭉쳐 있음 — 도면 반입 시 도면 단위 분리 확인,description 길이=514
KR 10-2636244 B1,F1 도면 수 미채움,도면의 설명은 반입됐으나 drawing_count 가 0 (도면 미반입),figures=1 drawing_count=0
KR 10-2732310 B1,F1 도면 수 미채움,도면의 설명은 반입됐으나 drawing_count 가 0 (도면 미반입),figures=1 drawing_count=0
KR 10-2732310 B1,F2 도면별 분리 필요,figures 원소 1개에 도면 13개의 설명이 뭉쳐 있음 — 도면 반입 시 도면 단위 분리 확인,description 길이=717
KR 10-2665351 B1,F1 도면 수 미채움,도면의 설명은 반입됐으나 drawing_count 가 0 (도면 미반입),figures=1 drawing_count=0
KR 10-2665351 B1,F2 도면별 분리 필요,figures 원소 1개에 도면 8개의 설명이 뭉쳐 있음 — 도면 반입 시 도면 단위 분리 확인,description 길이=448
KR 10-2624636 B1,F1 도면 수 미채움,도면의 설명은 반입됐으나 drawing_count 가 0 (도면 미반입),figures=1 drawing_count=0
KR 10-2624636 B1,F2 도면별 분리 필요,figures 원소 1개에 도면 3개의 설명이 뭉쳐 있음 — 도면 반입 시 도면 단위 분리 확인,description 길이=107
KR 10-2700640 B1,F1 도면 수 미채움,도면의 설명은 반입됐으나 drawing_count 가 0 (도면 미반입),figures=1 drawing_count=0
KR 10-2700640 B1,F2 도면별 분리 필요,figures 원소 1개에 도면 9개의 설명이 뭉쳐 있음 — 도면 반입 시 도면 단위 분리 확인,description 길이=339
KR 10-2651058 B1,F1 도면 수 미채움,도면의 설명은 반입됐으나 drawing_count 가 0 (도면 미반입),figures=1 drawing_count=0
KR 10-2690498 B1,F1 도면 수 미채움,도면의 설명은 반입됐으나 drawing_count 가 0 (도면 미반입),figures=1 drawing_count=0
KR 10-2690498 B1,F2 도면별 분리 필요,figures 원소 1개에 도면 12개의 설명이 뭉쳐 있음 — 도면 반입 시 도면 단위 분리 확인,description 길이=767
KR 10-2717944 B1,F1 도면 수 미채움,도면의 설명은 반입됐으나 drawing_count 가 0 (도면 미반입),figures=1 drawing_count=0
KR 10-2717944 B1,F2 도면별 분리 필요,figures 원소 1개에 도면 10개의 설명이 뭉쳐 있음 — 도면 반입 시 도면 단위 분리 확인,description 길이=907
KR 10-2637240 B1,F1 도면 수 미채움,도면의 설명은 반입됐으나 drawing_count 가 0 (도면 미반입),figures=1 drawing_count=0
KR 10-2637240 B1,F2 도면별 분리 필요,figures 원소 1개에 도면 9개의 설명이 뭉쳐 있음 — 도면 반입 시 도면 단위 분리 확인,description 길이=510
KR 10-2732153 B1,F1 도면 수 미채움,도면의 설명은 반입됐으나 drawing_count 가 0 (도면 미반입),figures=1 drawing_count=0
KR 10-2732153 B1,F2 도면별 분리 필요,figures 원소 1개에 도면 5개의 설명이 뭉쳐 있음 — 도면 반입 시 도면 단위 분리 확인,description 길이=495
KR 10-2665695 B1,F1 도면 수 미채움,도면의 설명은 반입됐으나 drawing_count 가 0 (도면 미반입),figures=1 drawing_count=0
KR 10-2665695 B1,F2 도면별 분리 필요,figures 원소 1개에 도면 3개의 설명이 뭉쳐 있음 — 도면 반입 시 도면 단위 분리 확인,description 길이=227
KR 10-2623514 B1,F1 도면 수 미채움,도면의 설명은 반입됐으나 drawing_count 가 0 (도면 미반입),figures=1 drawing_count=0
KR 10-2623514 B1,F2 도면별 분리 필요,figures 원소 1개에 도면 10개의 설명이 뭉쳐 있음 — 도면 반입 시 도면 단위 분리 확인,description 길이=331
KR 10-2703622 B1,F1 도면 수 미채움,도면의 설명은 반입됐으나 drawing_count 가 0 (도면 미반입),figures=1 drawing_count=0
KR 10-2703622 B1,F2 도면별 분리 필요,figures 원소 1개에 도면 5개의 설명이 뭉쳐 있음 — 도면 반입 시 도면 단위 분리 확인,description 길이=347
KR 10-2651619 B1,F1 도면 수 미채움,도면의 설명은 반입됐으나 drawing_count 가 0 (도면 미반입),figures=1 drawing_count=0
KR 10-2651619 B1,F2 도면별 분리 필요,figures 원소 1개에 도면 12개의 설명이 뭉쳐 있음 — 도면 반입 시 도면 단위 분리 확인,description 길이=226
KR 10-2692169 B1,F1 도면 수 미채움,도면의 설명은 반입됐으나 drawing_count 가 0 (도면 미반입),figures=1 drawing_count=0
KR 10-2692169 B1,F2 도면별 분리 필요,figures 원소 1개에 도면 4개의 설명이 뭉쳐 있음 — 도면 반입 시 도면 단위 분리 확인,description 길이=230
KR 10-2718527 B1,F1 도면 수 미채움,도면의 설명은 반입됐으나 drawing_count 가 0 (도면 미반입),figures=1 drawing_count=0
KR 10-2718527 B1,F2 도면별 분리 필요,figures 원소 1개에 도면 8개의 설명이 뭉쳐 있음 — 도면 반입 시 도면 단위 분리 확인,description 길이=420
KR 10-2637918 B1,F1 도면 수 미채움,도면의 설명은 반입됐으나 drawing_count 가 0 (도면 미반입),figures=1 drawing_count=0
KR 10-2637918 B1,F2 도면별 분리 필요,figures 원소 1개에 도면 24개의 설명이 뭉쳐 있음 — 도면 반입 시 도면 단위 분리 확인,description 길이=544
KR 10-2731421 B1,F1 도면 수 미채움,도면의 설명은 반입됐으나 drawing_count 가 0 (도면 미반입),figures=1 drawing_count=0
KR 10-2731421 B1,F2 도면별 분리 필요,figures 원소 1개에 도면 9개의 설명이 뭉쳐 있음 — 도면 반입 시 도면 단위 분리 확인,description 길이=393
KR 10-2664638 B1,F1 도면 수 미채움,도면의 설명은 반입됐으나 drawing_count 가 0 (도면 미반입),figures=1 drawing_count=0
KR 10-2664638 B1,F2 도면별 분리 필요,figures 원소 1개에 도면 8개의 설명이 뭉쳐 있음 — 도면 반입 시 도면 단위 분리 확인,description 길이=538
KR 10-2625086 B1,F1 도면 수 미채움,도면의 설명은 반입됐으나 drawing_count 가 0 (도면 미반입),figures=1 drawing_count=0
KR 10-2704950 B1,F1 도면 수 미채움,도면의 설명은 반입됐으나 drawing_count 가 0 (도면 미반입),figures=1 drawing_count=0
KR 10-2704950 B1,F2 도면별 분리 필요,figures 원소 1개에 도면 11개의 설명이 뭉쳐 있음 — 도면 반입 시 도면 단위 분리 확인,description 길이=506
KR 10-2650708 B1,F1 도면 수 미채움,도면의 설명은 반입됐으나 drawing_count 가 0 (도면 미반입),figures=1 drawing_count=0
KR 10-2650708 B1,F2 도면별 분리 필요,figures 원소 1개에 도면 23개의 설명이 뭉쳐 있음 — 도면 반입 시 도면 단위 분리 확인,description 길이=700
KR 10-2691156 B1,F1 도면 수 미채움,도면의 설명은 반입됐으나 drawing_count 가 0 (도면 미반입),figures=1 drawing_count=0
KR 10-2691156 B1,F2 도면별 분리 필요,figures 원소 1개에 도면 8개의 설명이 뭉쳐 있음 — 도면 반입 시 도면 단위 분리 확인,description 길이=254
KR 10-2719088 B1,F1 도면 수 미채움,도면의 설명은 반입됐으나 drawing_count 가 0 (도면 미반입),figures=1 drawing_count=0
KR 10-2719088 B1,F2 도면별 분리 필요,figures 원소 1개에 도면 7개의 설명이 뭉쳐 있음 — 도면 반입 시 도면 단위 분리 확인,description 길이=275
KR 10-2637087 B1,F1 도면 수 미채움,도면의 설명은 반입됐으나 drawing_count 가 0 (도면 미반입),figures=1 drawing_count=0
KR 10-2732156 B1,F1 도면 수 미채움,도면의 설명은 반입됐으나 drawing_count 가 0 (도면 미반입),figures=1 drawing_count=0
KR 10-2732156 B1,F2 도면별 분리 필요,figures 원소 1개에 도면 4개의 설명이 뭉쳐 있음 — 도면 반입 시 도면 단위 분리 확인,description 길이=103
KR 10-2665043 B1,F1 도면 수 미채움,도면의 설명은 반입됐으나 drawing_count 가 0 (도면 미반입),figures=1 drawing_count=0
KR 10-2665043 B1,F2 도면별 분리 필요,figures 원소 1개에 도면 3개의 설명이 뭉쳐 있음 — 도면 반입 시 도면 단위 분리 확인,description 길이=147
KR 10-2624405 B1,F1 도면 수 미채움,도면의 설명은 반입됐으나 drawing_count 가 0 (도면 미반입),figures=1 drawing_count=0
KR 10-2624405 B1,F2 도면별 분리 필요,figures 원소 1개에 도면 5개의 설명이 뭉쳐 있음 — 도면 반입 시 도면 단위 분리 확인,description 길이=270
KR 10-2691479 B1,F1 도면 수 미채움,도면의 설명은 반입됐으나 drawing_count 가 0 (도면 미반입),figures=1 drawing_count=0
KR 10-2691479 B1,F2 도면별 분리 필요,figures 원소 1개에 도면 13개의 설명이 뭉쳐 있음 — 도면 반입 시 도면 단위 분리 확인,description 길이=296
KR 10-2636592 B1,F1 도면 수 미채움,도면의 설명은 반입됐으나 drawing_count 가 0 (도면 미반입),figures=1 drawing_count=0
KR 10-2636592 B1,F2 도면별 분리 필요,figures 원소 1개에 도면 14개의 설명이 뭉쳐 있음 — 도면 반입 시 도면 단위 분리 확인,description 길이=414
KR 10-2665733 B1,F1 도면 수 미채움,도면의 설명은 반입됐으나 drawing_count 가 0 (도면 미반입),figures=1 drawing_count=0
KR 10-2665733 B1,F2 도면별 분리 필요,figures 원소 1개에 도면 7개의 설명이 뭉쳐 있음 — 도면 반입 시 도면 단위 분리 확인,description 길이=277
KR 10-2704717 B1,F1 도면 수 미채움,도면의 설명은 반입됐으나 drawing_count 가 0 (도면 미반입),figures=1 drawing_count=0
KR 10-2704717 B1,F2 도면별 분리 필요,figures 원소 1개에 도면 12개의 설명이 뭉쳐 있음 — 도면 반입 시 도면 단위 분리 확인,description 길이=580
KR 10-2650189 B1,F1 도면 수 미채움,도면의 설명은 반입됐으나 drawing_count 가 0 (도면 미반입),figures=1 drawing_count=0
KR 10-2650189 B1,F2 도면별 분리 필요,figures 원소 1개에 도면 11개의 설명이 뭉쳐 있음 — 도면 반입 시 도면 단위 분리 확인,description 길이=691
KR 10-2690357 B1,F1 도면 수 미채움,도면의 설명은 반입됐으나 drawing_count 가 0 (도면 미반입),figures=1 drawing_count=0
KR 10-2690357 B1,F2 도면별 분리 필요,figures 원소 1개에 도면 10개의 설명이 뭉쳐 있음 — 도면 반입 시 도면 단위 분리 확인,description 길이=866
KR 10-2717340 B1,F1 도면 수 미채움,도면의 설명은 반입됐으나 drawing_count 가 0 (도면 미반입),figures=1 drawing_count=0
KR 10-2717340 B1,F2 도면별 분리 필요,figures 원소 1개에 도면 41개의 설명이 뭉쳐 있음 — 도면 반입 시 도면 단위 분리 확인,description 길이=1135
KR 10-2637215 B1,F1 도면 수 미채움,도면의 설명은 반입됐으나 drawing_count 가 0 (도면 미반입),figures=1 drawing_count=0
KR 10-2637215 B1,F2 도면별 분리 필요,figures 원소 1개에 도면 14개의 설명이 뭉쳐 있음 — 도면 반입 시 도면 단위 분리 확인,description 길이=457
KR 10-2731332 B1,F1 도면 수 미채움,도면의 설명은 반입됐으나 drawing_count 가 0 (도면 미반입),figures=1 drawing_count=0
KR 10-2731332 B1,F2 도면별 분리 필요,figures 원소 1개에 도면 12개의 설명이 뭉쳐 있음 — 도면 반입 시 도면 단위 분리 확인,description 길이=718
KR 10-2624052 B1,F1 도면 수 미채움,도면의 설명은 반입됐으나 drawing_count 가 0 (도면 미반입),figures=1 drawing_count=0
KR 10-2624052 B1,F2 도면별 분리 필요,figures 원소 1개에 도면 6개의 설명이 뭉쳐 있음 — 도면 반입 시 도면 단위 분리 확인,description 길이=209
KR 10-2704559 B1,F1 도면 수 미채움,도면의 설명은 반입됐으나 drawing_count 가 0 (도면 미반입),figures=1 drawing_count=0
KR 10-2651128 B1,F1 도면 수 미채움,도면의 설명은 반입됐으나 drawing_count 가 0 (도면 미반입),figures=1 drawing_count=0
KR 10-2651128 B1,F2 도면별 분리 필요,figures 원소 1개에 도면 19개의 설명이 뭉쳐 있음 — 도면 반입 시 도면 단위 분리 확인,description 길이=772
KR 10-2690485 B1,F1 도면 수 미채움,도면의 설명은 반입됐으나 drawing_count 가 0 (도면 미반입),figures=1 drawing_count=0
KR 10-2690485 B1,F2 도면별 분리 필요,figures 원소 1개에 도면 28개의 설명이 뭉쳐 있음 — 도면 반입 시 도면 단위 분리 확인,description 길이=937
KR 10-2717287 B1,F1 도면 수 미채움,도면의 설명은 반입됐으나 drawing_count 가 0 (도면 미반입),figures=1 drawing_count=0
KR 10-2717287 B1,F2 도면별 분리 필요,figures 원소 1개에 도면 3개의 설명이 뭉쳐 있음 — 도면 반입 시 도면 단위 분리 확인,description 길이=222
KR 10-2637311 B1,F1 도면 수 미채움,도면의 설명은 반입됐으나 drawing_count 가 0 (도면 미반입),figures=1 drawing_count=0
KR 10-2637311 B1,F2 도면별 분리 필요,figures 원소 1개에 도면 7개의 설명이 뭉쳐 있음 — 도면 반입 시 도면 단위 분리 확인,description 길이=380
KR 10-2665370 B1,F1 도면 수 미채움,도면의 설명은 반입됐으나 drawing_count 가 0 (도면 미반입),figures=1 drawing_count=0
KR 10-2665370 B1,F2 도면별 분리 필요,figures 원소 1개에 도면 34개의 설명이 뭉쳐 있음 — 도면 반입 시 도면 단위 분리 확인,description 길이=1049
KR 10-2624213 B1,F1 도면 수 미채움,도면의 설명은 반입됐으나 drawing_count 가 0 (도면 미반입),figures=1 drawing_count=0
KR 10-2624213 B1,F2 도면별 분리 필요,figures 원소 1개에 도면 12개의 설명이 뭉쳐 있음 — 도면 반입 시 도면 단위 분리 확인,description 길이=1151
KR 10-2704077 B1,F1 도면 수 미채움,도면의 설명은 반입됐으나 drawing_count 가 0 (도면 미반입),figures=1 drawing_count=0
KR 10-2704077 B1,F2 도면별 분리 필요,figures 원소 1개에 도면 12개의 설명이 뭉쳐 있음 — 도면 반입 시 도면 단위 분리 확인,description 길이=615
KR 10-2650600 B1,F1 도면 수 미채움,도면의 설명은 반입됐으나 drawing_count 가 0 (도면 미반입),figures=1 drawing_count=0
KR 10-2650600 B1,F2 도면별 분리 필요,figures 원소 1개에 도면 26개의 설명이 뭉쳐 있음 — 도면 반입 시 도면 단위 분리 확인,description 길이=563
KR 10-2690680 B1,F1 도면 수 미채움,도면의 설명은 반입됐으나 drawing_count 가 0 (도면 미반입),figures=1 drawing_count=0
KR 10-2690680 B1,F2 도면별 분리 필요,figures 원소 1개에 도면 8개의 설명이 뭉쳐 있음 — 도면 반입 시 도면 단위 분리 확인,description 길이=276
KR 10-2718365 B1,F1 도면 수 미채움,도면의 설명은 반입됐으나 drawing_count 가 0 (도면 미반입),figures=1 drawing_count=0
KR 10-2718365 B1,F2 도면별 분리 필요,figures 원소 1개에 도면 10개의 설명이 뭉쳐 있음 — 도면 반입 시 도면 단위 분리 확인,description 길이=666
KR 10-2638181 B1,F1 도면 수 미채움,도면의 설명은 반입됐으나 drawing_count 가 0 (도면 미반입),figures=1 drawing_count=0
KR 10-2638181 B1,F2 도면별 분리 필요,figures 원소 1개에 도면 3개의 설명이 뭉쳐 있음 — 도면 반입 시 도면 단위 분리 확인,description 길이=131
KR 10-2731502 B1,F1 도면 수 미채움,도면의 설명은 반입됐으나 drawing_count 가 0 (도면 미반입),figures=1 drawing_count=0
KR 10-2731502 B1,F2 도면별 분리 필요,figures 원소 1개에 도면 11개의 설명이 뭉쳐 있음 — 도면 반입 시 도면 단위 분리 확인,description 길이=659
KR 10-2623849 B1,F1 도면 수 미채움,도면의 설명은 반입됐으나 drawing_count 가 0 (도면 미반입),figures=1 drawing_count=0
KR 10-2623849 B1,F2 도면별 분리 필요,figures 원소 1개에 도면 9개의 설명이 뭉쳐 있음 — 도면 반입 시 도면 단위 분리 확인,description 길이=243
KR 10-2705654 B1,F1 도면 수 미채움,도면의 설명은 반입됐으나 drawing_count 가 0 (도면 미반입),figures=1 drawing_count=0
KR 10-2705654 B1,F2 도면별 분리 필요,figures 원소 1개에 도면 9개의 설명이 뭉쳐 있음 — 도면 반입 시 도면 단위 분리 확인,description 길이=723
KR 10-2650403 B1,F1 도면 수 미채움,도면의 설명은 반입됐으나 drawing_count 가 0 (도면 미반입),figures=1 drawing_count=0
KR 10-2650403 B1,F2 도면별 분리 필요,figures 원소 1개에 도면 11개의 설명이 뭉쳐 있음 — 도면 반입 시 도면 단위 분리 확인,description 길이=325
KR 10-2691403 B1,F1 도면 수 미채움,도면의 설명은 반입됐으나 drawing_count 가 0 (도면 미반입),figures=1 drawing_count=0
KR 10-2691403 B1,F2 도면별 분리 필요,figures 원소 1개에 도면 7개의 설명이 뭉쳐 있음 — 도면 반입 시 도면 단위 분리 확인,description 길이=669
KR 10-2718614 B1,F1 도면 수 미채움,도면의 설명은 반입됐으나 drawing_count 가 0 (도면 미반입),figures=1 drawing_count=0
KR 10-2718614 B1,F2 도면별 분리 필요,figures 원소 1개에 도면 16개의 설명이 뭉쳐 있음 — 도면 반입 시 도면 단위 분리 확인,description 길이=533
KR 10-2638318 B1,F1 도면 수 미채움,도면의 설명은 반입됐으나 drawing_count 가 0 (도면 미반입),figures=1 drawing_count=0
KR 10-2638318 B1,F2 도면별 분리 필요,figures 원소 1개에 도면 11개의 설명이 뭉쳐 있음 — 도면 반입 시 도면 단위 분리 확인,description 길이=288
KR 10-2731891 B1,F1 도면 수 미채움,도면의 설명은 반입됐으나 drawing_count 가 0 (도면 미반입),figures=1 drawing_count=0
KR 10-2731891 B1,F2 도면별 분리 필요,figures 원소 1개에 도면 25개의 설명이 뭉쳐 있음 — 도면 반입 시 도면 단위 분리 확인,description 길이=829
KR 10-2666090 B1,F1 도면 수 미채움,도면의 설명은 반입됐으나 drawing_count 가 0 (도면 미반입),figures=1 drawing_count=0
KR 10-2666090 B1,F2 도면별 분리 필요,figures 원소 1개에 도면 25개의 설명이 뭉쳐 있음 — 도면 반입 시 도면 단위 분리 확인,description 길이=1173
KR 10-2624553 B1,F1 도면 수 미채움,도면의 설명은 반입됐으나 drawing_count 가 0 (도면 미반입),figures=1 drawing_count=0
KR 10-2624553 B1,F2 도면별 분리 필요,figures 원소 1개에 도면 4개의 설명이 뭉쳐 있음 — 도면 반입 시 도면 단위 분리 확인,description 길이=216
KR 10-2651811 B1,F1 도면 수 미채움,도면의 설명은 반입됐으나 drawing_count 가 0 (도면 미반입),figures=1 drawing_count=0
KR 10-2651811 B1,F2 도면별 분리 필요,figures 원소 1개에 도면 16개의 설명이 뭉쳐 있음 — 도면 반입 시 도면 단위 분리 확인,description 길이=922
KR 10-2691036 B1,F1 도면 수 미채움,도면의 설명은 반입됐으나 drawing_count 가 0 (도면 미반입),figures=1 drawing_count=0
KR 10-2691036 B1,F2 도면별 분리 필요,figures 원소 1개에 도면 7개의 설명이 뭉쳐 있음 — 도면 반입 시 도면 단위 분리 확인,description 길이=283
KR 10-2716761 B1,F1 도면 수 미채움,도면의 설명은 반입됐으나 drawing_count 가 0 (도면 미반입),figures=1 drawing_count=0
KR 10-2716761 B1,F2 도면별 분리 필요,figures 원소 1개에 도면 9개의 설명이 뭉쳐 있음 — 도면 반입 시 도면 단위 분리 확인,description 길이=206
KR 10-2637589 B1,F1 도면 수 미채움,도면의 설명은 반입됐으나 drawing_count 가 0 (도면 미반입),figures=1 drawing_count=0
KR 10-2637589 B1,F2 도면별 분리 필요,figures 원소 1개에 도면 6개의 설명이 뭉쳐 있음 — 도면 반입 시 도면 단위 분리 확인,description 길이=257
KR 10-2730960 B1,F1 도면 수 미채움,도면의 설명은 반입됐으나 drawing_count 가 0 (도면 미반입),figures=1 drawing_count=0
KR 10-2730960 B1,F2 도면별 분리 필요,figures 원소 1개에 도면 6개의 설명이 뭉쳐 있음 — 도면 반입 시 도면 단위 분리 확인,description 길이=238
KR 10-2665438 B1,F1 도면 수 미채움,도면의 설명은 반입됐으나 drawing_count 가 0 (도면 미반입),figures=1 drawing_count=0
KR 10-2665438 B1,F2 도면별 분리 필요,figures 원소 1개에 도면 9개의 설명이 뭉쳐 있음 — 도면 반입 시 도면 단위 분리 확인,description 길이=247
KR 10-2624105 B1,F1 도면 수 미채움,도면의 설명은 반입됐으나 drawing_count 가 0 (도면 미반입),figures=1 drawing_count=0
KR 10-2624105 B1,F2 도면별 분리 필요,figures 원소 1개에 도면 61개의 설명이 뭉쳐 있음 — 도면 반입 시 도면 단위 분리 확인,description 길이=2691
KR 10-2704611 B1,F1 도면 수 미채움,도면의 설명은 반입됐으나 drawing_count 가 0 (도면 미반입),figures=1 drawing_count=0
KR 10-2704611 B1,F2 도면별 분리 필요,figures 원소 1개에 도면 11개의 설명이 뭉쳐 있음 — 도면 반입 시 도면 단위 분리 확인,description 길이=650
KR 10-2651994 B1,F1 도면 수 미채움,도면의 설명은 반입됐으나 drawing_count 가 0 (도면 미반입),figures=1 drawing_count=0
KR 10-2651994 B1,F2 도면별 분리 필요,figures 원소 1개에 도면 10개의 설명이 뭉쳐 있음 — 도면 반입 시 도면 단위 분리 확인,description 길이=824
KR 10-2717182 B1,F1 도면 수 미채움,도면의 설명은 반입됐으나 drawing_count 가 0 (도면 미반입),figures=1 drawing_count=0
KR 10-2717182 B1,F2 도면별 분리 필요,figures 원소 1개에 도면 6개의 설명이 뭉쳐 있음 — 도면 반입 시 도면 단위 분리 확인,description 길이=328
KR 10-2633734 B1,F1 도면 수 미채움,도면의 설명은 반입됐으나 drawing_count 가 0 (도면 미반입),figures=1 drawing_count=0
KR 10-2633734 B1,F2 도면별 분리 필요,figures 원소 1개에 도면 10개의 설명이 뭉쳐 있음 — 도면 반입 시 도면 단위 분리 확인,description 길이=386
KR 10-2731340 B1,F1 도면 수 미채움,도면의 설명은 반입됐으나 drawing_count 가 0 (도면 미반입),figures=1 drawing_count=0
KR 10-2731340 B1,F2 도면별 분리 필요,figures 원소 1개에 도면 10개의 설명이 뭉쳐 있음 — 도면 반입 시 도면 단위 분리 확인,description 길이=341
KR 10-2664798 B1,F1 도면 수 미채움,도면의 설명은 반입됐으나 drawing_count 가 0 (도면 미반입),figures=1 drawing_count=0
KR 10-2623868 B1,F1 도면 수 미채움,도면의 설명은 반입됐으나 drawing_count 가 0 (도면 미반입),figures=1 drawing_count=0
KR 10-2623868 B1,F2 도면별 분리 필요,figures 원소 1개에 도면 13개의 설명이 뭉쳐 있음 — 도면 반입 시 도면 단위 분리 확인,description 길이=604
KR 10-2704454 B1,F1 도면 수 미채움,도면의 설명은 반입됐으나 drawing_count 가 0 (도면 미반입),figures=1 drawing_count=0
KR 10-2704454 B1,F2 도면별 분리 필요,figures 원소 1개에 도면 8개의 설명이 뭉쳐 있음 — 도면 반입 시 도면 단위 분리 확인,description 길이=421
KR 10-2651092 B1,F1 도면 수 미채움,도면의 설명은 반입됐으나 drawing_count 가 0 (도면 미반입),figures=1 drawing_count=0
KR 10-2716853 B1,F1 도면 수 미채움,도면의 설명은 반입됐으나 drawing_count 가 0 (도면 미반입),figures=1 drawing_count=0
KR 10-2716853 B1,F2 도면별 분리 필요,figures 원소 1개에 도면 30개의 설명이 뭉쳐 있음 — 도면 반입 시 도면 단위 분리 확인,description 길이=1245
KR 10-2636973 B1,F1 도면 수 미채움,도면의 설명은 반입됐으나 drawing_count 가 0 (도면 미반입),figures=1 drawing_count=0
KR 10-2636973 B1,F2 도면별 분리 필요,figures 원소 1개에 도면 6개의 설명이 뭉쳐 있음 — 도면 반입 시 도면 단위 분리 확인,description 길이=216
KR 10-2731269 B1,F1 도면 수 미채움,도면의 설명은 반입됐으나 drawing_count 가 0 (도면 미반입),figures=1 drawing_count=0
KR 10-2731269 B1,F2 도면별 분리 필요,figures 원소 1개에 도면 8개의 설명이 뭉쳐 있음 — 도면 반입 시 도면 단위 분리 확인,description 길이=437
KR 10-2665168 B1,F1 도면 수 미채움,도면의 설명은 반입됐으나 drawing_count 가 0 (도면 미반입),figures=1 drawing_count=0
KR 10-2665168 B1,F2 도면별 분리 필요,figures 원소 1개에 도면 6개의 설명이 뭉쳐 있음 — 도면 반입 시 도면 단위 분리 확인,description 길이=308
KR 10-2650656 B1,F1 도면 수 미채움,도면의 설명은 반입됐으나 drawing_count 가 0 (도면 미반입),figures=1 drawing_count=0
KR 10-2691209 B1,F1 도면 수 미채움,도면의 설명은 반입됐으나 drawing_count 가 0 (도면 미반입),figures=1 drawing_count=0
KR 10-2691209 B1,F2 도면별 분리 필요,figures 원소 1개에 도면 4개의 설명이 뭉쳐 있음 — 도면 반입 시 도면 단위 분리 확인,description 길이=290
KR 10-2637669 B1,F1 도면 수 미채움,도면의 설명은 반입됐으나 drawing_count 가 0 (도면 미반입),figures=1 drawing_count=0
KR 10-2637669 B1,F2 도면별 분리 필요,figures 원소 1개에 도면 13개의 설명이 뭉쳐 있음 — 도면 반입 시 도면 단위 분리 확인,description 길이=490
KR 10-2731622 B1,F1 도면 수 미채움,도면의 설명은 반입됐으나 drawing_count 가 0 (도면 미반입),figures=1 drawing_count=0
KR 10-2731622 B1,F2 도면별 분리 필요,figures 원소 1개에 도면 8개의 설명이 뭉쳐 있음 — 도면 반입 시 도면 단위 분리 확인,description 길이=508
KR 10-2665045 B1,F1 도면 수 미채움,도면의 설명은 반입됐으나 drawing_count 가 0 (도면 미반입),figures=1 drawing_count=0
KR 10-2665045 B1,F2 도면별 분리 필요,figures 원소 1개에 도면 17개의 설명이 뭉쳐 있음 — 도면 반입 시 도면 단위 분리 확인,description 길이=759
KR 10-2623411 B1,F1 도면 수 미채움,도면의 설명은 반입됐으나 drawing_count 가 0 (도면 미반입),figures=1 drawing_count=0
KR 10-2623411 B1,F2 도면별 분리 필요,figures 원소 1개에 도면 38개의 설명이 뭉쳐 있음 — 도면 반입 시 도면 단위 분리 확인,description 길이=1381
KR 10-2704256 B1,F1 도면 수 미채움,도면의 설명은 반입됐으나 drawing_count 가 0 (도면 미반입),figures=1 drawing_count=0
KR 10-2704256 B1,F2 도면별 분리 필요,figures 원소 1개에 도면 8개의 설명이 뭉쳐 있음 — 도면 반입 시 도면 단위 분리 확인,description 길이=820
KR 10-2650760 B1,F1 도면 수 미채움,도면의 설명은 반입됐으나 drawing_count 가 0 (도면 미반입),figures=1 drawing_count=0
KR 10-2690058 B1,F1 도면 수 미채움,도면의 설명은 반입됐으나 drawing_count 가 0 (도면 미반입),figures=1 drawing_count=0
KR 10-2718081 B1,F1 도면 수 미채움,도면의 설명은 반입됐으나 drawing_count 가 0 (도면 미반입),figures=1 drawing_count=0
KR 10-2718081 B1,F2 도면별 분리 필요,figures 원소 1개에 도면 16개의 설명이 뭉쳐 있음 — 도면 반입 시 도면 단위 분리 확인,description 길이=490
KR 10-2636348 B1,F1 도면 수 미채움,도면의 설명은 반입됐으나 drawing_count 가 0 (도면 미반입),figures=1 drawing_count=0
KR 10-2636348 B1,F2 도면별 분리 필요,figures 원소 1개에 도면 75개의 설명이 뭉쳐 있음 — 도면 반입 시 도면 단위 분리 확인,description 길이=4628
KR 10-2704810 B1,F1 도면 수 미채움,도면의 설명은 반입됐으나 drawing_count 가 0 (도면 미반입),figures=1 drawing_count=0
KR 10-2704810 B1,F2 도면별 분리 필요,figures 원소 1개에 도면 7개의 설명이 뭉쳐 있음 — 도면 반입 시 도면 단위 분리 확인,description 길이=412
KR 10-2652261 B1,F1 도면 수 미채움,도면의 설명은 반입됐으나 drawing_count 가 0 (도면 미반입),figures=1 drawing_count=0
KR 10-2652261 B1,F2 도면별 분리 필요,figures 원소 1개에 도면 17개의 설명이 뭉쳐 있음 — 도면 반입 시 도면 단위 분리 확인,description 길이=589
KR 10-2690853 B1,F1 도면 수 미채움,도면의 설명은 반입됐으나 drawing_count 가 0 (도면 미반입),figures=1 drawing_count=0
KR 10-2690853 B1,F2 도면별 분리 필요,figures 원소 1개에 도면 7개의 설명이 뭉쳐 있음 — 도면 반입 시 도면 단위 분리 확인,description 길이=477
KR 10-2716147 B1,F1 도면 수 미채움,도면의 설명은 반입됐으나 drawing_count 가 0 (도면 미반입),figures=1 drawing_count=0
KR 10-2716147 B1,F2 도면별 분리 필요,figures 원소 1개에 도면 7개의 설명이 뭉쳐 있음 — 도면 반입 시 도면 단위 분리 확인,description 길이=757
KR 10-2637948 B1,F1 도면 수 미채움,도면의 설명은 반입됐으나 drawing_count 가 0 (도면 미반입),figures=1 drawing_count=0
KR 10-2637948 B1,F2 도면별 분리 필요,figures 원소 1개에 도면 7개의 설명이 뭉쳐 있음 — 도면 반입 시 도면 단위 분리 확인,description 길이=360
KR 10-2732252 B1,F1 도면 수 미채움,도면의 설명은 반입됐으나 drawing_count 가 0 (도면 미반입),figures=1 drawing_count=0
KR 10-2732252 B1,F2 도면별 분리 필요,figures 원소 1개에 도면 6개의 설명이 뭉쳐 있음 — 도면 반입 시 도면 단위 분리 확인,description 길이=289
KR 10-2663907 B1,F1 도면 수 미채움,도면의 설명은 반입됐으나 drawing_count 가 0 (도면 미반입),figures=1 drawing_count=0
KR 10-2663907 B1,F2 도면별 분리 필요,figures 원소 1개에 도면 10개의 설명이 뭉쳐 있음 — 도면 반입 시 도면 단위 분리 확인,description 길이=869
KR 10-2624035 B1,F1 도면 수 미채움,도면의 설명은 반입됐으나 drawing_count 가 0 (도면 미반입),figures=1 drawing_count=0
KR 10-2624035 B1,F2 도면별 분리 필요,figures 원소 1개에 도면 7개의 설명이 뭉쳐 있음 — 도면 반입 시 도면 단위 분리 확인,description 길이=957
KR 10-2704439 B1,F1 도면 수 미채움,도면의 설명은 반입됐으나 drawing_count 가 0 (도면 미반입),figures=1 drawing_count=0
KR 10-2704439 B1,F2 도면별 분리 필요,figures 원소 1개에 도면 4개의 설명이 뭉쳐 있음 — 도면 반입 시 도면 단위 분리 확인,description 길이=216
KR 10-2690391 B1,F1 도면 수 미채움,도면의 설명은 반입됐으나 drawing_count 가 0 (도면 미반입),figures=1 drawing_count=0
KR 10-2690391 B1,F2 도면별 분리 필요,figures 원소 1개에 도면 7개의 설명이 뭉쳐 있음 — 도면 반입 시 도면 단위 분리 확인,description 길이=506
KR 10-2716864 B1,F1 도면 수 미채움,도면의 설명은 반입됐으나 drawing_count 가 0 (도면 미반입),figures=1 drawing_count=0
KR 10-2716864 B1,F2 도면별 분리 필요,figures 원소 1개에 도면 19개의 설명이 뭉쳐 있음 — 도면 반입 시 도면 단위 분리 확인,description 길이=828
KR 10-2638043 B1,F1 도면 수 미채움,도면의 설명은 반입됐으나 drawing_count 가 0 (도면 미반입),figures=1 drawing_count=0
KR 10-2638043 B1,F2 도면별 분리 필요,figures 원소 1개에 도면 4개의 설명이 뭉쳐 있음 — 도면 반입 시 도면 단위 분리 확인,description 길이=176
KR 10-2732250 B1,F1 도면 수 미채움,도면의 설명은 반입됐으나 drawing_count 가 0 (도면 미반입),figures=1 drawing_count=0
KR 10-2732250 B1,F2 도면별 분리 필요,figures 원소 1개에 도면 12개의 설명이 뭉쳐 있음 — 도면 반입 시 도면 단위 분리 확인,description 길이=906
KR 10-2665633 B1,F1 도면 수 미채움,도면의 설명은 반입됐으나 drawing_count 가 0 (도면 미반입),figures=1 drawing_count=0
KR 10-2665633 B1,F2 도면별 분리 필요,figures 원소 1개에 도면 6개의 설명이 뭉쳐 있음 — 도면 반입 시 도면 단위 분리 확인,description 길이=142
KR 10-2623578 B1,F1 도면 수 미채움,도면의 설명은 반입됐으나 drawing_count 가 0 (도면 미반입),figures=1 drawing_count=0
KR 10-2623578 B1,F2 도면별 분리 필요,figures 원소 1개에 도면 5개의 설명이 뭉쳐 있음 — 도면 반입 시 도면 단위 분리 확인,description 길이=345
KR 10-2705139 B1,F1 도면 수 미채움,도면의 설명은 반입됐으나 drawing_count 가 0 (도면 미반입),figures=1 drawing_count=0
KR 10-2705139 B1,F2 도면별 분리 필요,figures 원소 1개에 도면 11개의 설명이 뭉쳐 있음 — 도면 반입 시 도면 단위 분리 확인,description 길이=422
KR 10-2650246 B1,F1 도면 수 미채움,도면의 설명은 반입됐으나 drawing_count 가 0 (도면 미반입),figures=1 drawing_count=0
KR 10-2650246 B1,F2 도면별 분리 필요,figures 원소 1개에 도면 8개의 설명이 뭉쳐 있음 — 도면 반입 시 도면 단위 분리 확인,description 길이=191
KR 10-2691665 B1,F1 도면 수 미채움,도면의 설명은 반입됐으나 drawing_count 가 0 (도면 미반입),figures=1 drawing_count=0
KR 10-2691665 B1,F2 도면별 분리 필요,figures 원소 1개에 도면 3개의 설명이 뭉쳐 있음 — 도면 반입 시 도면 단위 분리 확인,description 길이=154
KR 10-2717952 B1,F1 도면 수 미채움,도면의 설명은 반입됐으나 drawing_count 가 0 (도면 미반입),figures=1 drawing_count=0
KR 10-2638167 B1,F1 도면 수 미채움,도면의 설명은 반입됐으나 drawing_count 가 0 (도면 미반입),figures=1 drawing_count=0
KR 10-2638167 B1,F2 도면별 분리 필요,figures 원소 1개에 도면 5개의 설명이 뭉쳐 있음 — 도면 반입 시 도면 단위 분리 확인,description 길이=272
KR 10-2665867 B1,F1 도면 수 미채움,도면의 설명은 반입됐으나 drawing_count 가 0 (도면 미반입),figures=1 drawing_count=0
KR 10-2665867 B1,F2 도면별 분리 필요,figures 원소 1개에 도면 32개의 설명이 뭉쳐 있음 — 도면 반입 시 도면 단위 분리 확인,description 길이=926
KR 10-2703111 B1,F1 도면 수 미채움,도면의 설명은 반입됐으나 drawing_count 가 0 (도면 미반입),figures=1 drawing_count=0
KR 10-2703111 B1,F2 도면별 분리 필요,figures 원소 1개에 도면 5개의 설명이 뭉쳐 있음 — 도면 반입 시 도면 단위 분리 확인,description 길이=492
KR 10-2651123 B1,F1 도면 수 미채움,도면의 설명은 반입됐으나 drawing_count 가 0 (도면 미반입),figures=1 drawing_count=0
KR 10-2651123 B1,F2 도면별 분리 필요,figures 원소 1개에 도면 5개의 설명이 뭉쳐 있음 — 도면 반입 시 도면 단위 분리 확인,description 길이=117
KR 10-2690215 B1,F1 도면 수 미채움,도면의 설명은 반입됐으나 drawing_count 가 0 (도면 미반입),figures=1 drawing_count=0
KR 10-2690215 B1,F2 도면별 분리 필요,figures 원소 1개에 도면 12개의 설명이 뭉쳐 있음 — 도면 반입 시 도면 단위 분리 확인,description 길이=685
KR 10-2717843 B1,F1 도면 수 미채움,도면의 설명은 반입됐으나 drawing_count 가 0 (도면 미반입),figures=1 drawing_count=0
KR 10-2717843 B1,F2 도면별 분리 필요,figures 원소 1개에 도면 14개의 설명이 뭉쳐 있음 — 도면 반입 시 도면 단위 분리 확인,description 길이=482
KR 10-2637926 B1,F1 도면 수 미채움,도면의 설명은 반입됐으나 drawing_count 가 0 (도면 미반입),figures=1 drawing_count=0
KR 10-2637926 B1,F2 도면별 분리 필요,figures 원소 1개에 도면 7개의 설명이 뭉쳐 있음 — 도면 반입 시 도면 단위 분리 확인,description 길이=417
KR 10-2731975 B1,F1 도면 수 미채움,도면의 설명은 반입됐으나 drawing_count 가 0 (도면 미반입),figures=1 drawing_count=0
KR 10-2731975 B1,F2 도면별 분리 필요,figures 원소 1개에 도면 10개의 설명이 뭉쳐 있음 — 도면 반입 시 도면 단위 분리 확인,description 길이=431
KR 10-2664883 B1,F1 도면 수 미채움,도면의 설명은 반입됐으나 drawing_count 가 0 (도면 미반입),figures=1 drawing_count=0
KR 10-2664883 B1,F2 도면별 분리 필요,figures 원소 1개에 도면 5개의 설명이 뭉쳐 있음 — 도면 반입 시 도면 단위 분리 확인,description 길이=181
KR 10-2705303 B1,F1 도면 수 미채움,도면의 설명은 반입됐으나 drawing_count 가 0 (도면 미반입),figures=1 drawing_count=0
KR 10-2705303 B1,F2 도면별 분리 필요,figures 원소 1개에 도면 5개의 설명이 뭉쳐 있음 — 도면 반입 시 도면 단위 분리 확인,description 길이=197
KR 10-2650764 B1,F1 도면 수 미채움,도면의 설명은 반입됐으나 drawing_count 가 0 (도면 미반입),figures=1 drawing_count=0
KR 10-2650764 B1,F2 도면별 분리 필요,figures 원소 1개에 도면 4개의 설명이 뭉쳐 있음 — 도면 반입 시 도면 단위 분리 확인,description 길이=323
KR 10-2691496 B1,F1 도면 수 미채움,도면의 설명은 반입됐으나 drawing_count 가 0 (도면 미반입),figures=1 drawing_count=0
KR 10-2691496 B1,F2 도면별 분리 필요,figures 원소 1개에 도면 15개의 설명이 뭉쳐 있음 — 도면 반입 시 도면 단위 분리 확인,description 길이=584
KR 10-2718682 B1,F1 도면 수 미채움,도면의 설명은 반입됐으나 drawing_count 가 0 (도면 미반입),figures=1 drawing_count=0
KR 10-2718682 B1,F2 도면별 분리 필요,figures 원소 1개에 도면 20개의 설명이 뭉쳐 있음 — 도면 반입 시 도면 단위 분리 확인,description 길이=660
KR 10-2638503 B1,F1 도면 수 미채움,도면의 설명은 반입됐으나 drawing_count 가 0 (도면 미반입),figures=1 drawing_count=0
KR 10-2638503 B1,F2 도면별 분리 필요,figures 원소 1개에 도면 12개의 설명이 뭉쳐 있음 — 도면 반입 시 도면 단위 분리 확인,description 길이=330
KR 10-2731201 B1,F1 도면 수 미채움,도면의 설명은 반입됐으나 drawing_count 가 0 (도면 미반입),figures=1 drawing_count=0
KR 10-2731201 B1,F2 도면별 분리 필요,figures 원소 1개에 도면 5개의 설명이 뭉쳐 있음 — 도면 반입 시 도면 단위 분리 확인,description 길이=334
KR 10-2665344 B1,F1 도면 수 미채움,도면의 설명은 반입됐으나 drawing_count 가 0 (도면 미반입),figures=1 drawing_count=0
KR 10-2625139 B1,F1 도면 수 미채움,도면의 설명은 반입됐으나 drawing_count 가 0 (도면 미반입),figures=1 drawing_count=0
KR 10-2625139 B1,F2 도면별 분리 필요,figures 원소 1개에 도면 18개의 설명이 뭉쳐 있음 — 도면 반입 시 도면 단위 분리 확인,description 길이=576
KR 10-2703332 B1,F1 도면 수 미채움,도면의 설명은 반입됐으나 drawing_count 가 0 (도면 미반입),figures=1 drawing_count=0
KR 10-2703332 B1,F2 도면별 분리 필요,figures 원소 1개에 도면 7개의 설명이 뭉쳐 있음 — 도면 반입 시 도면 단위 분리 확인,description 길이=597
KR 10-2650247 B1,F1 도면 수 미채움,도면의 설명은 반입됐으나 drawing_count 가 0 (도면 미반입),figures=1 drawing_count=0
KR 10-2650247 B1,F2 도면별 분리 필요,figures 원소 1개에 도면 8개의 설명이 뭉쳐 있음 — 도면 반입 시 도면 단위 분리 확인,description 길이=344
KR 10-2719398 B1,F1 도면 수 미채움,도면의 설명은 반입됐으나 drawing_count 가 0 (도면 미반입),figures=1 drawing_count=0
KR 10-2719398 B1,F2 도면별 분리 필요,figures 원소 1개에 도면 21개의 설명이 뭉쳐 있음 — 도면 반입 시 도면 단위 분리 확인,description 길이=380
KR 10-2637409 B1,F1 도면 수 미채움,도면의 설명은 반입됐으나 drawing_count 가 0 (도면 미반입),figures=1 drawing_count=0
KR 10-2637409 B1,F2 도면별 분리 필요,figures 원소 1개에 도면 7개의 설명이 뭉쳐 있음 — 도면 반입 시 도면 단위 분리 확인,description 길이=757
KR 10-2731131 B1,F1 도면 수 미채움,도면의 설명은 반입됐으나 drawing_count 가 0 (도면 미반입),figures=1 drawing_count=0
KR 10-2731131 B1,F2 도면별 분리 필요,figures 원소 1개에 도면 11개의 설명이 뭉쳐 있음 — 도면 반입 시 도면 단위 분리 확인,description 길이=1518
KR 10-2650344 B1,F1 도면 수 미채움,도면의 설명은 반입됐으나 drawing_count 가 0 (도면 미반입),figures=1 drawing_count=0
KR 10-2650344 B1,F2 도면별 분리 필요,figures 원소 1개에 도면 8개의 설명이 뭉쳐 있음 — 도면 반입 시 도면 단위 분리 확인,description 길이=299
KR 10-2690460 B1,F1 도면 수 미채움,도면의 설명은 반입됐으나 drawing_count 가 0 (도면 미반입),figures=1 drawing_count=0
KR 10-2690460 B1,F2 도면별 분리 필요,figures 원소 1개에 도면 26개의 설명이 뭉쳐 있음 — 도면 반입 시 도면 단위 분리 확인,description 길이=625
KR 10-2716169 B1,F1 도면 수 미채움,도면의 설명은 반입됐으나 drawing_count 가 0 (도면 미반입),figures=1 drawing_count=0
KR 10-2716169 B1,F2 도면별 분리 필요,figures 원소 1개에 도면 6개의 설명이 뭉쳐 있음 — 도면 반입 시 도면 단위 분리 확인,description 길이=269
KR 10-2637135 B1,F1 도면 수 미채움,도면의 설명은 반입됐으나 drawing_count 가 0 (도면 미반입),figures=1 drawing_count=0
KR 10-2637135 B1,F2 도면별 분리 필요,figures 원소 1개에 도면 13개의 설명이 뭉쳐 있음 — 도면 반입 시 도면 단위 분리 확인,description 길이=652
KR 10-2731880 B1,F1 도면 수 미채움,도면의 설명은 반입됐으나 drawing_count 가 0 (도면 미반입),figures=1 drawing_count=0
KR 10-2731880 B1,F2 도면별 분리 필요,figures 원소 1개에 도면 13개의 설명이 뭉쳐 있음 — 도면 반입 시 도면 단위 분리 확인,description 길이=1442
KR 10-2622758 B1,F1 도면 수 미채움,도면의 설명은 반입됐으나 drawing_count 가 0 (도면 미반입),figures=1 drawing_count=0
KR 10-2622758 B1,F2 도면별 분리 필요,figures 원소 1개에 도면 14개의 설명이 뭉쳐 있음 — 도면 반입 시 도면 단위 분리 확인,description 길이=435
KR 10-2651216 B1,F1 도면 수 미채움,도면의 설명은 반입됐으나 drawing_count 가 0 (도면 미반입),figures=1 drawing_count=0
KR 10-2651216 B1,F2 도면별 분리 필요,figures 원소 1개에 도면 4개의 설명이 뭉쳐 있음 — 도면 반입 시 도면 단위 분리 확인,description 길이=139
KR 10-2690746 B1,F1 도면 수 미채움,도면의 설명은 반입됐으나 drawing_count 가 0 (도면 미반입),figures=1 drawing_count=0
KR 10-2690746 B1,F2 도면별 분리 필요,figures 원소 1개에 도면 7개의 설명이 뭉쳐 있음 — 도면 반입 시 도면 단위 분리 확인,description 길이=546
KR 10-2717881 B1,F1 도면 수 미채움,도면의 설명은 반입됐으나 drawing_count 가 0 (도면 미반입),figures=1 drawing_count=0
KR 10-2717881 B1,F2 도면별 분리 필요,figures 원소 1개에 도면 15개의 설명이 뭉쳐 있음 — 도면 반입 시 도면 단위 분리 확인,description 길이=312
KR 10-2636740 B1,F1 도면 수 미채움,도면의 설명은 반입됐으나 drawing_count 가 0 (도면 미반입),figures=1 drawing_count=0
KR 10-2636740 B1,F2 도면별 분리 필요,figures 원소 1개에 도면 10개의 설명이 뭉쳐 있음 — 도면 반입 시 도면 단위 분리 확인,description 길이=278
KR 10-2731351 B1,F1 도면 수 미채움,도면의 설명은 반입됐으나 drawing_count 가 0 (도면 미반입),figures=1 drawing_count=0
KR 10-2731351 B1,F2 도면별 분리 필요,figures 원소 1개에 도면 5개의 설명이 뭉쳐 있음 — 도면 반입 시 도면 단위 분리 확인,description 길이=187
KR 10-2664678 B1,F1 도면 수 미채움,도면의 설명은 반입됐으나 drawing_count 가 0 (도면 미반입),figures=1 drawing_count=0
KR 10-2664678 B1,F2 도면별 분리 필요,figures 원소 1개에 도면 13개의 설명이 뭉쳐 있음 — 도면 반입 시 도면 단위 분리 확인,description 길이=604
KR 10-2624179 B1,F1 도면 수 미채움,도면의 설명은 반입됐으나 drawing_count 가 0 (도면 미반입),figures=1 drawing_count=0
KR 10-2624179 B1,F2 도면별 분리 필요,figures 원소 1개에 도면 4개의 설명이 뭉쳐 있음 — 도면 반입 시 도면 단위 분리 확인,description 길이=213
KR 10-2651631 B1,F1 도면 수 미채움,도면의 설명은 반입됐으나 drawing_count 가 0 (도면 미반입),figures=1 drawing_count=0
KR 10-2651631 B1,F2 도면별 분리 필요,figures 원소 1개에 도면 16개의 설명이 뭉쳐 있음 — 도면 반입 시 도면 단위 분리 확인,description 길이=555
KR 10-2691817 B1,F1 도면 수 미채움,도면의 설명은 반입됐으나 drawing_count 가 0 (도면 미반입),figures=1 drawing_count=0
KR 10-2691817 B1,F2 도면별 분리 필요,figures 원소 1개에 도면 5개의 설명이 뭉쳐 있음 — 도면 반입 시 도면 단위 분리 확인,description 길이=235
KR 10-2717911 B1,F1 도면 수 미채움,도면의 설명은 반입됐으나 drawing_count 가 0 (도면 미반입),figures=1 drawing_count=0
KR 10-2717911 B1,F2 도면별 분리 필요,figures 원소 1개에 도면 16개의 설명이 뭉쳐 있음 — 도면 반입 시 도면 단위 분리 확인,description 길이=958
KR 10-2637442 B1,F1 도면 수 미채움,도면의 설명은 반입됐으나 drawing_count 가 0 (도면 미반입),figures=1 drawing_count=0
KR 10-2637442 B1,F2 도면별 분리 필요,figures 원소 1개에 도면 12개의 설명이 뭉쳐 있음 — 도면 반입 시 도면 단위 분리 확인,description 길이=508
KR 10-2731396 B1,F1 도면 수 미채움,도면의 설명은 반입됐으나 drawing_count 가 0 (도면 미반입),figures=1 drawing_count=0
KR 10-2731396 B1,F2 도면별 분리 필요,figures 원소 1개에 도면 9개의 설명이 뭉쳐 있음 — 도면 반입 시 도면 단위 분리 확인,description 길이=467
KR 10-2625266 B1,F1 도면 수 미채움,도면의 설명은 반입됐으나 drawing_count 가 0 (도면 미반입),figures=1 drawing_count=0
KR 10-2625266 B1,F2 도면별 분리 필요,figures 원소 1개에 도면 36개의 설명이 뭉쳐 있음 — 도면 반입 시 도면 단위 분리 확인,description 길이=1335
KR 10-2703998 B1,F1 도면 수 미채움,도면의 설명은 반입됐으나 drawing_count 가 0 (도면 미반입),figures=1 drawing_count=0
KR 10-2650719 B1,F1 도면 수 미채움,도면의 설명은 반입됐으나 drawing_count 가 0 (도면 미반입),figures=1 drawing_count=0
KR 10-2650719 B1,F2 도면별 분리 필요,figures 원소 1개에 도면 8개의 설명이 뭉쳐 있음 — 도면 반입 시 도면 단위 분리 확인,description 길이=428
KR 10-2690322 B1,F1 도면 수 미채움,도면의 설명은 반입됐으나 drawing_count 가 0 (도면 미반입),figures=1 drawing_count=0
KR 10-2690322 B1,F2 도면별 분리 필요,figures 원소 1개에 도면 8개의 설명이 뭉쳐 있음 — 도면 반입 시 도면 단위 분리 확인,description 길이=291
KR 10-2637460 B1,F1 도면 수 미채움,도면의 설명은 반입됐으나 drawing_count 가 0 (도면 미반입),figures=1 drawing_count=0
KR 10-2637460 B1,F2 도면별 분리 필요,figures 원소 1개에 도면 6개의 설명이 뭉쳐 있음 — 도면 반입 시 도면 단위 분리 확인,description 길이=254
KR 10-2663090 B1,F1 도면 수 미채움,도면의 설명은 반입됐으나 drawing_count 가 0 (도면 미반입),figures=1 drawing_count=0
KR 10-2663090 B1,F2 도면별 분리 필요,figures 원소 1개에 도면 9개의 설명이 뭉쳐 있음 — 도면 반입 시 도면 단위 분리 확인,description 길이=280
KR 10-2623893 B1,F1 도면 수 미채움,도면의 설명은 반입됐으나 drawing_count 가 0 (도면 미반입),figures=1 drawing_count=0
KR 10-2703375 B1,F1 도면 수 미채움,도면의 설명은 반입됐으나 drawing_count 가 0 (도면 미반입),figures=1 drawing_count=0
KR 10-2703375 B1,F2 도면별 분리 필요,figures 원소 1개에 도면 5개의 설명이 뭉쳐 있음 — 도면 반입 시 도면 단위 분리 확인,description 길이=328
KR 10-2651622 B1,F1 도면 수 미채움,도면의 설명은 반입됐으나 drawing_count 가 0 (도면 미반입),figures=1 drawing_count=0
KR 10-2651622 B1,F2 도면별 분리 필요,figures 원소 1개에 도면 10개의 설명이 뭉쳐 있음 — 도면 반입 시 도면 단위 분리 확인,description 길이=229
KR 10-2691020 B1,F1 도면 수 미채움,도면의 설명은 반입됐으나 drawing_count 가 0 (도면 미반입),figures=1 drawing_count=0
KR 10-2691020 B1,F2 도면별 분리 필요,figures 원소 1개에 도면 20개의 설명이 뭉쳐 있음 — 도면 반입 시 도면 단위 분리 확인,description 길이=1054
KR 10-2717097 B1,F1 도면 수 미채움,도면의 설명은 반입됐으나 drawing_count 가 0 (도면 미반입),figures=1 drawing_count=0
KR 10-2717097 B1,F2 도면별 분리 필요,figures 원소 1개에 도면 38개의 설명이 뭉쳐 있음 — 도면 반입 시 도면 단위 분리 확인,description 길이=1072
KR 10-2637416 B1,F1 도면 수 미채움,도면의 설명은 반입됐으나 drawing_count 가 0 (도면 미반입),figures=1 drawing_count=0
KR 10-2637416 B1,F2 도면별 분리 필요,figures 원소 1개에 도면 42개의 설명이 뭉쳐 있음 — 도면 반입 시 도면 단위 분리 확인,description 길이=2106
KR 10-2731835 B1,F1 도면 수 미채움,도면의 설명은 반입됐으나 drawing_count 가 0 (도면 미반입),figures=1 drawing_count=0
KR 10-2731835 B1,F2 도면별 분리 필요,figures 원소 1개에 도면 28개의 설명이 뭉쳐 있음 — 도면 반입 시 도면 단위 분리 확인,description 길이=1632
KR 10-2665774 B1,F1 도면 수 미채움,도면의 설명은 반입됐으나 drawing_count 가 0 (도면 미반입),figures=1 drawing_count=0
KR 10-2665774 B1,F2 도면별 분리 필요,figures 원소 1개에 도면 21개의 설명이 뭉쳐 있음 — 도면 반입 시 도면 단위 분리 확인,description 길이=1323
KR 10-2623775 B1,F1 도면 수 미채움,도면의 설명은 반입됐으나 drawing_count 가 0 (도면 미반입),figures=1 drawing_count=0
KR 10-2623775 B1,F2 도면별 분리 필요,figures 원소 1개에 도면 9개의 설명이 뭉쳐 있음 — 도면 반입 시 도면 단위 분리 확인,description 길이=474
KR 10-2651478 B1,F1 도면 수 미채움,도면의 설명은 반입됐으나 drawing_count 가 0 (도면 미반입),figures=1 drawing_count=0
KR 10-2651478 B1,F2 도면별 분리 필요,figures 원소 1개에 도면 6개의 설명이 뭉쳐 있음 — 도면 반입 시 도면 단위 분리 확인,description 길이=224
KR 10-2692268 B1,F1 도면 수 미채움,도면의 설명은 반입됐으나 drawing_count 가 0 (도면 미반입),figures=1 drawing_count=0
KR 10-2692268 B1,F2 도면별 분리 필요,figures 원소 1개에 도면 4개의 설명이 뭉쳐 있음 — 도면 반입 시 도면 단위 분리 확인,description 길이=213
KR 10-2637603 B1,F1 도면 수 미채움,도면의 설명은 반입됐으나 drawing_count 가 0 (도면 미반입),figures=1 drawing_count=0
KR 10-2637603 B1,F2 도면별 분리 필요,figures 원소 1개에 도면 12개의 설명이 뭉쳐 있음 — 도면 반입 시 도면 단위 분리 확인,description 길이=1032
KR 10-2665346 B1,F1 도면 수 미채움,도면의 설명은 반입됐으나 drawing_count 가 0 (도면 미반입),figures=1 drawing_count=0
KR 10-2665346 B1,F2 도면별 분리 필요,figures 원소 1개에 도면 13개의 설명이 뭉쳐 있음 — 도면 반입 시 도면 단위 분리 확인,description 길이=949
KR 10-2624028 B1,F1 도면 수 미채움,도면의 설명은 반입됐으나 drawing_count 가 0 (도면 미반입),figures=1 drawing_count=0
KR 10-2624028 B1,F2 도면별 분리 필요,figures 원소 1개에 도면 8개의 설명이 뭉쳐 있음 — 도면 반입 시 도면 단위 분리 확인,description 길이=217
KR 10-2704457 B1,F1 도면 수 미채움,도면의 설명은 반입됐으나 drawing_count 가 0 (도면 미반입),figures=1 drawing_count=0
KR 10-2704457 B1,F2 도면별 분리 필요,figures 원소 1개에 도면 9개의 설명이 뭉쳐 있음 — 도면 반입 시 도면 단위 분리 확인,description 길이=327
KR 10-2650378 B1,F1 도면 수 미채움,도면의 설명은 반입됐으나 drawing_count 가 0 (도면 미반입),figures=1 drawing_count=0
KR 10-2650378 B1,F2 도면별 분리 필요,figures 원소 1개에 도면 5개의 설명이 뭉쳐 있음 — 도면 반입 시 도면 단위 분리 확인,description 길이=324
KR 10-2636960 B1,F1 도면 수 미채움,도면의 설명은 반입됐으나 drawing_count 가 0 (도면 미반입),figures=1 drawing_count=0
KR 10-2636960 B1,F2 도면별 분리 필요,figures 원소 1개에 도면 4개의 설명이 뭉쳐 있음 — 도면 반입 시 도면 단위 분리 확인,description 길이=113
KR 10-2731189 B1,F1 도면 수 미채움,도면의 설명은 반입됐으나 drawing_count 가 0 (도면 미반입),figures=1 drawing_count=0
KR 10-2731189 B1,F2 도면별 분리 필요,figures 원소 1개에 도면 16개의 설명이 뭉쳐 있음 — 도면 반입 시 도면 단위 분리 확인,description 길이=978
KR 10-2665266 B1,F1 도면 수 미채움,도면의 설명은 반입됐으나 drawing_count 가 0 (도면 미반입),figures=1 drawing_count=0
KR 10-2665266 B1,F2 도면별 분리 필요,figures 원소 1개에 도면 9개의 설명이 뭉쳐 있음 — 도면 반입 시 도면 단위 분리 확인,description 길이=757
KR 10-2624091 B1,F1 도면 수 미채움,도면의 설명은 반입됐으나 drawing_count 가 0 (도면 미반입),figures=1 drawing_count=0
KR 10-2624091 B1,F2 도면별 분리 필요,figures 원소 1개에 도면 3개의 설명이 뭉쳐 있음 — 도면 반입 시 도면 단위 분리 확인,description 길이=215
KR 10-2704344 B1,F1 도면 수 미채움,도면의 설명은 반입됐으나 drawing_count 가 0 (도면 미반입),figures=1 drawing_count=0
KR 10-2704344 B1,F2 도면별 분리 필요,figures 원소 1개에 도면 5개의 설명이 뭉쳐 있음 — 도면 반입 시 도면 단위 분리 확인,description 길이=286
KR 10-2650949 B1,F1 도면 수 미채움,도면의 설명은 반입됐으나 drawing_count 가 0 (도면 미반입),figures=1 drawing_count=0
KR 10-2650949 B1,F2 도면별 분리 필요,figures 원소 1개에 도면 9개의 설명이 뭉쳐 있음 — 도면 반입 시 도면 단위 분리 확인,description 길이=267
KR 10-2691397 B1,F1 도면 수 미채움,도면의 설명은 반입됐으나 drawing_count 가 0 (도면 미반입),figures=1 drawing_count=0
KR 10-2691397 B1,F2 도면별 분리 필요,figures 원소 1개에 도면 39개의 설명이 뭉쳐 있음 — 도면 반입 시 도면 단위 분리 확인,description 길이=1630
KR 10-2718462 B1,F1 도면 수 미채움,도면의 설명은 반입됐으나 drawing_count 가 0 (도면 미반입),figures=1 drawing_count=0
KR 10-2718462 B1,F2 도면별 분리 필요,figures 원소 1개에 도면 5개의 설명이 뭉쳐 있음 — 도면 반입 시 도면 단위 분리 확인,description 길이=387
KR 10-2665357 B1,F1 도면 수 미채움,도면의 설명은 반입됐으나 drawing_count 가 0 (도면 미반입),figures=1 drawing_count=0
KR 10-2665357 B1,F2 도면별 분리 필요,figures 원소 1개에 도면 10개의 설명이 뭉쳐 있음 — 도면 반입 시 도면 단위 분리 확인,description 길이=214
KR 10-2622997 B1,F1 도면 수 미채움,도면의 설명은 반입됐으나 drawing_count 가 0 (도면 미반입),figures=1 drawing_count=0
KR 10-2622997 B1,F2 도면별 분리 필요,figures 원소 1개에 도면 6개의 설명이 뭉쳐 있음 — 도면 반입 시 도면 단위 분리 확인,description 길이=306
KR 10-2703989 B1,F1 도면 수 미채움,도면의 설명은 반입됐으나 drawing_count 가 0 (도면 미반입),figures=1 drawing_count=0
KR 10-2703989 B1,F2 도면별 분리 필요,figures 원소 1개에 도면 3개의 설명이 뭉쳐 있음 — 도면 반입 시 도면 단위 분리 확인,description 길이=193
KR 10-2650505 B1,F1 도면 수 미채움,도면의 설명은 반입됐으나 drawing_count 가 0 (도면 미반입),figures=1 drawing_count=0
KR 10-2650505 B1,F2 도면별 분리 필요,figures 원소 1개에 도면 5개의 설명이 뭉쳐 있음 — 도면 반입 시 도면 단위 분리 확인,description 길이=230
KR 10-2718421 B1,F1 도면 수 미채움,도면의 설명은 반입됐으나 drawing_count 가 0 (도면 미반입),figures=1 drawing_count=0
KR 10-2718421 B1,F2 도면별 분리 필요,figures 원소 1개에 도면 17개의 설명이 뭉쳐 있음 — 도면 반입 시 도면 단위 분리 확인,description 길이=1144
KR 10-2636805 B1,F1 도면 수 미채움,도면의 설명은 반입됐으나 drawing_count 가 0 (도면 미반입),figures=1 drawing_count=0
KR 10-2636805 B1,F2 도면별 분리 필요,figures 원소 1개에 도면 14개의 설명이 뭉쳐 있음 — 도면 반입 시 도면 단위 분리 확인,description 길이=741
KR 10-2732714 B1,F1 도면 수 미채움,도면의 설명은 반입됐으나 drawing_count 가 0 (도면 미반입),figures=1 drawing_count=0
KR 10-2732714 B1,F2 도면별 분리 필요,figures 원소 1개에 도면 7개의 설명이 뭉쳐 있음 — 도면 반입 시 도면 단위 분리 확인,description 길이=193
KR 10-2663876 B1,F1 도면 수 미채움,도면의 설명은 반입됐으나 drawing_count 가 0 (도면 미반입),figures=1 drawing_count=0
KR 10-2663876 B1,F2 도면별 분리 필요,figures 원소 1개에 도면 11개의 설명이 뭉쳐 있음 — 도면 반입 시 도면 단위 분리 확인,description 길이=334
KR 10-2703945 B1,F1 도면 수 미채움,도면의 설명은 반입됐으나 drawing_count 가 0 (도면 미반입),figures=1 drawing_count=0
KR 10-2703945 B1,F2 도면별 분리 필요,figures 원소 1개에 도면 3개의 설명이 뭉쳐 있음 — 도면 반입 시 도면 단위 분리 확인,description 길이=162
KR 10-2717549 B1,F1 도면 수 미채움,도면의 설명은 반입됐으나 drawing_count 가 0 (도면 미반입),figures=1 drawing_count=0
KR 10-2717549 B1,F2 도면별 분리 필요,figures 원소 1개에 도면 5개의 설명이 뭉쳐 있음 — 도면 반입 시 도면 단위 분리 확인,description 길이=187
KR 10-2636823 B1,F1 도면 수 미채움,도면의 설명은 반입됐으나 drawing_count 가 0 (도면 미반입),figures=1 drawing_count=0
KR 10-2636823 B1,F2 도면별 분리 필요,figures 원소 1개에 도면 19개의 설명이 뭉쳐 있음 — 도면 반입 시 도면 단위 분리 확인,description 길이=453
KR 10-2731192 B1,F1 도면 수 미채움,도면의 설명은 반입됐으나 drawing_count 가 0 (도면 미반입),figures=1 drawing_count=0
KR 10-2731192 B1,F2 도면별 분리 필요,figures 원소 1개에 도면 3개의 설명이 뭉쳐 있음 — 도면 반입 시 도면 단위 분리 확인,description 길이=186
KR 10-2665555 B1,F1 도면 수 미채움,도면의 설명은 반입됐으나 drawing_count 가 0 (도면 미반입),figures=1 drawing_count=0
KR 10-2665555 B1,F2 도면별 분리 필요,figures 원소 1개에 도면 7개의 설명이 뭉쳐 있음 — 도면 반입 시 도면 단위 분리 확인,description 길이=213
KR 10-2623840 B1,F1 도면 수 미채움,도면의 설명은 반입됐으나 drawing_count 가 0 (도면 미반입),figures=1 drawing_count=0
KR 10-2623840 B1,F2 도면별 분리 필요,figures 원소 1개에 도면 7개의 설명이 뭉쳐 있음 — 도면 반입 시 도면 단위 분리 확인,description 길이=394
KR 10-2703403 B1,F1 도면 수 미채움,도면의 설명은 반입됐으나 drawing_count 가 0 (도면 미반입),figures=1 drawing_count=0
KR 10-2703403 B1,F2 도면별 분리 필요,figures 원소 1개에 도면 14개의 설명이 뭉쳐 있음 — 도면 반입 시 도면 단위 분리 확인,description 길이=394
KR 10-2651240 B1,F1 도면 수 미채움,도면의 설명은 반입됐으나 drawing_count 가 0 (도면 미반입),figures=1 drawing_count=0
KR 10-2689621 B1,F1 도면 수 미채움,도면의 설명은 반입됐으나 drawing_count 가 0 (도면 미반입),figures=1 drawing_count=0
KR 10-2689621 B1,F2 도면별 분리 필요,figures 원소 1개에 도면 4개의 설명이 뭉쳐 있음 — 도면 반입 시 도면 단위 분리 확인,description 길이=182
KR 10-2717696 B1,F1 도면 수 미채움,도면의 설명은 반입됐으나 drawing_count 가 0 (도면 미반입),figures=1 drawing_count=0
KR 10-2717696 B1,F2 도면별 분리 필요,figures 원소 1개에 도면 4개의 설명이 뭉쳐 있음 — 도면 반입 시 도면 단위 분리 확인,description 길이=254
KR 10-2637227 B1,F1 도면 수 미채움,도면의 설명은 반입됐으나 drawing_count 가 0 (도면 미반입),figures=1 drawing_count=0
KR 10-2637227 B1,F2 도면별 분리 필요,figures 원소 1개에 도면 4개의 설명이 뭉쳐 있음 — 도면 반입 시 도면 단위 분리 확인,description 길이=232
KR 10-2731771 B1,F1 도면 수 미채움,도면의 설명은 반입됐으나 drawing_count 가 0 (도면 미반입),figures=1 drawing_count=0
KR 10-2731771 B1,F2 도면별 분리 필요,figures 원소 1개에 도면 7개의 설명이 뭉쳐 있음 — 도면 반입 시 도면 단위 분리 확인,description 길이=155
KR 10-2664534 B1,F1 도면 수 미채움,도면의 설명은 반입됐으나 drawing_count 가 0 (도면 미반입),figures=1 drawing_count=0
KR 10-2664534 B1,F2 도면별 분리 필요,figures 원소 1개에 도면 8개의 설명이 뭉쳐 있음 — 도면 반입 시 도면 단위 분리 확인,description 길이=210
KR 10-2651927 B1,F1 도면 수 미채움,도면의 설명은 반입됐으나 drawing_count 가 0 (도면 미반입),figures=1 drawing_count=0
KR 10-2651927 B1,F2 도면별 분리 필요,figures 원소 1개에 도면 10개의 설명이 뭉쳐 있음 — 도면 반입 시 도면 단위 분리 확인,description 길이=492
KR 10-2690569 B1,F1 도면 수 미채움,도면의 설명은 반입됐으나 drawing_count 가 0 (도면 미반입),figures=1 drawing_count=0
KR 10-2690569 B1,F2 도면별 분리 필요,figures 원소 1개에 도면 7개의 설명이 뭉쳐 있음 — 도면 반입 시 도면 단위 분리 확인,description 길이=344
KR 10-2717605 B1,F1 도면 수 미채움,도면의 설명은 반입됐으나 drawing_count 가 0 (도면 미반입),figures=1 drawing_count=0
KR 10-2717605 B1,F2 도면별 분리 필요,figures 원소 1개에 도면 3개의 설명이 뭉쳐 있음 — 도면 반입 시 도면 단위 분리 확인,description 길이=146
KR 10-2637015 B1,F1 도면 수 미채움,도면의 설명은 반입됐으나 drawing_count 가 0 (도면 미반입),figures=1 drawing_count=0
KR 10-2637015 B1,F2 도면별 분리 필요,figures 원소 1개에 도면 15개의 설명이 뭉쳐 있음 — 도면 반입 시 도면 단위 분리 확인,description 길이=367
KR 10-2732538 B1,F1 도면 수 미채움,도면의 설명은 반입됐으나 drawing_count 가 0 (도면 미반입),figures=1 drawing_count=0
KR 10-2732538 B1,F2 도면별 분리 필요,figures 원소 1개에 도면 26개의 설명이 뭉쳐 있음 — 도면 반입 시 도면 단위 분리 확인,description 길이=654
KR 10-2665178 B1,F1 도면 수 미채움,도면의 설명은 반입됐으나 drawing_count 가 0 (도면 미반입),figures=1 drawing_count=0
KR 10-2665178 B1,F2 도면별 분리 필요,figures 원소 1개에 도면 39개의 설명이 뭉쳐 있음 — 도면 반입 시 도면 단위 분리 확인,description 길이=1362
KR 10-2624140 B1,F1 도면 수 미채움,도면의 설명은 반입됐으나 drawing_count 가 0 (도면 미반입),figures=1 drawing_count=0
KR 10-2624140 B1,F2 도면별 분리 필요,figures 원소 1개에 도면 10개의 설명이 뭉쳐 있음 — 도면 반입 시 도면 단위 분리 확인,description 길이=480
KR 10-2703898 B1,F1 도면 수 미채움,도면의 설명은 반입됐으나 drawing_count 가 0 (도면 미반입),figures=1 drawing_count=0
KR 10-2703898 B1,F2 도면별 분리 필요,figures 원소 1개에 도면 12개의 설명이 뭉쳐 있음 — 도면 반입 시 도면 단위 분리 확인,description 길이=603
KR 10-2650184 B1,F1 도면 수 미채움,도면의 설명은 반입됐으나 drawing_count 가 0 (도면 미반입),figures=1 drawing_count=0
KR 10-2650184 B1,F2 도면별 분리 필요,figures 원소 1개에 도면 5개의 설명이 뭉쳐 있음 — 도면 반입 시 도면 단위 분리 확인,description 길이=164
KR 10-2691474 B1,F1 도면 수 미채움,도면의 설명은 반입됐으나 drawing_count 가 0 (도면 미반입),figures=1 drawing_count=0
KR 10-2691474 B1,F2 도면별 분리 필요,figures 원소 1개에 도면 5개의 설명이 뭉쳐 있음 — 도면 반입 시 도면 단위 분리 확인,description 길이=315
KR 10-2718243 B1,F1 도면 수 미채움,도면의 설명은 반입됐으나 drawing_count 가 0 (도면 미반입),figures=1 drawing_count=0
KR 10-2718243 B1,F2 도면별 분리 필요,figures 원소 1개에 도면 25개의 설명이 뭉쳐 있음 — 도면 반입 시 도면 단위 분리 확인,description 길이=507
KR 10-2637883 B1,F1 도면 수 미채움,도면의 설명은 반입됐으나 drawing_count 가 0 (도면 미반입),figures=1 drawing_count=0
KR 10-2664010 B1,F1 도면 수 미채움,도면의 설명은 반입됐으나 drawing_count 가 0 (도면 미반입),figures=1 drawing_count=0
KR 10-2664010 B1,F2 도면별 분리 필요,figures 원소 1개에 도면 11개의 설명이 뭉쳐 있음 — 도면 반입 시 도면 단위 분리 확인,description 길이=371
KR 10-2624124 B1,F1 도면 수 미채움,도면의 설명은 반입됐으나 drawing_count 가 0 (도면 미반입),figures=1 drawing_count=0
KR 10-2624124 B1,F2 도면별 분리 필요,figures 원소 1개에 도면 12개의 설명이 뭉쳐 있음 — 도면 반입 시 도면 단위 분리 확인,description 길이=484
KR 10-2703625 B1,F1 도면 수 미채움,도면의 설명은 반입됐으나 drawing_count 가 0 (도면 미반입),figures=1 drawing_count=0
KR 10-2703625 B1,F2 도면별 분리 필요,figures 원소 1개에 도면 22개의 설명이 뭉쳐 있음 — 도면 반입 시 도면 단위 분리 확인,description 길이=1974
KR 10-2649887 B1,F1 도면 수 미채움,도면의 설명은 반입됐으나 drawing_count 가 0 (도면 미반입),figures=1 drawing_count=0
KR 10-2649887 B1,F2 도면별 분리 필요,figures 원소 1개에 도면 48개의 설명이 뭉쳐 있음 — 도면 반입 시 도면 단위 분리 확인,description 길이=6954
KR 10-2691539 B1,F1 도면 수 미채움,도면의 설명은 반입됐으나 drawing_count 가 0 (도면 미반입),figures=1 drawing_count=0
KR 10-2691539 B1,F2 도면별 분리 필요,figures 원소 1개에 도면 4개의 설명이 뭉쳐 있음 — 도면 반입 시 도면 단위 분리 확인,description 길이=190
KR 10-2717367 B1,F1 도면 수 미채움,도면의 설명은 반입됐으나 drawing_count 가 0 (도면 미반입),figures=1 drawing_count=0
KR 10-2717367 B1,F2 도면별 분리 필요,figures 원소 1개에 도면 5개의 설명이 뭉쳐 있음 — 도면 반입 시 도면 단위 분리 확인,description 길이=197
KR 10-2638198 B1,F1 도면 수 미채움,도면의 설명은 반입됐으나 drawing_count 가 0 (도면 미반입),figures=1 drawing_count=0
KR 10-2638198 B1,F2 도면별 분리 필요,figures 원소 1개에 도면 4개의 설명이 뭉쳐 있음 — 도면 반입 시 도면 단위 분리 확인,description 길이=228
KR 10-2732670 B1,F1 도면 수 미채움,도면의 설명은 반입됐으나 drawing_count 가 0 (도면 미반입),figures=1 drawing_count=0
KR 10-2732670 B1,F2 도면별 분리 필요,figures 원소 1개에 도면 38개의 설명이 뭉쳐 있음 — 도면 반입 시 도면 단위 분리 확인,description 길이=2082
KR 10-2665657 B1,F1 도면 수 미채움,도면의 설명은 반입됐으나 drawing_count 가 0 (도면 미반입),figures=1 drawing_count=0
KR 10-2665657 B1,F2 도면별 분리 필요,figures 원소 1개에 도면 32개의 설명이 뭉쳐 있음 — 도면 반입 시 도면 단위 분리 확인,description 길이=1969
KR 10-2704862 B1,F1 도면 수 미채움,도면의 설명은 반입됐으나 drawing_count 가 0 (도면 미반입),figures=1 drawing_count=0
KR 10-2704862 B1,F2 도면별 분리 필요,figures 원소 1개에 도면 12개의 설명이 뭉쳐 있음 — 도면 반입 시 도면 단위 분리 확인,description 길이=824
KR 10-2651267 B1,F1 도면 수 미채움,도면의 설명은 반입됐으나 drawing_count 가 0 (도면 미반입),figures=1 drawing_count=0
KR 10-2651267 B1,F2 도면별 분리 필요,figures 원소 1개에 도면 9개의 설명이 뭉쳐 있음 — 도면 반입 시 도면 단위 분리 확인,description 길이=560
KR 10-2690782 B1,F1 도면 수 미채움,도면의 설명은 반입됐으나 drawing_count 가 0 (도면 미반입),figures=1 drawing_count=0
KR 10-2690782 B1,F2 도면별 분리 필요,figures 원소 1개에 도면 7개의 설명이 뭉쳐 있음 — 도면 반입 시 도면 단위 분리 확인,description 길이=249
KR 10-2638432 B1,F1 도면 수 미채움,도면의 설명은 반입됐으나 drawing_count 가 0 (도면 미반입),figures=1 drawing_count=0
KR 10-2638432 B1,F2 도면별 분리 필요,figures 원소 1개에 도면 10개의 설명이 뭉쳐 있음 — 도면 반입 시 도면 단위 분리 확인,description 길이=501
KR 10-2624085 B1,F1 도면 수 미채움,도면의 설명은 반입됐으나 drawing_count 가 0 (도면 미반입),figures=1 drawing_count=0
KR 10-2624085 B1,F2 도면별 분리 필요,figures 원소 1개에 도면 7개의 설명이 뭉쳐 있음 — 도면 반입 시 도면 단위 분리 확인,description 길이=454
KR 10-2650509 B1,F1 도면 수 미채움,도면의 설명은 반입됐으나 drawing_count 가 0 (도면 미반입),figures=1 drawing_count=0
KR 10-2650509 B1,F2 도면별 분리 필요,figures 원소 1개에 도면 10개의 설명이 뭉쳐 있음 — 도면 반입 시 도면 단위 분리 확인,description 길이=422
KR 10-2689763 B1,F1 도면 수 미채움,도면의 설명은 반입됐으나 drawing_count 가 0 (도면 미반입),figures=1 drawing_count=0
KR 10-2689763 B1,F2 도면별 분리 필요,figures 원소 1개에 도면 3개의 설명이 뭉쳐 있음 — 도면 반입 시 도면 단위 분리 확인,description 길이=167
KR 10-2716666 B1,F1 도면 수 미채움,도면의 설명은 반입됐으나 drawing_count 가 0 (도면 미반입),figures=1 drawing_count=0
KR 10-2716666 B1,F2 도면별 분리 필요,figures 원소 1개에 도면 14개의 설명이 뭉쳐 있음 — 도면 반입 시 도면 단위 분리 확인,description 길이=537
KR 10-2637608 B1,F1 도면 수 미채움,도면의 설명은 반입됐으나 drawing_count 가 0 (도면 미반입),figures=1 drawing_count=0
KR 10-2637608 B1,F2 도면별 분리 필요,figures 원소 1개에 도면 10개의 설명이 뭉쳐 있음 — 도면 반입 시 도면 단위 분리 확인,description 길이=913
KR 10-2731767 B1,F1 도면 수 미채움,도면의 설명은 반입됐으나 drawing_count 가 0 (도면 미반입),figures=1 drawing_count=0
KR 10-2731767 B1,F2 도면별 분리 필요,figures 원소 1개에 도면 8개의 설명이 뭉쳐 있음 — 도면 반입 시 도면 단위 분리 확인,description 길이=348
KR 10-2623630 B1,F1 도면 수 미채움,도면의 설명은 반입됐으나 drawing_count 가 0 (도면 미반입),figures=1 drawing_count=0
KR 10-2623630 B1,F2 도면별 분리 필요,figures 원소 1개에 도면 40개의 설명이 뭉쳐 있음 — 도면 반입 시 도면 단위 분리 확인,description 길이=815
KR 10-2702763 B1,F1 도면 수 미채움,도면의 설명은 반입됐으나 drawing_count 가 0 (도면 미반입),figures=1 drawing_count=0
KR 10-2702763 B1,F2 도면별 분리 필요,figures 원소 1개에 도면 11개의 설명이 뭉쳐 있음 — 도면 반입 시 도면 단위 분리 확인,description 길이=420
KR 10-2651379 B1,F1 도면 수 미채움,도면의 설명은 반입됐으나 drawing_count 가 0 (도면 미반입),figures=1 drawing_count=0
KR 10-2651379 B1,F2 도면별 분리 필요,figures 원소 1개에 도면 12개의 설명이 뭉쳐 있음 — 도면 반입 시 도면 단위 분리 확인,description 길이=617
KR 10-2689386 B1,F1 도면 수 미채움,도면의 설명은 반입됐으나 drawing_count 가 0 (도면 미반입),figures=1 drawing_count=0
KR 10-2689386 B1,F2 도면별 분리 필요,figures 원소 1개에 도면 7개의 설명이 뭉쳐 있음 — 도면 반입 시 도면 단위 분리 확인,description 길이=374
KR 10-2717719 B1,F1 도면 수 미채움,도면의 설명은 반입됐으나 drawing_count 가 0 (도면 미반입),figures=1 drawing_count=0
KR 10-2717719 B1,F2 도면별 분리 필요,figures 원소 1개에 도면 6개의 설명이 뭉쳐 있음 — 도면 반입 시 도면 단위 분리 확인,description 길이=220
KR 10-2637374 B1,F1 도면 수 미채움,도면의 설명은 반입됐으나 drawing_count 가 0 (도면 미반입),figures=1 drawing_count=0
KR 10-2637374 B1,F2 도면별 분리 필요,figures 원소 1개에 도면 5개의 설명이 뭉쳐 있음 — 도면 반입 시 도면 단위 분리 확인,description 길이=172
KR 10-2666076 B1,F1 도면 수 미채움,도면의 설명은 반입됐으나 drawing_count 가 0 (도면 미반입),figures=1 drawing_count=0
KR 10-2624478 B1,F1 도면 수 미채움,도면의 설명은 반입됐으나 drawing_count 가 0 (도면 미반입),figures=1 drawing_count=0
KR 10-2704819 B1,F1 도면 수 미채움,도면의 설명은 반입됐으나 drawing_count 가 0 (도면 미반입),figures=1 drawing_count=0
KR 10-2704819 B1,F2 도면별 분리 필요,figures 원소 1개에 도면 22개의 설명이 뭉쳐 있음 — 도면 반입 시 도면 단위 분리 확인,description 길이=1180
KR 10-2650978 B1,F1 도면 수 미채움,도면의 설명은 반입됐으나 drawing_count 가 0 (도면 미반입),figures=1 drawing_count=0
KR 10-2650978 B1,F2 도면별 분리 필요,figures 원소 1개에 도면 7개의 설명이 뭉쳐 있음 — 도면 반입 시 도면 단위 분리 확인,description 길이=692
KR 10-2691235 B1,F1 도면 수 미채움,도면의 설명은 반입됐으나 drawing_count 가 0 (도면 미반입),figures=1 drawing_count=0
KR 10-2691235 B1,F2 도면별 분리 필요,figures 원소 1개에 도면 4개의 설명이 뭉쳐 있음 — 도면 반입 시 도면 단위 분리 확인,description 길이=98
KR 10-2717690 B1,F1 도면 수 미채움,도면의 설명은 반입됐으나 drawing_count 가 0 (도면 미반입),figures=1 drawing_count=0
KR 10-2717690 B1,F2 도면별 분리 필요,figures 원소 1개에 도면 3개의 설명이 뭉쳐 있음 — 도면 반입 시 도면 단위 분리 확인,description 길이=80
KR 10-2637173 B1,F1 도면 수 미채움,도면의 설명은 반입됐으나 drawing_count 가 0 (도면 미반입),figures=1 drawing_count=0
KR 10-2637173 B1,F2 도면별 분리 필요,figures 원소 1개에 도면 13개의 설명이 뭉쳐 있음 — 도면 반입 시 도면 단위 분리 확인,description 길이=464
KR 10-2732143 B1,F1 도면 수 미채움,도면의 설명은 반입됐으나 drawing_count 가 0 (도면 미반입),figures=1 drawing_count=0
KR 10-2732143 B1,F2 도면별 분리 필요,figures 원소 1개에 도면 10개의 설명이 뭉쳐 있음 — 도면 반입 시 도면 단위 분리 확인,description 길이=482
KR 10-2665732 B1,F1 도면 수 미채움,도면의 설명은 반입됐으나 drawing_count 가 0 (도면 미반입),figures=1 drawing_count=0
KR 10-2665732 B1,F2 도면별 분리 필요,figures 원소 1개에 도면 7개의 설명이 뭉쳐 있음 — 도면 반입 시 도면 단위 분리 확인,description 길이=372
KR 10-2624165 B1,F1 도면 수 미채움,도면의 설명은 반입됐으나 drawing_count 가 0 (도면 미반입),figures=1 drawing_count=0
KR 10-2624165 B1,F2 도면별 분리 필요,figures 원소 1개에 도면 25개의 설명이 뭉쳐 있음 — 도면 반입 시 도면 단위 분리 확인,description 길이=665
KR 10-2649739 B1,F1 도면 수 미채움,도면의 설명은 반입됐으나 drawing_count 가 0 (도면 미반입),figures=1 drawing_count=0
KR 10-2649739 B1,F2 도면별 분리 필요,figures 원소 1개에 도면 9개의 설명이 뭉쳐 있음 — 도면 반입 시 도면 단위 분리 확인,description 길이=507
KR 10-2691829 B1,F1 도면 수 미채움,도면의 설명은 반입됐으나 drawing_count 가 0 (도면 미반입),figures=1 drawing_count=0
KR 10-2691829 B1,F2 도면별 분리 필요,figures 원소 1개에 도면 3개의 설명이 뭉쳐 있음 — 도면 반입 시 도면 단위 분리 확인,description 길이=85
KR 10-2717667 B1,F1 도면 수 미채움,도면의 설명은 반입됐으나 drawing_count 가 0 (도면 미반입),figures=1 drawing_count=0
KR 10-2717667 B1,F2 도면별 분리 필요,figures 원소 1개에 도면 5개의 설명이 뭉쳐 있음 — 도면 반입 시 도면 단위 분리 확인,description 길이=173
KR 10-2638124 B1,F1 도면 수 미채움,도면의 설명은 반입됐으나 drawing_count 가 0 (도면 미반입),figures=1 drawing_count=0
KR 10-2638124 B1,F2 도면별 분리 필요,figures 원소 1개에 도면 4개의 설명이 뭉쳐 있음 — 도면 반입 시 도면 단위 분리 확인,description 길이=479
KR 10-2731427 B1,F1 도면 수 미채움,도면의 설명은 반입됐으나 drawing_count 가 0 (도면 미반입),figures=1 drawing_count=0
KR 10-2731427 B1,F2 도면별 분리 필요,figures 원소 1개에 도면 17개의 설명이 뭉쳐 있음 — 도면 반입 시 도면 단위 분리 확인,description 길이=375
KR 10-2623528 B1,F1 도면 수 미채움,도면의 설명은 반입됐으나 drawing_count 가 0 (도면 미반입),figures=1 drawing_count=0
KR 10-2623528 B1,F2 도면별 분리 필요,figures 원소 1개에 도면 6개의 설명이 뭉쳐 있음 — 도면 반입 시 도면 단위 분리 확인,description 길이=353
KR 10-2651948 B1,F1 도면 수 미채움,도면의 설명은 반입됐으나 drawing_count 가 0 (도면 미반입),figures=1 drawing_count=0
KR 10-2651948 B1,F2 도면별 분리 필요,figures 원소 1개에 도면 9개의 설명이 뭉쳐 있음 — 도면 반입 시 도면 단위 분리 확인,description 길이=674
KR 10-2717869 B1,F1 도면 수 미채움,도면의 설명은 반입됐으나 drawing_count 가 0 (도면 미반입),figures=1 drawing_count=0
KR 10-2717869 B1,F2 도면별 분리 필요,figures 원소 1개에 도면 13개의 설명이 뭉쳐 있음 — 도면 반입 시 도면 단위 분리 확인,description 길이=444
KR 10-2636214 B1,F1 도면 수 미채움,도면의 설명은 반입됐으나 drawing_count 가 0 (도면 미반입),figures=1 drawing_count=0
KR 10-2636214 B1,F2 도면별 분리 필요,figures 원소 1개에 도면 5개의 설명이 뭉쳐 있음 — 도면 반입 시 도면 단위 분리 확인,description 길이=250
KR 10-2731445 B1,F1 도면 수 미채움,도면의 설명은 반입됐으나 drawing_count 가 0 (도면 미반입),figures=1 drawing_count=0
KR 10-2731445 B1,F2 도면별 분리 필요,figures 원소 1개에 도면 16개의 설명이 뭉쳐 있음 — 도면 반입 시 도면 단위 분리 확인,description 길이=809
KR 10-2623191 B1,F1 도면 수 미채움,도면의 설명은 반입됐으나 drawing_count 가 0 (도면 미반입),figures=1 drawing_count=0
KR 10-2623191 B1,F2 도면별 분리 필요,figures 원소 1개에 도면 11개의 설명이 뭉쳐 있음 — 도면 반입 시 도면 단위 분리 확인,description 길이=678
KR 10-2650099 B1,F1 도면 수 미채움,도면의 설명은 반입됐으나 drawing_count 가 0 (도면 미반입),figures=1 drawing_count=0
KR 10-2650099 B1,F2 도면별 분리 필요,figures 원소 1개에 도면 18개의 설명이 뭉쳐 있음 — 도면 반입 시 도면 단위 분리 확인,description 길이=621
KR 10-2691342 B1,F1 도면 수 미채움,도면의 설명은 반입됐으나 drawing_count 가 0 (도면 미반입),figures=1 drawing_count=0
KR 10-2691342 B1,F2 도면별 분리 필요,figures 원소 1개에 도면 7개의 설명이 뭉쳐 있음 — 도면 반입 시 도면 단위 분리 확인,description 길이=374
KR 10-2717876 B1,F1 도면 수 미채움,도면의 설명은 반입됐으나 drawing_count 가 0 (도면 미반입),figures=1 drawing_count=0
KR 10-2717876 B1,F2 도면별 분리 필요,figures 원소 1개에 도면 3개의 설명이 뭉쳐 있음 — 도면 반입 시 도면 단위 분리 확인,description 길이=258
KR 10-2637365 B1,F1 도면 수 미채움,도면의 설명은 반입됐으나 drawing_count 가 0 (도면 미반입),figures=1 drawing_count=0
KR 10-2637365 B1,F2 도면별 분리 필요,figures 원소 1개에 도면 6개의 설명이 뭉쳐 있음 — 도면 반입 시 도면 단위 분리 확인,description 길이=210
KR 10-2731418 B1,F1 도면 수 미채움,도면의 설명은 반입됐으나 drawing_count 가 0 (도면 미반입),figures=1 drawing_count=0
KR 10-2624476 B1,F1 도면 수 미채움,도면의 설명은 반입됐으나 drawing_count 가 0 (도면 미반입),figures=1 drawing_count=0
KR 10-2624476 B1,F2 도면별 분리 필요,figures 원소 1개에 도면 7개의 설명이 뭉쳐 있음 — 도면 반입 시 도면 단위 분리 확인,description 길이=282
KR 10-2704628 B1,F1 도면 수 미채움,도면의 설명은 반입됐으나 drawing_count 가 0 (도면 미반입),figures=1 drawing_count=0
KR 10-2704628 B1,F2 도면별 분리 필요,figures 원소 1개에 도면 12개의 설명이 뭉쳐 있음 — 도면 반입 시 도면 단위 분리 확인,description 길이=613
KR 10-2650659 B1,F1 도면 수 미채움,도면의 설명은 반입됐으나 drawing_count 가 0 (도면 미반입),figures=1 drawing_count=0
KR 10-2650659 B1,F2 도면별 분리 필요,figures 원소 1개에 도면 15개의 설명이 뭉쳐 있음 — 도면 반입 시 도면 단위 분리 확인,description 길이=590
KR 10-2690320 B1,F1 도면 수 미채움,도면의 설명은 반입됐으나 drawing_count 가 0 (도면 미반입),figures=1 drawing_count=0
KR 10-2690320 B1,F2 도면별 분리 필요,figures 원소 1개에 도면 7개의 설명이 뭉쳐 있음 — 도면 반입 시 도면 단위 분리 확인,description 길이=395
KR 10-2718317 B1,F1 도면 수 미채움,도면의 설명은 반입됐으나 drawing_count 가 0 (도면 미반입),figures=1 drawing_count=0
KR 10-2718317 B1,F2 도면별 분리 필요,figures 원소 1개에 도면 12개의 설명이 뭉쳐 있음 — 도면 반입 시 도면 단위 분리 확인,description 길이=281
KR 10-2637717 B1,F1 도면 수 미채움,도면의 설명은 반입됐으나 drawing_count 가 0 (도면 미반입),figures=1 drawing_count=0
KR 10-2637717 B1,F2 도면별 분리 필요,figures 원소 1개에 도면 19개의 설명이 뭉쳐 있음 — 도면 반입 시 도면 단위 분리 확인,description 길이=1798
KR 10-2732378 B1,F1 도면 수 미채움,도면의 설명은 반입됐으나 drawing_count 가 0 (도면 미반입),figures=1 drawing_count=0
KR 10-2732378 B1,F2 도면별 분리 필요,figures 원소 1개에 도면 10개의 설명이 뭉쳐 있음 — 도면 반입 시 도면 단위 분리 확인,description 길이=317
KR 10-2665908 B1,F1 도면 수 미채움,도면의 설명은 반입됐으나 drawing_count 가 0 (도면 미반입),figures=1 drawing_count=0
KR 10-2665908 B1,F2 도면별 분리 필요,figures 원소 1개에 도면 13개의 설명이 뭉쳐 있음 — 도면 반입 시 도면 단위 분리 확인,description 길이=570
KR 10-2650727 B1,F1 도면 수 미채움,도면의 설명은 반입됐으나 drawing_count 가 0 (도면 미반입),figures=1 drawing_count=0
KR 10-2650727 B1,F2 도면별 분리 필요,figures 원소 1개에 도면 19개의 설명이 뭉쳐 있음 — 도면 반입 시 도면 단위 분리 확인,description 길이=845
KR 10-2690392 B1,F1 도면 수 미채움,도면의 설명은 반입됐으나 drawing_count 가 0 (도면 미반입),figures=1 drawing_count=0
KR 10-2690392 B1,F2 도면별 분리 필요,figures 원소 1개에 도면 16개의 설명이 뭉쳐 있음 — 도면 반입 시 도면 단위 분리 확인,description 길이=550
KR 10-2716033 B1,F1 도면 수 미채움,도면의 설명은 반입됐으나 drawing_count 가 0 (도면 미반입),figures=1 drawing_count=0
KR 10-2716033 B1,F2 도면별 분리 필요,figures 원소 1개에 도면 10개의 설명이 뭉쳐 있음 — 도면 반입 시 도면 단위 분리 확인,description 길이=233
KR 10-2636588 B1,F1 도면 수 미채움,도면의 설명은 반입됐으나 drawing_count 가 0 (도면 미반입),figures=1 drawing_count=0
KR 10-2636588 B1,F2 도면별 분리 필요,figures 원소 1개에 도면 7개의 설명이 뭉쳐 있음 — 도면 반입 시 도면 단위 분리 확인,description 길이=433
KR 10-2731678 B1,F1 도면 수 미채움,도면의 설명은 반입됐으나 drawing_count 가 0 (도면 미반입),figures=1 drawing_count=0
KR 10-2731678 B1,F2 도면별 분리 필요,figures 원소 1개에 도면 10개의 설명이 뭉쳐 있음 — 도면 반입 시 도면 단위 분리 확인,description 길이=590
KR 10-2664482 B1,F1 도면 수 미채움,도면의 설명은 반입됐으나 drawing_count 가 0 (도면 미반입),figures=1 drawing_count=0
KR 10-2664482 B1,F2 도면별 분리 필요,figures 원소 1개에 도면 3개의 설명이 뭉쳐 있음 — 도면 반입 시 도면 단위 분리 확인,description 길이=95
KR 10-2703984 B1,F1 도면 수 미채움,도면의 설명은 반입됐으나 drawing_count 가 0 (도면 미반입),figures=1 drawing_count=0
KR 10-2703984 B1,F2 도면별 분리 필요,figures 원소 1개에 도면 16개의 설명이 뭉쳐 있음 — 도면 반입 시 도면 단위 분리 확인,description 길이=321
KR 10-2650066 B1,F1 도면 수 미채움,도면의 설명은 반입됐으나 drawing_count 가 0 (도면 미반입),figures=1 drawing_count=0
KR 10-2650066 B1,F2 도면별 분리 필요,figures 원소 1개에 도면 38개의 설명이 뭉쳐 있음 — 도면 반입 시 도면 단위 분리 확인,description 길이=1467
KR 10-2718385 B1,F1 도면 수 미채움,도면의 설명은 반입됐으나 drawing_count 가 0 (도면 미반입),figures=1 drawing_count=0
KR 10-2718385 B1,F2 도면별 분리 필요,figures 원소 1개에 도면 7개의 설명이 뭉쳐 있음 — 도면 반입 시 도면 단위 분리 확인,description 길이=309
KR 10-2637557 B1,F1 도면 수 미채움,도면의 설명은 반입됐으나 drawing_count 가 0 (도면 미반입),figures=1 drawing_count=0
KR 10-2637557 B1,F2 도면별 분리 필요,figures 원소 1개에 도면 5개의 설명이 뭉쳐 있음 — 도면 반입 시 도면 단위 분리 확인,description 길이=156
KR 10-2732230 B1,F1 도면 수 미채움,도면의 설명은 반입됐으나 drawing_count 가 0 (도면 미반입),figures=1 drawing_count=0
KR 10-2732230 B1,F2 도면별 분리 필요,figures 원소 1개에 도면 9개의 설명이 뭉쳐 있음 — 도면 반입 시 도면 단위 분리 확인,description 길이=1444
KR 10-2666287 B1,F1 도면 수 미채움,도면의 설명은 반입됐으나 drawing_count 가 0 (도면 미반입),figures=1 drawing_count=0
KR 10-2666287 B1,F2 도면별 분리 필요,figures 원소 1개에 도면 21개의 설명이 뭉쳐 있음 — 도면 반입 시 도면 단위 분리 확인,description 길이=656
KR 10-2650364 B1,F1 도면 수 미채움,도면의 설명은 반입됐으나 drawing_count 가 0 (도면 미반입),figures=1 drawing_count=0
KR 10-2650364 B1,F2 도면별 분리 필요,figures 원소 1개에 도면 19개의 설명이 뭉쳐 있음 — 도면 반입 시 도면 단위 분리 확인,description 길이=1239
KR 10-2689632 B1,F1 도면 수 미채움,도면의 설명은 반입됐으나 drawing_count 가 0 (도면 미반입),figures=1 drawing_count=0
KR 10-2689632 B1,F2 도면별 분리 필요,figures 원소 1개에 도면 7개의 설명이 뭉쳐 있음 — 도면 반입 시 도면 단위 분리 확인,description 길이=481
KR 10-2717108 B1,F1 도면 수 미채움,도면의 설명은 반입됐으나 drawing_count 가 0 (도면 미반입),figures=1 drawing_count=0
KR 10-2636542 B1,F1 도면 수 미채움,도면의 설명은 반입됐으나 drawing_count 가 0 (도면 미반입),figures=1 drawing_count=0
KR 10-2636542 B1,F2 도면별 분리 필요,figures 원소 1개에 도면 43개의 설명이 뭉쳐 있음 — 도면 반입 시 도면 단위 분리 확인,description 길이=2459
KR 10-2731923 B1,F1 도면 수 미채움,도면의 설명은 반입됐으나 drawing_count 가 0 (도면 미반입),figures=1 drawing_count=0
KR 10-2731923 B1,F2 도면별 분리 필요,figures 원소 1개에 도면 27개의 설명이 뭉쳐 있음 — 도면 반입 시 도면 단위 분리 확인,description 길이=877
KR 10-2664987 B1,F1 도면 수 미채움,도면의 설명은 반입됐으나 drawing_count 가 0 (도면 미반입),figures=1 drawing_count=0
KR 10-2664987 B1,F2 도면별 분리 필요,figures 원소 1개에 도면 11개의 설명이 뭉쳐 있음 — 도면 반입 시 도면 단위 분리 확인,description 길이=621
KR 10-2624413 B1,F1 도면 수 미채움,도면의 설명은 반입됐으나 drawing_count 가 0 (도면 미반입),figures=1 drawing_count=0
KR 10-2624413 B1,F2 도면별 분리 필요,figures 원소 1개에 도면 9개의 설명이 뭉쳐 있음 — 도면 반입 시 도면 단위 분리 확인,description 길이=375
KR 10-2704623 B1,F1 도면 수 미채움,도면의 설명은 반입됐으나 drawing_count 가 0 (도면 미반입),figures=1 drawing_count=0
KR 10-2704623 B1,F2 도면별 분리 필요,figures 원소 1개에 도면 12개의 설명이 뭉쳐 있음 — 도면 반입 시 도면 단위 분리 확인,description 길이=424
KR 10-2650973 B1,F1 도면 수 미채움,도면의 설명은 반입됐으나 drawing_count 가 0 (도면 미반입),figures=1 drawing_count=0
KR 10-2650973 B1,F2 도면별 분리 필요,figures 원소 1개에 도면 20개의 설명이 뭉쳐 있음 — 도면 반입 시 도면 단위 분리 확인,description 길이=1062
KR 10-2692225 B1,F1 도면 수 미채움,도면의 설명은 반입됐으나 drawing_count 가 0 (도면 미반입),figures=1 drawing_count=0
KR 10-2692225 B1,F2 도면별 분리 필요,figures 원소 1개에 도면 20개의 설명이 뭉쳐 있음 — 도면 반입 시 도면 단위 분리 확인,description 길이=602
KR 10-2717495 B1,F1 도면 수 미채움,도면의 설명은 반입됐으나 drawing_count 가 0 (도면 미반입),figures=1 drawing_count=0
KR 10-2717495 B1,F2 도면별 분리 필요,figures 원소 1개에 도면 14개의 설명이 뭉쳐 있음 — 도면 반입 시 도면 단위 분리 확인,description 길이=434
KR 10-2637955 B1,F1 도면 수 미채움,도면의 설명은 반입됐으나 drawing_count 가 0 (도면 미반입),figures=1 drawing_count=0
KR 10-2732946 B1,F1 도면 수 미채움,도면의 설명은 반입됐으나 drawing_count 가 0 (도면 미반입),figures=1 drawing_count=0
KR 10-2732946 B1,F2 도면별 분리 필요,figures 원소 1개에 도면 7개의 설명이 뭉쳐 있음 — 도면 반입 시 도면 단위 분리 확인,description 길이=342
KR 10-2665939 B1,F1 도면 수 미채움,도면의 설명은 반입됐으나 drawing_count 가 0 (도면 미반입),figures=1 drawing_count=0
KR 10-2665939 B1,F2 도면별 분리 필요,figures 원소 1개에 도면 9개의 설명이 뭉쳐 있음 — 도면 반입 시 도면 단위 분리 확인,description 길이=443
KR 10-2650529 B1,F1 도면 수 미채움,도면의 설명은 반입됐으나 drawing_count 가 0 (도면 미반입),figures=1 drawing_count=0
KR 10-2650529 B1,F2 도면별 분리 필요,figures 원소 1개에 도면 10개의 설명이 뭉쳐 있음 — 도면 반입 시 도면 단위 분리 확인,description 길이=362
KR 10-2690596 B1,F1 도면 수 미채움,도면의 설명은 반입됐으나 drawing_count 가 0 (도면 미반입),figures=1 drawing_count=0
KR 10-2690596 B1,F2 도면별 분리 필요,figures 원소 1개에 도면 9개의 설명이 뭉쳐 있음 — 도면 반입 시 도면 단위 분리 확인,description 길이=627
KR 10-2637340 B1,F1 도면 수 미채움,도면의 설명은 반입됐으나 drawing_count 가 0 (도면 미반입),figures=1 drawing_count=0
KR 10-2637340 B1,F2 도면별 분리 필요,figures 원소 1개에 도면 10개의 설명이 뭉쳐 있음 — 도면 반입 시 도면 단위 분리 확인,description 길이=371
KR 10-2625096 B1,F1 도면 수 미채움,도면의 설명은 반입됐으나 drawing_count 가 0 (도면 미반입),figures=1 drawing_count=0
KR 10-2625096 B1,F2 도면별 분리 필요,figures 원소 1개에 도면 18개의 설명이 뭉쳐 있음 — 도면 반입 시 도면 단위 분리 확인,description 길이=333
KR 10-2704740 B1,F1 도면 수 미채움,도면의 설명은 반입됐으나 drawing_count 가 0 (도면 미반입),figures=1 drawing_count=0
KR 10-2704740 B1,F2 도면별 분리 필요,figures 원소 1개에 도면 10개의 설명이 뭉쳐 있음 — 도면 반입 시 도면 단위 분리 확인,description 길이=375
KR 10-2651244 B1,F1 도면 수 미채움,도면의 설명은 반입됐으나 drawing_count 가 0 (도면 미반입),figures=1 drawing_count=0
KR 10-2651244 B1,F2 도면별 분리 필요,figures 원소 1개에 도면 5개의 설명이 뭉쳐 있음 — 도면 반입 시 도면 단위 분리 확인,description 길이=168
KR 10-2690399 B1,F1 도면 수 미채움,도면의 설명은 반입됐으나 drawing_count 가 0 (도면 미반입),figures=1 drawing_count=0
KR 10-2690399 B1,F2 도면별 분리 필요,figures 원소 1개에 도면 5개의 설명이 뭉쳐 있음 — 도면 반입 시 도면 단위 분리 확인,description 길이=228
KR 10-2637235 B1,F1 도면 수 미채움,도면의 설명은 반입됐으나 drawing_count 가 0 (도면 미반입),figures=1 drawing_count=0
KR 10-2637235 B1,F2 도면별 분리 필요,figures 원소 1개에 도면 16개의 설명이 뭉쳐 있음 — 도면 반입 시 도면 단위 분리 확인,description 길이=719
KR 10-2731310 B1,F1 도면 수 미채움,도면의 설명은 반입됐으나 drawing_count 가 0 (도면 미반입),figures=1 drawing_count=0
KR 10-2731310 B1,F2 도면별 분리 필요,figures 원소 1개에 도면 9개의 설명이 뭉쳐 있음 — 도면 반입 시 도면 단위 분리 확인,description 길이=527
KR 10-2624374 B1,F1 도면 수 미채움,도면의 설명은 반입됐으나 drawing_count 가 0 (도면 미반입),figures=1 drawing_count=0
KR 10-2624374 B1,F2 도면별 분리 필요,figures 원소 1개에 도면 9개의 설명이 뭉쳐 있음 — 도면 반입 시 도면 단위 분리 확인,description 길이=466
KR 10-2703882 B1,F1 도면 수 미채움,도면의 설명은 반입됐으나 drawing_count 가 0 (도면 미반입),figures=1 drawing_count=0
KR 10-2703882 B1,F2 도면별 분리 필요,figures 원소 1개에 도면 12개의 설명이 뭉쳐 있음 — 도면 반입 시 도면 단위 분리 확인,description 길이=712
KR 10-2650786 B1,F1 도면 수 미채움,도면의 설명은 반입됐으나 drawing_count 가 0 (도면 미반입),figures=1 drawing_count=0
KR 10-2650786 B1,F2 도면별 분리 필요,figures 원소 1개에 도면 8개의 설명이 뭉쳐 있음 — 도면 반입 시 도면 단위 분리 확인,description 길이=454
KR 10-2690771 B1,F1 도면 수 미채움,도면의 설명은 반입됐으나 drawing_count 가 0 (도면 미반입),figures=1 drawing_count=0
KR 10-2690771 B1,F2 도면별 분리 필요,figures 원소 1개에 도면 7개의 설명이 뭉쳐 있음 — 도면 반입 시 도면 단위 분리 확인,description 길이=1333
KR 10-2717096 B1,F1 도면 수 미채움,도면의 설명은 반입됐으나 drawing_count 가 0 (도면 미반입),figures=1 drawing_count=0
KR 10-2717096 B1,F2 도면별 분리 필요,figures 원소 1개에 도면 30개의 설명이 뭉쳐 있음 — 도면 반입 시 도면 단위 분리 확인,description 길이=1080
KR 10-2637438 B1,F1 도면 수 미채움,도면의 설명은 반입됐으나 drawing_count 가 0 (도면 미반입),figures=1 drawing_count=0
KR 10-2637438 B1,F2 도면별 분리 필요,figures 원소 1개에 도면 21개의 설명이 뭉쳐 있음 — 도면 반입 시 도면 단위 분리 확인,description 길이=587
KR 10-2732906 B1,F1 도면 수 미채움,도면의 설명은 반입됐으나 drawing_count 가 0 (도면 미반입),figures=1 drawing_count=0
KR 10-2732906 B1,F2 도면별 분리 필요,figures 원소 1개에 도면 18개의 설명이 뭉쳐 있음 — 도면 반입 시 도면 단위 분리 확인,description 길이=403
KR 10-2665091 B1,F1 도면 수 미채움,도면의 설명은 반입됐으나 drawing_count 가 0 (도면 미반입),figures=1 drawing_count=0
KR 10-2665091 B1,F2 도면별 분리 필요,figures 원소 1개에 도면 6개의 설명이 뭉쳐 있음 — 도면 반입 시 도면 단위 분리 확인,description 길이=236
KR 10-2623531 B1,F1 도면 수 미채움,도면의 설명은 반입됐으나 drawing_count 가 0 (도면 미반입),figures=1 drawing_count=0
KR 10-2650547 B1,F1 도면 수 미채움,도면의 설명은 반입됐으나 drawing_count 가 0 (도면 미반입),figures=1 drawing_count=0
KR 10-2650547 B1,F2 도면별 분리 필요,figures 원소 1개에 도면 24개의 설명이 뭉쳐 있음 — 도면 반입 시 도면 단위 분리 확인,description 길이=1343
KR 10-2719090 B1,F1 도면 수 미채움,도면의 설명은 반입됐으나 drawing_count 가 0 (도면 미반입),figures=1 drawing_count=0
KR 10-2719090 B1,F2 도면별 분리 필요,figures 원소 1개에 도면 17개의 설명이 뭉쳐 있음 — 도면 반입 시 도면 단위 분리 확인,description 길이=425
KR 10-2666305 B1,F1 도면 수 미채움,도면의 설명은 반입됐으나 drawing_count 가 0 (도면 미반입),figures=1 drawing_count=0
KR 10-2666305 B1,F2 도면별 분리 필요,figures 원소 1개에 도면 11개의 설명이 뭉쳐 있음 — 도면 반입 시 도면 단위 분리 확인,description 길이=339
KR 10-2624414 B1,F1 도면 수 미채움,도면의 설명은 반입됐으나 drawing_count 가 0 (도면 미반입),figures=1 drawing_count=0
KR 10-2624414 B1,F2 도면별 분리 필요,figures 원소 1개에 도면 9개의 설명이 뭉쳐 있음 — 도면 반입 시 도면 단위 분리 확인,description 길이=384
KR 10-2704657 B1,F1 도면 수 미채움,도면의 설명은 반입됐으나 drawing_count 가 0 (도면 미반입),figures=1 drawing_count=0
KR 10-2704657 B1,F2 도면별 분리 필요,figures 원소 1개에 도면 9개의 설명이 뭉쳐 있음 — 도면 반입 시 도면 단위 분리 확인,description 길이=342
KR 10-2651468 B1,F1 도면 수 미채움,도면의 설명은 반입됐으나 drawing_count 가 0 (도면 미반입),figures=1 drawing_count=0
KR 10-2651468 B1,F2 도면별 분리 필요,figures 원소 1개에 도면 5개의 설명이 뭉쳐 있음 — 도면 반입 시 도면 단위 분리 확인,description 길이=184
KR 10-2691021 B1,F1 도면 수 미채움,도면의 설명은 반입됐으나 drawing_count 가 0 (도면 미반입),figures=1 drawing_count=0
KR 10-2691021 B1,F2 도면별 분리 필요,figures 원소 1개에 도면 10개의 설명이 뭉쳐 있음 — 도면 반입 시 도면 단위 분리 확인,description 길이=412
KR 10-2717945 B1,F1 도면 수 미채움,도면의 설명은 반입됐으나 drawing_count 가 0 (도면 미반입),figures=1 drawing_count=0
KR 10-2717945 B1,F2 도면별 분리 필요,figures 원소 1개에 도면 15개의 설명이 뭉쳐 있음 — 도면 반입 시 도면 단위 분리 확인,description 길이=946
KR 10-2636972 B1,F1 도면 수 미채움,도면의 설명은 반입됐으나 drawing_count 가 0 (도면 미반입),figures=1 drawing_count=0
KR 10-2636972 B1,F2 도면별 분리 필요,figures 원소 1개에 도면 21개의 설명이 뭉쳐 있음 — 도면 반입 시 도면 단위 분리 확인,description 길이=745
KR 10-2664833 B1,F1 도면 수 미채움,도면의 설명은 반입됐으나 drawing_count 가 0 (도면 미반입),figures=1 drawing_count=0
KR 10-2664833 B1,F2 도면별 분리 필요,figures 원소 1개에 도면 8개의 설명이 뭉쳐 있음 — 도면 반입 시 도면 단위 분리 확인,description 길이=760
KR 10-2704906 B1,F1 도면 수 미채움,도면의 설명은 반입됐으나 drawing_count 가 0 (도면 미반입),figures=1 drawing_count=0
KR 10-2704906 B1,F2 도면별 분리 필요,figures 원소 1개에 도면 17개의 설명이 뭉쳐 있음 — 도면 반입 시 도면 단위 분리 확인,description 길이=671
KR 10-2650569 B1,F1 도면 수 미채움,도면의 설명은 반입됐으나 drawing_count 가 0 (도면 미반입),figures=1 drawing_count=0
KR 10-2650569 B1,F2 도면별 분리 필요,figures 원소 1개에 도면 15개의 설명이 뭉쳐 있음 — 도면 반입 시 도면 단위 분리 확인,description 길이=380
KR 10-2692121 B1,F1 도면 수 미채움,도면의 설명은 반입됐으나 drawing_count 가 0 (도면 미반입),figures=1 drawing_count=0
KR 10-2692121 B1,F2 도면별 분리 필요,figures 원소 1개에 도면 7개의 설명이 뭉쳐 있음 — 도면 반입 시 도면 단위 분리 확인,description 길이=383
KR 10-2638189 B1,F1 도면 수 미채움,도면의 설명은 반입됐으나 drawing_count 가 0 (도면 미반입),figures=1 drawing_count=0
KR 10-2638189 B1,F2 도면별 분리 필요,figures 원소 1개에 도면 6개의 설명이 뭉쳐 있음 — 도면 반입 시 도면 단위 분리 확인,description 길이=272
KR 10-2732981 B1,F1 도면 수 미채움,도면의 설명은 반입됐으나 drawing_count 가 0 (도면 미반입),figures=1 drawing_count=0
KR 10-2732981 B1,F2 도면별 분리 필요,figures 원소 1개에 도면 4개의 설명이 뭉쳐 있음 — 도면 반입 시 도면 단위 분리 확인,description 길이=177
KR 10-2663677 B1,F1 도면 수 미채움,도면의 설명은 반입됐으나 drawing_count 가 0 (도면 미반입),figures=1 drawing_count=0
KR 10-2663677 B1,F2 도면별 분리 필요,figures 원소 1개에 도면 11개의 설명이 뭉쳐 있음 — 도면 반입 시 도면 단위 분리 확인,description 길이=283
KR 10-2623843 B1,F1 도면 수 미채움,도면의 설명은 반입됐으나 drawing_count 가 0 (도면 미반입),figures=1 drawing_count=0
KR 10-2623843 B1,F2 도면별 분리 필요,figures 원소 1개에 도면 4개의 설명이 뭉쳐 있음 — 도면 반입 시 도면 단위 분리 확인,description 길이=189
KR 10-2690497 B1,F1 도면 수 미채움,도면의 설명은 반입됐으나 drawing_count 가 0 (도면 미반입),figures=1 drawing_count=0
KR 10-2690497 B1,F2 도면별 분리 필요,figures 원소 1개에 도면 12개의 설명이 뭉쳐 있음 — 도면 반입 시 도면 단위 분리 확인,description 길이=913
KR 10-2717062 B1,F1 도면 수 미채움,도면의 설명은 반입됐으나 drawing_count 가 0 (도면 미반입),figures=1 drawing_count=0
KR 10-2717062 B1,F2 도면별 분리 필요,figures 원소 1개에 도면 5개의 설명이 뭉쳐 있음 — 도면 반입 시 도면 단위 분리 확인,description 길이=242
KR 10-2637847 B1,F1 도면 수 미채움,도면의 설명은 반입됐으나 drawing_count 가 0 (도면 미반입),figures=1 drawing_count=0
KR 10-2637847 B1,F2 도면별 분리 필요,figures 원소 1개에 도면 4개의 설명이 뭉쳐 있음 — 도면 반입 시 도면 단위 분리 확인,description 길이=344
KR 10-2732100 B1,F1 도면 수 미채움,도면의 설명은 반입됐으나 drawing_count 가 0 (도면 미반입),figures=1 drawing_count=0
KR 10-2732100 B1,F2 도면별 분리 필요,figures 원소 1개에 도면 10개의 설명이 뭉쳐 있음 — 도면 반입 시 도면 단위 분리 확인,description 길이=554
KR 10-2666047 B1,F1 도면 수 미채움,도면의 설명은 반입됐으나 drawing_count 가 0 (도면 미반입),figures=1 drawing_count=0
KR 10-2666047 B1,F2 도면별 분리 필요,figures 원소 1개에 도면 11개의 설명이 뭉쳐 있음 — 도면 반입 시 도면 단위 분리 확인,description 길이=406
KR 10-2703483 B1,F1 도면 수 미채움,도면의 설명은 반입됐으나 drawing_count 가 0 (도면 미반입),figures=1 drawing_count=0
KR 10-2703483 B1,F2 도면별 분리 필요,figures 원소 1개에 도면 7개의 설명이 뭉쳐 있음 — 도면 반입 시 도면 단위 분리 확인,description 길이=205
KR 10-2650527 B1,F1 도면 수 미채움,도면의 설명은 반입됐으나 drawing_count 가 0 (도면 미반입),figures=1 drawing_count=0
KR 10-2716930 B1,F1 도면 수 미채움,도면의 설명은 반입됐으나 drawing_count 가 0 (도면 미반입),figures=1 drawing_count=0
KR 10-2716930 B1,F2 도면별 분리 필요,figures 원소 1개에 도면 20개의 설명이 뭉쳐 있음 — 도면 반입 시 도면 단위 분리 확인,description 길이=738
KR 10-2666452 B1,F1 도면 수 미채움,도면의 설명은 반입됐으나 drawing_count 가 0 (도면 미반입),figures=1 drawing_count=0
KR 10-2666452 B1,F2 도면별 분리 필요,figures 원소 1개에 도면 8개의 설명이 뭉쳐 있음 — 도면 반입 시 도면 단위 분리 확인,description 길이=826
KR 10-2703988 B1,F1 도면 수 미채움,도면의 설명은 반입됐으나 drawing_count 가 0 (도면 미반입),figures=1 drawing_count=0
KR 10-2703988 B1,F2 도면별 분리 필요,figures 원소 1개에 도면 8개의 설명이 뭉쳐 있음 — 도면 반입 시 도면 단위 분리 확인,description 길이=206
KR 10-2650065 B1,F1 도면 수 미채움,도면의 설명은 반입됐으나 drawing_count 가 0 (도면 미반입),figures=1 drawing_count=0
KR 10-2650065 B1,F2 도면별 분리 필요,figures 원소 1개에 도면 16개의 설명이 뭉쳐 있음 — 도면 반입 시 도면 단위 분리 확인,description 길이=415
KR 10-2715968 B1,F1 도면 수 미채움,도면의 설명은 반입됐으나 drawing_count 가 0 (도면 미반입),figures=1 drawing_count=0
KR 10-2637554 B1,F1 도면 수 미채움,도면의 설명은 반입됐으나 drawing_count 가 0 (도면 미반입),figures=1 drawing_count=0
KR 10-2637554 B1,F2 도면별 분리 필요,figures 원소 1개에 도면 19개의 설명이 뭉쳐 있음 — 도면 반입 시 도면 단위 분리 확인,description 길이=1399
KR 10-2731779 B1,F1 도면 수 미채움,도면의 설명은 반입됐으나 drawing_count 가 0 (도면 미반입),figures=1 drawing_count=0
KR 10-2731779 B1,F2 도면별 분리 필요,figures 원소 1개에 도면 12개의 설명이 뭉쳐 있음 — 도면 반입 시 도면 단위 분리 확인,description 길이=439
KR 10-2663062 B1,F1 도면 수 미채움,도면의 설명은 반입됐으나 drawing_count 가 0 (도면 미반입),figures=1 drawing_count=0
KR 10-2663062 B1,F2 도면별 분리 필요,figures 원소 1개에 도면 13개의 설명이 뭉쳐 있음 — 도면 반입 시 도면 단위 분리 확인,description 길이=130
KR 10-2625205 B1,F1 도면 수 미채움,도면의 설명은 반입됐으나 drawing_count 가 0 (도면 미반입),figures=1 drawing_count=0
KR 10-2649915 B1,F1 도면 수 미채움,도면의 설명은 반입됐으나 drawing_count 가 0 (도면 미반입),figures=1 drawing_count=0
KR 10-2649915 B1,F2 도면별 분리 필요,figures 원소 1개에 도면 23개의 설명이 뭉쳐 있음 — 도면 반입 시 도면 단위 분리 확인,description 길이=674
KR 10-2691013 B1,F1 도면 수 미채움,도면의 설명은 반입됐으나 drawing_count 가 0 (도면 미반입),figures=1 drawing_count=0
KR 10-2691013 B1,F2 도면별 분리 필요,figures 원소 1개에 도면 6개의 설명이 뭉쳐 있음 — 도면 반입 시 도면 단위 분리 확인,description 길이=255
KR 10-2717779 B1,F1 도면 수 미채움,도면의 설명은 반입됐으나 drawing_count 가 0 (도면 미반입),figures=1 drawing_count=0
KR 10-2717779 B1,F2 도면별 분리 필요,figures 원소 1개에 도면 13개의 설명이 뭉쳐 있음 — 도면 반입 시 도면 단위 분리 확인,description 길이=627
KR 10-2637740 B1,F1 도면 수 미채움,도면의 설명은 반입됐으나 drawing_count 가 0 (도면 미반입),figures=1 drawing_count=0
KR 10-2637740 B1,F2 도면별 분리 필요,figures 원소 1개에 도면 13개의 설명이 뭉쳐 있음 — 도면 반입 시 도면 단위 분리 확인,description 길이=486
KR 10-2733017 B1,F1 도면 수 미채움,도면의 설명은 반입됐으나 drawing_count 가 0 (도면 미반입),figures=1 drawing_count=0
KR 10-2733017 B1,F2 도면별 분리 필요,figures 원소 1개에 도면 9개의 설명이 뭉쳐 있음 — 도면 반입 시 도면 단위 분리 확인,description 길이=544
KR 10-2664134 B1,F1 도면 수 미채움,도면의 설명은 반입됐으나 drawing_count 가 0 (도면 미반입),figures=1 drawing_count=0
KR 10-2664134 B1,F2 도면별 분리 필요,figures 원소 1개에 도면 4개의 설명이 뭉쳐 있음 — 도면 반입 시 도면 단위 분리 확인,description 길이=204
KR 10-2623974 B1,F1 도면 수 미채움,도면의 설명은 반입됐으나 drawing_count 가 0 (도면 미반입),figures=1 drawing_count=0
KR 10-2623974 B1,F2 도면별 분리 필요,figures 원소 1개에 도면 7개의 설명이 뭉쳐 있음 — 도면 반입 시 도면 단위 분리 확인,description 길이=380
KR 10-2703848 B1,F1 도면 수 미채움,도면의 설명은 반입됐으나 drawing_count 가 0 (도면 미반입),figures=1 drawing_count=0
KR 10-2703848 B1,F2 도면별 분리 필요,figures 원소 1개에 도면 14개의 설명이 뭉쳐 있음 — 도면 반입 시 도면 단위 분리 확인,description 길이=861
KR 10-2650809 B1,F1 도면 수 미채움,도면의 설명은 반입됐으나 drawing_count 가 0 (도면 미반입),figures=1 drawing_count=0
KR 10-2650809 B1,F2 도면별 분리 필요,figures 원소 1개에 도면 33개의 설명이 뭉쳐 있음 — 도면 반입 시 도면 단위 분리 확인,description 길이=1037
KR 10-2691687 B1,F1 도면 수 미채움,도면의 설명은 반입됐으나 drawing_count 가 0 (도면 미반입),figures=1 drawing_count=0
KR 10-2691687 B1,F2 도면별 분리 필요,figures 원소 1개에 도면 10개의 설명이 뭉쳐 있음 — 도면 반입 시 도면 단위 분리 확인,description 길이=523
KR 10-2716850 B1,F1 도면 수 미채움,도면의 설명은 반입됐으나 drawing_count 가 0 (도면 미반입),figures=1 drawing_count=0
KR 10-2716850 B1,F2 도면별 분리 필요,figures 원소 1개에 도면 5개의 설명이 뭉쳐 있음 — 도면 반입 시 도면 단위 분리 확인,description 길이=300
KR 10-2637963 B1,F1 도면 수 미채움,도면의 설명은 반입됐으나 drawing_count 가 0 (도면 미반입),figures=1 drawing_count=0
KR 10-2637963 B1,F2 도면별 분리 필요,figures 원소 1개에 도면 7개의 설명이 뭉쳐 있음 — 도면 반입 시 도면 단위 분리 확인,description 길이=338
KR 10-2730226 B1,F1 도면 수 미채움,도면의 설명은 반입됐으나 drawing_count 가 0 (도면 미반입),figures=1 drawing_count=0
KR 10-2730226 B1,F2 도면별 분리 필요,figures 원소 1개에 도면 16개의 설명이 뭉쳐 있음 — 도면 반입 시 도면 단위 분리 확인,description 길이=530
KR 10-2623979 B1,F1 도면 수 미채움,도면의 설명은 반입됐으나 drawing_count 가 0 (도면 미반입),figures=1 drawing_count=0
KR 10-2623979 B1,F2 도면별 분리 필요,figures 원소 1개에 도면 9개의 설명이 뭉쳐 있음 — 도면 반입 시 도면 단위 분리 확인,description 길이=498
KR 10-2703917 B1,F1 도면 수 미채움,도면의 설명은 반입됐으나 drawing_count 가 0 (도면 미반입),figures=1 drawing_count=0
KR 10-2703917 B1,F2 도면별 분리 필요,figures 원소 1개에 도면 23개의 설명이 뭉쳐 있음 — 도면 반입 시 도면 단위 분리 확인,description 길이=1189
KR 10-2651107 B1,F1 도면 수 미채움,도면의 설명은 반입됐으나 drawing_count 가 0 (도면 미반입),figures=1 drawing_count=0
KR 10-2651107 B1,F2 도면별 분리 필요,figures 원소 1개에 도면 3개의 설명이 뭉쳐 있음 — 도면 반입 시 도면 단위 분리 확인,description 길이=143
KR 10-2692271 B1,F1 도면 수 미채움,도면의 설명은 반입됐으나 drawing_count 가 0 (도면 미반입),figures=1 drawing_count=0
KR 10-2692271 B1,F2 도면별 분리 필요,figures 원소 1개에 도면 6개의 설명이 뭉쳐 있음 — 도면 반입 시 도면 단위 분리 확인,description 길이=164
KR 10-2716097 B1,F1 도면 수 미채움,도면의 설명은 반입됐으나 drawing_count 가 0 (도면 미반입),figures=1 drawing_count=0
KR 10-2716097 B1,F2 도면별 분리 필요,figures 원소 1개에 도면 5개의 설명이 뭉쳐 있음 — 도면 반입 시 도면 단위 분리 확인,description 길이=198
KR 10-2636443 B1,F1 도면 수 미채움,도면의 설명은 반입됐으나 drawing_count 가 0 (도면 미반입),figures=1 drawing_count=0
KR 10-2636443 B1,F2 도면별 분리 필요,figures 원소 1개에 도면 13개의 설명이 뭉쳐 있음 — 도면 반입 시 도면 단위 분리 확인,description 길이=370
KR 10-2665831 B1,F1 도면 수 미채움,도면의 설명은 반입됐으나 drawing_count 가 0 (도면 미반입),figures=1 drawing_count=0
KR 10-2665831 B1,F2 도면별 분리 필요,figures 원소 1개에 도면 17개의 설명이 뭉쳐 있음 — 도면 반입 시 도면 단위 분리 확인,description 길이=313
KR 10-2704478 B1,F1 도면 수 미채움,도면의 설명은 반입됐으나 drawing_count 가 0 (도면 미반입),figures=1 drawing_count=0
KR 10-2704478 B1,F2 도면별 분리 필요,figures 원소 1개에 도면 4개의 설명이 뭉쳐 있음 — 도면 반입 시 도면 단위 분리 확인,description 길이=243
KR 10-2650858 B1,F1 도면 수 미채움,도면의 설명은 반입됐으나 drawing_count 가 0 (도면 미반입),figures=1 drawing_count=0
KR 10-2650858 B1,F2 도면별 분리 필요,figures 원소 1개에 도면 3개의 설명이 뭉쳐 있음 — 도면 반입 시 도면 단위 분리 확인,description 길이=133
KR 10-2692284 B1,F1 도면 수 미채움,도면의 설명은 반입됐으나 drawing_count 가 0 (도면 미반입),figures=1 drawing_count=0
KR 10-2692284 B1,F2 도면별 분리 필요,figures 원소 1개에 도면 23개의 설명이 뭉쳐 있음 — 도면 반입 시 도면 단위 분리 확인,description 길이=885
KR 10-2719048 B1,F1 도면 수 미채움,도면의 설명은 반입됐으나 drawing_count 가 0 (도면 미반입),figures=1 drawing_count=0
KR 10-2719048 B1,F2 도면별 분리 필요,figures 원소 1개에 도면 10개의 설명이 뭉쳐 있음 — 도면 반입 시 도면 단위 분리 확인,description 길이=792
KR 10-2637800 B1,F1 도면 수 미채움,도면의 설명은 반입됐으나 drawing_count 가 0 (도면 미반입),figures=1 drawing_count=0
KR 10-2732564 B1,F1 도면 수 미채움,도면의 설명은 반입됐으나 drawing_count 가 0 (도면 미반입),figures=1 drawing_count=0
KR 10-2732564 B1,F2 도면별 분리 필요,figures 원소 1개에 도면 10개의 설명이 뭉쳐 있음 — 도면 반입 시 도면 단위 분리 확인,description 길이=413
KR 10-2666169 B1,F1 도면 수 미채움,도면의 설명은 반입됐으나 drawing_count 가 0 (도면 미반입),figures=1 drawing_count=0
KR 10-2666169 B1,F2 도면별 분리 필요,figures 원소 1개에 도면 19개의 설명이 뭉쳐 있음 — 도면 반입 시 도면 단위 분리 확인,description 길이=1100
KR 10-2623988 B1,F1 도면 수 미채움,도면의 설명은 반입됐으나 drawing_count 가 0 (도면 미반입),figures=1 drawing_count=0
KR 10-2623988 B1,F2 도면별 분리 필요,figures 원소 1개에 도면 21개의 설명이 뭉쳐 있음 — 도면 반입 시 도면 단위 분리 확인,description 길이=1412
KR 10-2704303 B1,F1 도면 수 미채움,도면의 설명은 반입됐으나 drawing_count 가 0 (도면 미반입),figures=1 drawing_count=0
KR 10-2704303 B1,F2 도면별 분리 필요,figures 원소 1개에 도면 13개의 설명이 뭉쳐 있음 — 도면 반입 시 도면 단위 분리 확인,description 길이=735
KR 10-2650952 B1,F1 도면 수 미채움,도면의 설명은 반입됐으나 drawing_count 가 0 (도면 미반입),figures=1 drawing_count=0
KR 10-2650952 B1,F2 도면별 분리 필요,figures 원소 1개에 도면 8개의 설명이 뭉쳐 있음 — 도면 반입 시 도면 단위 분리 확인,description 길이=390
KR 10-2689654 B1,F1 도면 수 미채움,도면의 설명은 반입됐으나 drawing_count 가 0 (도면 미반입),figures=1 drawing_count=0
KR 10-2689654 B1,F2 도면별 분리 필요,figures 원소 1개에 도면 24개의 설명이 뭉쳐 있음 — 도면 반입 시 도면 단위 분리 확인,description 길이=1098
KR 10-2717557 B1,F1 도면 수 미채움,도면의 설명은 반입됐으나 drawing_count 가 0 (도면 미반입),figures=1 drawing_count=0
KR 10-2717557 B1,F2 도면별 분리 필요,figures 원소 1개에 도면 5개의 설명이 뭉쳐 있음 — 도면 반입 시 도면 단위 분리 확인,description 길이=233
KR 10-2636697 B1,F1 도면 수 미채움,도면의 설명은 반입됐으나 drawing_count 가 0 (도면 미반입),figures=1 drawing_count=0
KR 10-2636697 B1,F2 도면별 분리 필요,figures 원소 1개에 도면 10개의 설명이 뭉쳐 있음 — 도면 반입 시 도면 단위 분리 확인,description 길이=618
KR 10-2732241 B1,F1 도면 수 미채움,도면의 설명은 반입됐으나 drawing_count 가 0 (도면 미반입),figures=1 drawing_count=0
KR 10-2732241 B1,F2 도면별 분리 필요,figures 원소 1개에 도면 6개의 설명이 뭉쳐 있음 — 도면 반입 시 도면 단위 분리 확인,description 길이=430
KR 10-2664276 B1,F1 도면 수 미채움,도면의 설명은 반입됐으나 drawing_count 가 0 (도면 미반입),figures=1 drawing_count=0
KR 10-2664276 B1,F2 도면별 분리 필요,figures 원소 1개에 도면 9개의 설명이 뭉쳐 있음 — 도면 반입 시 도면 단위 분리 확인,description 길이=404
KR 10-2624021 B1,F1 도면 수 미채움,도면의 설명은 반입됐으나 drawing_count 가 0 (도면 미반입),figures=1 drawing_count=0
KR 10-2624021 B1,F2 도면별 분리 필요,figures 원소 1개에 도면 13개의 설명이 뭉쳐 있음 — 도면 반입 시 도면 단위 분리 확인,description 길이=393
KR 10-2704758 B1,F1 도면 수 미채움,도면의 설명은 반입됐으나 drawing_count 가 0 (도면 미반입),figures=1 drawing_count=0
KR 10-2704758 B1,F2 도면별 분리 필요,figures 원소 1개에 도면 3개의 설명이 뭉쳐 있음 — 도면 반입 시 도면 단위 분리 확인,description 길이=155
KR 10-2651945 B1,F1 도면 수 미채움,도면의 설명은 반입됐으나 drawing_count 가 0 (도면 미반입),figures=1 drawing_count=0
KR 10-2651945 B1,F2 도면별 분리 필요,figures 원소 1개에 도면 6개의 설명이 뭉쳐 있음 — 도면 반입 시 도면 단위 분리 확인,description 길이=590
KR 10-2690944 B1,F1 도면 수 미채움,도면의 설명은 반입됐으나 drawing_count 가 0 (도면 미반입),figures=1 drawing_count=0
KR 10-2690944 B1,F2 도면별 분리 필요,figures 원소 1개에 도면 8개의 설명이 뭉쳐 있음 — 도면 반입 시 도면 단위 분리 확인,description 길이=381
KR 10-2717863 B1,F1 도면 수 미채움,도면의 설명은 반입됐으나 drawing_count 가 0 (도면 미반입),figures=1 drawing_count=0
KR 10-2717863 B1,F2 도면별 분리 필요,figures 원소 1개에 도면 11개의 설명이 뭉쳐 있음 — 도면 반입 시 도면 단위 분리 확인,description 길이=260
KR 10-2636757 B1,F1 도면 수 미채움,도면의 설명은 반입됐으나 drawing_count 가 0 (도면 미반입),figures=1 drawing_count=0
KR 10-2636757 B1,F2 도면별 분리 필요,figures 원소 1개에 도면 7개의 설명이 뭉쳐 있음 — 도면 반입 시 도면 단위 분리 확인,description 길이=262
KR 10-2731680 B1,F1 도면 수 미채움,도면의 설명은 반입됐으나 drawing_count 가 0 (도면 미반입),figures=1 drawing_count=0
KR 10-2731680 B1,F2 도면별 분리 필요,figures 원소 1개에 도면 5개의 설명이 뭉쳐 있음 — 도면 반입 시 도면 단위 분리 확인,description 길이=356
KR 10-2665174 B1,F1 도면 수 미채움,도면의 설명은 반입됐으나 drawing_count 가 0 (도면 미반입),figures=1 drawing_count=0
KR 10-2665174 B1,F2 도면별 분리 필요,figures 원소 1개에 도면 9개의 설명이 뭉쳐 있음 — 도면 반입 시 도면 단위 분리 확인,description 길이=219
KR 10-2703580 B1,F1 도면 수 미채움,도면의 설명은 반입됐으나 drawing_count 가 0 (도면 미반입),figures=1 drawing_count=0
KR 10-2703580 B1,F2 도면별 분리 필요,figures 원소 1개에 도면 9개의 설명이 뭉쳐 있음 — 도면 반입 시 도면 단위 분리 확인,description 길이=597
KR 10-2651359 B1,F1 도면 수 미채움,도면의 설명은 반입됐으나 drawing_count 가 0 (도면 미반입),figures=1 drawing_count=0
KR 10-2651359 B1,F2 도면별 분리 필요,figures 원소 1개에 도면 4개의 설명이 뭉쳐 있음 — 도면 반입 시 도면 단위 분리 확인,description 길이=251
KR 10-2690912 B1,F1 도면 수 미채움,도면의 설명은 반입됐으나 drawing_count 가 0 (도면 미반입),figures=1 drawing_count=0
KR 10-2690912 B1,F2 도면별 분리 필요,figures 원소 1개에 도면 7개의 설명이 뭉쳐 있음 — 도면 반입 시 도면 단위 분리 확인,description 길이=371
KR 10-2716706 B1,F1 도면 수 미채움,도면의 설명은 반입됐으나 drawing_count 가 0 (도면 미반입),figures=1 drawing_count=0
KR 10-2716706 B1,F2 도면별 분리 필요,figures 원소 1개에 도면 4개의 설명이 뭉쳐 있음 — 도면 반입 시 도면 단위 분리 확인,description 길이=188
KR 10-2637899 B1,F1 도면 수 미채움,도면의 설명은 반입됐으나 drawing_count 가 0 (도면 미반입),figures=1 drawing_count=0
KR 10-2637899 B1,F2 도면별 분리 필요,figures 원소 1개에 도면 6개의 설명이 뭉쳐 있음 — 도면 반입 시 도면 단위 분리 확인,description 길이=541
KR 10-2731774 B1,F1 도면 수 미채움,도면의 설명은 반입됐으나 drawing_count 가 0 (도면 미반입),figures=1 drawing_count=0
KR 10-2731774 B1,F2 도면별 분리 필요,figures 원소 1개에 도면 4개의 설명이 뭉쳐 있음 — 도면 반입 시 도면 단위 분리 확인,description 길이=194
KR 10-2665806 B1,F1 도면 수 미채움,도면의 설명은 반입됐으나 drawing_count 가 0 (도면 미반입),figures=1 drawing_count=0
KR 10-2665806 B1,F2 도면별 분리 필요,figures 원소 1개에 도면 9개의 설명이 뭉쳐 있음 — 도면 반입 시 도면 단위 분리 확인,description 길이=626
KR 10-2623680 B1,F1 도면 수 미채움,도면의 설명은 반입됐으나 drawing_count 가 0 (도면 미반입),figures=1 drawing_count=0
KR 10-2623680 B1,F2 도면별 분리 필요,figures 원소 1개에 도면 122개의 설명이 뭉쳐 있음 — 도면 반입 시 도면 단위 분리 확인,description 길이=7511
KR 10-2650576 B1,F1 도면 수 미채움,도면의 설명은 반입됐으나 drawing_count 가 0 (도면 미반입),figures=1 drawing_count=0
KR 10-2650576 B1,F2 도면별 분리 필요,figures 원소 1개에 도면 18개의 설명이 뭉쳐 있음 — 도면 반입 시 도면 단위 분리 확인,description 길이=806
KR 10-2689751 B1,F1 도면 수 미채움,도면의 설명은 반입됐으나 drawing_count 가 0 (도면 미반입),figures=1 drawing_count=0
KR 10-2689751 B1,F2 도면별 분리 필요,figures 원소 1개에 도면 14개의 설명이 뭉쳐 있음 — 도면 반입 시 도면 단위 분리 확인,description 길이=907
KR 10-2717736 B1,F1 도면 수 미채움,도면의 설명은 반입됐으나 drawing_count 가 0 (도면 미반입),figures=1 drawing_count=0
KR 10-2717736 B1,F2 도면별 분리 필요,figures 원소 1개에 도면 9개의 설명이 뭉쳐 있음 — 도면 반입 시 도면 단위 분리 확인,description 길이=475
KR 10-2637850 B1,F1 도면 수 미채움,도면의 설명은 반입됐으나 drawing_count 가 0 (도면 미반입),figures=1 drawing_count=0
KR 10-2637850 B1,F2 도면별 분리 필요,figures 원소 1개에 도면 14개의 설명이 뭉쳐 있음 — 도면 반입 시 도면 단위 분리 확인,description 길이=493
KR 10-2731907 B1,F1 도면 수 미채움,도면의 설명은 반입됐으나 drawing_count 가 0 (도면 미반입),figures=1 drawing_count=0
KR 10-2731907 B1,F2 도면별 분리 필요,figures 원소 1개에 도면 6개의 설명이 뭉쳐 있음 — 도면 반입 시 도면 단위 분리 확인,description 길이=399
KR 10-2705474 B1,F1 도면 수 미채움,도면의 설명은 반입됐으나 drawing_count 가 0 (도면 미반입),figures=1 drawing_count=0
KR 10-2705474 B1,F2 도면별 분리 필요,figures 원소 1개에 도면 9개의 설명이 뭉쳐 있음 — 도면 반입 시 도면 단위 분리 확인,description 길이=409
KR 10-2624050 B1,F1 도면 수 미채움,도면의 설명은 반입됐으나 drawing_count 가 0 (도면 미반입),figures=1 drawing_count=0
KR 10-2624050 B1,F2 도면별 분리 필요,figures 원소 1개에 도면 8개의 설명이 뭉쳐 있음 — 도면 반입 시 도면 단위 분리 확인,description 길이=747
KR 10-2649954 B1,F1 도면 수 미채움,도면의 설명은 반입됐으나 drawing_count 가 0 (도면 미반입),figures=1 drawing_count=0
KR 10-2649954 B1,F2 도면별 분리 필요,figures 원소 1개에 도면 16개의 설명이 뭉쳐 있음 — 도면 반입 시 도면 단위 분리 확인,description 길이=555
KR 10-2691351 B1,F1 도면 수 미채움,도면의 설명은 반입됐으나 drawing_count 가 0 (도면 미반입),figures=1 drawing_count=0
KR 10-2718084 B1,F1 도면 수 미채움,도면의 설명은 반입됐으나 drawing_count 가 0 (도면 미반입),figures=1 drawing_count=0
KR 10-2718084 B1,F2 도면별 분리 필요,figures 원소 1개에 도면 23개의 설명이 뭉쳐 있음 — 도면 반입 시 도면 단위 분리 확인,description 길이=931
KR 10-2637614 B1,F1 도면 수 미채움,도면의 설명은 반입됐으나 drawing_count 가 0 (도면 미반입),figures=1 drawing_count=0
KR 10-2637614 B1,F2 도면별 분리 필요,figures 원소 1개에 도면 6개의 설명이 뭉쳐 있음 — 도면 반입 시 도면 단위 분리 확인,description 길이=357
KR 10-2665480 B1,F1 도면 수 미채움,도면의 설명은 반입됐으나 drawing_count 가 0 (도면 미반입),figures=1 drawing_count=0
KR 10-2665480 B1,F2 도면별 분리 필요,figures 원소 1개에 도면 5개의 설명이 뭉쳐 있음 — 도면 반입 시 도면 단위 분리 확인,description 길이=152
KR 10-2704359 B1,F1 도면 수 미채움,도면의 설명은 반입됐으나 drawing_count 가 0 (도면 미반입),figures=1 drawing_count=0
KR 10-2704359 B1,F2 도면별 분리 필요,figures 원소 1개에 도면 10개의 설명이 뭉쳐 있음 — 도면 반입 시 도면 단위 분리 확인,description 길이=608
KR 10-2624293 B1,F1 도면 수 미채움,도면의 설명은 반입됐으나 drawing_count 가 0 (도면 미반입),figures=1 drawing_count=0
KR 10-2624293 B1,F2 도면별 분리 필요,figures 원소 1개에 도면 10개의 설명이 뭉쳐 있음 — 도면 반입 시 도면 단위 분리 확인,description 길이=323
KR 10-2650685 B1,F1 도면 수 미채움,도면의 설명은 반입됐으나 drawing_count 가 0 (도면 미반입),figures=1 drawing_count=0
KR 10-2650685 B1,F2 도면별 분리 필요,figures 원소 1개에 도면 20개의 설명이 뭉쳐 있음 — 도면 반입 시 도면 단위 분리 확인,description 길이=293
KR 10-2717738 B1,F1 도면 수 미채움,도면의 설명은 반입됐으나 drawing_count 가 0 (도면 미반입),figures=1 drawing_count=0
KR 10-2717738 B1,F2 도면별 분리 필요,figures 원소 1개에 도면 6개의 설명이 뭉쳐 있음 — 도면 반입 시 도면 단위 분리 확인,description 길이=412
KR 10-2637843 B1,F1 도면 수 미채움,도면의 설명은 반입됐으나 drawing_count 가 0 (도면 미반입),figures=1 drawing_count=0
KR 10-2637843 B1,F2 도면별 분리 필요,figures 원소 1개에 도면 21개의 설명이 뭉쳐 있음 — 도면 반입 시 도면 단위 분리 확인,description 길이=614
KR 10-2732583 B1,F1 도면 수 미채움,도면의 설명은 반입됐으나 drawing_count 가 0 (도면 미반입),figures=1 drawing_count=0
KR 10-2732583 B1,F2 도면별 분리 필요,figures 원소 1개에 도면 13개의 설명이 뭉쳐 있음 — 도면 반입 시 도면 단위 분리 확인,description 길이=343
KR 10-2666446 B1,F1 도면 수 미채움,도면의 설명은 반입됐으나 drawing_count 가 0 (도면 미반입),figures=1 drawing_count=0
KR 10-2666446 B1,F2 도면별 분리 필요,figures 원소 1개에 도면 31개의 설명이 뭉쳐 있음 — 도면 반입 시 도면 단위 분리 확인,description 길이=1039
KR 10-2704916 B1,F1 도면 수 미채움,도면의 설명은 반입됐으나 drawing_count 가 0 (도면 미반입),figures=1 drawing_count=0
KR 10-2704916 B1,F2 도면별 분리 필요,figures 원소 1개에 도면 8개의 설명이 뭉쳐 있음 — 도면 반입 시 도면 단위 분리 확인,description 길이=305
KR 10-2623669 B1,F1 도면 수 미채움,도면의 설명은 반입됐으나 drawing_count 가 0 (도면 미반입),figures=1 drawing_count=0
KR 10-2623669 B1,F2 도면별 분리 필요,figures 원소 1개에 도면 5개의 설명이 뭉쳐 있음 — 도면 반입 시 도면 단위 분리 확인,description 길이=235
KR 10-2650710 B1,F1 도면 수 미채움,도면의 설명은 반입됐으나 drawing_count 가 0 (도면 미반입),figures=1 drawing_count=0
KR 10-2692273 B1,F1 도면 수 미채움,도면의 설명은 반입됐으나 drawing_count 가 0 (도면 미반입),figures=1 drawing_count=0
KR 10-2692273 B1,F2 도면별 분리 필요,figures 원소 1개에 도면 10개의 설명이 뭉쳐 있음 — 도면 반입 시 도면 단위 분리 확인,description 길이=385
KR 10-2718139 B1,F1 도면 수 미채움,도면의 설명은 반입됐으나 drawing_count 가 0 (도면 미반입),figures=1 drawing_count=0
KR 10-2718139 B1,F2 도면별 분리 필요,figures 원소 1개에 도면 8개의 설명이 뭉쳐 있음 — 도면 반입 시 도면 단위 분리 확인,description 길이=561
KR 10-2633084 B1,F1 도면 수 미채움,도면의 설명은 반입됐으나 drawing_count 가 0 (도면 미반입),figures=1 drawing_count=0
KR 10-2633084 B1,F2 도면별 분리 필요,figures 원소 1개에 도면 8개의 설명이 뭉쳐 있음 — 도면 반입 시 도면 단위 분리 확인,description 길이=397
KR 10-2731905 B1,F1 도면 수 미채움,도면의 설명은 반입됐으나 drawing_count 가 0 (도면 미반입),figures=1 drawing_count=0
KR 10-2731905 B1,F2 도면별 분리 필요,figures 원소 1개에 도면 7개의 설명이 뭉쳐 있음 — 도면 반입 시 도면 단위 분리 확인,description 길이=315
KR 10-2665455 B1,F1 도면 수 미채움,도면의 설명은 반입됐으나 drawing_count 가 0 (도면 미반입),figures=1 drawing_count=0
KR 10-2665455 B1,F2 도면별 분리 필요,figures 원소 1개에 도면 7개의 설명이 뭉쳐 있음 — 도면 반입 시 도면 단위 분리 확인,description 길이=493
KR 10-2704309 B1,F1 도면 수 미채움,도면의 설명은 반입됐으나 drawing_count 가 0 (도면 미반입),figures=1 drawing_count=0
KR 10-2704309 B1,F2 도면별 분리 필요,figures 원소 1개에 도면 4개의 설명이 뭉쳐 있음 — 도면 반입 시 도면 단위 분리 확인,description 길이=157
KR 10-2650671 B1,F1 도면 수 미채움,도면의 설명은 반입됐으나 drawing_count 가 0 (도면 미반입),figures=1 drawing_count=0
KR 10-2650671 B1,F2 도면별 분리 필요,figures 원소 1개에 도면 5개의 설명이 뭉쳐 있음 — 도면 반입 시 도면 단위 분리 확인,description 길이=163
KR 10-2691407 B1,F1 도면 수 미채움,도면의 설명은 반입됐으나 drawing_count 가 0 (도면 미반입),figures=1 drawing_count=0
KR 10-2691407 B1,F2 도면별 분리 필요,figures 원소 1개에 도면 18개의 설명이 뭉쳐 있음 — 도면 반입 시 도면 단위 분리 확인,description 길이=393
KR 10-2717950 B1,F1 도면 수 미채움,도면의 설명은 반입됐으나 drawing_count 가 0 (도면 미반입),figures=1 drawing_count=0
KR 10-2717950 B1,F2 도면별 분리 필요,figures 원소 1개에 도면 19개의 설명이 뭉쳐 있음 — 도면 반입 시 도면 단위 분리 확인,description 길이=984
KR 10-2637252 B1,F1 도면 수 미채움,도면의 설명은 반입됐으나 drawing_count 가 0 (도면 미반입),figures=1 drawing_count=0
KR 10-2732910 B1,F1 도면 수 미채움,도면의 설명은 반입됐으나 drawing_count 가 0 (도면 미반입),figures=1 drawing_count=0
KR 10-2732910 B1,F2 도면별 분리 필요,figures 원소 1개에 도면 10개의 설명이 뭉쳐 있음 — 도면 반입 시 도면 단위 분리 확인,description 길이=636
KR 10-2705410 B1,F1 도면 수 미채움,도면의 설명은 반입됐으나 drawing_count 가 0 (도면 미반입),figures=1 drawing_count=0
KR 10-2705410 B1,F2 도면별 분리 필요,figures 원소 1개에 도면 32개의 설명이 뭉쳐 있음 — 도면 반입 시 도면 단위 분리 확인,description 길이=828
KR 10-2624047 B1,F1 도면 수 미채움,도면의 설명은 반입됐으나 drawing_count 가 0 (도면 미반입),figures=1 drawing_count=0
KR 10-2624047 B1,F2 도면별 분리 필요,figures 원소 1개에 도면 4개의 설명이 뭉쳐 있음 — 도면 반입 시 도면 단위 분리 확인,description 길이=174
KR 10-2649077 B1,F1 도면 수 미채움,도면의 설명은 반입됐으나 drawing_count 가 0 (도면 미반입),figures=1 drawing_count=0
KR 10-2649077 B1,F2 도면별 분리 필요,figures 원소 1개에 도면 9개의 설명이 뭉쳐 있음 — 도면 반입 시 도면 단위 분리 확인,description 길이=310
KR 10-2690033 B1,F1 도면 수 미채움,도면의 설명은 반입됐으나 drawing_count 가 0 (도면 미반입),figures=1 drawing_count=0
KR 10-2690033 B1,F2 도면별 분리 필요,figures 원소 1개에 도면 5개의 설명이 뭉쳐 있음 — 도면 반입 시 도면 단위 분리 확인,description 길이=230
KR 10-2638670 B1,F1 도면 수 미채움,도면의 설명은 반입됐으나 drawing_count 가 0 (도면 미반입),figures=1 drawing_count=0
KR 10-2638670 B1,F2 도면별 분리 필요,figures 원소 1개에 도면 44개의 설명이 뭉쳐 있음 — 도면 반입 시 도면 단위 분리 확인,description 길이=1707
KR 10-2732313 B1,F1 도면 수 미채움,도면의 설명은 반입됐으나 drawing_count 가 0 (도면 미반입),figures=1 drawing_count=0
KR 10-2732313 B1,F2 도면별 분리 필요,figures 원소 1개에 도면 6개의 설명이 뭉쳐 있음 — 도면 반입 시 도면 단위 분리 확인,description 길이=300
KR 10-2666559 B1,F1 도면 수 미채움,도면의 설명은 반입됐으나 drawing_count 가 0 (도면 미반입),figures=1 drawing_count=0
KR 10-2666559 B1,F2 도면별 분리 필요,figures 원소 1개에 도면 9개의 설명이 뭉쳐 있음 — 도면 반입 시 도면 단위 분리 확인,description 길이=434
KR 10-2704527 B1,F1 도면 수 미채움,도면의 설명은 반입됐으나 drawing_count 가 0 (도면 미반입),figures=1 drawing_count=0
KR 10-2704527 B1,F2 도면별 분리 필요,figures 원소 1개에 도면 13개의 설명이 뭉쳐 있음 — 도면 반입 시 도면 단위 분리 확인,description 길이=572
KR 10-2649869 B1,F1 도면 수 미채움,도면의 설명은 반입됐으나 drawing_count 가 0 (도면 미반입),figures=1 drawing_count=0
KR 10-2649869 B1,F2 도면별 분리 필요,figures 원소 1개에 도면 7개의 설명이 뭉쳐 있음 — 도면 반입 시 도면 단위 분리 확인,description 길이=327
KR 10-2717209 B1,F1 도면 수 미채움,도면의 설명은 반입됐으나 drawing_count 가 0 (도면 미반입),figures=1 drawing_count=0
KR 10-2717209 B1,F2 도면별 분리 필요,figures 원소 1개에 도면 3개의 설명이 뭉쳐 있음 — 도면 반입 시 도면 단위 분리 확인,description 길이=198
KR 10-2638140 B1,F1 도면 수 미채움,도면의 설명은 반입됐으나 drawing_count 가 0 (도면 미반입),figures=1 drawing_count=0
KR 10-2638140 B1,F2 도면별 분리 필요,figures 원소 1개에 도면 22개의 설명이 뭉쳐 있음 — 도면 반입 시 도면 단위 분리 확인,description 길이=1159
KR 10-2732631 B1,F1 도면 수 미채움,도면의 설명은 반입됐으나 drawing_count 가 0 (도면 미반입),figures=1 drawing_count=0
KR 10-2732631 B1,F2 도면별 분리 필요,figures 원소 1개에 도면 5개의 설명이 뭉쳐 있음 — 도면 반입 시 도면 단위 분리 확인,description 길이=559
KR 10-2663964 B1,F1 도면 수 미채움,도면의 설명은 반입됐으나 drawing_count 가 0 (도면 미반입),figures=1 drawing_count=0
KR 10-2663964 B1,F2 도면별 분리 필요,figures 원소 1개에 도면 12개의 설명이 뭉쳐 있음 — 도면 반입 시 도면 단위 분리 확인,description 길이=881
KR 10-2704576 B1,F1 도면 수 미채움,도면의 설명은 반입됐으나 drawing_count 가 0 (도면 미반입),figures=1 drawing_count=0
KR 10-2704576 B1,F2 도면별 분리 필요,figures 원소 1개에 도면 6개의 설명이 뭉쳐 있음 — 도면 반입 시 도면 단위 분리 확인,description 길이=378
KR 10-2651471 B1,F1 도면 수 미채움,도면의 설명은 반입됐으나 drawing_count 가 0 (도면 미반입),figures=1 drawing_count=0
KR 10-2651471 B1,F2 도면별 분리 필요,figures 원소 1개에 도면 8개의 설명이 뭉쳐 있음 — 도면 반입 시 도면 단위 분리 확인,description 길이=431
KR 10-2691121 B1,F1 도면 수 미채움,도면의 설명은 반입됐으나 drawing_count 가 0 (도면 미반입),figures=1 drawing_count=0
KR 10-2691121 B1,F2 도면별 분리 필요,figures 원소 1개에 도면 8개의 설명이 뭉쳐 있음 — 도면 반입 시 도면 단위 분리 확인,description 길이=535
KR 10-2718751 B1,F1 도면 수 미채움,도면의 설명은 반입됐으나 drawing_count 가 0 (도면 미반입),figures=1 drawing_count=0
KR 10-2718751 B1,F2 도면별 분리 필요,figures 원소 1개에 도면 8개의 설명이 뭉쳐 있음 — 도면 반입 시 도면 단위 분리 확인,description 길이=484
KR 10-2637471 B1,F1 도면 수 미채움,도면의 설명은 반입됐으나 drawing_count 가 0 (도면 미반입),figures=1 drawing_count=0
KR 10-2637471 B1,F2 도면별 분리 필요,figures 원소 1개에 도면 15개의 설명이 뭉쳐 있음 — 도면 반입 시 도면 단위 분리 확인,description 길이=740
KR 10-2731250 B1,F1 도면 수 미채움,도면의 설명은 반입됐으나 drawing_count 가 0 (도면 미반입),figures=1 drawing_count=0
KR 10-2731250 B1,F2 도면별 분리 필요,figures 원소 1개에 도면 7개의 설명이 뭉쳐 있음 — 도면 반입 시 도면 단위 분리 확인,description 길이=328
KR 10-2665716 B1,F1 도면 수 미채움,도면의 설명은 반입됐으나 drawing_count 가 0 (도면 미반입),figures=1 drawing_count=0
KR 10-2665716 B1,F2 도면별 분리 필요,figures 원소 1개에 도면 5개의 설명이 뭉쳐 있음 — 도면 반입 시 도면 단위 분리 확인,description 길이=199
KR 10-2623874 B1,F1 도면 수 미채움,도면의 설명은 반입됐으나 drawing_count 가 0 (도면 미반입),figures=1 drawing_count=0
KR 10-2623874 B1,F2 도면별 분리 필요,figures 원소 1개에 도면 6개의 설명이 뭉쳐 있음 — 도면 반입 시 도면 단위 분리 확인,description 길이=245
KR 10-2650343 B1,F1 도면 수 미채움,도면의 설명은 반입됐으나 drawing_count 가 0 (도면 미반입),figures=1 drawing_count=0
KR 10-2650343 B1,F2 도면별 분리 필요,figures 원소 1개에 도면 9개의 설명이 뭉쳐 있음 — 도면 반입 시 도면 단위 분리 확인,description 길이=247
KR 10-2689985 B1,F1 도면 수 미채움,도면의 설명은 반입됐으나 drawing_count 가 0 (도면 미반입),figures=1 drawing_count=0
KR 10-2689985 B1,F2 도면별 분리 필요,figures 원소 1개에 도면 17개의 설명이 뭉쳐 있음 — 도면 반입 시 도면 단위 분리 확인,description 길이=919
KR 10-2637507 B1,F1 도면 수 미채움,도면의 설명은 반입됐으나 drawing_count 가 0 (도면 미반입),figures=1 drawing_count=0
KR 10-2637507 B1,F2 도면별 분리 필요,figures 원소 1개에 도면 4개의 설명이 뭉쳐 있음 — 도면 반입 시 도면 단위 분리 확인,description 길이=166
KR 10-2731984 B1,F1 도면 수 미채움,도면의 설명은 반입됐으나 drawing_count 가 0 (도면 미반입),figures=1 drawing_count=0
KR 10-2731984 B1,F2 도면별 분리 필요,figures 원소 1개에 도면 19개의 설명이 뭉쳐 있음 — 도면 반입 시 도면 단위 분리 확인,description 길이=406
KR 10-2704633 B1,F1 도면 수 미채움,도면의 설명은 반입됐으나 drawing_count 가 0 (도면 미반입),figures=1 drawing_count=0
KR 10-2704633 B1,F2 도면별 분리 필요,figures 원소 1개에 도면 8개의 설명이 뭉쳐 있음 — 도면 반입 시 도면 단위 분리 확인,description 길이=193
KR 10-2624618 B1,F1 도면 수 미채움,도면의 설명은 반입됐으나 drawing_count 가 0 (도면 미반입),figures=1 drawing_count=0
KR 10-2624618 B1,F2 도면별 분리 필요,figures 원소 1개에 도면 6개의 설명이 뭉쳐 있음 — 도면 반입 시 도면 단위 분리 확인,description 길이=363
KR 10-2649972 B1,F1 도면 수 미채움,도면의 설명은 반입됐으나 drawing_count 가 0 (도면 미반입),figures=1 drawing_count=0
KR 10-2649972 B1,F2 도면별 분리 필요,figures 원소 1개에 도면 249개의 설명이 뭉쳐 있음 — 도면 반입 시 도면 단위 분리 확인,description 길이=23867
KR 10-2690060 B1,F1 도면 수 미채움,도면의 설명은 반입됐으나 drawing_count 가 0 (도면 미반입),figures=1 drawing_count=0
KR 10-2690060 B1,F2 도면별 분리 필요,figures 원소 1개에 도면 7개의 설명이 뭉쳐 있음 — 도면 반입 시 도면 단위 분리 확인,description 길이=224
KR 10-2636838 B1,F1 도면 수 미채움,도면의 설명은 반입됐으나 drawing_count 가 0 (도면 미반입),figures=1 drawing_count=0
KR 10-2636838 B1,F2 도면별 분리 필요,figures 원소 1개에 도면 6개의 설명이 뭉쳐 있음 — 도면 반입 시 도면 단위 분리 확인,description 길이=457
KR 10-2731496 B1,F1 도면 수 미채움,도면의 설명은 반입됐으나 drawing_count 가 0 (도면 미반입),figures=1 drawing_count=0
KR 10-2731496 B1,F2 도면별 분리 필요,figures 원소 1개에 도면 39개의 설명이 뭉쳐 있음 — 도면 반입 시 도면 단위 분리 확인,description 길이=1172
KR 10-2664948 B1,F1 도면 수 미채움,도면의 설명은 반입됐으나 drawing_count 가 0 (도면 미반입),figures=1 drawing_count=0
KR 10-2664948 B1,F2 도면별 분리 필요,figures 원소 1개에 도면 14개의 설명이 뭉쳐 있음 — 도면 반입 시 도면 단위 분리 확인,description 길이=822
KR 10-2704431 B1,F1 도면 수 미채움,도면의 설명은 반입됐으나 drawing_count 가 0 (도면 미반입),figures=1 drawing_count=0
KR 10-2704431 B1,F2 도면별 분리 필요,figures 원소 1개에 도면 8개의 설명이 뭉쳐 있음 — 도면 반입 시 도면 단위 분리 확인,description 길이=423
KR 10-2623274 B1,F1 도면 수 미채움,도면의 설명은 반입됐으나 drawing_count 가 0 (도면 미반입),figures=1 drawing_count=0
KR 10-2623274 B1,F2 도면별 분리 필요,figures 원소 1개에 도면 7개의 설명이 뭉쳐 있음 — 도면 반입 시 도면 단위 분리 확인,description 길이=289
KR 10-2650837 B1,F1 도면 수 미채움,도면의 설명은 반입됐으나 drawing_count 가 0 (도면 미반입),figures=1 drawing_count=0
KR 10-2650837 B1,F2 도면별 분리 필요,figures 원소 1개에 도면 19개의 설명이 뭉쳐 있음 — 도면 반입 시 도면 단위 분리 확인,description 길이=420
KR 10-2718593 B1,F1 도면 수 미채움,도면의 설명은 반입됐으나 drawing_count 가 0 (도면 미반입),figures=1 drawing_count=0
KR 10-2718593 B1,F2 도면별 분리 필요,figures 원소 1개에 도면 11개의 설명이 뭉쳐 있음 — 도면 반입 시 도면 단위 분리 확인,description 길이=552
KR 10-2637616 B1,F1 도면 수 미채움,도면의 설명은 반입됐으나 drawing_count 가 0 (도면 미반입),figures=1 drawing_count=0
KR 10-2637616 B1,F2 도면별 분리 필요,figures 원소 1개에 도면 9개의 설명이 뭉쳐 있음 — 도면 반입 시 도면 단위 분리 확인,description 길이=204
KR 10-2658446 B1,F1 도면 수 미채움,도면의 설명은 반입됐으나 drawing_count 가 0 (도면 미반입),figures=1 drawing_count=0
KR 10-2658446 B1,F2 도면별 분리 필요,figures 원소 1개에 도면 10개의 설명이 뭉쳐 있음 — 도면 반입 시 도면 단위 분리 확인,description 길이=311
KR 10-2703683 B1,F1 도면 수 미채움,도면의 설명은 반입됐으나 drawing_count 가 0 (도면 미반입),figures=1 drawing_count=0
KR 10-2703683 B1,F2 도면별 분리 필요,figures 원소 1개에 도면 27개의 설명이 뭉쳐 있음 — 도면 반입 시 도면 단위 분리 확인,description 길이=2147
KR 10-2623676 B1,F1 도면 수 미채움,도면의 설명은 반입됐으나 drawing_count 가 0 (도면 미반입),figures=1 drawing_count=0
KR 10-2623676 B1,F2 도면별 분리 필요,figures 원소 1개에 도면 10개의 설명이 뭉쳐 있음 — 도면 반입 시 도면 단위 분리 확인,description 길이=275
KR 10-2650972 B1,F1 도면 수 미채움,도면의 설명은 반입됐으나 drawing_count 가 0 (도면 미반입),figures=1 drawing_count=0
KR 10-2650972 B1,F2 도면별 분리 필요,figures 원소 1개에 도면 14개의 설명이 뭉쳐 있음 — 도면 반입 시 도면 단위 분리 확인,description 길이=836
KR 10-2692523 B1,F1 도면 수 미채움,도면의 설명은 반입됐으나 drawing_count 가 0 (도면 미반입),figures=1 drawing_count=0
KR 10-2692523 B1,F2 도면별 분리 필요,figures 원소 1개에 도면 7개의 설명이 뭉쳐 있음 — 도면 반입 시 도면 단위 분리 확인,description 길이=582
KR 10-2637656 B1,F1 도면 수 미채움,도면의 설명은 반입됐으나 drawing_count 가 0 (도면 미반입),figures=1 drawing_count=0
KR 10-2637656 B1,F2 도면별 분리 필요,figures 원소 1개에 도면 4개의 설명이 뭉쳐 있음 — 도면 반입 시 도면 단위 분리 확인,description 길이=136
KR 10-2731773 B1,F1 도면 수 미채움,도면의 설명은 반입됐으나 drawing_count 가 0 (도면 미반입),figures=1 drawing_count=0
KR 10-2731773 B1,F2 도면별 분리 필요,figures 원소 1개에 도면 4개의 설명이 뭉쳐 있음 — 도면 반입 시 도면 단위 분리 확인,description 길이=190
KR 10-2664622 B1,F1 도면 수 미채움,도면의 설명은 반입됐으나 drawing_count 가 0 (도면 미반입),figures=1 drawing_count=0
KR 10-2664622 B1,F2 도면별 분리 필요,figures 원소 1개에 도면 56개의 설명이 뭉쳐 있음 — 도면 반입 시 도면 단위 분리 확인,description 길이=3037
KR 10-2703582 B1,F1 도면 수 미채움,도면의 설명은 반입됐으나 drawing_count 가 0 (도면 미반입),figures=1 drawing_count=0
KR 10-2703582 B1,F2 도면별 분리 필요,figures 원소 1개에 도면 5개의 설명이 뭉쳐 있음 — 도면 반입 시 도면 단위 분리 확인,description 길이=221
KR 10-2623282 B1,F1 도면 수 미채움,도면의 설명은 반입됐으나 drawing_count 가 0 (도면 미반입),figures=1 drawing_count=0
KR 10-2623282 B1,F2 도면별 분리 필요,figures 원소 1개에 도면 47개의 설명이 뭉쳐 있음 — 도면 반입 시 도면 단위 분리 확인,description 길이=1642
KR 10-2650811 B1,F1 도면 수 미채움,도면의 설명은 반입됐으나 drawing_count 가 0 (도면 미반입),figures=1 drawing_count=0
KR 10-2650811 B1,F2 도면별 분리 필요,figures 원소 1개에 도면 5개의 설명이 뭉쳐 있음 — 도면 반입 시 도면 단위 분리 확인,description 길이=427
KR 10-2691447 B1,F1 도면 수 미채움,도면의 설명은 반입됐으나 drawing_count 가 0 (도면 미반입),figures=1 drawing_count=0
KR 10-2691447 B1,F2 도면별 분리 필요,figures 원소 1개에 도면 16개의 설명이 뭉쳐 있음 — 도면 반입 시 도면 단위 분리 확인,description 길이=625
KR 10-2719086 B1,F1 도면 수 미채움,도면의 설명은 반입됐으나 drawing_count 가 0 (도면 미반입),figures=1 drawing_count=0
KR 10-2719086 B1,F2 도면별 분리 필요,figures 원소 1개에 도면 8개의 설명이 뭉쳐 있음 — 도면 반입 시 도면 단위 분리 확인,description 길이=455
KR 10-2636522 B1,F1 도면 수 미채움,도면의 설명은 반입됐으나 drawing_count 가 0 (도면 미반입),figures=1 drawing_count=0
KR 10-2636522 B1,F2 도면별 분리 필요,figures 원소 1개에 도면 5개의 설명이 뭉쳐 있음 — 도면 반입 시 도면 단위 분리 확인,description 길이=187
KR 10-2732673 B1,F1 도면 수 미채움,도면의 설명은 반입됐으나 drawing_count 가 0 (도면 미반입),figures=1 drawing_count=0
KR 10-2732673 B1,F2 도면별 분리 필요,figures 원소 1개에 도면 6개의 설명이 뭉쳐 있음 — 도면 반입 시 도면 단위 분리 확인,description 길이=292
KR 10-2665693 B1,F1 도면 수 미채움,도면의 설명은 반입됐으나 drawing_count 가 0 (도면 미반입),figures=1 drawing_count=0
KR 10-2665693 B1,F2 도면별 분리 필요,figures 원소 1개에 도면 7개의 설명이 뭉쳐 있음 — 도면 반입 시 도면 단위 분리 확인,description 길이=360
KR 10-2624283 B1,F1 도면 수 미채움,도면의 설명은 반입됐으나 drawing_count 가 0 (도면 미반입),figures=1 drawing_count=0
KR 10-2624283 B1,F2 도면별 분리 필요,figures 원소 1개에 도면 6개의 설명이 뭉쳐 있음 — 도면 반입 시 도면 단위 분리 확인,description 길이=352
KR 10-2690814 B1,F1 도면 수 미채움,도면의 설명은 반입됐으나 drawing_count 가 0 (도면 미반입),figures=1 drawing_count=0
KR 10-2690814 B1,F2 도면별 분리 필요,figures 원소 1개에 도면 3개의 설명이 뭉쳐 있음 — 도면 반입 시 도면 단위 분리 확인,description 길이=268
KR 10-2718587 B1,F1 도면 수 미채움,도면의 설명은 반입됐으나 drawing_count 가 0 (도면 미반입),figures=1 drawing_count=0
KR 10-2718587 B1,F2 도면별 분리 필요,figures 원소 1개에 도면 15개의 설명이 뭉쳐 있음 — 도면 반입 시 도면 단위 분리 확인,description 길이=600
KR 10-2635313 B1,F1 도면 수 미채움,도면의 설명은 반입됐으나 drawing_count 가 0 (도면 미반입),figures=1 drawing_count=0
KR 10-2635313 B1,F2 도면별 분리 필요,figures 원소 1개에 도면 13개의 설명이 뭉쳐 있음 — 도면 반입 시 도면 단위 분리 확인,description 길이=632
KR 10-2731993 B1,F1 도면 수 미채움,도면의 설명은 반입됐으나 drawing_count 가 0 (도면 미반입),figures=1 drawing_count=0
KR 10-2731993 B1,F2 도면별 분리 필요,figures 원소 1개에 도면 8개의 설명이 뭉쳐 있음 — 도면 반입 시 도면 단위 분리 확인,description 길이=490
KR 10-2625091 B1,F1 도면 수 미채움,도면의 설명은 반입됐으나 drawing_count 가 0 (도면 미반입),figures=1 drawing_count=0
KR 10-2625091 B1,F2 도면별 분리 필요,figures 원소 1개에 도면 12개의 설명이 뭉쳐 있음 — 도면 반입 시 도면 단위 분리 확인,description 길이=555
KR 10-2650439 B1,F1 도면 수 미채움,도면의 설명은 반입됐으나 drawing_count 가 0 (도면 미반입),figures=1 drawing_count=0
KR 10-2650439 B1,F2 도면별 분리 필요,figures 원소 1개에 도면 10개의 설명이 뭉쳐 있음 — 도면 반입 시 도면 단위 분리 확인,description 길이=3109
KR 10-2690414 B1,F1 도면 수 미채움,도면의 설명은 반입됐으나 drawing_count 가 0 (도면 미반입),figures=1 drawing_count=0
KR 10-2690414 B1,F2 도면별 분리 필요,figures 원소 1개에 도면 11개의 설명이 뭉쳐 있음 — 도면 반입 시 도면 단위 분리 확인,description 길이=391
KR 10-2716665 B1,F1 도면 수 미채움,도면의 설명은 반입됐으나 drawing_count 가 0 (도면 미반입),figures=1 drawing_count=0
KR 10-2716665 B1,F2 도면별 분리 필요,figures 원소 1개에 도면 21개의 설명이 뭉쳐 있음 — 도면 반입 시 도면 단위 분리 확인,description 길이=554
KR 10-2637684 B1,F1 도면 수 미채움,도면의 설명은 반입됐으나 drawing_count 가 0 (도면 미반입),figures=1 drawing_count=0
KR 10-2637684 B1,F2 도면별 분리 필요,figures 원소 1개에 도면 6개의 설명이 뭉쳐 있음 — 도면 반입 시 도면 단위 분리 확인,description 길이=209
KR 10-2664473 B1,F1 도면 수 미채움,도면의 설명은 반입됐으나 drawing_count 가 0 (도면 미반입),figures=1 drawing_count=0
KR 10-2664473 B1,F2 도면별 분리 필요,figures 원소 1개에 도면 8개의 설명이 뭉쳐 있음 — 도면 반입 시 도면 단위 분리 확인,description 길이=185
KR 10-2703527 B1,F1 도면 수 미채움,도면의 설명은 반입됐으나 drawing_count 가 0 (도면 미반입),figures=1 drawing_count=0
KR 10-2703527 B1,F2 도면별 분리 필요,figures 원소 1개에 도면 8개의 설명이 뭉쳐 있음 — 도면 반입 시 도면 단위 분리 확인,description 길이=421
KR 10-2624170 B1,F1 도면 수 미채움,도면의 설명은 반입됐으나 drawing_count 가 0 (도면 미반입),figures=1 drawing_count=0
KR 10-2624170 B1,F2 도면별 분리 필요,figures 원소 1개에 도면 25개의 설명이 뭉쳐 있음 — 도면 반입 시 도면 단위 분리 확인,description 길이=561
KR 10-2650595 B1,F1 도면 수 미채움,도면의 설명은 반입됐으나 drawing_count 가 0 (도면 미반입),figures=1 drawing_count=0
KR 10-2691711 B1,F1 도면 수 미채움,도면의 설명은 반입됐으나 drawing_count 가 0 (도면 미반입),figures=1 drawing_count=0
KR 10-2691711 B1,F2 도면별 분리 필요,figures 원소 1개에 도면 8개의 설명이 뭉쳐 있음 — 도면 반입 시 도면 단위 분리 확인,description 길이=297
KR 10-2637307 B1,F1 도면 수 미채움,도면의 설명은 반입됐으나 drawing_count 가 0 (도면 미반입),figures=1 drawing_count=0
KR 10-2637307 B1,F2 도면별 분리 필요,figures 원소 1개에 도면 8개의 설명이 뭉쳐 있음 — 도면 반입 시 도면 단위 분리 확인,description 길이=329
KR 10-2732355 B1,F1 도면 수 미채움,도면의 설명은 반입됐으나 drawing_count 가 0 (도면 미반입),figures=1 drawing_count=0
KR 10-2732355 B1,F2 도면별 분리 필요,figures 원소 1개에 도면 16개의 설명이 뭉쳐 있음 — 도면 반입 시 도면 단위 분리 확인,description 길이=631
KR 10-2665026 B1,F1 도면 수 미채움,도면의 설명은 반입됐으나 drawing_count 가 0 (도면 미반입),figures=1 drawing_count=0
KR 10-2665026 B1,F2 도면별 분리 필요,figures 원소 1개에 도면 30개의 설명이 뭉쳐 있음 — 도면 반입 시 도면 단위 분리 확인,description 길이=1037
KR 10-2703764 B1,F1 도면 수 미채움,도면의 설명은 반입됐으나 drawing_count 가 0 (도면 미반입),figures=1 drawing_count=0
KR 10-2703764 B1,F2 도면별 분리 필요,figures 원소 1개에 도면 17개의 설명이 뭉쳐 있음 — 도면 반입 시 도면 단위 분리 확인,description 길이=3865
KR 10-2624375 B1,F1 도면 수 미채움,도면의 설명은 반입됐으나 drawing_count 가 0 (도면 미반입),figures=1 drawing_count=0
KR 10-2624375 B1,F2 도면별 분리 필요,figures 원소 1개에 도면 18개의 설명이 뭉쳐 있음 — 도면 반입 시 도면 단위 분리 확인,description 길이=1375
KR 10-2651624 B1,F1 도면 수 미채움,도면의 설명은 반입됐으나 drawing_count 가 0 (도면 미반입),figures=1 drawing_count=0
KR 10-2651624 B1,F2 도면별 분리 필요,figures 원소 1개에 도면 21개의 설명이 뭉쳐 있음 — 도면 반입 시 도면 단위 분리 확인,description 길이=844
KR 10-2691272 B1,F1 도면 수 미채움,도면의 설명은 반입됐으나 drawing_count 가 0 (도면 미반입),figures=1 drawing_count=0
KR 10-2691272 B1,F2 도면별 분리 필요,figures 원소 1개에 도면 9개의 설명이 뭉쳐 있음 — 도면 반입 시 도면 단위 분리 확인,description 길이=1334
KR 10-2731158 B1,F1 도면 수 미채움,도면의 설명은 반입됐으나 drawing_count 가 0 (도면 미반입),figures=1 drawing_count=0
KR 10-2731158 B1,F2 도면별 분리 필요,figures 원소 1개에 도면 27개의 설명이 뭉쳐 있음 — 도면 반입 시 도면 단위 분리 확인,description 길이=732
KR 10-2665729 B1,F1 도면 수 미채움,도면의 설명은 반입됐으나 drawing_count 가 0 (도면 미반입),figures=1 drawing_count=0
KR 10-2665729 B1,F2 도면별 분리 필요,figures 원소 1개에 도면 30개의 설명이 뭉쳐 있음 — 도면 반입 시 도면 단위 분리 확인,description 길이=1824
KR 10-2625014 B1,F1 도면 수 미채움,도면의 설명은 반입됐으나 drawing_count 가 0 (도면 미반입),figures=1 drawing_count=0
KR 10-2625014 B1,F2 도면별 분리 필요,figures 원소 1개에 도면 7개의 설명이 뭉쳐 있음 — 도면 반입 시 도면 단위 분리 확인,description 길이=480
KR 10-2638034 B1,F1 도면 수 미채움,도면의 설명은 반입됐으나 drawing_count 가 0 (도면 미반입),figures=1 drawing_count=0
KR 10-2638034 B1,F2 도면별 분리 필요,figures 원소 1개에 도면 5개의 설명이 뭉쳐 있음 — 도면 반입 시 도면 단위 분리 확인,description 길이=466
KR 10-2731739 B1,F1 도면 수 미채움,도면의 설명은 반입됐으나 drawing_count 가 0 (도면 미반입),figures=1 drawing_count=0
KR 10-2731739 B1,F2 도면별 분리 필요,figures 원소 1개에 도면 14개의 설명이 뭉쳐 있음 — 도면 반입 시 도면 단위 분리 확인,description 길이=412
KR 10-2665697 B1,F1 도면 수 미채움,도면의 설명은 반입됐으나 drawing_count 가 0 (도면 미반입),figures=1 drawing_count=0
KR 10-2665697 B1,F2 도면별 분리 필요,figures 원소 1개에 도면 5개의 설명이 뭉쳐 있음 — 도면 반입 시 도면 단위 분리 확인,description 길이=232
KR 10-2623703 B1,F1 도면 수 미채움,도면의 설명은 반입됐으나 drawing_count 가 0 (도면 미반입),figures=1 drawing_count=0
KR 10-2623703 B1,F2 도면별 분리 필요,figures 원소 1개에 도면 22개의 설명이 뭉쳐 있음 — 도면 반입 시 도면 단위 분리 확인,description 길이=769
KR 10-2650673 B1,F1 도면 수 미채움,도면의 설명은 반입됐으나 drawing_count 가 0 (도면 미반입),figures=1 drawing_count=0
KR 10-2650673 B1,F2 도면별 분리 필요,figures 원소 1개에 도면 16개의 설명이 뭉쳐 있음 — 도면 반입 시 도면 단위 분리 확인,description 길이=857
KR 10-2718623 B1,F1 도면 수 미채움,도면의 설명은 반입됐으나 drawing_count 가 0 (도면 미반입),figures=1 drawing_count=0
KR 10-2718623 B1,F2 도면별 분리 필요,figures 원소 1개에 도면 56개의 설명이 뭉쳐 있음 — 도면 반입 시 도면 단위 분리 확인,description 길이=2509
KR 10-2637385 B1,F1 도면 수 미채움,도면의 설명은 반입됐으나 drawing_count 가 0 (도면 미반입),figures=1 drawing_count=0
KR 10-2730359 B1,F1 도면 수 미채움,도면의 설명은 반입됐으나 drawing_count 가 0 (도면 미반입),figures=1 drawing_count=0
KR 10-2730359 B1,F2 도면별 분리 필요,figures 원소 1개에 도면 39개의 설명이 뭉쳐 있음 — 도면 반입 시 도면 단위 분리 확인,description 길이=791
KR 10-2665215 B1,F1 도면 수 미채움,도면의 설명은 반입됐으나 drawing_count 가 0 (도면 미반입),figures=1 drawing_count=0
KR 10-2665215 B1,F2 도면별 분리 필요,figures 원소 1개에 도면 5개의 설명이 뭉쳐 있음 — 도면 반입 시 도면 단위 분리 확인,description 길이=188
KR 10-2623171 B1,F1 도면 수 미채움,도면의 설명은 반입됐으나 drawing_count 가 0 (도면 미반입),figures=1 drawing_count=0
KR 10-2623171 B1,F2 도면별 분리 필요,figures 원소 1개에 도면 12개의 설명이 뭉쳐 있음 — 도면 반입 시 도면 단위 분리 확인,description 길이=873
KR 10-2652176 B1,F1 도면 수 미채움,도면의 설명은 반입됐으나 drawing_count 가 0 (도면 미반입),figures=1 drawing_count=0
KR 10-2652176 B1,F2 도면별 분리 필요,figures 원소 1개에 도면 21개의 설명이 뭉쳐 있음 — 도면 반입 시 도면 단위 분리 확인,description 길이=776
KR 10-2689595 B1,F1 도면 수 미채움,도면의 설명은 반입됐으나 drawing_count 가 0 (도면 미반입),figures=1 drawing_count=0
KR 10-2689595 B1,F2 도면별 분리 필요,figures 원소 1개에 도면 5개의 설명이 뭉쳐 있음 — 도면 반입 시 도면 단위 분리 확인,description 길이=174
KR 10-2717968 B1,F1 도면 수 미채움,도면의 설명은 반입됐으나 drawing_count 가 0 (도면 미반입),figures=1 drawing_count=0
KR 10-2717968 B1,F2 도면별 분리 필요,figures 원소 1개에 도면 68개의 설명이 뭉쳐 있음 — 도면 반입 시 도면 단위 분리 확인,description 길이=2351
KR 10-2638125 B1,F1 도면 수 미채움,도면의 설명은 반입됐으나 drawing_count 가 0 (도면 미반입),figures=1 drawing_count=0
KR 10-2638125 B1,F2 도면별 분리 필요,figures 원소 1개에 도면 10개의 설명이 뭉쳐 있음 — 도면 반입 시 도면 단위 분리 확인,description 길이=810
KR 10-2732456 B1,F1 도면 수 미채움,도면의 설명은 반입됐으나 drawing_count 가 0 (도면 미반입),figures=1 drawing_count=0
KR 10-2732456 B1,F2 도면별 분리 필요,figures 원소 1개에 도면 20개의 설명이 뭉쳐 있음 — 도면 반입 시 도면 단위 분리 확인,description 길이=557
KR 10-2665368 B1,F1 도면 수 미채움,도면의 설명은 반입됐으나 drawing_count 가 0 (도면 미반입),figures=1 drawing_count=0
KR 10-2665368 B1,F2 도면별 분리 필요,figures 원소 1개에 도면 22개의 설명이 뭉쳐 있음 — 도면 반입 시 도면 단위 분리 확인,description 길이=519
KR 10-2704087 B1,F1 도면 수 미채움,도면의 설명은 반입됐으나 drawing_count 가 0 (도면 미반입),figures=1 drawing_count=0
KR 10-2704087 B1,F2 도면별 분리 필요,figures 원소 1개에 도면 9개의 설명이 뭉쳐 있음 — 도면 반입 시 도면 단위 분리 확인,description 길이=436
KR 10-2625016 B1,F1 도면 수 미채움,도면의 설명은 반입됐으나 drawing_count 가 0 (도면 미반입),figures=1 drawing_count=0
KR 10-2650488 B1,F1 도면 수 미채움,도면의 설명은 반입됐으나 drawing_count 가 0 (도면 미반입),figures=1 drawing_count=0
KR 10-2650488 B1,F2 도면별 분리 필요,figures 원소 1개에 도면 39개의 설명이 뭉쳐 있음 — 도면 반입 시 도면 단위 분리 확인,description 길이=1692
KR 10-2690742 B1,F1 도면 수 미채움,도면의 설명은 반입됐으나 drawing_count 가 0 (도면 미반입),figures=1 drawing_count=0
KR 10-2690742 B1,F2 도면별 분리 필요,figures 원소 1개에 도면 21개의 설명이 뭉쳐 있음 — 도면 반입 시 도면 단위 분리 확인,description 길이=625
KR 10-2717308 B1,F1 도면 수 미채움,도면의 설명은 반입됐으나 drawing_count 가 0 (도면 미반입),figures=1 drawing_count=0
KR 10-2717308 B1,F2 도면별 분리 필요,figures 원소 1개에 도면 7개의 설명이 뭉쳐 있음 — 도면 반입 시 도면 단위 분리 확인,description 길이=192
KR 10-2637265 B1,F1 도면 수 미채움,도면의 설명은 반입됐으나 drawing_count 가 0 (도면 미반입),figures=1 drawing_count=0
KR 10-2637265 B1,F2 도면별 분리 필요,figures 원소 1개에 도면 12개의 설명이 뭉쳐 있음 — 도면 반입 시 도면 단위 분리 확인,description 길이=185
KR 10-2731414 B1,F1 도면 수 미채움,도면의 설명은 반입됐으나 drawing_count 가 0 (도면 미반입),figures=1 drawing_count=0
KR 10-2665800 B1,F1 도면 수 미채움,도면의 설명은 반입됐으나 drawing_count 가 0 (도면 미반입),figures=1 drawing_count=0
KR 10-2665800 B1,F2 도면별 분리 필요,figures 원소 1개에 도면 11개의 설명이 뭉쳐 있음 — 도면 반입 시 도면 단위 분리 확인,description 길이=623
KR 10-2704551 B1,F1 도면 수 미채움,도면의 설명은 반입됐으나 drawing_count 가 0 (도면 미반입),figures=1 drawing_count=0
KR 10-2704551 B1,F2 도면별 분리 필요,figures 원소 1개에 도면 7개의 설명이 뭉쳐 있음 — 도면 반입 시 도면 단위 분리 확인,description 길이=495
KR 10-2623339 B1,F1 도면 수 미채움,도면의 설명은 반입됐으나 drawing_count 가 0 (도면 미반입),figures=1 drawing_count=0
KR 10-2623339 B1,F2 도면별 분리 필요,figures 원소 1개에 도면 20개의 설명이 뭉쳐 있음 — 도면 반입 시 도면 단위 분리 확인,description 길이=700
KR 10-2650619 B1,F1 도면 수 미채움,도면의 설명은 반입됐으나 drawing_count 가 0 (도면 미반입),figures=1 drawing_count=0
KR 10-2650619 B1,F2 도면별 분리 필요,figures 원소 1개에 도면 15개의 설명이 뭉쳐 있음 — 도면 반입 시 도면 단위 분리 확인,description 길이=538
KR 10-2691060 B1,F1 도면 수 미채움,도면의 설명은 반입됐으나 drawing_count 가 0 (도면 미반입),figures=1 drawing_count=0
KR 10-2691060 B1,F2 도면별 분리 필요,figures 원소 1개에 도면 53개의 설명이 뭉쳐 있음 — 도면 반입 시 도면 단위 분리 확인,description 길이=1329
KR 10-2717896 B1,F1 도면 수 미채움,도면의 설명은 반입됐으나 drawing_count 가 0 (도면 미반입),figures=1 drawing_count=0
KR 10-2636655 B1,F1 도면 수 미채움,도면의 설명은 반입됐으나 drawing_count 가 0 (도면 미반입),figures=1 drawing_count=0
KR 10-2636655 B1,F2 도면별 분리 필요,figures 원소 1개에 도면 17개의 설명이 뭉쳐 있음 — 도면 반입 시 도면 단위 분리 확인,description 길이=381
KR 10-2731928 B1,F1 도면 수 미채움,도면의 설명은 반입됐으나 drawing_count 가 0 (도면 미반입),figures=1 drawing_count=0
KR 10-2731928 B1,F2 도면별 분리 필요,figures 원소 1개에 도면 6개의 설명이 뭉쳐 있음 — 도면 반입 시 도면 단위 분리 확인,description 길이=231
KR 10-2665766 B1,F1 도면 수 미채움,도면의 설명은 반입됐으나 drawing_count 가 0 (도면 미반입),figures=1 drawing_count=0
KR 10-2665766 B1,F2 도면별 분리 필요,figures 원소 1개에 도면 12개의 설명이 뭉쳐 있음 — 도면 반입 시 도면 단위 분리 확인,description 길이=449
KR 10-2704046 B1,F1 도면 수 미채움,도면의 설명은 반입됐으나 drawing_count 가 0 (도면 미반입),figures=1 drawing_count=0
KR 10-2704046 B1,F2 도면별 분리 필요,figures 원소 1개에 도면 8개의 설명이 뭉쳐 있음 — 도면 반입 시 도면 단위 분리 확인,description 길이=322
KR 10-2624736 B1,F1 도면 수 미채움,도면의 설명은 반입됐으나 drawing_count 가 0 (도면 미반입),figures=1 drawing_count=0
KR 10-2624736 B1,F2 도면별 분리 필요,figures 원소 1개에 도면 3개의 설명이 뭉쳐 있음 — 도면 반입 시 도면 단위 분리 확인,description 길이=157
KR 10-2650665 B1,F1 도면 수 미채움,도면의 설명은 반입됐으나 drawing_count 가 0 (도면 미반입),figures=1 drawing_count=0
KR 10-2650665 B1,F2 도면별 분리 필요,figures 원소 1개에 도면 5개의 설명이 뭉쳐 있음 — 도면 반입 시 도면 단위 분리 확인,description 길이=169
KR 10-2690070 B1,F1 도면 수 미채움,도면의 설명은 반입됐으나 drawing_count 가 0 (도면 미반입),figures=1 drawing_count=0
KR 10-2690070 B1,F2 도면별 분리 필요,figures 원소 1개에 도면 9개의 설명이 뭉쳐 있음 — 도면 반입 시 도면 단위 분리 확인,description 길이=454
KR 10-2717326 B1,F1 도면 수 미채움,도면의 설명은 반입됐으나 drawing_count 가 0 (도면 미반입),figures=1 drawing_count=0
KR 10-2717326 B1,F2 도면별 분리 필요,figures 원소 1개에 도면 4개의 설명이 뭉쳐 있음 — 도면 반입 시 도면 단위 분리 확인,description 길이=132
KR 10-2637846 B1,F1 도면 수 미채움,도면의 설명은 반입됐으나 drawing_count 가 0 (도면 미반입),figures=1 drawing_count=0
KR 10-2637846 B1,F2 도면별 분리 필요,figures 원소 1개에 도면 3개의 설명이 뭉쳐 있음 — 도면 반입 시 도면 단위 분리 확인,description 길이=159
KR 10-2732375 B1,F1 도면 수 미채움,도면의 설명은 반입됐으나 drawing_count 가 0 (도면 미반입),figures=1 drawing_count=0
KR 10-2732375 B1,F2 도면별 분리 필요,figures 원소 1개에 도면 35개의 설명이 뭉쳐 있음 — 도면 반입 시 도면 단위 분리 확인,description 길이=592
KR 10-2664484 B1,F1 도면 수 미채움,도면의 설명은 반입됐으나 drawing_count 가 0 (도면 미반입),figures=1 drawing_count=0
KR 10-2704460 B1,F1 도면 수 미채움,도면의 설명은 반입됐으나 drawing_count 가 0 (도면 미반입),figures=1 drawing_count=0
KR 10-2704460 B1,F2 도면별 분리 필요,figures 원소 1개에 도면 19개의 설명이 뭉쳐 있음 — 도면 반입 시 도면 단위 분리 확인,description 길이=743
KR 10-2625828 B1,F1 도면 수 미채움,도면의 설명은 반입됐으나 drawing_count 가 0 (도면 미반입),figures=1 drawing_count=0
KR 10-2625828 B1,F2 도면별 분리 필요,figures 원소 1개에 도면 8개의 설명이 뭉쳐 있음 — 도면 반입 시 도면 단위 분리 확인,description 길이=585
KR 10-2650559 B1,F1 도면 수 미채움,도면의 설명은 반입됐으나 drawing_count 가 0 (도면 미반입),figures=1 drawing_count=0
KR 10-2650559 B1,F2 도면별 분리 필요,figures 원소 1개에 도면 15개의 설명이 뭉쳐 있음 — 도면 반입 시 도면 단위 분리 확인,description 길이=418
KR 10-2691331 B1,F1 도면 수 미채움,도면의 설명은 반입됐으나 drawing_count 가 0 (도면 미반입),figures=1 drawing_count=0
KR 10-2691331 B1,F2 도면별 분리 필요,figures 원소 1개에 도면 5개의 설명이 뭉쳐 있음 — 도면 반입 시 도면 단위 분리 확인,description 길이=138
KR 10-2717604 B1,F1 도면 수 미채움,도면의 설명은 반입됐으나 drawing_count 가 0 (도면 미반입),figures=1 drawing_count=0
KR 10-2717604 B1,F2 도면별 분리 필요,figures 원소 1개에 도면 5개의 설명이 뭉쳐 있음 — 도면 반입 시 도면 단위 분리 확인,description 길이=325
KR 10-2637549 B1,F1 도면 수 미채움,도면의 설명은 반입됐으나 drawing_count 가 0 (도면 미반입),figures=1 drawing_count=0
KR 10-2637549 B1,F2 도면별 분리 필요,figures 원소 1개에 도면 20개의 설명이 뭉쳐 있음 — 도면 반입 시 도면 단위 분리 확인,description 길이=388
KR 10-2664601 B1,F1 도면 수 미채움,도면의 설명은 반입됐으나 drawing_count 가 0 (도면 미반입),figures=1 drawing_count=0
KR 10-2664601 B1,F2 도면별 분리 필요,figures 원소 1개에 도면 14개의 설명이 뭉쳐 있음 — 도면 반입 시 도면 단위 분리 확인,description 길이=339
KR 10-2624487 B1,F1 도면 수 미채움,도면의 설명은 반입됐으나 drawing_count 가 0 (도면 미반입),figures=1 drawing_count=0
KR 10-2624487 B1,F2 도면별 분리 필요,figures 원소 1개에 도면 25개의 설명이 뭉쳐 있음 — 도면 반입 시 도면 단위 분리 확인,description 길이=1390
KR 10-2650898 B1,F1 도면 수 미채움,도면의 설명은 반입됐으나 drawing_count 가 0 (도면 미반입),figures=1 drawing_count=0
KR 10-2690615 B1,F1 도면 수 미채움,도면의 설명은 반입됐으나 drawing_count 가 0 (도면 미반입),figures=1 drawing_count=0
KR 10-2690615 B1,F2 도면별 분리 필요,figures 원소 1개에 도면 5개의 설명이 뭉쳐 있음 — 도면 반입 시 도면 단위 분리 확인,description 길이=236
KR 10-2718163 B1,F1 도면 수 미채움,도면의 설명은 반입됐으나 drawing_count 가 0 (도면 미반입),figures=1 drawing_count=0
KR 10-2718163 B1,F2 도면별 분리 필요,figures 원소 1개에 도면 7개의 설명이 뭉쳐 있음 — 도면 반입 시 도면 단위 분리 확인,description 길이=595
KR 10-2638305 B1,F1 도면 수 미채움,도면의 설명은 반입됐으나 drawing_count 가 0 (도면 미반입),figures=1 drawing_count=0
KR 10-2638305 B1,F2 도면별 분리 필요,figures 원소 1개에 도면 7개의 설명이 뭉쳐 있음 — 도면 반입 시 도면 단위 분리 확인,description 길이=309
KR 10-2731124 B1,F1 도면 수 미채움,도면의 설명은 반입됐으나 drawing_count 가 0 (도면 미반입),figures=1 drawing_count=0
KR 10-2731124 B1,F2 도면별 분리 필요,figures 원소 1개에 도면 14개의 설명이 뭉쳐 있음 — 도면 반입 시 도면 단위 분리 확인,description 길이=442
KR 10-2665297 B1,F1 도면 수 미채움,도면의 설명은 반입됐으나 drawing_count 가 0 (도면 미반입),figures=1 drawing_count=0
KR 10-2665297 B1,F2 도면별 분리 필요,figures 원소 1개에 도면 47개의 설명이 뭉쳐 있음 — 도면 반입 시 도면 단위 분리 확인,description 길이=2333
KR 10-2704531 B1,F1 도면 수 미채움,도면의 설명은 반입됐으나 drawing_count 가 0 (도면 미반입),figures=1 drawing_count=0
KR 10-2704531 B1,F2 도면별 분리 필요,figures 원소 1개에 도면 12개의 설명이 뭉쳐 있음 — 도면 반입 시 도면 단위 분리 확인,description 길이=700
KR 10-2624324 B1,F1 도면 수 미채움,도면의 설명은 반입됐으나 drawing_count 가 0 (도면 미반입),figures=1 drawing_count=0
KR 10-2624324 B1,F2 도면별 분리 필요,figures 원소 1개에 도면 14개의 설명이 뭉쳐 있음 — 도면 반입 시 도면 단위 분리 확인,description 길이=451
KR 10-2651822 B1,F1 도면 수 미채움,도면의 설명은 반입됐으나 drawing_count 가 0 (도면 미반입),figures=1 drawing_count=0
KR 10-2651822 B1,F2 도면별 분리 필요,figures 원소 1개에 도면 58개의 설명이 뭉쳐 있음 — 도면 반입 시 도면 단위 분리 확인,description 길이=2144
KR 10-2690792 B1,F1 도면 수 미채움,도면의 설명은 반입됐으나 drawing_count 가 0 (도면 미반입),figures=1 drawing_count=0
KR 10-2690792 B1,F2 도면별 분리 필요,figures 원소 1개에 도면 15개의 설명이 뭉쳐 있음 — 도면 반입 시 도면 단위 분리 확인,description 길이=353
KR 10-2718585 B1,F1 도면 수 미채움,도면의 설명은 반입됐으나 drawing_count 가 0 (도면 미반입),figures=1 drawing_count=0
KR 10-2637073 B1,F1 도면 수 미채움,도면의 설명은 반입됐으나 drawing_count 가 0 (도면 미반입),figures=1 drawing_count=0
KR 10-2637073 B1,F2 도면별 분리 필요,figures 원소 1개에 도면 3개의 설명이 뭉쳐 있음 — 도면 반입 시 도면 단위 분리 확인,description 길이=364
KR 10-2729727 B1,F1 도면 수 미채움,도면의 설명은 반입됐으나 drawing_count 가 0 (도면 미반입),figures=1 drawing_count=0
KR 10-2729727 B1,F2 도면별 분리 필요,figures 원소 1개에 도면 6개의 설명이 뭉쳐 있음 — 도면 반입 시 도면 단위 분리 확인,description 길이=237
KR 10-2665918 B1,F1 도면 수 미채움,도면의 설명은 반입됐으나 drawing_count 가 0 (도면 미반입),figures=1 drawing_count=0
KR 10-2665918 B1,F2 도면별 분리 필요,figures 원소 1개에 도면 10개의 설명이 뭉쳐 있음 — 도면 반입 시 도면 단위 분리 확인,description 길이=397
KR 10-2704708 B1,F1 도면 수 미채움,도면의 설명은 반입됐으나 drawing_count 가 0 (도면 미반입),figures=1 drawing_count=0
KR 10-2704708 B1,F2 도면별 분리 필요,figures 원소 1개에 도면 12개의 설명이 뭉쳐 있음 — 도면 반입 시 도면 단위 분리 확인,description 길이=617
KR 10-2650486 B1,F1 도면 수 미채움,도면의 설명은 반입됐으나 drawing_count 가 0 (도면 미반입),figures=1 drawing_count=0
KR 10-2650486 B1,F2 도면별 분리 필요,figures 원소 1개에 도면 15개의 설명이 뭉쳐 있음 — 도면 반입 시 도면 단위 분리 확인,description 길이=837
KR 10-2690637 B1,F1 도면 수 미채움,도면의 설명은 반입됐으나 drawing_count 가 0 (도면 미반입),figures=1 drawing_count=0
KR 10-2690637 B1,F2 도면별 분리 필요,figures 원소 1개에 도면 5개의 설명이 뭉쳐 있음 — 도면 반입 시 도면 단위 분리 확인,description 길이=381
KR 10-2716859 B1,F1 도면 수 미채움,도면의 설명은 반입됐으나 drawing_count 가 0 (도면 미반입),figures=1 drawing_count=0
KR 10-2716859 B1,F2 도면별 분리 필요,figures 원소 1개에 도면 4개의 설명이 뭉쳐 있음 — 도면 반입 시 도면 단위 분리 확인,description 길이=104
KR 10-2637024 B1,F1 도면 수 미채움,도면의 설명은 반입됐으나 drawing_count 가 0 (도면 미반입),figures=1 drawing_count=0
KR 10-2637024 B1,F2 도면별 분리 필요,figures 원소 1개에 도면 6개의 설명이 뭉쳐 있음 — 도면 반입 시 도면 단위 분리 확인,description 길이=170
KR 10-2731002 B1,F1 도면 수 미채움,도면의 설명은 반입됐으나 drawing_count 가 0 (도면 미반입),figures=1 drawing_count=0
KR 10-2731002 B1,F2 도면별 분리 필요,figures 원소 1개에 도면 32개의 설명이 뭉쳐 있음 — 도면 반입 시 도면 단위 분리 확인,description 길이=1577
KR 10-2665273 B1,F1 도면 수 미채움,도면의 설명은 반입됐으나 drawing_count 가 0 (도면 미반입),figures=1 drawing_count=0
KR 10-2665273 B1,F2 도면별 분리 필요,figures 원소 1개에 도면 17개의 설명이 뭉쳐 있음 — 도면 반입 시 도면 단위 분리 확인,description 길이=944
KR 10-2704189 B1,F1 도면 수 미채움,도면의 설명은 반입됐으나 drawing_count 가 0 (도면 미반입),figures=1 drawing_count=0
KR 10-2704189 B1,F2 도면별 분리 필요,figures 원소 1개에 도면 13개의 설명이 뭉쳐 있음 — 도면 반입 시 도면 단위 분리 확인,description 길이=419
KR 10-2624713 B1,F1 도면 수 미채움,도면의 설명은 반입됐으나 drawing_count 가 0 (도면 미반입),figures=1 drawing_count=0
KR 10-2651985 B1,F1 도면 수 미채움,도면의 설명은 반입됐으나 drawing_count 가 0 (도면 미반입),figures=1 drawing_count=0
KR 10-2651985 B1,F2 도면별 분리 필요,figures 원소 1개에 도면 7개의 설명이 뭉쳐 있음 — 도면 반입 시 도면 단위 분리 확인,description 길이=253
KR 10-2716127 B1,F1 도면 수 미채움,도면의 설명은 반입됐으나 drawing_count 가 0 (도면 미반입),figures=1 drawing_count=0
KR 10-2716127 B1,F2 도면별 분리 필요,figures 원소 1개에 도면 33개의 설명이 뭉쳐 있음 — 도면 반입 시 도면 단위 분리 확인,description 길이=895
KR 10-2635709 B1,F1 도면 수 미채움,도면의 설명은 반입됐으나 drawing_count 가 0 (도면 미반입),figures=1 drawing_count=0
KR 10-2635709 B1,F2 도면별 분리 필요,figures 원소 1개에 도면 21개의 설명이 뭉쳐 있음 — 도면 반입 시 도면 단위 분리 확인,description 길이=430
KR 10-2730678 B1,F1 도면 수 미채움,도면의 설명은 반입됐으나 drawing_count 가 0 (도면 미반입),figures=1 drawing_count=0
KR 10-2730678 B1,F2 도면별 분리 필요,figures 원소 1개에 도면 12개의 설명이 뭉쳐 있음 — 도면 반입 시 도면 단위 분리 확인,description 길이=1006
KR 10-2664594 B1,F1 도면 수 미채움,도면의 설명은 반입됐으나 drawing_count 가 0 (도면 미반입),figures=1 drawing_count=0
KR 10-2664594 B1,F2 도면별 분리 필요,figures 원소 1개에 도면 15개의 설명이 뭉쳐 있음 — 도면 반입 시 도면 단위 분리 확인,description 길이=1057
KR 10-2624234 B1,F1 도면 수 미채움,도면의 설명은 반입됐으나 drawing_count 가 0 (도면 미반입),figures=1 drawing_count=0
KR 10-2651470 B1,F1 도면 수 미채움,도면의 설명은 반입됐으나 drawing_count 가 0 (도면 미반입),figures=1 drawing_count=0
KR 10-2651470 B1,F2 도면별 분리 필요,figures 원소 1개에 도면 9개의 설명이 뭉쳐 있음 — 도면 반입 시 도면 단위 분리 확인,description 길이=331
KR 10-2692274 B1,F1 도면 수 미채움,도면의 설명은 반입됐으나 drawing_count 가 0 (도면 미반입),figures=1 drawing_count=0
KR 10-2692274 B1,F2 도면별 분리 필요,figures 원소 1개에 도면 6개의 설명이 뭉쳐 있음 — 도면 반입 시 도면 단위 분리 확인,description 길이=302
KR 10-2637451 B1,F1 도면 수 미채움,도면의 설명은 반입됐으나 drawing_count 가 0 (도면 미반입),figures=1 drawing_count=0
KR 10-2731893 B1,F1 도면 수 미채움,도면의 설명은 반입됐으나 drawing_count 가 0 (도면 미반입),figures=1 drawing_count=0
KR 10-2731893 B1,F2 도면별 분리 필요,figures 원소 1개에 도면 22개의 설명이 뭉쳐 있음 — 도면 반입 시 도면 단위 분리 확인,description 길이=894
KR 10-2665671 B1,F1 도면 수 미채움,도면의 설명은 반입됐으나 drawing_count 가 0 (도면 미반입),figures=1 drawing_count=0
KR 10-2665671 B1,F2 도면별 분리 필요,figures 원소 1개에 도면 8개의 설명이 뭉쳐 있음 — 도면 반입 시 도면 단위 분리 확인,description 길이=467
KR 10-2704053 B1,F1 도면 수 미채움,도면의 설명은 반입됐으나 drawing_count 가 0 (도면 미반입),figures=1 drawing_count=0
KR 10-2704053 B1,F2 도면별 분리 필요,figures 원소 1개에 도면 9개의 설명이 뭉쳐 있음 — 도면 반입 시 도면 단위 분리 확인,description 길이=506
KR 10-2624161 B1,F1 도면 수 미채움,도면의 설명은 반입됐으나 drawing_count 가 0 (도면 미반입),figures=1 drawing_count=0
KR 10-2624161 B1,F2 도면별 분리 필요,figures 원소 1개에 도면 9개의 설명이 뭉쳐 있음 — 도면 반입 시 도면 단위 분리 확인,description 길이=442
KR 10-2650706 B1,F1 도면 수 미채움,도면의 설명은 반입됐으나 drawing_count 가 0 (도면 미반입),figures=1 drawing_count=0
KR 10-2650706 B1,F2 도면별 분리 필요,figures 원소 1개에 도면 6개의 설명이 뭉쳐 있음 — 도면 반입 시 도면 단위 분리 확인,description 길이=229
KR 10-2691029 B1,F1 도면 수 미채움,도면의 설명은 반입됐으나 drawing_count 가 0 (도면 미반입),figures=1 drawing_count=0
KR 10-2691029 B1,F2 도면별 분리 필요,figures 원소 1개에 도면 17개의 설명이 뭉쳐 있음 — 도면 반입 시 도면 단위 분리 확인,description 길이=1063
KR 10-2730983 B1,F1 도면 수 미채움,도면의 설명은 반입됐으나 drawing_count 가 0 (도면 미반입),figures=1 drawing_count=0
KR 10-2730983 B1,F2 도면별 분리 필요,figures 원소 1개에 도면 14개의 설명이 뭉쳐 있음 — 도면 반입 시 도면 단위 분리 확인,description 길이=517
KR 10-2623833 B1,F1 도면 수 미채움,도면의 설명은 반입됐으나 drawing_count 가 0 (도면 미반입),figures=1 drawing_count=0
KR 10-2623833 B1,F2 도면별 분리 필요,figures 원소 1개에 도면 16개의 설명이 뭉쳐 있음 — 도면 반입 시 도면 단위 분리 확인,description 길이=527
KR 10-2651304 B1,F1 도면 수 미채움,도면의 설명은 반입됐으나 drawing_count 가 0 (도면 미반입),figures=1 drawing_count=0
KR 10-2651304 B1,F2 도면별 분리 필요,figures 원소 1개에 도면 7개의 설명이 뭉쳐 있음 — 도면 반입 시 도면 단위 분리 확인,description 길이=326
KR 10-2691366 B1,F1 도면 수 미채움,도면의 설명은 반입됐으나 drawing_count 가 0 (도면 미반입),figures=1 drawing_count=0
KR 10-2691366 B1,F2 도면별 분리 필요,figures 원소 1개에 도면 7개의 설명이 뭉쳐 있음 — 도면 반입 시 도면 단위 분리 확인,description 길이=293
KR 10-2717211 B1,F1 도면 수 미채움,도면의 설명은 반입됐으나 drawing_count 가 0 (도면 미반입),figures=1 drawing_count=0
KR 10-2717211 B1,F2 도면별 분리 필요,figures 원소 1개에 도면 10개의 설명이 뭉쳐 있음 — 도면 반입 시 도면 단위 분리 확인,description 길이=460
KR 10-2637677 B1,F1 도면 수 미채움,도면의 설명은 반입됐으나 drawing_count 가 0 (도면 미반입),figures=1 drawing_count=0
KR 10-2637677 B1,F2 도면별 분리 필요,figures 원소 1개에 도면 13개의 설명이 뭉쳐 있음 — 도면 반입 시 도면 단위 분리 확인,description 길이=1411
KR 10-2731009 B1,F1 도면 수 미채움,도면의 설명은 반입됐으나 drawing_count 가 0 (도면 미반입),figures=1 drawing_count=0
KR 10-2731009 B1,F2 도면별 분리 필요,figures 원소 1개에 도면 9개의 설명이 뭉쳐 있음 — 도면 반입 시 도면 단위 분리 확인,description 길이=234
KR 10-2623181 B1,F1 도면 수 미채움,도면의 설명은 반입됐으나 drawing_count 가 0 (도면 미반입),figures=1 drawing_count=0
KR 10-2623181 B1,F2 도면별 분리 필요,figures 원소 1개에 도면 15개의 설명이 뭉쳐 있음 — 도면 반입 시 도면 단위 분리 확인,description 길이=715
KR 10-2650796 B1,F1 도면 수 미채움,도면의 설명은 반입됐으나 drawing_count 가 0 (도면 미반입),figures=1 drawing_count=0
KR 10-2650796 B1,F2 도면별 분리 필요,figures 원소 1개에 도면 17개의 설명이 뭉쳐 있음 — 도면 반입 시 도면 단위 분리 확인,description 길이=705
KR 10-2717839 B1,F1 도면 수 미채움,도면의 설명은 반입됐으나 drawing_count 가 0 (도면 미반입),figures=1 drawing_count=0
KR 10-2717839 B1,F2 도면별 분리 필요,figures 원소 1개에 도면 10개의 설명이 뭉쳐 있음 — 도면 반입 시 도면 단위 분리 확인,description 길이=415
KR 10-2638428 B1,F1 도면 수 미채움,도면의 설명은 반입됐으나 drawing_count 가 0 (도면 미반입),figures=1 drawing_count=0
KR 10-2638428 B1,F2 도면별 분리 필요,figures 원소 1개에 도면 6개의 설명이 뭉쳐 있음 — 도면 반입 시 도면 단위 분리 확인,description 길이=187
KR 10-2732992 B1,F1 도면 수 미채움,도면의 설명은 반입됐으나 drawing_count 가 0 (도면 미반입),figures=1 drawing_count=0
KR 10-2732992 B1,F2 도면별 분리 필요,figures 원소 1개에 도면 29개의 설명이 뭉쳐 있음 — 도면 반입 시 도면 단위 분리 확인,description 길이=1120
KR 10-2624975 B1,F1 도면 수 미채움,도면의 설명은 반입됐으나 drawing_count 가 0 (도면 미반입),figures=1 drawing_count=0
KR 10-2651066 B1,F1 도면 수 미채움,도면의 설명은 반입됐으나 drawing_count 가 0 (도면 미반입),figures=1 drawing_count=0
KR 10-2651066 B1,F2 도면별 분리 필요,figures 원소 1개에 도면 11개의 설명이 뭉쳐 있음 — 도면 반입 시 도면 단위 분리 확인,description 길이=268
KR 10-2705314 B1,F1 도면 수 미채움,도면의 설명은 반입됐으나 drawing_count 가 0 (도면 미반입),figures=1 drawing_count=0
KR 10-2705314 B1,F2 도면별 분리 필요,figures 원소 1개에 도면 17개의 설명이 뭉쳐 있음 — 도면 반입 시 도면 단위 분리 확인,description 길이=998
KR 10-2706492 B1,F1 도면 수 미채움,도면의 설명은 반입됐으나 drawing_count 가 0 (도면 미반입),figures=1 drawing_count=0
KR 10-2706492 B1,F2 도면별 분리 필요,figures 원소 1개에 도면 9개의 설명이 뭉쳐 있음 — 도면 반입 시 도면 단위 분리 확인,description 길이=698
KR 10-2666315 B1,F1 도면 수 미채움,도면의 설명은 반입됐으나 drawing_count 가 0 (도면 미반입),figures=1 drawing_count=0
KR 10-2666315 B1,F2 도면별 분리 필요,figures 원소 1개에 도면 11개의 설명이 뭉쳐 있음 — 도면 반입 시 도면 단위 분리 확인,description 길이=557
KR 10-2691739 B1,F1 도면 수 미채움,도면의 설명은 반입됐으나 drawing_count 가 0 (도면 미반입),figures=1 drawing_count=0
KR 10-2691739 B1,F2 도면별 분리 필요,figures 원소 1개에 도면 16개의 설명이 뭉쳐 있음 — 도면 반입 시 도면 단위 분리 확인,description 길이=655
KR 10-2666701 B1,F1 도면 수 미채움,도면의 설명은 반입됐으나 drawing_count 가 0 (도면 미반입),figures=1 drawing_count=0
KR 10-2692128 B1,F1 도면 수 미채움,도면의 설명은 반입됐으나 drawing_count 가 0 (도면 미반입),figures=1 drawing_count=0
KR 10-2733314 B1,F1 도면 수 미채움,도면의 설명은 반입됐으나 drawing_count 가 0 (도면 미반입),figures=1 drawing_count=0
KR 10-2733314 B1,F2 도면별 분리 필요,figures 원소 1개에 도면 5개의 설명이 뭉쳐 있음 — 도면 반입 시 도면 단위 분리 확인,description 길이=234
KR 10-2667777 B1,F1 도면 수 미채움,도면의 설명은 반입됐으나 drawing_count 가 0 (도면 미반입),figures=1 drawing_count=0
KR 10-2667777 B1,F2 도면별 분리 필요,figures 원소 1개에 도면 5개의 설명이 뭉쳐 있음 — 도면 반입 시 도면 단위 분리 확인,description 길이=185
KR 10-2720539 B1,F1 도면 수 미채움,도면의 설명은 반입됐으나 drawing_count 가 0 (도면 미반입),figures=1 drawing_count=0
KR 10-2720539 B1,F2 도면별 분리 필요,figures 원소 1개에 도면 5개의 설명이 뭉쳐 있음 — 도면 반입 시 도면 단위 분리 확인,description 길이=251
KR 10-2691988 B1,F1 도면 수 미채움,도면의 설명은 반입됐으나 drawing_count 가 0 (도면 미반입),figures=1 drawing_count=0
KR 10-2638221 B1,F1 도면 수 미채움,도면의 설명은 반입됐으나 drawing_count 가 0 (도면 미반입),figures=1 drawing_count=0
KR 10-2638221 B1,F2 도면별 분리 필요,figures 원소 1개에 도면 10개의 설명이 뭉쳐 있음 — 도면 반입 시 도면 단위 분리 확인,description 길이=377
KR 10-2665992 B1,F1 도면 수 미채움,도면의 설명은 반입됐으나 drawing_count 가 0 (도면 미반입),figures=1 drawing_count=0
KR 10-2665992 B1,F2 도면별 분리 필요,figures 원소 1개에 도면 15개의 설명이 뭉쳐 있음 — 도면 반입 시 도면 단위 분리 확인,description 길이=717
KR 10-2718777 B1,F1 도면 수 미채움,도면의 설명은 반입됐으나 drawing_count 가 0 (도면 미반입),figures=1 drawing_count=0
KR 10-2718777 B1,F2 도면별 분리 필요,figures 원소 1개에 도면 16개의 설명이 뭉쳐 있음 — 도면 반입 시 도면 단위 분리 확인,description 길이=975
KR 10-2692360 B1,F1 도면 수 미채움,도면의 설명은 반입됐으나 drawing_count 가 0 (도면 미반입),figures=1 drawing_count=0
KR 10-2692360 B1,F2 도면별 분리 필요,figures 원소 1개에 도면 7개의 설명이 뭉쳐 있음 — 도면 반입 시 도면 단위 분리 확인,description 길이=356
KR 10-2638794 B1,F1 도면 수 미채움,도면의 설명은 반입됐으나 drawing_count 가 0 (도면 미반입),figures=1 drawing_count=0
KR 10-2638794 B1,F2 도면별 분리 필요,figures 원소 1개에 도면 18개의 설명이 뭉쳐 있음 — 도면 반입 시 도면 단위 분리 확인,description 길이=623
KR 10-2733423 B1,F1 도면 수 미채움,도면의 설명은 반입됐으나 drawing_count 가 0 (도면 미반입),figures=1 drawing_count=0
KR 10-2733423 B1,F2 도면별 분리 필요,figures 원소 1개에 도면 5개의 설명이 뭉쳐 있음 — 도면 반입 시 도면 단위 분리 확인,description 길이=295
KR 10-2666374 B1,F1 도면 수 미채움,도면의 설명은 반입됐으나 drawing_count 가 0 (도면 미반입),figures=1 drawing_count=0
KR 10-2666374 B1,F2 도면별 분리 필요,figures 원소 1개에 도면 19개의 설명이 뭉쳐 있음 — 도면 반입 시 도면 단위 분리 확인,description 길이=606
KR 10-2625665 B1,F1 도면 수 미채움,도면의 설명은 반입됐으나 drawing_count 가 0 (도면 미반입),figures=1 drawing_count=0
KR 10-2625665 B1,F2 도면별 분리 필요,figures 원소 1개에 도면 31개의 설명이 뭉쳐 있음 — 도면 반입 시 도면 단위 분리 확인,description 길이=769
KR 10-2690635 B1,F1 도면 수 미채움,도면의 설명은 반입됐으나 drawing_count 가 0 (도면 미반입),figures=1 drawing_count=0
KR 10-2690635 B1,F2 도면별 분리 필요,figures 원소 1개에 도면 5개의 설명이 뭉쳐 있음 — 도면 반입 시 도면 단위 분리 확인,description 길이=282
KR 10-2638282 B1,F1 도면 수 미채움,도면의 설명은 반입됐으나 drawing_count 가 0 (도면 미반입),figures=1 drawing_count=0
KR 10-2638282 B1,F2 도면별 분리 필요,figures 원소 1개에 도면 7개의 설명이 뭉쳐 있음 — 도면 반입 시 도면 단위 분리 확인,description 길이=535
KR 10-2666155 B1,F1 도면 수 미채움,도면의 설명은 반입됐으나 drawing_count 가 0 (도면 미반입),figures=1 drawing_count=0
KR 10-2666155 B1,F2 도면별 분리 필요,figures 원소 1개에 도면 3개의 설명이 뭉쳐 있음 — 도면 반입 시 도면 단위 분리 확인,description 길이=107
KR 10-2624260 B1,F1 도면 수 미채움,도면의 설명은 반입됐으나 drawing_count 가 0 (도면 미반입),figures=1 drawing_count=0
KR 10-2624260 B1,F2 도면별 분리 필요,figures 원소 1개에 도면 7개의 설명이 뭉쳐 있음 — 도면 반입 시 도면 단위 분리 확인,description 길이=344
KR 10-2719936 B1,F1 도면 수 미채움,도면의 설명은 반입됐으나 drawing_count 가 0 (도면 미반입),figures=1 drawing_count=0
KR 10-2719936 B1,F2 도면별 분리 필요,figures 원소 1개에 도면 17개의 설명이 뭉쳐 있음 — 도면 반입 시 도면 단위 분리 확인,description 길이=958
KR 10-2653458 B1,F1 도면 수 미채움,도면의 설명은 반입됐으나 drawing_count 가 0 (도면 미반입),figures=1 drawing_count=0
KR 10-2653458 B1,F2 도면별 분리 필요,figures 원소 1개에 도면 16개의 설명이 뭉쳐 있음 — 도면 반입 시 도면 단위 분리 확인,description 길이=365
KR 10-2637113 B1,F1 도면 수 미채움,도면의 설명은 반입됐으나 drawing_count 가 0 (도면 미반입),figures=1 drawing_count=0
KR 10-2637113 B1,F2 도면별 분리 필요,figures 원소 1개에 도면 14개의 설명이 뭉쳐 있음 — 도면 반입 시 도면 단위 분리 확인,description 길이=422
KR 10-2705642 B1,F1 도면 수 미채움,도면의 설명은 반입됐으나 drawing_count 가 0 (도면 미반입),figures=1 drawing_count=0
KR 10-2705642 B1,F2 도면별 분리 필요,figures 원소 1개에 도면 6개의 설명이 뭉쳐 있음 — 도면 반입 시 도면 단위 분리 확인,description 길이=756
KR 10-2733771 B1,F1 도면 수 미채움,도면의 설명은 반입됐으나 drawing_count 가 0 (도면 미반입),figures=1 drawing_count=0
KR 10-2733771 B1,F2 도면별 분리 필요,figures 원소 1개에 도면 3개의 설명이 뭉쳐 있음 — 도면 반입 시 도면 단위 분리 확인,description 길이=98
KR 10-2666362 B1,F1 도면 수 미채움,도면의 설명은 반입됐으나 drawing_count 가 0 (도면 미반입),figures=1 drawing_count=0
KR 10-2666362 B1,F2 도면별 분리 필요,figures 원소 1개에 도면 9개의 설명이 뭉쳐 있음 — 도면 반입 시 도면 단위 분리 확인,description 길이=373
KR 10-2625337 B1,F1 도면 수 미채움,도면의 설명은 반입됐으나 drawing_count 가 0 (도면 미반입),figures=1 drawing_count=0
KR 10-2625337 B1,F2 도면별 분리 필요,figures 원소 1개에 도면 44개의 설명이 뭉쳐 있음 — 도면 반입 시 도면 단위 분리 확인,description 길이=1343
KR 10-2692129 B1,F1 도면 수 미채움,도면의 설명은 반입됐으나 drawing_count 가 0 (도면 미반입),figures=1 drawing_count=0
KR 10-2692129 B1,F2 도면별 분리 필요,figures 원소 1개에 도면 17개의 설명이 뭉쳐 있음 — 도면 반입 시 도면 단위 분리 확인,description 길이=547
KR 10-2706245 B1,F1 도면 수 미채움,도면의 설명은 반입됐으나 drawing_count 가 0 (도면 미반입),figures=1 drawing_count=0
KR 10-2706245 B1,F2 도면별 분리 필요,figures 원소 1개에 도면 9개의 설명이 뭉쳐 있음 — 도면 반입 시 도면 단위 분리 확인,description 길이=336
KR 10-2733376 B1,F1 도면 수 미채움,도면의 설명은 반입됐으나 drawing_count 가 0 (도면 미반입),figures=1 drawing_count=0
KR 10-2733376 B1,F2 도면별 분리 필요,figures 원소 1개에 도면 8개의 설명이 뭉쳐 있음 — 도면 반입 시 도면 단위 분리 확인,description 길이=200
KR 10-2665187 B1,F1 도면 수 미채움,도면의 설명은 반입됐으나 drawing_count 가 0 (도면 미반입),figures=1 drawing_count=0
KR 10-2665187 B1,F2 도면별 분리 필요,figures 원소 1개에 도면 24개의 설명이 뭉쳐 있음 — 도면 반입 시 도면 단위 분리 확인,description 길이=1920
KR 10-2624989 B1,F1 도면 수 미채움,도면의 설명은 반입됐으나 drawing_count 가 0 (도면 미반입),figures=1 drawing_count=0
KR 10-2624989 B1,F2 도면별 분리 필요,figures 원소 1개에 도면 6개의 설명이 뭉쳐 있음 — 도면 반입 시 도면 단위 분리 확인,description 길이=312
KR 10-2719552 B1,F1 도면 수 미채움,도면의 설명은 반입됐으나 drawing_count 가 0 (도면 미반입),figures=1 drawing_count=0
KR 10-2653380 B1,F1 도면 수 미채움,도면의 설명은 반입됐으나 drawing_count 가 0 (도면 미반입),figures=1 drawing_count=0
KR 10-2653380 B1,F2 도면별 분리 필요,figures 원소 1개에 도면 6개의 설명이 뭉쳐 있음 — 도면 반입 시 도면 단위 분리 확인,description 길이=234
KR 10-2638674 B1,F1 도면 수 미채움,도면의 설명은 반입됐으나 drawing_count 가 0 (도면 미반입),figures=1 drawing_count=0
KR 10-2638674 B1,F2 도면별 분리 필요,figures 원소 1개에 도면 6개의 설명이 뭉쳐 있음 — 도면 반입 시 도면 단위 분리 확인,description 길이=186
KR 10-2734070 B1,F1 도면 수 미채움,도면의 설명은 반입됐으나 drawing_count 가 0 (도면 미반입),figures=1 drawing_count=0
KR 10-2734070 B1,F2 도면별 분리 필요,figures 원소 1개에 도면 4개의 설명이 뭉쳐 있음 — 도면 반입 시 도면 단위 분리 확인,description 길이=222
KR 10-2667682 B1,F1 도면 수 미채움,도면의 설명은 반입됐으나 drawing_count 가 0 (도면 미반입),figures=1 drawing_count=0
KR 10-2667682 B1,F2 도면별 분리 필요,figures 원소 1개에 도면 3개의 설명이 뭉쳐 있음 — 도면 반입 시 도면 단위 분리 확인,description 길이=87
KR 10-2625768 B1,F1 도면 수 미채움,도면의 설명은 반입됐으나 drawing_count 가 0 (도면 미반입),figures=1 drawing_count=0
KR 10-2625768 B1,F2 도면별 분리 필요,figures 원소 1개에 도면 12개의 설명이 뭉쳐 있음 — 도면 반입 시 도면 단위 분리 확인,description 길이=418
KR 10-2719148 B1,F1 도면 수 미채움,도면의 설명은 반입됐으나 drawing_count 가 0 (도면 미반입),figures=1 drawing_count=0
KR 10-2719148 B1,F2 도면별 분리 필요,figures 원소 1개에 도면 5개의 설명이 뭉쳐 있음 — 도면 반입 시 도면 단위 분리 확인,description 길이=529
KR 10-2691471 B1,F1 도면 수 미채움,도면의 설명은 반입됐으나 drawing_count 가 0 (도면 미반입),figures=1 drawing_count=0
KR 10-2691471 B1,F2 도면별 분리 필요,figures 원소 1개에 도면 10개의 설명이 뭉쳐 있음 — 도면 반입 시 도면 단위 분리 확인,description 길이=391
KR 10-2652298 B1,F1 도면 수 미채움,도면의 설명은 반입됐으나 drawing_count 가 0 (도면 미반입),figures=1 drawing_count=0
KR 10-2652298 B1,F2 도면별 분리 필요,figures 원소 1개에 도면 7개의 설명이 뭉쳐 있음 — 도면 반입 시 도면 단위 분리 확인,description 길이=642
KR 10-2639239 B1,F1 도면 수 미채움,도면의 설명은 반입됐으나 drawing_count 가 0 (도면 미반입),figures=1 drawing_count=0
KR 10-2639239 B1,F2 도면별 분리 필요,figures 원소 1개에 도면 29개의 설명이 뭉쳐 있음 — 도면 반입 시 도면 단위 분리 확인,description 길이=812
KR 10-2705833 B1,F1 도면 수 미채움,도면의 설명은 반입됐으나 drawing_count 가 0 (도면 미반입),figures=1 drawing_count=0
KR 10-2705833 B1,F2 도면별 분리 필요,figures 원소 1개에 도면 8개의 설명이 뭉쳐 있음 — 도면 반입 시 도면 단위 분리 확인,description 길이=459
KR 10-2664900 B1,F1 도면 수 미채움,도면의 설명은 반입됐으나 drawing_count 가 0 (도면 미반입),figures=1 drawing_count=0
KR 10-2664900 B1,F2 도면별 분리 필요,figures 원소 1개에 도면 4개의 설명이 뭉쳐 있음 — 도면 반입 시 도면 단위 분리 확인,description 길이=236
KR 10-2625390 B1,F1 도면 수 미채움,도면의 설명은 반입됐으나 drawing_count 가 0 (도면 미반입),figures=1 drawing_count=0
KR 10-2719457 B1,F1 도면 수 미채움,도면의 설명은 반입됐으나 drawing_count 가 0 (도면 미반입),figures=1 drawing_count=0
KR 10-2719457 B1,F2 도면별 분리 필요,figures 원소 1개에 도면 20개의 설명이 뭉쳐 있음 — 도면 반입 시 도면 단위 분리 확인,description 길이=950
KR 10-2690563 B1,F1 도면 수 미채움,도면의 설명은 반입됐으나 drawing_count 가 0 (도면 미반입),figures=1 drawing_count=0
KR 10-2690563 B1,F2 도면별 분리 필요,figures 원소 1개에 도면 5개의 설명이 뭉쳐 있음 — 도면 반입 시 도면 단위 분리 확인,description 길이=311
KR 10-2652999 B1,F1 도면 수 미채움,도면의 설명은 반입됐으나 drawing_count 가 0 (도면 미반입),figures=1 drawing_count=0
KR 10-2652999 B1,F2 도면별 분리 필요,figures 원소 1개에 도면 9개의 설명이 뭉쳐 있음 — 도면 반입 시 도면 단위 분리 확인,description 길이=271
KR 10-2638072 B1,F1 도면 수 미채움,도면의 설명은 반입됐으나 drawing_count 가 0 (도면 미반입),figures=1 drawing_count=0
KR 10-2638072 B1,F2 도면별 분리 필요,figures 원소 1개에 도면 19개의 설명이 뭉쳐 있음 — 도면 반입 시 도면 단위 분리 확인,description 길이=842
KR 10-2705437 B1,F1 도면 수 미채움,도면의 설명은 반입됐으나 drawing_count 가 0 (도면 미반입),figures=1 drawing_count=0
KR 10-2705437 B1,F2 도면별 분리 필요,figures 원소 1개에 도면 9개의 설명이 뭉쳐 있음 — 도면 반입 시 도면 단위 분리 확인,description 길이=409
KR 10-2733426 B1,F1 도면 수 미채움,도면의 설명은 반입됐으나 drawing_count 가 0 (도면 미반입),figures=1 drawing_count=0
KR 10-2733426 B1,F2 도면별 분리 필요,figures 원소 1개에 도면 6개의 설명이 뭉쳐 있음 — 도면 반입 시 도면 단위 분리 확인,description 길이=210
KR 10-2666343 B1,F1 도면 수 미채움,도면의 설명은 반입됐으나 drawing_count 가 0 (도면 미반입),figures=1 drawing_count=0
KR 10-2666343 B1,F2 도면별 분리 필요,figures 원소 1개에 도면 10개의 설명이 뭉쳐 있음 — 도면 반입 시 도면 단위 분리 확인,description 길이=405
KR 10-2625962 B1,F1 도면 수 미채움,도면의 설명은 반입됐으나 drawing_count 가 0 (도면 미반입),figures=1 drawing_count=0
KR 10-2625962 B1,F2 도면별 분리 필요,figures 원소 1개에 도면 8개의 설명이 뭉쳐 있음 — 도면 반입 시 도면 단위 분리 확인,description 길이=737
KR 10-2719958 B1,F1 도면 수 미채움,도면의 설명은 반입됐으나 drawing_count 가 0 (도면 미반입),figures=1 drawing_count=0
KR 10-2719958 B1,F2 도면별 분리 필요,figures 원소 1개에 도면 3개의 설명이 뭉쳐 있음 — 도면 반입 시 도면 단위 분리 확인,description 길이=168
KR 10-2690658 B1,F1 도면 수 미채움,도면의 설명은 반입됐으나 drawing_count 가 0 (도면 미반입),figures=1 drawing_count=0
KR 10-2690658 B1,F2 도면별 분리 필요,figures 원소 1개에 도면 14개의 설명이 뭉쳐 있음 — 도면 반입 시 도면 단위 분리 확인,description 길이=799
KR 10-2652754 B1,F1 도면 수 미채움,도면의 설명은 반입됐으나 drawing_count 가 0 (도면 미반입),figures=1 drawing_count=0
KR 10-2652754 B1,F2 도면별 분리 필요,figures 원소 1개에 도면 8개의 설명이 뭉쳐 있음 — 도면 반입 시 도면 단위 분리 확인,description 길이=351
KR 10-2640186 B1,F1 도면 수 미채움,도면의 설명은 반입됐으나 drawing_count 가 0 (도면 미반입),figures=1 drawing_count=0
KR 10-2640186 B1,F2 도면별 분리 필요,figures 원소 1개에 도면 48개의 설명이 뭉쳐 있음 — 도면 반입 시 도면 단위 분리 확인,description 길이=1980
KR 10-2705608 B1,F1 도면 수 미채움,도면의 설명은 반입됐으나 drawing_count 가 0 (도면 미반입),figures=1 drawing_count=0
KR 10-2705608 B1,F2 도면별 분리 필요,figures 원소 1개에 도면 43개의 설명이 뭉쳐 있음 — 도면 반입 시 도면 단위 분리 확인,description 길이=1346
KR 10-2732229 B1,F1 도면 수 미채움,도면의 설명은 반입됐으나 drawing_count 가 0 (도면 미반입),figures=1 drawing_count=0
KR 10-2732229 B1,F2 도면별 분리 필요,figures 원소 1개에 도면 5개의 설명이 뭉쳐 있음 — 도면 반입 시 도면 단위 분리 확인,description 길이=1185
KR 10-2666376 B1,F1 도면 수 미채움,도면의 설명은 반입됐으나 drawing_count 가 0 (도면 미반입),figures=1 drawing_count=0
KR 10-2666376 B1,F2 도면별 분리 필요,figures 원소 1개에 도면 10개의 설명이 뭉쳐 있음 — 도면 반입 시 도면 단위 분리 확인,description 길이=620
KR 10-2625442 B1,F1 도면 수 미채움,도면의 설명은 반입됐으나 drawing_count 가 0 (도면 미반입),figures=1 drawing_count=0
KR 10-2625442 B1,F2 도면별 분리 필요,figures 원소 1개에 도면 9개의 설명이 뭉쳐 있음 — 도면 반입 시 도면 단위 분리 확인,description 길이=411
KR 10-2720048 B1,F1 도면 수 미채움,도면의 설명은 반입됐으나 drawing_count 가 0 (도면 미반입),figures=1 drawing_count=0
KR 10-2720048 B1,F2 도면별 분리 필요,figures 원소 1개에 도면 14개의 설명이 뭉쳐 있음 — 도면 반입 시 도면 단위 분리 확인,description 길이=1176
KR 10-2692299 B1,F1 도면 수 미채움,도면의 설명은 반입됐으나 drawing_count 가 0 (도면 미반입),figures=1 drawing_count=0
KR 10-2692299 B1,F2 도면별 분리 필요,figures 원소 1개에 도면 5개의 설명이 뭉쳐 있음 — 도면 반입 시 도면 단위 분리 확인,description 길이=368
KR 10-2653103 B1,F1 도면 수 미채움,도면의 설명은 반입됐으나 drawing_count 가 0 (도면 미반입),figures=1 drawing_count=0
KR 10-2653103 B1,F2 도면별 분리 필요,figures 원소 1개에 도면 10개의 설명이 뭉쳐 있음 — 도면 반입 시 도면 단위 분리 확인,description 길이=543
KR 10-2639681 B1,F1 도면 수 미채움,도면의 설명은 반입됐으나 drawing_count 가 0 (도면 미반입),figures=1 drawing_count=0
KR 10-2639681 B1,F2 도면별 분리 필요,figures 원소 1개에 도면 9개의 설명이 뭉쳐 있음 — 도면 반입 시 도면 단위 분리 확인,description 길이=459
KR 10-2706857 B1,F1 도면 수 미채움,도면의 설명은 반입됐으나 drawing_count 가 0 (도면 미반입),figures=1 drawing_count=0
KR 10-2665412 B1,F1 도면 수 미채움,도면의 설명은 반입됐으나 drawing_count 가 0 (도면 미반입),figures=1 drawing_count=0
KR 10-2665412 B1,F2 도면별 분리 필요,figures 원소 1개에 도면 18개의 설명이 뭉쳐 있음 — 도면 반입 시 도면 단위 분리 확인,description 길이=393
KR 10-2719533 B1,F1 도면 수 미채움,도면의 설명은 반입됐으나 drawing_count 가 0 (도면 미반입),figures=1 drawing_count=0
KR 10-2719533 B1,F2 도면별 분리 필요,figures 원소 1개에 도면 30개의 설명이 뭉쳐 있음 — 도면 반입 시 도면 단위 분리 확인,description 길이=1056
KR 10-2692505 B1,F1 도면 수 미채움,도면의 설명은 반입됐으나 drawing_count 가 0 (도면 미반입),figures=1 drawing_count=0
KR 10-2692505 B1,F2 도면별 분리 필요,figures 원소 1개에 도면 9개의 설명이 뭉쳐 있음 — 도면 반입 시 도면 단위 분리 확인,description 길이=194
KR 10-2638748 B1,F1 도면 수 미채움,도면의 설명은 반입됐으나 drawing_count 가 0 (도면 미반입),figures=1 drawing_count=0
KR 10-2638748 B1,F2 도면별 분리 필요,figures 원소 1개에 도면 21개의 설명이 뭉쳐 있음 — 도면 반입 시 도면 단위 분리 확인,description 길이=1365
KR 10-2705574 B1,F1 도면 수 미채움,도면의 설명은 반입됐으나 drawing_count 가 0 (도면 미반입),figures=1 drawing_count=0
KR 10-2705574 B1,F2 도면별 분리 필요,figures 원소 1개에 도면 23개의 설명이 뭉쳐 있음 — 도면 반입 시 도면 단위 분리 확인,description 길이=1608
KR 10-2732592 B1,F1 도면 수 미채움,도면의 설명은 반입됐으나 drawing_count 가 0 (도면 미반입),figures=1 drawing_count=0
KR 10-2732592 B1,F2 도면별 분리 필요,figures 원소 1개에 도면 12개의 설명이 뭉쳐 있음 — 도면 반입 시 도면 단위 분리 확인,description 길이=491
KR 10-2667183 B1,F1 도면 수 미채움,도면의 설명은 반입됐으나 drawing_count 가 0 (도면 미반입),figures=1 drawing_count=0
KR 10-2667183 B1,F2 도면별 분리 필요,figures 원소 1개에 도면 12개의 설명이 뭉쳐 있음 — 도면 반입 시 도면 단위 분리 확인,description 길이=437
KR 10-2624707 B1,F1 도면 수 미채움,도면의 설명은 반입됐으나 drawing_count 가 0 (도면 미반입),figures=1 drawing_count=0
KR 10-2624707 B1,F2 도면별 분리 필요,figures 원소 1개에 도면 10개의 설명이 뭉쳐 있음 — 도면 반입 시 도면 단위 분리 확인,description 길이=264
KR 10-2720602 B1,F1 도면 수 미채움,도면의 설명은 반입됐으나 drawing_count 가 0 (도면 미반입),figures=1 drawing_count=0
KR 10-2720602 B1,F2 도면별 분리 필요,figures 원소 1개에 도면 16개의 설명이 뭉쳐 있음 — 도면 반입 시 도면 단위 분리 확인,description 길이=1007
KR 10-2653087 B1,F1 도면 수 미채움,도면의 설명은 반입됐으나 drawing_count 가 0 (도면 미반입),figures=1 drawing_count=0
KR 10-2653087 B1,F2 도면별 분리 필요,figures 원소 1개에 도면 8개의 설명이 뭉쳐 있음 — 도면 반입 시 도면 단위 분리 확인,description 길이=368
KR 10-2639295 B1,F1 도면 수 미채움,도면의 설명은 반입됐으나 drawing_count 가 0 (도면 미반입),figures=1 drawing_count=0
KR 10-2639295 B1,F2 도면별 분리 필요,figures 원소 1개에 도면 7개의 설명이 뭉쳐 있음 — 도면 반입 시 도면 단위 분리 확인,description 길이=561
KR 10-2705970 B1,F1 도면 수 미채움,도면의 설명은 반입됐으나 drawing_count 가 0 (도면 미반입),figures=1 drawing_count=0
KR 10-2705970 B1,F2 도면별 분리 필요,figures 원소 1개에 도면 11개의 설명이 뭉쳐 있음 — 도면 반입 시 도면 단위 분리 확인,description 길이=440
KR 10-2732394 B1,F1 도면 수 미채움,도면의 설명은 반입됐으나 drawing_count 가 0 (도면 미반입),figures=1 drawing_count=0
KR 10-2732394 B1,F2 도면별 분리 필요,figures 원소 1개에 도면 17개의 설명이 뭉쳐 있음 — 도면 반입 시 도면 단위 분리 확인,description 길이=648
KR 10-2667370 B1,F1 도면 수 미채움,도면의 설명은 반입됐으나 drawing_count 가 0 (도면 미반입),figures=1 drawing_count=0
KR 10-2667370 B1,F2 도면별 분리 필요,figures 원소 1개에 도면 11개의 설명이 뭉쳐 있음 — 도면 반입 시 도면 단위 분리 확인,description 길이=344
KR 10-2626431 B1,F1 도면 수 미채움,도면의 설명은 반입됐으나 drawing_count 가 0 (도면 미반입),figures=1 drawing_count=0
KR 10-2626431 B1,F2 도면별 분리 필요,figures 원소 1개에 도면 10개의 설명이 뭉쳐 있음 — 도면 반입 시 도면 단위 분리 확인,description 길이=617
KR 10-2719118 B1,F1 도면 수 미채움,도면의 설명은 반입됐으나 drawing_count 가 0 (도면 미반입),figures=1 drawing_count=0
KR 10-2719118 B1,F2 도면별 분리 필요,figures 원소 1개에 도면 7개의 설명이 뭉쳐 있음 — 도면 반입 시 도면 단위 분리 확인,description 길이=321
KR 10-2690946 B1,F1 도면 수 미채움,도면의 설명은 반입됐으나 drawing_count 가 0 (도면 미반입),figures=1 drawing_count=0
KR 10-2690946 B1,F2 도면별 분리 필요,figures 원소 1개에 도면 6개의 설명이 뭉쳐 있음 — 도면 반입 시 도면 단위 분리 확인,description 길이=409
KR 10-2653592 B1,F1 도면 수 미채움,도면의 설명은 반입됐으나 drawing_count 가 0 (도면 미반입),figures=1 drawing_count=0
KR 10-2653592 B1,F2 도면별 분리 필요,figures 원소 1개에 도면 7개의 설명이 뭉쳐 있음 — 도면 반입 시 도면 단위 분리 확인,description 길이=342
KR 10-2639059 B1,F1 도면 수 미채움,도면의 설명은 반입됐으나 drawing_count 가 0 (도면 미반입),figures=1 drawing_count=0
KR 10-2639059 B1,F2 도면별 분리 필요,figures 원소 1개에 도면 16개의 설명이 뭉쳐 있음 — 도면 반입 시 도면 단위 분리 확인,description 길이=998
KR 10-2733531 B1,F1 도면 수 미채움,도면의 설명은 반입됐으나 drawing_count 가 0 (도면 미반입),figures=1 drawing_count=0
KR 10-2733531 B1,F2 도면별 분리 필요,figures 원소 1개에 도면 5개의 설명이 뭉쳐 있음 — 도면 반입 시 도면 단위 분리 확인,description 길이=309
KR 10-2666874 B1,F1 도면 수 미채움,도면의 설명은 반입됐으나 drawing_count 가 0 (도면 미반입),figures=1 drawing_count=0
KR 10-2666874 B1,F2 도면별 분리 필요,figures 원소 1개에 도면 24개의 설명이 뭉쳐 있음 — 도면 반입 시 도면 단위 분리 확인,description 길이=1068
KR 10-2625308 B1,F1 도면 수 미채움,도면의 설명은 반입됐으나 drawing_count 가 0 (도면 미반입),figures=1 drawing_count=0
KR 10-2625308 B1,F2 도면별 분리 필요,figures 원소 1개에 도면 15개의 설명이 뭉쳐 있음 — 도면 반입 시 도면 단위 분리 확인,description 길이=1213
KR 10-2720410 B1,F1 도면 수 미채움,도면의 설명은 반입됐으나 drawing_count 가 0 (도면 미반입),figures=1 drawing_count=0
KR 10-2720410 B1,F2 도면별 분리 필요,figures 원소 1개에 도면 12개의 설명이 뭉쳐 있음 — 도면 반입 시 도면 단위 분리 확인,description 길이=368
KR 10-2691417 B1,F1 도면 수 미채움,도면의 설명은 반입됐으나 drawing_count 가 0 (도면 미반입),figures=1 drawing_count=0
KR 10-2691417 B1,F2 도면별 분리 필요,figures 원소 1개에 도면 11개의 설명이 뭉쳐 있음 — 도면 반입 시 도면 단위 분리 확인,description 길이=627
KR 10-2652453 B1,F1 도면 수 미채움,도면의 설명은 반입됐으나 drawing_count 가 0 (도면 미반입),figures=1 drawing_count=0
KR 10-2652453 B1,F2 도면별 분리 필요,figures 원소 1개에 도면 11개의 설명이 뭉쳐 있음 — 도면 반입 시 도면 단위 분리 확인,description 길이=669
KR 10-2638237 B1,F1 도면 수 미채움,도면의 설명은 반입됐으나 drawing_count 가 0 (도면 미반입),figures=1 drawing_count=0
KR 10-2638237 B1,F2 도면별 분리 필요,figures 원소 1개에 도면 7개의 설명이 뭉쳐 있음 — 도면 반입 시 도면 단위 분리 확인,description 길이=431
KR 10-2666137 B1,F1 도면 수 미채움,도면의 설명은 반입됐으나 drawing_count 가 0 (도면 미반입),figures=1 drawing_count=0
KR 10-2666137 B1,F2 도면별 분리 필요,figures 원소 1개에 도면 10개의 설명이 뭉쳐 있음 — 도면 반입 시 도면 단위 분리 확인,description 길이=329
KR 10-2624303 B1,F1 도면 수 미채움,도면의 설명은 반입됐으나 drawing_count 가 0 (도면 미반입),figures=1 drawing_count=0
KR 10-2624303 B1,F2 도면별 분리 필요,figures 원소 1개에 도면 9개의 설명이 뭉쳐 있음 — 도면 반입 시 도면 단위 분리 확인,description 길이=458
KR 10-2719415 B1,F1 도면 수 미채움,도면의 설명은 반입됐으나 drawing_count 가 0 (도면 미반입),figures=1 drawing_count=0
KR 10-2719415 B1,F2 도면별 분리 필요,figures 원소 1개에 도면 13개의 설명이 뭉쳐 있음 — 도면 반입 시 도면 단위 분리 확인,description 길이=513
KR 10-2692092 B1,F1 도면 수 미채움,도면의 설명은 반입됐으나 drawing_count 가 0 (도면 미반입),figures=1 drawing_count=0
KR 10-2692092 B1,F2 도면별 분리 필요,figures 원소 1개에 도면 7개의 설명이 뭉쳐 있음 — 도면 반입 시 도면 단위 분리 확인,description 길이=413
KR 10-2651754 B1,F1 도면 수 미채움,도면의 설명은 반입됐으나 drawing_count 가 0 (도면 미반입),figures=1 drawing_count=0
KR 10-2651754 B1,F2 도면별 분리 필요,figures 원소 1개에 도면 11개의 설명이 뭉쳐 있음 — 도면 반입 시 도면 단위 분리 확인,description 길이=374
KR 10-2638102 B1,F1 도면 수 미채움,도면의 설명은 반입됐으나 drawing_count 가 0 (도면 미반입),figures=1 drawing_count=0
KR 10-2638102 B1,F2 도면별 분리 필요,figures 원소 1개에 도면 6개의 설명이 뭉쳐 있음 — 도면 반입 시 도면 단위 분리 확인,description 길이=290
KR 10-2706947 B1,F1 도면 수 미채움,도면의 설명은 반입됐으나 drawing_count 가 0 (도면 미반입),figures=1 drawing_count=0
KR 10-2706947 B1,F2 도면별 분리 필요,figures 원소 1개에 도면 3개의 설명이 뭉쳐 있음 — 도면 반입 시 도면 단위 분리 확인,description 길이=158
KR 10-2733018 B1,F1 도면 수 미채움,도면의 설명은 반입됐으나 drawing_count 가 0 (도면 미반입),figures=1 drawing_count=0
KR 10-2733018 B1,F2 도면별 분리 필요,figures 원소 1개에 도면 10개의 설명이 뭉쳐 있음 — 도면 반입 시 도면 단위 분리 확인,description 길이=276
KR 10-2666577 B1,F1 도면 수 미채움,도면의 설명은 반입됐으나 drawing_count 가 0 (도면 미반입),figures=1 drawing_count=0
KR 10-2666577 B1,F2 도면별 분리 필요,figures 원소 1개에 도면 13개의 설명이 뭉쳐 있음 — 도면 반입 시 도면 단위 분리 확인,description 길이=279
KR 10-2626004 B1,F1 도면 수 미채움,도면의 설명은 반입됐으나 drawing_count 가 0 (도면 미반입),figures=1 drawing_count=0
KR 10-2626004 B1,F2 도면별 분리 필요,figures 원소 1개에 도면 8개의 설명이 뭉쳐 있음 — 도면 반입 시 도면 단위 분리 확인,description 길이=391
KR 10-2719203 B1,F1 도면 수 미채움,도면의 설명은 반입됐으나 drawing_count 가 0 (도면 미반입),figures=1 drawing_count=0
KR 10-2719203 B1,F2 도면별 분리 필요,figures 원소 1개에 도면 24개의 설명이 뭉쳐 있음 — 도면 반입 시 도면 단위 분리 확인,description 길이=547
KR 10-2691307 B1,F1 도면 수 미채움,도면의 설명은 반입됐으나 drawing_count 가 0 (도면 미반입),figures=1 drawing_count=0
KR 10-2691307 B1,F2 도면별 분리 필요,figures 원소 1개에 도면 29개의 설명이 뭉쳐 있음 — 도면 반입 시 도면 단위 분리 확인,description 길이=879
KR 10-2639490 B1,F1 도면 수 미채움,도면의 설명은 반입됐으나 drawing_count 가 0 (도면 미반입),figures=1 drawing_count=0
KR 10-2639490 B1,F2 도면별 분리 필요,figures 원소 1개에 도면 3개의 설명이 뭉쳐 있음 — 도면 반입 시 도면 단위 분리 확인,description 길이=165
KR 10-2706996 B1,F1 도면 수 미채움,도면의 설명은 반입됐으나 drawing_count 가 0 (도면 미반입),figures=1 drawing_count=0
KR 10-2706996 B1,F2 도면별 분리 필요,figures 원소 1개에 도면 6개의 설명이 뭉쳐 있음 — 도면 반입 시 도면 단위 분리 확인,description 길이=289
KR 10-2734204 B1,F1 도면 수 미채움,도면의 설명은 반입됐으나 drawing_count 가 0 (도면 미반입),figures=1 drawing_count=0
KR 10-2666354 B1,F1 도면 수 미채움,도면의 설명은 반입됐으나 drawing_count 가 0 (도면 미반입),figures=1 drawing_count=0
KR 10-2666354 B1,F2 도면별 분리 필요,figures 원소 1개에 도면 11개의 설명이 뭉쳐 있음 — 도면 반입 시 도면 단위 분리 확인,description 길이=677
KR 10-2624485 B1,F1 도면 수 미채움,도면의 설명은 반입됐으나 drawing_count 가 0 (도면 미반입),figures=1 drawing_count=0
KR 10-2624485 B1,F2 도면별 분리 필요,figures 원소 1개에 도면 9개의 설명이 뭉쳐 있음 — 도면 반입 시 도면 단위 분리 확인,description 길이=338
KR 10-2718327 B1,F1 도면 수 미채움,도면의 설명은 반입됐으나 drawing_count 가 0 (도면 미반입),figures=1 drawing_count=0
KR 10-2718327 B1,F2 도면별 분리 필요,figures 원소 1개에 도면 16개의 설명이 뭉쳐 있음 — 도면 반입 시 도면 단위 분리 확인,description 길이=882
KR 10-2690224 B1,F1 도면 수 미채움,도면의 설명은 반입됐으나 drawing_count 가 0 (도면 미반입),figures=1 drawing_count=0
KR 10-2690224 B1,F2 도면별 분리 필요,figures 원소 1개에 도면 13개의 설명이 뭉쳐 있음 — 도면 반입 시 도면 단위 분리 확인,description 길이=335
KR 10-2652977 B1,F1 도면 수 미채움,도면의 설명은 반입됐으나 drawing_count 가 0 (도면 미반입),figures=1 drawing_count=0
KR 10-2652977 B1,F2 도면별 분리 필요,figures 원소 1개에 도면 20개의 설명이 뭉쳐 있음 — 도면 반입 시 도면 단위 분리 확인,description 길이=390
KR 10-2638385 B1,F1 도면 수 미채움,도면의 설명은 반입됐으나 drawing_count 가 0 (도면 미반입),figures=1 drawing_count=0
KR 10-2638385 B1,F2 도면별 분리 필요,figures 원소 1개에 도면 35개의 설명이 뭉쳐 있음 — 도면 반입 시 도면 단위 분리 확인,description 길이=1793
KR 10-2706153 B1,F1 도면 수 미채움,도면의 설명은 반입됐으나 drawing_count 가 0 (도면 미반입),figures=1 drawing_count=0
KR 10-2706153 B1,F2 도면별 분리 필요,figures 원소 1개에 도면 26개의 설명이 뭉쳐 있음 — 도면 반입 시 도면 단위 분리 확인,description 길이=788
KR 10-2732918 B1,F1 도면 수 미채움,도면의 설명은 반입됐으나 drawing_count 가 0 (도면 미반입),figures=1 drawing_count=0
KR 10-2667030 B1,F1 도면 수 미채움,도면의 설명은 반입됐으나 drawing_count 가 0 (도면 미반입),figures=1 drawing_count=0
KR 10-2667030 B1,F2 도면별 분리 필요,figures 원소 1개에 도면 6개의 설명이 뭉쳐 있음 — 도면 반입 시 도면 단위 분리 확인,description 길이=279
KR 10-2624561 B1,F1 도면 수 미채움,도면의 설명은 반입됐으나 drawing_count 가 0 (도면 미반입),figures=1 drawing_count=0
KR 10-2624561 B1,F2 도면별 분리 필요,figures 원소 1개에 도면 9개의 설명이 뭉쳐 있음 — 도면 반입 시 도면 단위 분리 확인,description 길이=296
KR 10-2719639 B1,F1 도면 수 미채움,도면의 설명은 반입됐으나 drawing_count 가 0 (도면 미반입),figures=1 drawing_count=0
KR 10-2719639 B1,F2 도면별 분리 필요,figures 원소 1개에 도면 3개의 설명이 뭉쳐 있음 — 도면 반입 시 도면 단위 분리 확인,description 길이=123
KR 10-2652897 B1,F1 도면 수 미채움,도면의 설명은 반입됐으나 drawing_count 가 0 (도면 미반입),figures=1 drawing_count=0
KR 10-2652897 B1,F2 도면별 분리 필요,figures 원소 1개에 도면 4개의 설명이 뭉쳐 있음 — 도면 반입 시 도면 단위 분리 확인,description 길이=167
KR 10-2638368 B1,F1 도면 수 미채움,도면의 설명은 반입됐으나 drawing_count 가 0 (도면 미반입),figures=1 drawing_count=0
KR 10-2638368 B1,F2 도면별 분리 필요,figures 원소 1개에 도면 11개의 설명이 뭉쳐 있음 — 도면 반입 시 도면 단위 분리 확인,description 길이=540
KR 10-2706834 B1,F1 도면 수 미채움,도면의 설명은 반입됐으나 drawing_count 가 0 (도면 미반입),figures=1 drawing_count=0
KR 10-2706834 B1,F2 도면별 분리 필요,figures 원소 1개에 도면 72개의 설명이 뭉쳐 있음 — 도면 반입 시 도면 단위 분리 확인,description 길이=676
KR 10-2666522 B1,F1 도면 수 미채움,도면의 설명은 반입됐으나 drawing_count 가 0 (도면 미반입),figures=1 drawing_count=0
KR 10-2666522 B1,F2 도면별 분리 필요,figures 원소 1개에 도면 6개의 설명이 뭉쳐 있음 — 도면 반입 시 도면 단위 분리 확인,description 길이=451
KR 10-2625199 B1,F1 도면 수 미채움,도면의 설명은 반입됐으나 drawing_count 가 0 (도면 미반입),figures=1 drawing_count=0
KR 10-2625199 B1,F2 도면별 분리 필요,figures 원소 1개에 도면 14개의 설명이 뭉쳐 있음 — 도면 반입 시 도면 단위 분리 확인,description 길이=864
KR 10-2718875 B1,F1 도면 수 미채움,도면의 설명은 반입됐으나 drawing_count 가 0 (도면 미반입),figures=1 drawing_count=0
KR 10-2718875 B1,F2 도면별 분리 필요,figures 원소 1개에 도면 3개의 설명이 뭉쳐 있음 — 도면 반입 시 도면 단위 분리 확인,description 길이=114
KR 10-2692646 B1,F1 도면 수 미채움,도면의 설명은 반입됐으나 drawing_count 가 0 (도면 미반입),figures=1 drawing_count=0
KR 10-2692646 B1,F2 도면별 분리 필요,figures 원소 1개에 도면 5개의 설명이 뭉쳐 있음 — 도면 반입 시 도면 단위 분리 확인,description 길이=201
KR 10-2639123 B1,F1 도면 수 미채움,도면의 설명은 반입됐으나 drawing_count 가 0 (도면 미반입),figures=1 drawing_count=0
KR 10-2639123 B1,F2 도면별 분리 필요,figures 원소 1개에 도면 14개의 설명이 뭉쳐 있음 — 도면 반입 시 도면 단위 분리 확인,description 길이=740
KR 10-2706160 B1,F1 도면 수 미채움,도면의 설명은 반입됐으나 drawing_count 가 0 (도면 미반입),figures=1 drawing_count=0
KR 10-2706160 B1,F2 도면별 분리 필요,figures 원소 1개에 도면 15개의 설명이 뭉쳐 있음 — 도면 반입 시 도면 단위 분리 확인,description 길이=268
KR 10-2732145 B1,F1 도면 수 미채움,도면의 설명은 반입됐으나 drawing_count 가 0 (도면 미반입),figures=1 drawing_count=0
KR 10-2732145 B1,F2 도면별 분리 필요,figures 원소 1개에 도면 68개의 설명이 뭉쳐 있음 — 도면 반입 시 도면 단위 분리 확인,description 길이=3183
KR 10-2625068 B1,F1 도면 수 미채움,도면의 설명은 반입됐으나 drawing_count 가 0 (도면 미반입),figures=1 drawing_count=0
KR 10-2625068 B1,F2 도면별 분리 필요,figures 원소 1개에 도면 8개의 설명이 뭉쳐 있음 — 도면 반입 시 도면 단위 분리 확인,description 길이=316
KR 10-2719133 B1,F1 도면 수 미채움,도면의 설명은 반입됐으나 drawing_count 가 0 (도면 미반입),figures=1 drawing_count=0
KR 10-2719133 B1,F2 도면별 분리 필요,figures 원소 1개에 도면 3개의 설명이 뭉쳐 있음 — 도면 반입 시 도면 단위 분리 확인,description 길이=374
KR 10-2691425 B1,F1 도면 수 미채움,도면의 설명은 반입됐으나 drawing_count 가 0 (도면 미반입),figures=1 drawing_count=0
KR 10-2691425 B1,F2 도면별 분리 필요,figures 원소 1개에 도면 9개의 설명이 뭉쳐 있음 — 도면 반입 시 도면 단위 분리 확인,description 길이=323
KR 10-2652681 B1,F1 도면 수 미채움,도면의 설명은 반입됐으나 drawing_count 가 0 (도면 미반입),figures=1 drawing_count=0
KR 10-2652681 B1,F2 도면별 분리 필요,figures 원소 1개에 도면 7개의 설명이 뭉쳐 있음 — 도면 반입 시 도면 단위 분리 확인,description 길이=207
KR 10-2638067 B1,F1 도면 수 미채움,도면의 설명은 반입됐으나 drawing_count 가 0 (도면 미반입),figures=1 drawing_count=0
KR 10-2638067 B1,F2 도면별 분리 필요,figures 원소 1개에 도면 12개의 설명이 뭉쳐 있음 — 도면 반입 시 도면 단위 분리 확인,description 길이=384
KR 10-2706485 B1,F1 도면 수 미채움,도면의 설명은 반입됐으나 drawing_count 가 0 (도면 미반입),figures=1 drawing_count=0
KR 10-2732728 B1,F1 도면 수 미채움,도면의 설명은 반입됐으나 drawing_count 가 0 (도면 미반입),figures=1 drawing_count=0
KR 10-2732728 B1,F2 도면별 분리 필요,figures 원소 1개에 도면 14개의 설명이 뭉쳐 있음 — 도면 반입 시 도면 단위 분리 확인,description 길이=650
KR 10-2667458 B1,F1 도면 수 미채움,도면의 설명은 반입됐으나 drawing_count 가 0 (도면 미반입),figures=1 drawing_count=0
KR 10-2667458 B1,F2 도면별 분리 필요,figures 원소 1개에 도면 6개의 설명이 뭉쳐 있음 — 도면 반입 시 도면 단위 분리 확인,description 길이=297
KR 10-2625284 B1,F1 도면 수 미채움,도면의 설명은 반입됐으나 drawing_count 가 0 (도면 미반입),figures=1 drawing_count=0
KR 10-2692484 B1,F1 도면 수 미채움,도면의 설명은 반입됐으나 drawing_count 가 0 (도면 미반입),figures=1 drawing_count=0
KR 10-2692484 B1,F2 도면별 분리 필요,figures 원소 1개에 도면 8개의 설명이 뭉쳐 있음 — 도면 반입 시 도면 단위 분리 확인,description 길이=453
KR 10-2653638 B1,F1 도면 수 미채움,도면의 설명은 반입됐으나 drawing_count 가 0 (도면 미반입),figures=1 drawing_count=0
KR 10-2653638 B1,F2 도면별 분리 필요,figures 원소 1개에 도면 8개의 설명이 뭉쳐 있음 — 도면 반입 시 도면 단위 분리 확인,description 길이=244
KR 10-2639542 B1,F1 도면 수 미채움,도면의 설명은 반입됐으나 drawing_count 가 0 (도면 미반입),figures=1 drawing_count=0
KR 10-2639542 B1,F2 도면별 분리 필요,figures 원소 1개에 도면 9개의 설명이 뭉쳐 있음 — 도면 반입 시 도면 단위 분리 확인,description 길이=267
KR 10-2705399 B1,F1 도면 수 미채움,도면의 설명은 반입됐으나 drawing_count 가 0 (도면 미반입),figures=1 drawing_count=0
KR 10-2705399 B1,F2 도면별 분리 필요,figures 원소 1개에 도면 14개의 설명이 뭉쳐 있음 — 도면 반입 시 도면 단위 분리 확인,description 길이=649
KR 10-2733651 B1,F1 도면 수 미채움,도면의 설명은 반입됐으나 drawing_count 가 0 (도면 미반입),figures=1 drawing_count=0
KR 10-2733651 B1,F2 도면별 분리 필요,figures 원소 1개에 도면 90개의 설명이 뭉쳐 있음 — 도면 반입 시 도면 단위 분리 확인,description 길이=18173
KR 10-2652603 B1,F1 도면 수 미채움,도면의 설명은 반입됐으나 drawing_count 가 0 (도면 미반입),figures=1 drawing_count=0
KR 10-2652603 B1,F2 도면별 분리 필요,figures 원소 1개에 도면 7개의 설명이 뭉쳐 있음 — 도면 반입 시 도면 단위 분리 확인,description 길이=205
KR 10-2638447 B1,F1 도면 수 미채움,도면의 설명은 반입됐으나 drawing_count 가 0 (도면 미반입),figures=1 drawing_count=0
KR 10-2638447 B1,F2 도면별 분리 필요,figures 원소 1개에 도면 16개의 설명이 뭉쳐 있음 — 도면 반입 시 도면 단위 분리 확인,description 길이=623
KR 10-2666003 B1,F1 도면 수 미채움,도면의 설명은 반입됐으나 drawing_count 가 0 (도면 미반입),figures=1 drawing_count=0
KR 10-2666003 B1,F2 도면별 분리 필요,figures 원소 1개에 도면 6개의 설명이 뭉쳐 있음 — 도면 반입 시 도면 단위 분리 확인,description 길이=322
KR 10-2625409 B1,F1 도면 수 미채움,도면의 설명은 반입됐으나 drawing_count 가 0 (도면 미반입),figures=1 drawing_count=0
KR 10-2625409 B1,F2 도면별 분리 필요,figures 원소 1개에 도면 14개의 설명이 뭉쳐 있음 — 도면 반입 시 도면 단위 분리 확인,description 길이=296
KR 10-2719689 B1,F1 도면 수 미채움,도면의 설명은 반입됐으나 drawing_count 가 0 (도면 미반입),figures=1 drawing_count=0
KR 10-2691625 B1,F1 도면 수 미채움,도면의 설명은 반입됐으나 drawing_count 가 0 (도면 미반입),figures=1 drawing_count=0
KR 10-2651689 B1,F1 도면 수 미채움,도면의 설명은 반입됐으나 drawing_count 가 0 (도면 미반입),figures=1 drawing_count=0
KR 10-2651689 B1,F2 도면별 분리 필요,figures 원소 1개에 도면 12개의 설명이 뭉쳐 있음 — 도면 반입 시 도면 단위 분리 확인,description 길이=371
KR 10-2639659 B1,F1 도면 수 미채움,도면의 설명은 반입됐으나 drawing_count 가 0 (도면 미반입),figures=1 drawing_count=0
KR 10-2639659 B1,F2 도면별 분리 필요,figures 원소 1개에 도면 4개의 설명이 뭉쳐 있음 — 도면 반입 시 도면 단위 분리 확인,description 길이=124
KR 10-2704754 B1,F1 도면 수 미채움,도면의 설명은 반입됐으나 drawing_count 가 0 (도면 미반입),figures=1 drawing_count=0
KR 10-2704754 B1,F2 도면별 분리 필요,figures 원소 1개에 도면 4개의 설명이 뭉쳐 있음 — 도면 반입 시 도면 단위 분리 확인,description 길이=258
KR 10-2733209 B1,F1 도면 수 미채움,도면의 설명은 반입됐으나 drawing_count 가 0 (도면 미반입),figures=1 drawing_count=0
KR 10-2733209 B1,F2 도면별 분리 필요,figures 원소 1개에 도면 6개의 설명이 뭉쳐 있음 — 도면 반입 시 도면 단위 분리 확인,description 길이=144
KR 10-2665944 B1,F1 도면 수 미채움,도면의 설명은 반입됐으나 drawing_count 가 0 (도면 미반입),figures=1 drawing_count=0
KR 10-2665944 B1,F2 도면별 분리 필요,figures 원소 1개에 도면 21개의 설명이 뭉쳐 있음 — 도면 반입 시 도면 단위 분리 확인,description 길이=961
KR 10-2625227 B1,F1 도면 수 미채움,도면의 설명은 반입됐으나 drawing_count 가 0 (도면 미반입),figures=1 drawing_count=0
KR 10-2625227 B1,F2 도면별 분리 필요,figures 원소 1개에 도면 15개의 설명이 뭉쳐 있음 — 도면 반입 시 도면 단위 분리 확인,description 길이=727
KR 10-2718583 B1,F1 도면 수 미채움,도면의 설명은 반입됐으나 drawing_count 가 0 (도면 미반입),figures=1 drawing_count=0
KR 10-2639340 B1,F1 도면 수 미채움,도면의 설명은 반입됐으나 drawing_count 가 0 (도면 미반입),figures=1 drawing_count=0
KR 10-2734007 B1,F1 도면 수 미채움,도면의 설명은 반입됐으나 drawing_count 가 0 (도면 미반입),figures=1 drawing_count=0
KR 10-2734007 B1,F2 도면별 분리 필요,figures 원소 1개에 도면 4개의 설명이 뭉쳐 있음 — 도면 반입 시 도면 단위 분리 확인,description 길이=183
KR 10-2626355 B1,F1 도면 수 미채움,도면의 설명은 반입됐으나 drawing_count 가 0 (도면 미반입),figures=1 drawing_count=0
KR 10-2626355 B1,F2 도면별 분리 필요,figures 원소 1개에 도면 7개의 설명이 뭉쳐 있음 — 도면 반입 시 도면 단위 분리 확인,description 길이=206
KR 10-2691906 B1,F1 도면 수 미채움,도면의 설명은 반입됐으나 drawing_count 가 0 (도면 미반입),figures=1 drawing_count=0
KR 10-2691906 B1,F2 도면별 분리 필요,figures 원소 1개에 도면 19개의 설명이 뭉쳐 있음 — 도면 반입 시 도면 단위 분리 확인,description 길이=808
KR 10-2652004 B1,F1 도면 수 미채움,도면의 설명은 반입됐으나 drawing_count 가 0 (도면 미반입),figures=1 drawing_count=0
KR 10-2638729 B1,F1 도면 수 미채움,도면의 설명은 반입됐으나 drawing_count 가 0 (도면 미반입),figures=1 drawing_count=0
KR 10-2638729 B1,F2 도면별 분리 필요,figures 원소 1개에 도면 7개의 설명이 뭉쳐 있음 — 도면 반입 시 도면 단위 분리 확인,description 길이=197
KR 10-2705875 B1,F1 도면 수 미채움,도면의 설명은 반입됐으나 drawing_count 가 0 (도면 미반입),figures=1 drawing_count=0
KR 10-2705875 B1,F2 도면별 분리 필요,figures 원소 1개에 도면 9개의 설명이 뭉쳐 있음 — 도면 반입 시 도면 단위 분리 확인,description 길이=206
KR 10-2728185 B1,F1 도면 수 미채움,도면의 설명은 반입됐으나 drawing_count 가 0 (도면 미반입),figures=1 drawing_count=0
KR 10-2728185 B1,F2 도면별 분리 필요,figures 원소 1개에 도면 4개의 설명이 뭉쳐 있음 — 도면 반입 시 도면 단위 분리 확인,description 길이=168
KR 10-2665036 B1,F1 도면 수 미채움,도면의 설명은 반입됐으나 drawing_count 가 0 (도면 미반입),figures=1 drawing_count=0
KR 10-2665036 B1,F2 도면별 분리 필요,figures 원소 1개에 도면 12개의 설명이 뭉쳐 있음 — 도면 반입 시 도면 단위 분리 확인,description 길이=339
KR 10-2625132 B1,F1 도면 수 미채움,도면의 설명은 반입됐으나 drawing_count 가 0 (도면 미반입),figures=1 drawing_count=0
KR 10-2625132 B1,F2 도면별 분리 필요,figures 원소 1개에 도면 17개의 설명이 뭉쳐 있음 — 도면 반입 시 도면 단위 분리 확인,description 길이=1374
KR 10-2720040 B1,F1 도면 수 미채움,도면의 설명은 반입됐으나 drawing_count 가 0 (도면 미반입),figures=1 drawing_count=0
KR 10-2720040 B1,F2 도면별 분리 필요,figures 원소 1개에 도면 8개의 설명이 뭉쳐 있음 — 도면 반입 시 도면 단위 분리 확인,description 길이=533
KR 10-2691922 B1,F1 도면 수 미채움,도면의 설명은 반입됐으나 drawing_count 가 0 (도면 미반입),figures=1 drawing_count=0
KR 10-2691922 B1,F2 도면별 분리 필요,figures 원소 1개에 도면 7개의 설명이 뭉쳐 있음 — 도면 반입 시 도면 단위 분리 확인,description 길이=223
KR 10-2651427 B1,F1 도면 수 미채움,도면의 설명은 반입됐으나 drawing_count 가 0 (도면 미반입),figures=1 drawing_count=0
KR 10-2651427 B1,F2 도면별 분리 필요,figures 원소 1개에 도면 8개의 설명이 뭉쳐 있음 — 도면 반입 시 도면 단위 분리 확인,description 길이=606
KR 10-2639459 B1,F1 도면 수 미채움,도면의 설명은 반입됐으나 drawing_count 가 0 (도면 미반입),figures=1 drawing_count=0
KR 10-2639459 B1,F2 도면별 분리 필요,figures 원소 1개에 도면 5개의 설명이 뭉쳐 있음 — 도면 반입 시 도면 단위 분리 확인,description 길이=625
KR 10-2731877 B1,F1 도면 수 미채움,도면의 설명은 반입됐으나 drawing_count 가 0 (도면 미반입),figures=1 drawing_count=0
KR 10-2731877 B1,F2 도면별 분리 필요,figures 원소 1개에 도면 7개의 설명이 뭉쳐 있음 — 도면 반입 시 도면 단위 분리 확인,description 길이=452
KR 10-2664902 B1,F1 도면 수 미채움,도면의 설명은 반입됐으나 drawing_count 가 0 (도면 미반입),figures=1 drawing_count=0
KR 10-2664902 B1,F2 도면별 분리 필요,figures 원소 1개에 도면 12개의 설명이 뭉쳐 있음 — 도면 반입 시 도면 단위 분리 확인,description 길이=407
KR 10-2624474 B1,F1 도면 수 미채움,도면의 설명은 반입됐으나 drawing_count 가 0 (도면 미반입),figures=1 drawing_count=0
KR 10-2624474 B1,F2 도면별 분리 필요,figures 원소 1개에 도면 11개의 설명이 뭉쳐 있음 — 도면 반입 시 도면 단위 분리 확인,description 길이=583
KR 10-2718579 B1,F1 도면 수 미채움,도면의 설명은 반입됐으나 drawing_count 가 0 (도면 미반입),figures=1 drawing_count=0
KR 10-2718579 B1,F2 도면별 분리 필요,figures 원소 1개에 도면 6개의 설명이 뭉쳐 있음 — 도면 반입 시 도면 단위 분리 확인,description 길이=487
KR 10-2691373 B1,F1 도면 수 미채움,도면의 설명은 반입됐으나 drawing_count 가 0 (도면 미반입),figures=1 drawing_count=0
KR 10-2691373 B1,F2 도면별 분리 필요,figures 원소 1개에 도면 23개의 설명이 뭉쳐 있음 — 도면 반입 시 도면 단위 분리 확인,description 길이=1214
KR 10-2637712 B1,F1 도면 수 미채움,도면의 설명은 반입됐으나 drawing_count 가 0 (도면 미반입),figures=1 drawing_count=0
KR 10-2637712 B1,F2 도면별 분리 필요,figures 원소 1개에 도면 7개의 설명이 뭉쳐 있음 — 도면 반입 시 도면 단위 분리 확인,description 길이=304
KR 10-2706431 B1,F1 도면 수 미채움,도면의 설명은 반입됐으나 drawing_count 가 0 (도면 미반입),figures=1 drawing_count=0
KR 10-2706431 B1,F2 도면별 분리 필요,figures 원소 1개에 도면 13개의 설명이 뭉쳐 있음 — 도면 반입 시 도면 단위 분리 확인,description 길이=965
KR 10-2731983 B1,F1 도면 수 미채움,도면의 설명은 반입됐으나 drawing_count 가 0 (도면 미반입),figures=1 drawing_count=0
KR 10-2731983 B1,F2 도면별 분리 필요,figures 원소 1개에 도면 24개의 설명이 뭉쳐 있음 — 도면 반입 시 도면 단위 분리 확인,description 길이=671
KR 10-2664599 B1,F1 도면 수 미채움,도면의 설명은 반입됐으나 drawing_count 가 0 (도면 미반입),figures=1 drawing_count=0
KR 10-2718891 B1,F1 도면 수 미채움,도면의 설명은 반입됐으나 drawing_count 가 0 (도면 미반입),figures=1 drawing_count=0
KR 10-2718891 B1,F2 도면별 분리 필요,figures 원소 1개에 도면 8개의 설명이 뭉쳐 있음 — 도면 반입 시 도면 단위 분리 확인,description 길이=384
KR 10-2692564 B1,F1 도면 수 미채움,도면의 설명은 반입됐으나 drawing_count 가 0 (도면 미반입),figures=1 drawing_count=0
KR 10-2692564 B1,F2 도면별 분리 필요,figures 원소 1개에 도면 33개의 설명이 뭉쳐 있음 — 도면 반입 시 도면 단위 분리 확인,description 길이=1269
KR 10-2639220 B1,F1 도면 수 미채움,도면의 설명은 반입됐으나 drawing_count 가 0 (도면 미반입),figures=1 drawing_count=0
KR 10-2639220 B1,F2 도면별 분리 필요,figures 원소 1개에 도면 6개의 설명이 뭉쳐 있음 — 도면 반입 시 도면 단위 분리 확인,description 길이=233
KR 10-2706502 B1,F1 도면 수 미채움,도면의 설명은 반입됐으나 drawing_count 가 0 (도면 미반입),figures=1 drawing_count=0
KR 10-2706502 B1,F2 도면별 분리 필요,figures 원소 1개에 도면 8개의 설명이 뭉쳐 있음 — 도면 반입 시 도면 단위 분리 확인,description 길이=209
KR 10-2732441 B1,F1 도면 수 미채움,도면의 설명은 반입됐으나 drawing_count 가 0 (도면 미반입),figures=1 drawing_count=0
KR 10-2732441 B1,F2 도면별 분리 필요,figures 원소 1개에 도면 10개의 설명이 뭉쳐 있음 — 도면 반입 시 도면 단위 분리 확인,description 길이=327
KR 10-2625570 B1,F1 도면 수 미채움,도면의 설명은 반입됐으나 drawing_count 가 0 (도면 미반입),figures=1 drawing_count=0
KR 10-2625570 B1,F2 도면별 분리 필요,figures 원소 1개에 도면 9개의 설명이 뭉쳐 있음 — 도면 반입 시 도면 단위 분리 확인,description 길이=338
KR 10-2718773 B1,F1 도면 수 미채움,도면의 설명은 반입됐으나 drawing_count 가 0 (도면 미반입),figures=1 drawing_count=0
KR 10-2718773 B1,F2 도면별 분리 필요,figures 원소 1개에 도면 12개의 설명이 뭉쳐 있음 — 도면 반입 시 도면 단위 분리 확인,description 길이=435
KR 10-2692954 B1,F1 도면 수 미채움,도면의 설명은 반입됐으나 drawing_count 가 0 (도면 미반입),figures=1 drawing_count=0
KR 10-2692954 B1,F2 도면별 분리 필요,figures 원소 1개에 도면 9개의 설명이 뭉쳐 있음 — 도면 반입 시 도면 단위 분리 확인,description 길이=420
KR 10-2653013 B1,F1 도면 수 미채움,도면의 설명은 반입됐으나 drawing_count 가 0 (도면 미반입),figures=1 drawing_count=0
KR 10-2653013 B1,F2 도면별 분리 필요,figures 원소 1개에 도면 26개의 설명이 뭉쳐 있음 — 도면 반입 시 도면 단위 분리 확인,description 길이=2373
KR 10-2639383 B1,F1 도면 수 미채움,도면의 설명은 반입됐으나 drawing_count 가 0 (도면 미반입),figures=1 drawing_count=0
KR 10-2639383 B1,F2 도면별 분리 필요,figures 원소 1개에 도면 6개의 설명이 뭉쳐 있음 — 도면 반입 시 도면 단위 분리 확인,description 길이=335
KR 10-2732680 B1,F1 도면 수 미채움,도면의 설명은 반입됐으나 drawing_count 가 0 (도면 미반입),figures=1 drawing_count=0
KR 10-2732680 B1,F2 도면별 분리 필요,figures 원소 1개에 도면 10개의 설명이 뭉쳐 있음 — 도면 반입 시 도면 단위 분리 확인,description 길이=371
KR 10-2666247 B1,F1 도면 수 미채움,도면의 설명은 반입됐으나 drawing_count 가 0 (도면 미반입),figures=1 drawing_count=0
KR 10-2666247 B1,F2 도면별 분리 필요,figures 원소 1개에 도면 8개의 설명이 뭉쳐 있음 — 도면 반입 시 도면 단위 분리 확인,description 길이=741
KR 10-2625850 B1,F1 도면 수 미채움,도면의 설명은 반입됐으나 drawing_count 가 0 (도면 미반입),figures=1 drawing_count=0
KR 10-2625850 B1,F2 도면별 분리 필요,figures 원소 1개에 도면 5개의 설명이 뭉쳐 있음 — 도면 반입 시 도면 단위 분리 확인,description 길이=209
KR 10-2719478 B1,F1 도면 수 미채움,도면의 설명은 반입됐으나 drawing_count 가 0 (도면 미반입),figures=1 drawing_count=0
KR 10-2719478 B1,F2 도면별 분리 필요,figures 원소 1개에 도면 8개의 설명이 뭉쳐 있음 — 도면 반입 시 도면 단위 분리 확인,description 길이=448
KR 10-2692358 B1,F1 도면 수 미채움,도면의 설명은 반입됐으나 drawing_count 가 0 (도면 미반입),figures=1 drawing_count=0
KR 10-2692358 B1,F2 도면별 분리 필요,figures 원소 1개에 도면 23개의 설명이 뭉쳐 있음 — 도면 반입 시 도면 단위 분리 확인,description 길이=1155
KR 10-2651435 B1,F1 도면 수 미채움,도면의 설명은 반입됐으나 drawing_count 가 0 (도면 미반입),figures=1 drawing_count=0
KR 10-2651435 B1,F2 도면별 분리 필요,figures 원소 1개에 도면 6개의 설명이 뭉쳐 있음 — 도면 반입 시 도면 단위 분리 확인,description 길이=256
KR 10-2638459 B1,F1 도면 수 미채움,도면의 설명은 반입됐으나 drawing_count 가 0 (도면 미반입),figures=1 drawing_count=0
KR 10-2638459 B1,F2 도면별 분리 필요,figures 원소 1개에 도면 9개의 설명이 뭉쳐 있음 — 도면 반입 시 도면 단위 분리 확인,description 길이=330
KR 10-2705615 B1,F1 도면 수 미채움,도면의 설명은 반입됐으나 drawing_count 가 0 (도면 미반입),figures=1 drawing_count=0
KR 10-2705615 B1,F2 도면별 분리 필요,figures 원소 1개에 도면 22개의 설명이 뭉쳐 있음 — 도면 반입 시 도면 단위 분리 확인,description 길이=553
KR 10-2666580 B1,F1 도면 수 미채움,도면의 설명은 반입됐으나 drawing_count 가 0 (도면 미반입),figures=1 drawing_count=0
KR 10-2666580 B1,F2 도면별 분리 필요,figures 원소 1개에 도면 14개의 설명이 뭉쳐 있음 — 도면 반입 시 도면 단위 분리 확인,description 길이=279
KR 10-2625526 B1,F1 도면 수 미채움,도면의 설명은 반입됐으나 drawing_count 가 0 (도면 미반입),figures=1 drawing_count=0
KR 10-2625526 B1,F2 도면별 분리 필요,figures 원소 1개에 도면 8개의 설명이 뭉쳐 있음 — 도면 반입 시 도면 단위 분리 확인,description 길이=305
KR 10-2719942 B1,F1 도면 수 미채움,도면의 설명은 반입됐으나 drawing_count 가 0 (도면 미반입),figures=1 drawing_count=0
KR 10-2691282 B1,F1 도면 수 미채움,도면의 설명은 반입됐으나 drawing_count 가 0 (도면 미반입),figures=1 drawing_count=0
KR 10-2691282 B1,F2 도면별 분리 필요,figures 원소 1개에 도면 4개의 설명이 뭉쳐 있음 — 도면 반입 시 도면 단위 분리 확인,description 길이=484
KR 10-2652072 B1,F1 도면 수 미채움,도면의 설명은 반입됐으나 drawing_count 가 0 (도면 미반입),figures=1 drawing_count=0
KR 10-2652072 B1,F2 도면별 분리 필요,figures 원소 1개에 도면 11개의 설명이 뭉쳐 있음 — 도면 반입 시 도면 단위 분리 확인,description 길이=238
KR 10-2638690 B1,F1 도면 수 미채움,도면의 설명은 반입됐으나 drawing_count 가 0 (도면 미반입),figures=1 drawing_count=0
KR 10-2638690 B1,F2 도면별 분리 필요,figures 원소 1개에 도면 12개의 설명이 뭉쳐 있음 — 도면 반입 시 도면 단위 분리 확인,description 길이=306
KR 10-2705037 B1,F1 도면 수 미채움,도면의 설명은 반입됐으나 drawing_count 가 0 (도면 미반입),figures=1 drawing_count=0
KR 10-2705037 B1,F2 도면별 분리 필요,figures 원소 1개에 도면 6개의 설명이 뭉쳐 있음 — 도면 반입 시 도면 단위 분리 확인,description 길이=233
KR 10-2625954 B1,F1 도면 수 미채움,도면의 설명은 반입됐으나 drawing_count 가 0 (도면 미반입),figures=1 drawing_count=0
KR 10-2625954 B1,F2 도면별 분리 필요,figures 원소 1개에 도면 5개의 설명이 뭉쳐 있음 — 도면 반입 시 도면 단위 분리 확인,description 길이=412
KR 10-2692601 B1,F1 도면 수 미채움,도면의 설명은 반입됐으나 drawing_count 가 0 (도면 미반입),figures=1 drawing_count=0
KR 10-2692601 B1,F2 도면별 분리 필요,figures 원소 1개에 도면 16개의 설명이 뭉쳐 있음 — 도면 반입 시 도면 단위 분리 확인,description 길이=810
KR 10-2651909 B1,F1 도면 수 미채움,도면의 설명은 반입됐으나 drawing_count 가 0 (도면 미반입),figures=1 drawing_count=0
KR 10-2651909 B1,F2 도면별 분리 필요,figures 원소 1개에 도면 16개의 설명이 뭉쳐 있음 — 도면 반입 시 도면 단위 분리 확인,description 길이=745
KR 10-2638227 B1,F1 도면 수 미채움,도면의 설명은 반입됐으나 drawing_count 가 0 (도면 미반입),figures=1 drawing_count=0
KR 10-2638227 B1,F2 도면별 분리 필요,figures 원소 1개에 도면 6개의 설명이 뭉쳐 있음 — 도면 반입 시 도면 단위 분리 확인,description 길이=419
KR 10-2706406 B1,F1 도면 수 미채움,도면의 설명은 반입됐으나 drawing_count 가 0 (도면 미반입),figures=1 drawing_count=0
KR 10-2706406 B1,F2 도면별 분리 필요,figures 원소 1개에 도면 9개의 설명이 뭉쳐 있음 — 도면 반입 시 도면 단위 분리 확인,description 길이=663
KR 10-2733143 B1,F1 도면 수 미채움,도면의 설명은 반입됐으나 drawing_count 가 0 (도면 미반입),figures=1 drawing_count=0
KR 10-2625225 B1,F1 도면 수 미채움,도면의 설명은 반입됐으나 drawing_count 가 0 (도면 미반입),figures=1 drawing_count=0
KR 10-2625225 B1,F2 도면별 분리 필요,figures 원소 1개에 도면 8개의 설명이 뭉쳐 있음 — 도면 반입 시 도면 단위 분리 확인,description 길이=281
KR 10-2718688 B1,F1 도면 수 미채움,도면의 설명은 반입됐으나 drawing_count 가 0 (도면 미반입),figures=1 drawing_count=0
KR 10-2692630 B1,F1 도면 수 미채움,도면의 설명은 반입됐으나 drawing_count 가 0 (도면 미반입),figures=1 drawing_count=0
KR 10-2692630 B1,F2 도면별 분리 필요,figures 원소 1개에 도면 9개의 설명이 뭉쳐 있음 — 도면 반입 시 도면 단위 분리 확인,description 길이=443
KR 10-2638881 B1,F1 도면 수 미채움,도면의 설명은 반입됐으나 drawing_count 가 0 (도면 미반입),figures=1 drawing_count=0
KR 10-2638881 B1,F2 도면별 분리 필요,figures 원소 1개에 도면 7개의 설명이 뭉쳐 있음 — 도면 반입 시 도면 단위 분리 확인,description 길이=255
KR 10-2706513 B1,F1 도면 수 미채움,도면의 설명은 반입됐으나 drawing_count 가 0 (도면 미반입),figures=1 drawing_count=0
KR 10-2706513 B1,F2 도면별 분리 필요,figures 원소 1개에 도면 22개의 설명이 뭉쳐 있음 — 도면 반입 시 도면 단위 분리 확인,description 길이=688
KR 10-2732367 B1,F1 도면 수 미채움,도면의 설명은 반입됐으나 drawing_count 가 0 (도면 미반입),figures=1 drawing_count=0
KR 10-2732367 B1,F2 도면별 분리 필요,figures 원소 1개에 도면 16개의 설명이 뭉쳐 있음 — 도면 반입 시 도면 단위 분리 확인,description 길이=4709
KR 10-2666491 B1,F1 도면 수 미채움,도면의 설명은 반입됐으나 drawing_count 가 0 (도면 미반입),figures=1 drawing_count=0
KR 10-2666491 B1,F2 도면별 분리 필요,figures 원소 1개에 도면 5개의 설명이 뭉쳐 있음 — 도면 반입 시 도면 단위 분리 확인,description 길이=426
KR 10-2719826 B1,F1 도면 수 미채움,도면의 설명은 반입됐으나 drawing_count 가 0 (도면 미반입),figures=1 drawing_count=0
KR 10-2719826 B1,F2 도면별 분리 필요,figures 원소 1개에 도면 11개의 설명이 뭉쳐 있음 — 도면 반입 시 도면 단위 분리 확인,description 길이=614
KR 10-2692119 B1,F1 도면 수 미채움,도면의 설명은 반입됐으나 drawing_count 가 0 (도면 미반입),figures=1 drawing_count=0
KR 10-2692119 B1,F2 도면별 분리 필요,figures 원소 1개에 도면 11개의 설명이 뭉쳐 있음 — 도면 반입 시 도면 단위 분리 확인,description 길이=512
KR 10-2653256 B1,F1 도면 수 미채움,도면의 설명은 반입됐으나 drawing_count 가 0 (도면 미반입),figures=1 drawing_count=0
KR 10-2653256 B1,F2 도면별 분리 필요,figures 원소 1개에 도면 4개의 설명이 뭉쳐 있음 — 도면 반입 시 도면 단위 분리 확인,description 길이=118
KR 10-2638868 B1,F1 도면 수 미채움,도면의 설명은 반입됐으나 drawing_count 가 0 (도면 미반입),figures=1 drawing_count=0
KR 10-2638868 B1,F2 도면별 분리 필요,figures 원소 1개에 도면 4개의 설명이 뭉쳐 있음 — 도면 반입 시 도면 단위 분리 확인,description 길이=202
KR 10-2704960 B1,F1 도면 수 미채움,도면의 설명은 반입됐으나 drawing_count 가 0 (도면 미반입),figures=1 drawing_count=0
KR 10-2704960 B1,F2 도면별 분리 필요,figures 원소 1개에 도면 7개의 설명이 뭉쳐 있음 — 도면 반입 시 도면 단위 분리 확인,description 길이=239
KR 10-2733247 B1,F1 도면 수 미채움,도면의 설명은 반입됐으나 drawing_count 가 0 (도면 미반입),figures=1 drawing_count=0
KR 10-2733247 B1,F2 도면별 분리 필요,figures 원소 1개에 도면 15개의 설명이 뭉쳐 있음 — 도면 반입 시 도면 단위 분리 확인,description 길이=334
KR 10-2663715 B1,F1 도면 수 미채움,도면의 설명은 반입됐으나 drawing_count 가 0 (도면 미반입),figures=1 drawing_count=0
KR 10-2663715 B1,F2 도면별 분리 필요,figures 원소 1개에 도면 33개의 설명이 뭉쳐 있음 — 도면 반입 시 도면 단위 분리 확인,description 길이=784
KR 10-2717733 B1,F1 도면 수 미채움,도면의 설명은 반입됐으나 drawing_count 가 0 (도면 미반입),figures=1 drawing_count=0
KR 10-2717733 B1,F2 도면별 분리 필요,figures 원소 1개에 도면 7개의 설명이 뭉쳐 있음 — 도면 반입 시 도면 단위 분리 확인,description 길이=371
KR 10-2692235 B1,F1 도면 수 미채움,도면의 설명은 반입됐으나 drawing_count 가 0 (도면 미반입),figures=1 drawing_count=0
KR 10-2692235 B1,F2 도면별 분리 필요,figures 원소 1개에 도면 6개의 설명이 뭉쳐 있음 — 도면 반입 시 도면 단위 분리 확인,description 길이=246
KR 10-2653067 B1,F1 도면 수 미채움,도면의 설명은 반입됐으나 drawing_count 가 0 (도면 미반입),figures=1 drawing_count=0
KR 10-2653067 B1,F2 도면별 분리 필요,figures 원소 1개에 도면 8개의 설명이 뭉쳐 있음 — 도면 반입 시 도면 단위 분리 확인,description 길이=331
KR 10-2638661 B1,F1 도면 수 미채움,도면의 설명은 반입됐으나 drawing_count 가 0 (도면 미반입),figures=1 drawing_count=0
KR 10-2638661 B1,F2 도면별 분리 필요,figures 원소 1개에 도면 18개의 설명이 뭉쳐 있음 — 도면 반입 시 도면 단위 분리 확인,description 길이=909
KR 10-2705804 B1,F1 도면 수 미채움,도면의 설명은 반입됐으나 drawing_count 가 0 (도면 미반입),figures=1 drawing_count=0
KR 10-2705804 B1,F2 도면별 분리 필요,figures 원소 1개에 도면 5개의 설명이 뭉쳐 있음 — 도면 반입 시 도면 단위 분리 확인,description 길이=117
KR 10-2626019 B1,F1 도면 수 미채움,도면의 설명은 반입됐으나 drawing_count 가 0 (도면 미반입),figures=1 drawing_count=0
KR 10-2626019 B1,F2 도면별 분리 필요,figures 원소 1개에 도면 7개의 설명이 뭉쳐 있음 — 도면 반입 시 도면 단위 분리 확인,description 길이=188
KR 10-2719025 B1,F1 도면 수 미채움,도면의 설명은 반입됐으나 drawing_count 가 0 (도면 미반입),figures=1 drawing_count=0
KR 10-2719025 B1,F2 도면별 분리 필요,figures 원소 1개에 도면 4개의 설명이 뭉쳐 있음 — 도면 반입 시 도면 단위 분리 확인,description 길이=145
KR 10-2639058 B1,F1 도면 수 미채움,도면의 설명은 반입됐으나 drawing_count 가 0 (도면 미반입),figures=1 drawing_count=0
KR 10-2639058 B1,F2 도면별 분리 필요,figures 원소 1개에 도면 6개의 설명이 뭉쳐 있음 — 도면 반입 시 도면 단위 분리 확인,description 길이=219
KR 10-2666174 B1,F1 도면 수 미채움,도면의 설명은 반입됐으나 drawing_count 가 0 (도면 미반입),figures=1 drawing_count=0
KR 10-2666174 B1,F2 도면별 분리 필요,figures 원소 1개에 도면 6개의 설명이 뭉쳐 있음 — 도면 반입 시 도면 단위 분리 확인,description 길이=262
KR 10-2718756 B1,F1 도면 수 미채움,도면의 설명은 반입됐으나 drawing_count 가 0 (도면 미반입),figures=1 drawing_count=0
KR 10-2718756 B1,F2 도면별 분리 필요,figures 원소 1개에 도면 17개의 설명이 뭉쳐 있음 — 도면 반입 시 도면 단위 분리 확인,description 길이=807
KR 10-2691900 B1,F1 도면 수 미채움,도면의 설명은 반입됐으나 drawing_count 가 0 (도면 미반입),figures=1 drawing_count=0
KR 10-2691900 B1,F2 도면별 분리 필요,figures 원소 1개에 도면 4개의 설명이 뭉쳐 있음 — 도면 반입 시 도면 단위 분리 확인,description 길이=181
KR 10-2651160 B1,F1 도면 수 미채움,도면의 설명은 반입됐으나 drawing_count 가 0 (도면 미반입),figures=1 drawing_count=0
KR 10-2651160 B1,F2 도면별 분리 필요,figures 원소 1개에 도면 7개의 설명이 뭉쳐 있음 — 도면 반입 시 도면 단위 분리 확인,description 길이=654
KR 10-2637364 B1,F1 도면 수 미채움,도면의 설명은 반입됐으나 drawing_count 가 0 (도면 미반입),figures=1 drawing_count=0
KR 10-2637364 B1,F2 도면별 분리 필요,figures 원소 1개에 도면 6개의 설명이 뭉쳐 있음 — 도면 반입 시 도면 단위 분리 확인,description 길이=259
KR 10-2734033 B1,F1 도면 수 미채움,도면의 설명은 반입됐으나 drawing_count 가 0 (도면 미반입),figures=1 drawing_count=0
KR 10-2734033 B1,F2 도면별 분리 필요,figures 원소 1개에 도면 8개의 설명이 뭉쳐 있음 — 도면 반입 시 도면 단위 분리 확인,description 길이=352
KR 10-2665112 B1,F1 도면 수 미채움,도면의 설명은 반입됐으나 drawing_count 가 0 (도면 미반입),figures=1 drawing_count=0
KR 10-2626049 B1,F1 도면 수 미채움,도면의 설명은 반입됐으나 drawing_count 가 0 (도면 미반입),figures=1 drawing_count=0
KR 10-2626049 B1,F2 도면별 분리 필요,figures 원소 1개에 도면 6개의 설명이 뭉쳐 있음 — 도면 반입 시 도면 단위 분리 확인,description 길이=291
KR 10-2720190 B1,F1 도면 수 미채움,도면의 설명은 반입됐으나 drawing_count 가 0 (도면 미반입),figures=1 drawing_count=0
KR 10-2720190 B1,F2 도면별 분리 필요,figures 원소 1개에 도면 15개의 설명이 뭉쳐 있음 — 도면 반입 시 도면 단위 분리 확인,description 길이=449
KR 10-2691079 B1,F1 도면 수 미채움,도면의 설명은 반입됐으나 drawing_count 가 0 (도면 미반입),figures=1 drawing_count=0
KR 10-2691079 B1,F2 도면별 분리 필요,figures 원소 1개에 도면 8개의 설명이 뭉쳐 있음 — 도면 반입 시 도면 단위 분리 확인,description 길이=338
KR 10-2706735 B1,F1 도면 수 미채움,도면의 설명은 반입됐으나 drawing_count 가 0 (도면 미반입),figures=1 drawing_count=0
KR 10-2706735 B1,F2 도면별 분리 필요,figures 원소 1개에 도면 6개의 설명이 뭉쳐 있음 — 도면 반입 시 도면 단위 분리 확인,description 길이=255
KR 10-2666184 B1,F1 도면 수 미채움,도면의 설명은 반입됐으나 drawing_count 가 0 (도면 미반입),figures=1 drawing_count=0
KR 10-2666184 B1,F2 도면별 분리 필요,figures 원소 1개에 도면 8개의 설명이 뭉쳐 있음 — 도면 반입 시 도면 단위 분리 확인,description 길이=491
KR 10-2625953 B1,F1 도면 수 미채움,도면의 설명은 반입됐으나 drawing_count 가 0 (도면 미반입),figures=1 drawing_count=0
KR 10-2625953 B1,F2 도면별 분리 필요,figures 원소 1개에 도면 9개의 설명이 뭉쳐 있음 — 도면 반입 시 도면 단위 분리 확인,description 길이=377
KR 10-2719336 B1,F1 도면 수 미채움,도면의 설명은 반입됐으나 drawing_count 가 0 (도면 미반입),figures=1 drawing_count=0
KR 10-2719336 B1,F2 도면별 분리 필요,figures 원소 1개에 도면 7개의 설명이 뭉쳐 있음 — 도면 반입 시 도면 단위 분리 확인,description 길이=420
KR 10-2692038 B1,F1 도면 수 미채움,도면의 설명은 반입됐으나 drawing_count 가 0 (도면 미반입),figures=1 drawing_count=0
KR 10-2692038 B1,F2 도면별 분리 필요,figures 원소 1개에 도면 12개의 설명이 뭉쳐 있음 — 도면 반입 시 도면 단위 분리 확인,description 길이=320
