문헌번호,문헌종류,문헌종류(표기안),권리상태,발명의 명칭,오류 합계,원본오류 코드,원본오류 내용,표시오류 종수,표시오류 코드,표시오류 내용(문헌별 값),도면 보류(오류 아님)
KR 10-2702860 B1,B1,등록특허공보,등록공고,대체 광고를 재생하는 디스플레이 장치 및 그 디스플레이 장치의 제어 방법,13,E13 E4,[E13] 패밀리 동일 문헌 1쌍 중복 적재 (EP 3361745 A1 / EP 03361745 A1) / [E4] claim_count(10) ≠ 삭제 제외 실질 항 수(16) · claims 20 · 삭제 4,11,D1 D3 D7 D2 D5 D6 D12 D8 D8c D4 D10,[D5] 상세설명에 하위섹션+전문 중복 렌더(섹션 23022자 = 전문 20569 + 하위섹션 2562) / [D6] 도면 미반입인데 패널 노출(서지 도면 수 0건 / 패널 캡션 1개 · 이미지 없음) / [D12] 서지 청구항 수 10개 ↔ 청구범위 목록 20개(삭제 4) 불일치 / [D8] 독립항 목록 20개 중 4개가 본문 '삭제' / [D8c] 종속항 0 · 삭제항 4 → 독립/전체 토글 결과 동일(20개) / [D4] 공개번호(10-2018-0093702)와 표시 일자(2024-09-05) 계열 불일치 · 문헌일 2018-08-22 / [D10] 패밀리 목록 6행 중 1행이 동일 문헌 중복 노출,[F1] drawing_count 0 (도면의 설명 1원소 보유) [F2] 도면 설명 1원소에 도 5개 뭉침
KR 10-2624133 B1,B1,등록특허공보,등록공고,보안 멀티캐스트/브로드캐스트 레인징,12,E13 E9,[E13] 패밀리 동일 문헌 1쌍 중복 적재 (EP 3651410 A1 / EP 03651410 A1) / [E9] 하위섹션 '기술분야'(technology_field) 비었는데 전문에 표제 존재,10,D1 D3 D7 D2 D5 D6 D12 D8 D4 D10,[D5] 상세설명에 하위섹션+전문 중복 렌더(섹션 14254자 = 전문 13865 + 하위섹션 581) / [D6] 도면 미반입인데 패널 노출(서지 도면 수 0건 / 패널 캡션 1개 · 이미지 없음) / [D12] 서지 청구항 수 20개 ↔ 청구범위 목록 22개(삭제 2) 불일치 / [D8] 독립항 목록 5개 중 2개가 본문 '삭제' / [D4] 공개번호(10-2022-0129518)와 표시 일자(2024-01-11) 계열 불일치 · 문헌일 2022-09-23 / [D10] 패밀리 목록 9행 중 1행이 동일 문헌 중복 노출,[F1] drawing_count 0 (도면의 설명 1원소 보유) [F2] 도면 설명 1원소에 도 5개 뭉침
KR 10-2648993 B1,B1,등록특허공보,등록공고,사용자의 감정 상태에 기반하여 아바타를 제공하기 위한 전자 장치 및 그에 관한 방법,12,E13 E4,[E13] 패밀리 동일 문헌 1쌍 중복 적재 (EP 3871195 A1 / EP 03871195 A1) / [E4] claim_count(10) ≠ 삭제 제외 실질 항 수(12) · claims 20 · 삭제 8,10,D1 D3 D7 D2 D5 D6 D12 D8 D8c D10,[D5] 상세설명에 하위섹션+전문 중복 렌더(섹션 39820자 = 전문 39146 + 하위섹션 3653) / [D6] 도면 미반입인데 패널 노출(서지 도면 수 0건 / 패널 캡션 1개 · 이미지 없음) / [D12] 서지 청구항 수 10개 ↔ 청구범위 목록 20개(삭제 8) 불일치 / [D8] 독립항 목록 20개 중 8개가 본문 '삭제' / [D8c] 종속항 0 · 삭제항 8 → 독립/전체 토글 결과 동일(20개) / [D10] 패밀리 목록 4행 중 1행이 동일 문헌 중복 노출,[F1] drawing_count 0 (도면의 설명 1원소 보유) [F2] 도면 설명 1원소에 도 13개 뭉침
KR 10-2691020 B1,B1,등록특허공보,등록공고,일과 생활에 대한 정보를 제공하기 위한 전자 장치 및 방법,12,E13 E4,[E13] 패밀리 동일 문헌 1쌍 중복 적재 (EP 3500989 A1 / EP 03500989 A1) / [E4] claim_count(20) ≠ 삭제 제외 실질 항 수(21) · claims 25 · 삭제 4,10,D1 D3 D7 D2 D5 D6 D12 D8 D4 D10,[D5] 상세설명에 하위섹션+전문 중복 렌더(섹션 49112자 = 전문 46730 + 하위섹션 2681) / [D6] 도면 미반입인데 패널 노출(서지 도면 수 0건 / 패널 캡션 1개 · 이미지 없음) / [D12] 서지 청구항 수 20개 ↔ 청구범위 목록 25개(삭제 4) 불일치 / [D8] 독립항 목록 7개 중 4개가 본문 '삭제' / [D4] 공개번호(10-2018-0020745)와 표시 일자(2024-08-01) 계열 불일치 · 문헌일 2018-02-28 / [D10] 패밀리 목록 7행 중 1행이 동일 문헌 중복 노출,[F1] drawing_count 0 (도면의 설명 1원소 보유) [F2] 도면 설명 1원소에 도 20개 뭉침
KR 10-2635013 B1,B1,등록특허공보,등록공고,ＪＡＫ 저해제에 대한 국소 제형,11,E13 E14,[E13] 패밀리 동일 문헌 2쌍 중복 적재 (EP 3087972 A1 / EP 03087972 A1 / JP 6657441 B2 / JP 06657441 B2) / [E14] 명칭에 전각 영숫자 — 'ＪＡＫ 저해제에 대한 국소 제형',9,D1 D3 D7 D2 D5 D6 D12 D8 D10,[D5] 상세설명에 하위섹션+전문 중복 렌더(섹션 47012자 = 전문 48464 + 하위섹션 5385) / [D6] 도면 미반입인데 패널 노출(서지 도면 수 0건 / 패널 캡션 1개 · 이미지 없음) / [D12] 서지 청구항 수 18개 ↔ 청구범위 목록 82개(삭제 64) 불일치 / [D8] 독립항 목록 65개 중 64개가 본문 '삭제' / [D10] 패밀리 목록 79행 중 2행이 동일 문헌 중복 노출,[F1] drawing_count 0 (도면의 설명 1원소 보유) [F2] 도면 설명 1원소에 도 17개 뭉침
KR 10-2650550 B1,B1,등록특허공보,연차료납부,"입자 혼합체, 그것을 사용한 광산란성 향상 방법, 그리고 그것을 포함하는 광산란 부재 및 광학 디바이스",11,E13 E9,[E13] 패밀리 동일 문헌 1쌍 중복 적재 (JP 7046980 B2 / JP 07046980 B2) / [E9] 하위섹션 '발명의 효과'(effect_of_invention) 비었는데 전문에 표제 존재,9,D1 D3 D7 D2 D5 D6 D12 D8 D10,[D5] 상세설명에 하위섹션+전문 중복 렌더(섹션 21767자 = 전문 23041 + 하위섹션 1519) / [D6] 도면 미반입인데 패널 노출(서지 도면 수 0건 / 패널 캡션 1개 · 이미지 없음) / [D12] 서지 청구항 수 7개 ↔ 청구범위 목록 14개(삭제 7) 불일치 / [D8] 독립항 목록 8개 중 7개가 본문 '삭제' / [D10] 패밀리 목록 7행 중 1행이 동일 문헌 중복 노출,[F1] drawing_count 0 (도면의 설명 1원소 보유)
KR 10-2620102 B1,B1,등록특허공보,등록공고,페로브스카이트 물질 디바이스에서의 이중- 및 삼중-층 계면 층,10,E13 E9,[E13] 패밀리 동일 문헌 2쌍 중복 적재 (EP 3706181 A1 / EP 03706181 A1 / EP 4422379 A2 / EP 04422379 A2) / [E9] 하위섹션 '기술분야'(technology_field) 비었는데 전문에 표제 존재,8,D1 D3 D7 D2 D5 D6 D4 D10,[D5] 상세설명에 하위섹션+전문 중복 렌더(섹션 53987자 = 전문 53564 + 하위섹션 1101) / [D6] 도면 미반입인데 패널 노출(서지 도면 수 0건 / 패널 캡션 1개 · 이미지 없음) / [D4] 공개번호(10-2023-0044328)와 표시 일자(2024-01-03) 계열 불일치 · 문헌일 2023-04-03 / [D10] 패밀리 목록 119행 중 2행이 동일 문헌 중복 노출,[F1] drawing_count 0 (도면의 설명 1원소 보유) [F2] 도면 설명 1원소에 도 13개 뭉침
KR 10-2638059 B1,B1,등록특허공보,등록공고,"시멘트용 첨가제, 시멘트 혼화제, 시멘트 조성물, 성형체, 및 성형체의 강도 향상 방법",10,E13 E9,[E13] 패밀리 동일 문헌 2쌍 중복 적재 (JP 6959475 B2 / EP 3954667 A1 / EP 03954667 A1 / JP 06959475 B2) / [E9] 하위섹션 '발명의 효과'(effect_of_invention) 비었는데 전문에 표제 존재,8,D1 D3 D7 D2 D5 D12 D8 D10,[D5] 상세설명에 하위섹션+전문 중복 렌더(섹션 49214자 = 전문 52464 + 하위섹션 1689) / [D12] 서지 청구항 수 15개 ↔ 청구범위 목록 17개(삭제 2) 불일치 / [D8] 독립항 목록 4개 중 2개가 본문 '삭제' / [D10] 패밀리 목록 8행 중 2행이 동일 문헌 중복 노출,
KR 10-2650760 B1,B1,등록특허공보,등록공고,피복 입자,9,E13 E9,[E13] 패밀리 동일 문헌 1쌍 중복 적재 (JP 6772401 B2 / JP 06772401 B2) / [E9] 하위섹션 '발명의 효과'(effect_of_invention) 비었는데 전문에 표제 존재,7,D1 D3 D7 D2 D5 D6 D10,[D5] 상세설명에 하위섹션+전문 중복 렌더(섹션 40287자 = 전문 44126 + 하위섹션 1774) / [D6] 도면 미반입인데 패널 노출(서지 도면 수 0건 / 패널 캡션 1개 · 이미지 없음) / [D10] 패밀리 목록 7행 중 1행이 동일 문헌 중복 노출,[F1] drawing_count 0 (도면의 설명 1원소 보유)
KR 10-2620334 B1,B1,등록특허공보,등록공고,점착 시트 및 표시체,12,E13,[E13] 패밀리 동일 문헌 1쌍 중복 적재 (JP 6727786 B2 / JP 06727786 B2),11,D1 D3 D7 D2 D5 D6 D12 D8 D8c D4 D10,[D5] 상세설명에 하위섹션+전문 중복 렌더(섹션 53547자 = 전문 50045 + 하위섹션 4088) / [D6] 도면 미반입인데 패널 노출(서지 도면 수 0건 / 패널 캡션 1개 · 이미지 없음) / [D12] 서지 청구항 수 2개 ↔ 청구범위 목록 10개(삭제 8) 불일치 / [D8] 독립항 목록 10개 중 8개가 본문 '삭제' / [D8c] 종속항 0 · 삭제항 8 → 독립/전체 토글 결과 동일(10개) / [D4] 공개번호(10-2017-0045117)와 표시 일자(2024-01-02) 계열 불일치 · 문헌일 2017-04-26 / [D10] 패밀리 목록 5행 중 1행이 동일 문헌 중복 노출,[F1] drawing_count 0 (도면의 설명 1원소 보유)
KR 10-2705608 B1,B1,등록특허공보,등록공고,표시 장치 및 이 표시 장치를 구비한 전자 기기,12,E13,[E13] 패밀리 동일 문헌 3쌍 중복 적재 (US 09520411 B2 / JP 6313357 B2 / JP 7149397 B2 / JP 06313357 B2),11,D1 D3 D7 D2 D5 D6 D12 D8 D8c D4 D10,[D5] 상세설명에 하위섹션+전문 중복 렌더(섹션 94192자 = 전문 90704 + 하위섹션 5682) / [D6] 도면 미반입인데 패널 노출(서지 도면 수 0건 / 패널 캡션 1개 · 이미지 없음) / [D12] 서지 청구항 수 2개 ↔ 청구범위 목록 3개(삭제 1) 불일치 / [D8] 독립항 목록 3개 중 1개가 본문 '삭제' / [D8c] 종속항 0 · 삭제항 1 → 독립/전체 토글 결과 동일(3개) / [D4] 공개번호(10-2023-0107711)와 표시 일자(2024-09-11) 계열 불일치 · 문헌일 2023-07-17 / [D10] 패밀리 목록 65행 중 3행이 동일 문헌 중복 노출,[F1] drawing_count 0 (도면의 설명 1원소 보유) [F2] 도면 설명 1원소에 도 43개 뭉침
KR 10-2715869 B1,B1,등록특허공보,등록공고,배터리 진단 장치 및 방법,12,E13,[E13] 패밀리 동일 문헌 1쌍 중복 적재 (EP 3958006 A1 / EP 03958006 A1),11,D1 D3 D7 D2 D5 D6 D12 D8 D8c D4 D10,[D5] 상세설명에 하위섹션+전문 중복 렌더(섹션 13154자 = 전문 10855 + 하위섹션 2488) / [D6] 도면 미반입인데 패널 노출(서지 도면 수 0건 / 패널 캡션 1개 · 이미지 없음) / [D12] 서지 청구항 수 8개 ↔ 청구범위 목록 10개(삭제 2) 불일치 / [D8] 독립항 목록 10개 중 2개가 본문 '삭제' / [D8c] 종속항 0 · 삭제항 2 → 독립/전체 토글 결과 동일(10개) / [D4] 공개번호(10-2021-0031336)와 표시 일자(2024-10-14) 계열 불일치 · 문헌일 2021-03-19 / [D10] 패밀리 목록 8행 중 1행이 동일 문헌 중복 노출,[F1] drawing_count 0 (도면의 설명 1원소 보유) [F2] 도면 설명 1원소에 도 6개 뭉침
KR 10-2718623 B1,B1,등록특허공보,등록공고,"유기 금속 착체, 발광 소자, 발광 장치, 전자 기기, 및 조명 장치",12,E13,[E13] 패밀리 동일 문헌 1쌍 중복 적재 (JP 7029953 B2 / JP 07029953 B2),11,D1 D3 D7 D2 D5 D6 D12 D8 D8c D4 D10,[D5] 상세설명에 하위섹션+전문 중복 렌더(섹션 126262자 = 전문 117928 + 하위섹션 10677) / [D6] 도면 미반입인데 패널 노출(서지 도면 수 0건 / 패널 캡션 1개 · 이미지 없음) / [D12] 서지 청구항 수 5개 ↔ 청구범위 목록 24개(삭제 19) 불일치 / [D8] 독립항 목록 24개 중 19개가 본문 '삭제' / [D8c] 종속항 0 · 삭제항 19 → 독립/전체 토글 결과 동일(24개) / [D4] 공개번호(10-2023-0107912)와 표시 일자(2024-10-16) 계열 불일치 · 문헌일 2023-07-18 / [D10] 패밀리 목록 12행 중 1행이 동일 문헌 중복 노출,[F1] drawing_count 0 (도면의 설명 1원소 보유) [F2] 도면 설명 1원소에 도 56개 뭉침
KR 10-2718756 B1,B1,등록특허공보,등록공고,수직축 다단 풍력발전기,12,E13,[E13] 패밀리 동일 문헌 1쌍 중복 적재 (EP 4386199 A2 / EP 04386199 A2),11,D1 D3 D7 D2 D5 D6 D12 D8 D8c D4 D10,[D5] 상세설명에 하위섹션+전문 중복 렌더(섹션 22128자 = 전문 18024 + 하위섹션 4650) / [D6] 도면 미반입인데 패널 노출(서지 도면 수 0건 / 패널 캡션 1개 · 이미지 없음) / [D12] 서지 청구항 수 2개 ↔ 청구범위 목록 8개(삭제 6) 불일치 / [D8] 독립항 목록 8개 중 6개가 본문 '삭제' / [D8c] 종속항 0 · 삭제항 6 → 독립/전체 토글 결과 동일(8개) / [D4] 공개번호(10-2024-0076037)와 표시 일자(2024-10-18) 계열 불일치 · 문헌일 2024-05-30 / [D10] 패밀리 목록 6행 중 1행이 동일 문헌 중복 노출,[F1] drawing_count 0 (도면의 설명 1원소 보유) [F2] 도면 설명 1원소에 도 17개 뭉침
KR 10-2620289 B1,B1,등록특허공보,등록공고,반도체 장치 및 전자 장치,11,E13,[E13] 패밀리 동일 문헌 2쌍 중복 적재 (JP 6745924 B2 / JP 7395639 B2 / JP 06745924 B2 / JP 07395639 B2),10,D1 D3 D7 D2 D5 D6 D12 D8 D4 D10,[D5] 상세설명에 하위섹션+전문 중복 렌더(섹션 57854자 = 전문 52493 + 하위섹션 6477) / [D6] 도면 미반입인데 패널 노출(서지 도면 수 0건 / 패널 캡션 1개 · 이미지 없음) / [D12] 서지 청구항 수 15개 ↔ 청구범위 목록 25개(삭제 10) 불일치 / [D8] 독립항 목록 12개 중 10개가 본문 '삭제' / [D4] 공개번호(10-2022-0074841)와 표시 일자(2024-01-03) 계열 불일치 · 문헌일 2022-06-03 / [D10] 패밀리 목록 51행 중 2행이 동일 문헌 중복 노출,[F1] drawing_count 0 (도면의 설명 1원소 보유) [F2] 도면 설명 1원소에 도 32개 뭉침
KR 10-2620623 B1,B1,등록특허공보,등록공고,홀더 가이딩 조립체 및 접촉기를 갖는 모듈식 차단 유닛,11,E13,[E13] 패밀리 동일 문헌 1쌍 중복 적재 (EP 3940737 A1 / EP 03940737 A1),10,D1 D3 D7 D2 D5 D6 D12 D8 D4 D10,[D5] 상세설명에 하위섹션+전문 중복 렌더(섹션 7318자 = 전문 6678 + 하위섹션 781) / [D6] 도면 미반입인데 패널 노출(서지 도면 수 0건 / 패널 캡션 1개 · 이미지 없음) / [D12] 서지 청구항 수 9개 ↔ 청구범위 목록 10개(삭제 1) 불일치 / [D8] 독립항 목록 2개 중 1개가 본문 '삭제' / [D4] 공개번호(10-2022-0009912)와 표시 일자(2024-01-03) 계열 불일치 · 문헌일 2022-01-25 / [D10] 패밀리 목록 4행 중 1행이 동일 문헌 중복 노출,[F1] drawing_count 0 (도면의 설명 1원소 보유) [F2] 도면 설명 1원소에 도 5개 뭉침
KR 10-2622804 B1,B1,등록특허공보,등록공고,오디오 신호의 고주파 재구성을 위한 하모닉 트랜스포저의 하위호환형 통합,11,E13,[E13] 패밀리 동일 문헌 1쌍 중복 적재 (JP 6665354 B2 / JP 06665354 B2),10,D1 D3 D7 D2 D5 D6 D12 D8 D4 D10,[D5] 상세설명에 하위섹션+전문 중복 렌더(섹션 56250자 = 전문 57801 + 하위섹션 2318) / [D6] 도면 미반입인데 패널 노출(서지 도면 수 0건 / 패널 캡션 1개 · 이미지 없음) / [D12] 서지 청구항 수 13개 ↔ 청구범위 목록 15개(삭제 2) 불일치 / [D8] 독립항 목록 4개 중 2개가 본문 '삭제' / [D4] 공개번호(10-2022-0054712)와 표시 일자(2024-01-10) 계열 불일치 · 문헌일 2022-05-03 / [D10] 패밀리 목록 69행 중 1행이 동일 문헌 중복 노출,[F1] drawing_count 0 (도면의 설명 1원소 보유) [F2] 도면 설명 1원소에 도 7개 뭉침
KR 10-2623784 B1,B1,등록특허공보,등록공고,발광 시간의 제어가 가능한 ＬＥＤ 픽셀 패키지,11,E14,[E14] 명칭에 전각 영숫자 — '발광 시간의 제어가 가능한 ＬＥＤ 픽셀 패키지',10,D1 D3 D7 D2 D5 D6 D12 D8 D8c D4,[D5] 상세설명에 하위섹션+전문 중복 렌더(섹션 16605자 = 전문 12565 + 하위섹션 4224) / [D6] 도면 미반입인데 패널 노출(서지 도면 수 0건 / 패널 캡션 1개 · 이미지 없음) / [D12] 서지 청구항 수 1개 ↔ 청구범위 목록 5개(삭제 4) 불일치 / [D8] 독립항 목록 5개 중 4개가 본문 '삭제' / [D8c] 종속항 0 · 삭제항 4 → 독립/전체 토글 결과 동일(5개) / [D4] 공개번호(10-2023-0001717)와 표시 일자(2024-01-10) 계열 불일치 · 문헌일 2023-01-05,[F1] drawing_count 0 (도면의 설명 1원소 보유) [F2] 도면 설명 1원소에 도 10개 뭉침
KR 10-2623895 B1,B1,등록특허공보,등록공고,유기 발광 소자,11,E13,[E13] 패밀리 동일 문헌 2쌍 중복 적재 (EP 4235830 A1 / EP 04235830 A1 / EP 4243102 A1 / EP 04243102 A1),10,D1 D3 D7 D2 D5 D6 D12 D8 D4 D10,[D5] 상세설명에 하위섹션+전문 중복 렌더(섹션 81385자 = 전문 80879 + 하위섹션 1778) / [D6] 도면 미반입인데 패널 노출(서지 도면 수 0건 / 패널 캡션 1개 · 이미지 없음) / [D12] 서지 청구항 수 8개 ↔ 청구범위 목록 9개(삭제 1) 불일치 / [D8] 독립항 목록 2개 중 1개가 본문 '삭제' / [D4] 공개번호(10-2022-0147537)와 표시 일자(2024-01-11) 계열 불일치 · 문헌일 2022-11-03 / [D10] 패밀리 목록 12행 중 2행이 동일 문헌 중복 노출,[F1] drawing_count 0 (도면의 설명 1원소 보유)
KR 10-2624113 B1,B1,등록특허공보,등록공고,발광 소자 패키지 및 이의 제조 방법,11,E13,[E13] 패밀리 동일 문헌 1쌍 중복 적재 (EP 3806172 A1 / EP 03806172 A1),10,D1 D3 D7 D2 D5 D6 D12 D8 D4 D10,[D5] 상세설명에 하위섹션+전문 중복 렌더(섹션 23271자 = 전문 21016 + 하위섹션 2530) / [D6] 도면 미반입인데 패널 노출(서지 도면 수 0건 / 패널 캡션 1개 · 이미지 없음) / [D12] 서지 청구항 수 24개 ↔ 청구범위 목록 25개(삭제 1) 불일치 / [D8] 독립항 목록 5개 중 1개가 본문 '삭제' / [D4] 공개번호(10-2019-0139371)와 표시 일자(2024-01-12) 계열 불일치 · 문헌일 2019-12-18 / [D10] 패밀리 목록 11행 중 1행이 동일 문헌 중복 노출,[F1] drawing_count 0 (도면의 설명 1원소 보유) [F2] 도면 설명 1원소에 도 6개 뭉침
KR 10-2624975 B1,B1,등록특허공보,등록공고,내연기관용 점화 플러그,11,E13,[E13] 패밀리 동일 문헌 1쌍 중복 적재 (JP 7254609 B2 / JP 07254609 B2),10,D1 D3 D7 D2 D5 D6 D12 D8 D4 D10,[D5] 상세설명에 하위섹션+전문 중복 렌더(섹션 8663자 = 전문 6276 + 하위섹션 2618) / [D6] 도면 미반입인데 패널 노출(서지 도면 수 0건 / 패널 캡션 1개 · 이미지 없음) / [D12] 서지 청구항 수 9개 ↔ 청구범위 목록 10개(삭제 1) 불일치 / [D8] 독립항 목록 3개 중 1개가 본문 '삭제' / [D4] 공개번호(10-2019-0127569)와 표시 일자(2024-01-12) 계열 불일치 · 문헌일 2019-11-13 / [D10] 패밀리 목록 4행 중 1행이 동일 문헌 중복 노출,[F1] drawing_count 0 (도면의 설명 1원소 보유)
KR 10-2625014 B1,B1,등록특허공보,등록공고,가려진 물체의 조작 도움,11,E13,[E13] 패밀리 동일 문헌 1쌍 중복 적재 (JP 7234026 B2 / JP 07234026 B2),10,D1 D3 D7 D2 D5 D6 D12 D8 D4 D10,[D5] 상세설명에 하위섹션+전문 중복 렌더(섹션 28901자 = 전문 23836 + 하위섹션 5235) / [D6] 도면 미반입인데 패널 노출(서지 도면 수 0건 / 패널 캡션 1개 · 이미지 없음) / [D12] 서지 청구항 수 10개 ↔ 청구범위 목록 12개(삭제 2) 불일치 / [D8] 독립항 목록 4개 중 2개가 본문 '삭제' / [D4] 공개번호(10-2019-0128988)와 표시 일자(2024-01-12) 계열 불일치 · 문헌일 2019-11-19 / [D10] 패밀리 목록 5행 중 1행이 동일 문헌 중복 노출,[F1] drawing_count 0 (도면의 설명 1원소 보유) [F2] 도면 설명 1원소에 도 7개 뭉침
KR 10-2636427 B1,B1,등록특허공보,등록공고,기판 처리 방법 및 장치,11,E13,[E13] 패밀리 동일 문헌 1쌍 중복 적재 (JP 7250442 B2 / JP 07250442 B2),10,D1 D3 D7 D2 D5 D6 D12 D8 D8c D10,[D5] 상세설명에 하위섹션+전문 중복 렌더(섹션 34837자 = 전문 33120 + 하위섹션 4797) / [D6] 도면 미반입인데 패널 노출(서지 도면 수 0건 / 패널 캡션 1개 · 이미지 없음) / [D12] 서지 청구항 수 18개 ↔ 청구범위 목록 20개(삭제 2) 불일치 / [D8] 독립항 목록 20개 중 2개가 본문 '삭제' / [D8c] 종속항 0 · 삭제항 2 → 독립/전체 토글 결과 동일(20개) / [D10] 패밀리 목록 7행 중 1행이 동일 문헌 중복 노출,[F1] drawing_count 0 (도면의 설명 1원소 보유) [F2] 도면 설명 1원소에 도 13개 뭉침
KR 10-2636973 B1,B1,등록특허공보,등록공고,"막 전극 접합체, 수소 제조 장치, 촉매 잉크의 제조 방법, 및 막 전극 접합체의 제조 방법",11,E13,[E13] 패밀리 동일 문헌 1쌍 중복 적재 (EP 4177380 A2 / EP 04177380 A2),10,D1 D3 D7 D2 D5 D6 D12 D8 D8c D10,[D5] 상세설명에 하위섹션+전문 중복 렌더(섹션 16526자 = 전문 15305 + 하위섹션 3581) / [D6] 도면 미반입인데 패널 노출(서지 도면 수 0건 / 패널 캡션 1개 · 이미지 없음) / [D12] 서지 청구항 수 8개 ↔ 청구범위 목록 10개(삭제 2) 불일치 / [D8] 독립항 목록 10개 중 2개가 본문 '삭제' / [D8c] 종속항 0 · 삭제항 2 → 독립/전체 토글 결과 동일(10개) / [D10] 패밀리 목록 5행 중 1행이 동일 문헌 중복 노출,[F1] drawing_count 0 (도면의 설명 1원소 보유) [F2] 도면 설명 1원소에 도 6개 뭉침
KR 10-2637135 B1,B1,등록특허공보,등록공고,고성능 컴퓨팅 환경에서 듀얼 포트 가상 라우터를 지원하기 위한 시스템 및 방법,11,E13,[E13] 패밀리 동일 문헌 1쌍 중복 적재 (EP 3424191 B1 / EP 03424191 B1),10,D1 D3 D7 D2 D5 D6 D12 D8 D8c D10,[D5] 상세설명에 하위섹션+전문 중복 렌더(섹션 36773자 = 전문 38206 + 하위섹션 1153) / [D6] 도면 미반입인데 패널 노출(서지 도면 수 0건 / 패널 캡션 1개 · 이미지 없음) / [D12] 서지 청구항 수 19개 ↔ 청구범위 목록 22개(삭제 3) 불일치 / [D8] 독립항 목록 22개 중 3개가 본문 '삭제' / [D8c] 종속항 0 · 삭제항 3 → 독립/전체 토글 결과 동일(22개) / [D10] 패밀리 목록 17행 중 1행이 동일 문헌 중복 노출,[F1] drawing_count 0 (도면의 설명 1원소 보유) [F2] 도면 설명 1원소에 도 13개 뭉침
KR 10-2639239 B1,B1,등록특허공보,등록공고,표시 장치,11,E13,[E13] 패밀리 동일 문헌 1쌍 중복 적재 (JP 5985878 B2 / JP 05985878 B2),10,D1 D3 D7 D2 D5 D6 D12 D8 D8c D10,[D5] 상세설명에 하위섹션+전문 중복 렌더(섹션 53562자 = 전문 52886 + 하위섹션 5455) / [D6] 도면 미반입인데 패널 노출(서지 도면 수 0건 / 패널 캡션 1개 · 이미지 없음) / [D12] 서지 청구항 수 1개 ↔ 청구범위 목록 2개(삭제 1) 불일치 / [D8] 독립항 목록 2개 중 1개가 본문 '삭제' / [D8c] 종속항 0 · 삭제항 1 → 독립/전체 토글 결과 동일(2개) / [D10] 패밀리 목록 37행 중 1행이 동일 문헌 중복 노출,[F1] drawing_count 0 (도면의 설명 1원소 보유) [F2] 도면 설명 1원소에 도 29개 뭉침
KR 10-2649798 B1,B1,등록특허공보,등록공고,압전 필름,11,E13,[E13] 패밀리 동일 문헌 1쌍 중복 적재 (EP 3993439 A1 / EP 03993439 A1),10,D1 D3 D7 D2 D5 D6 D12 D8 D8c D10,[D5] 상세설명에 하위섹션+전문 중복 렌더(섹션 44017자 = 전문 47567 + 하위섹션 3510) / [D6] 도면 미반입인데 패널 노출(서지 도면 수 0건 / 패널 캡션 1개 · 이미지 없음) / [D12] 서지 청구항 수 8개 ↔ 청구범위 목록 9개(삭제 1) 불일치 / [D8] 독립항 목록 9개 중 1개가 본문 '삭제' / [D8c] 종속항 0 · 삭제항 1 → 독립/전체 토글 결과 동일(9개) / [D10] 패밀리 목록 9행 중 1행이 동일 문헌 중복 노출,[F1] drawing_count 0 (도면의 설명 1원소 보유) [F2] 도면 설명 1원소에 도 14개 뭉침
KR 10-2650803 B1,B1,등록특허공보,등록공고,NK 세포 및 항-PDL1 암 요법과 관련된 방법 및 조성물,11,E13,[E13] 패밀리 동일 문헌 2쌍 중복 적재 (EP 3523416 A1 / EP 03523416 A1 / JP 7239179 B2 / JP 07239179 B2),10,D1 D3 D7 D2 D5 D6 D12 D8 D8c D10,[D5] 상세설명에 하위섹션+전문 중복 렌더(섹션 46641자 = 전문 44933 + 하위섹션 4389) / [D6] 도면 미반입인데 패널 노출(서지 도면 수 0건 / 패널 캡션 1개 · 이미지 없음) / [D12] 서지 청구항 수 8개 ↔ 청구범위 목록 31개(삭제 23) 불일치 / [D8] 독립항 목록 31개 중 23개가 본문 '삭제' / [D8c] 종속항 0 · 삭제항 23 → 독립/전체 토글 결과 동일(31개) / [D10] 패밀리 목록 18행 중 2행이 동일 문헌 중복 노출,[F1] drawing_count 0 (도면의 설명 1원소 보유) [F2] 도면 설명 1원소에 도 9개 뭉침
KR 10-2652004 B1,B1,등록특허공보,등록공고,"헤테로 고리 화합물, 이를 포함하는 유기 발광 소자, 이의 제조방법 및 유기물층용 조성물",11,E13,[E13] 패밀리 동일 문헌 1쌍 중복 적재 (EP 4261207 A1 / EP 04261207 A1),10,D1 D3 D7 D2 D5 D6 D12 D8 D4 D10,[D5] 상세설명에 하위섹션+전문 중복 렌더(섹션 57798자 = 전문 56283 + 하위섹션 3986) / [D6] 도면 미반입인데 패널 노출(서지 도면 수 0건 / 패널 캡션 1개 · 이미지 없음) / [D12] 서지 청구항 수 13개 ↔ 청구범위 목록 16개(삭제 3) 불일치 / [D8] 독립항 목록 4개 중 3개가 본문 '삭제' / [D4] 공개번호(10-2022-0082398)와 표시 일자(2024-03-27) 계열 불일치 · 문헌일 2022-06-17 / [D10] 패밀리 목록 9행 중 1행이 동일 문헌 중복 노출,[F1] drawing_count 0 (도면의 설명 1원소 보유)
KR 10-2652261 B1,B1,등록특허공보,등록공고,유기발광소자를 이용한 조명장치,11,E13,[E13] 패밀리 동일 문헌 1쌍 중복 적재 (EP 3333925 A1 / EP 03333925 A1),10,D1 D3 D7 D2 D5 D6 D12 D8 D4 D10,[D5] 상세설명에 하위섹션+전문 중복 렌더(섹션 28772자 = 전문 25720 + 하위섹션 3360) / [D6] 도면 미반입인데 패널 노출(서지 도면 수 0건 / 패널 캡션 1개 · 이미지 없음) / [D12] 서지 청구항 수 9개 ↔ 청구범위 목록 10개(삭제 1) 불일치 / [D8] 독립항 목록 2개 중 1개가 본문 '삭제' / [D4] 공개번호(10-2018-0065366)와 표시 일자(2024-03-27) 계열 불일치 · 문헌일 2018-06-18 / [D10] 패밀리 목록 5행 중 1행이 동일 문헌 중복 노출,[F1] drawing_count 0 (도면의 설명 1원소 보유) [F2] 도면 설명 1원소에 도 17개 뭉침
KR 10-2663653 B1,B1,등록특허공보,등록공고,비동기 파이프라인의 스테이지의 연산 속도 제어,11,E13,[E13] 패밀리 동일 문헌 1쌍 중복 적재 (EP 3488340 A2 / EP 03488340 A2),10,D1 D3 D7 D2 D5 D6 D12 D8 D4 D10,[D5] 상세설명에 하위섹션+전문 중복 렌더(섹션 25884자 = 전문 24805 + 하위섹션 1327) / [D6] 도면 미반입인데 패널 노출(서지 도면 수 0건 / 패널 캡션 1개 · 이미지 없음) / [D12] 서지 청구항 수 16개 ↔ 청구범위 목록 18개(삭제 2) 불일치 / [D8] 독립항 목록 5개 중 2개가 본문 '삭제' / [D4] 공개번호(10-2021-0074411)와 표시 일자(2024-05-10) 계열 불일치 · 문헌일 2021-06-21 / [D10] 패밀리 목록 14행 중 1행이 동일 문헌 중복 노출,[F1] drawing_count 0 (도면의 설명 1원소 보유) [F2] 도면 설명 1원소에 도 8개 뭉침
KR 10-2664599 B1,B1,등록특허공보,등록공고,"용사 피막, 용사용 분말, 용사용 분말의 제조 방법, 및 용사 피막의 제조 방법",11,E13,[E13] 패밀리 동일 문헌 1쌍 중복 적재 (JP 6436270 B1 / JP 06436270 B1),10,D1 D3 D7 D2 D5 D6 D12 D8 D4 D10,[D5] 상세설명에 하위섹션+전문 중복 렌더(섹션 31930자 = 전문 25414 + 하위섹션 7093) / [D6] 도면 미반입인데 패널 노출(서지 도면 수 0건 / 패널 캡션 1개 · 이미지 없음) / [D12] 서지 청구항 수 3개 ↔ 청구범위 목록 10개(삭제 7) 불일치 / [D8] 독립항 목록 8개 중 7개가 본문 '삭제' / [D4] 공개번호(10-2023-0076868)와 표시 일자(2024-05-14) 계열 불일치 · 문헌일 2023-05-31 / [D10] 패밀리 목록 11행 중 1행이 동일 문헌 중복 노출,[F1] drawing_count 0 (도면의 설명 1원소 보유)
KR 10-2665043 B1,B1,등록특허공보,등록공고,"가열 요소를 세정하도록 구성된 세정 도구, 세정 도구를 포함하는 시스템 및 세정 도구에 의해 가열 요소를 세",11,E13,[E13] 패밀리 동일 문헌 2쌍 중복 적재 (EP 3823476 A1 / EP 03823476 A1 / JP 7179879 B2 / JP 07179879 B2),10,D1 D3 D7 D2 D5 D6 D12 D8 D4 D10,[D5] 상세설명에 하위섹션+전문 중복 렌더(섹션 13042자 = 전문 7853 + 하위섹션 5253) / [D6] 도면 미반입인데 패널 노출(서지 도면 수 0건 / 패널 캡션 1개 · 이미지 없음) / [D12] 서지 청구항 수 13개 ↔ 청구범위 목록 15개(삭제 2) 불일치 / [D8] 독립항 목록 3개 중 2개가 본문 '삭제' / [D4] 공개번호(10-2024-0017114)와 표시 일자(2024-05-13) 계열 불일치 · 문헌일 2024-02-06 / [D10] 패밀리 목록 11행 중 2행이 동일 문헌 중복 노출,[F1] drawing_count 0 (도면의 설명 1원소 보유) [F2] 도면 설명 1원소에 도 3개 뭉침
KR 10-2665729 B1,B1,등록특허공보,등록공고,광학 피더 링크들을 사용하는 광대역 위성 통신 시스템,11,E13,[E13] 패밀리 동일 문헌 3쌍 중복 적재 (EP 3398266 A1 / EP 03398266 A1 / JP 7277634 B2 / EP 3937397 A1),10,D1 D3 D7 D2 D5 D6 D12 D8 D4 D10,[D5] 상세설명에 하위섹션+전문 중복 렌더(섹션 56777자 = 전문 54460 + 하위섹션 3218) / [D6] 도면 미반입인데 패널 노출(서지 도면 수 0건 / 패널 캡션 1개 · 이미지 없음) / [D12] 서지 청구항 수 13개 ↔ 청구범위 목록 23개(삭제 10) 불일치 / [D8] 독립항 목록 12개 중 10개가 본문 '삭제' / [D4] 공개번호(10-2022-0041235)와 표시 일자(2024-05-14) 계열 불일치 · 문헌일 2022-03-31 / [D10] 패밀리 목록 68행 중 3행이 동일 문헌 중복 노출,[F1] drawing_count 0 (도면의 설명 1원소 보유) [F2] 도면 설명 1원소에 도 30개 뭉침
KR 10-2665867 B1,B1,등록특허공보,등록공고,"소모성 진탕 장치를 포함하는, 전기화학발광을 이용하여 검정법을 수행하기 위한 고처리율 시스템",11,E13,[E13] 패밀리 동일 문헌 2쌍 중복 적재 (JP 6791874 B2 / EP 3991848 A2 / EP 03991848 A2 / JP 06791874 B2),10,D1 D3 D7 D2 D5 D6 D12 D8 D4 D10,[D5] 상세설명에 하위섹션+전문 중복 렌더(섹션 48931자 = 전문 45648 + 하위섹션 3719) / [D6] 도면 미반입인데 패널 노출(서지 도면 수 0건 / 패널 캡션 1개 · 이미지 없음) / [D12] 서지 청구항 수 25개 ↔ 청구범위 목록 26개(삭제 1) 불일치 / [D8] 독립항 목록 6개 중 1개가 본문 '삭제' / [D4] 공개번호(10-2022-0018612)와 표시 일자(2024-05-10) 계열 불일치 · 문헌일 2022-02-15 / [D10] 패밀리 목록 24행 중 2행이 동일 문헌 중복 노출,[F1] drawing_count 0 (도면의 설명 1원소 보유) [F2] 도면 설명 1원소에 도 32개 뭉침
KR 10-2666354 B1,B1,등록특허공보,등록공고,다수 개의 통신 방식의 공존을 관리하기 위한 전자 장치 및 그의 동작 방법,11,E13,[E13] 패밀리 동일 문헌 1쌍 중복 적재 (EP 3823177 A1 / EP 03823177 A1),10,D1 D3 D7 D2 D5 D6 D12 D8 D4 D10,[D5] 상세설명에 하위섹션+전문 중복 렌더(섹션 60180자 = 전문 57611 + 하위섹션 2950) / [D6] 도면 미반입인데 패널 노출(서지 도면 수 0건 / 패널 캡션 1개 · 이미지 없음) / [D12] 서지 청구항 수 18개 ↔ 청구범위 목록 20개(삭제 2) 불일치 / [D8] 독립항 목록 5개 중 2개가 본문 '삭제' / [D4] 공개번호(10-2021-0058077)와 표시 일자(2024-05-20) 계열 불일치 · 문헌일 2021-05-24 / [D10] 패밀리 목록 8행 중 1행이 동일 문헌 중복 노출,[F1] drawing_count 0 (도면의 설명 1원소 보유) [F2] 도면 설명 1원소에 도 11개 뭉침
KR 10-2667030 B1,B1,등록특허공보,등록공고,타임피스들을 위한 타임피스 컴포넌트들을 제조하는 방법,11,E13,[E13] 패밀리 동일 문헌 1쌍 중복 적재 (EP 3913444 A1 / EP 03913444 A1),10,D1 D3 D7 D2 D5 D6 D12 D8 D4 D10,[D5] 상세설명에 하위섹션+전문 중복 렌더(섹션 9553자 = 전문 7212 + 하위섹션 2639) / [D6] 도면 미반입인데 패널 노출(서지 도면 수 0건 / 패널 캡션 1개 · 이미지 없음) / [D12] 서지 청구항 수 10개 ↔ 청구범위 목록 11개(삭제 1) 불일치 / [D8] 독립항 목록 2개 중 1개가 본문 '삭제' / [D4] 공개번호(10-2021-0142552)와 표시 일자(2024-05-17) 계열 불일치 · 문헌일 2021-11-25 / [D10] 패밀리 목록 9행 중 1행이 동일 문헌 중복 노출,[F1] drawing_count 0 (도면의 설명 1원소 보유) [F2] 도면 설명 1원소에 도 6개 뭉침
KR 10-2689388 B1,B1,등록특허공보,등록공고,"화학적 분해가 가능한 에폭시 화합물, 이의 제조방법, 이를 포함하는 에폭시 복합재료 및 이의 분해방법",11,E13,[E13] 패밀리 동일 문헌 1쌍 중복 적재 (EP 4464696 A1 / EP 04464696 A1),10,D1 D3 D7 D2 D5 D6 D12 D8 D4 D10,[D5] 상세설명에 하위섹션+전문 중복 렌더(섹션 32452자 = 전문 22765 + 하위섹션 10136) / [D6] 도면 미반입인데 패널 노출(서지 도면 수 0건 / 패널 캡션 1개 · 이미지 없음) / [D12] 서지 청구항 수 16개 ↔ 청구범위 목록 26개(삭제 10) 불일치 / [D8] 독립항 목록 12개 중 10개가 본문 '삭제' / [D4] 공개번호(10-2023-0108965)와 표시 일자(2024-07-30) 계열 불일치 · 문헌일 2023-07-19 / [D10] 패밀리 목록 5행 중 1행이 동일 문헌 중복 노출,[F1] drawing_count 0 (도면의 설명 1원소 보유) [F2] 도면 설명 1원소에 도 9개 뭉침
KR 10-2689531 B1,B1,등록특허공보,등록공고,플라즈마 처리 장치의 챔버 본체의 내부의 클리닝을 포함하는 플라즈마 처리 방법,11,E13,[E13] 패밀리 동일 문헌 1쌍 중복 적재 (JP 6832171 B2 / JP 06832171 B2),10,D1 D3 D7 D2 D5 D6 D12 D8 D4 D10,[D5] 상세설명에 하위섹션+전문 중복 렌더(섹션 44386자 = 전문 40444 + 하위섹션 4261) / [D6] 도면 미반입인데 패널 노출(서지 도면 수 0건 / 패널 캡션 1개 · 이미지 없음) / [D12] 서지 청구항 수 18개 ↔ 청구범위 목록 20개(삭제 2) 불일치 / [D8] 독립항 목록 4개 중 2개가 본문 '삭제' / [D4] 공개번호(10-2023-0030612)와 표시 일자(2024-07-29) 계열 불일치 · 문헌일 2023-03-06 / [D10] 패밀리 목록 11행 중 1행이 동일 문헌 중복 노출,[F1] drawing_count 0 (도면의 설명 1원소 보유) [F2] 도면 설명 1원소에 도 20개 뭉침
KR 10-2689912 B1,B1,등록특허공보,등록공고,아크 경로 형성부 및 이를 포함하는 직류 릴레이,11,E13,[E13] 패밀리 동일 문헌 2쌍 중복 적재 (JP 7402316 B2 / EP 4024430 A1 / EP 04024430 A1 / JP 07402316 B2),10,D1 D3 D7 D2 D5 D6 D12 D8 D4 D10,[D5] 상세설명에 하위섹션+전문 중복 렌더(섹션 75238자 = 전문 67430 + 하위섹션 9217) / [D6] 도면 미반입인데 패널 노출(서지 도면 수 0건 / 패널 캡션 1개 · 이미지 없음) / [D12] 서지 청구항 수 11개 ↔ 청구범위 목록 15개(삭제 4) 불일치 / [D8] 독립항 목록 6개 중 4개가 본문 '삭제' / [D4] 공개번호(10-2021-0025959)와 표시 일자(2024-07-31) 계열 불일치 · 문헌일 2021-03-10 / [D10] 패밀리 목록 8행 중 2행이 동일 문헌 중복 노출,[F1] drawing_count 0 (도면의 설명 1원소 보유) [F2] 도면 설명 1원소에 도 44개 뭉침
KR 10-2690318 B1,B1,등록특허공보,등록공고,전동식 독립 조향장치,11,E4,[E4] claim_count(2) ≠ 삭제 제외 실질 항 수(6) · claims 7 · 삭제 1,10,D1 D3 D7 D2 D5 D6 D12 D8 D8c D4,[D5] 상세설명에 하위섹션+전문 중복 렌더(섹션 18444자 = 전문 15571 + 하위섹션 3094) / [D6] 도면 미반입인데 패널 노출(서지 도면 수 0건 / 패널 캡션 1개 · 이미지 없음) / [D12] 서지 청구항 수 2개 ↔ 청구범위 목록 7개(삭제 1) 불일치 / [D8] 독립항 목록 7개 중 1개가 본문 '삭제' / [D8c] 종속항 0 · 삭제항 1 → 독립/전체 토글 결과 동일(7개) / [D4] 공개번호(10-2023-0172268)와 표시 일자(2024-07-31) 계열 불일치 · 문헌일 2023-12-22,[F1] drawing_count 0 (도면의 설명 1원소 보유) [F2] 도면 설명 1원소에 도 26개 뭉침
KR 10-2690742 B1,B1,등록특허공보,등록공고,표시 장치 및 이의 구동 방법,11,E13,[E13] 패밀리 동일 문헌 1쌍 중복 적재 (EP 3779946 A1 / EP 03779946 A1),10,D1 D3 D7 D2 D5 D6 D12 D8 D4 D10,[D5] 상세설명에 하위섹션+전문 중복 렌더(섹션 29262자 = 전문 24397 + 하위섹션 5237) / [D6] 도면 미반입인데 패널 노출(서지 도면 수 0건 / 패널 캡션 1개 · 이미지 없음) / [D12] 서지 청구항 수 20개 ↔ 청구범위 목록 21개(삭제 1) 불일치 / [D8] 독립항 목록 7개 중 1개가 본문 '삭제' / [D4] 공개번호(10-2021-0021235)와 표시 일자(2024-08-02) 계열 불일치 · 문헌일 2021-02-25 / [D10] 패밀리 목록 9행 중 1행이 동일 문헌 중복 노출,[F1] drawing_count 0 (도면의 설명 1원소 보유) [F2] 도면 설명 1원소에 도 21개 뭉침
KR 10-2691397 B1,B1,등록특허공보,등록공고,표시 장치,11,E13,[E13] 패밀리 동일 문헌 2쌍 중복 적재 (JP 6225284 B2 / JP 7237213 B2 / JP 06225284 B2 / JP 07237213 B2),10,D1 D3 D7 D2 D5 D6 D12 D8 D4 D10,[D5] 상세설명에 하위섹션+전문 중복 렌더(섹션 111738자 = 전문 107148 + 하위섹션 6684) / [D6] 도면 미반입인데 패널 노출(서지 도면 수 0건 / 패널 캡션 1개 · 이미지 없음) / [D12] 서지 청구항 수 7개 ↔ 청구범위 목록 8개(삭제 1) 불일치 / [D8] 독립항 목록 5개 중 1개가 본문 '삭제' / [D4] 공개번호(10-2023-0175323)와 표시 일자(2024-08-05) 계열 불일치 · 문헌일 2023-12-29 / [D10] 패밀리 목록 52행 중 2행이 동일 문헌 중복 노출,[F1] drawing_count 0 (도면의 설명 1원소 보유) [F2] 도면 설명 1원소에 도 39개 뭉침
KR 10-2691447 B1,B1,등록특허공보,등록공고,재생 폴리올레핀 재료로부터 공압출 가교된 다층 폴리올레핀 발포체 구조물 및 그의 제조 방법,11,E13,[E13] 패밀리 동일 문헌 1쌍 중복 적재 (JP 7198297 B2 / JP 07198297 B2),10,D1 D3 D7 D2 D5 D6 D12 D8 D4b D10,[D5] 상세설명에 하위섹션+전문 중복 렌더(섹션 58955자 = 전문 58077 + 하위섹션 1821) / [D6] 도면 미반입인데 패널 노출(서지 도면 수 0건 / 패널 캡션 1개 · 이미지 없음) / [D12] 서지 청구항 수 42개 ↔ 청구범위 목록 46개(삭제 4) 불일치 / [D8] 독립항 목록 8개 중 4개가 본문 '삭제' / [D4b] 공개/공고번호 — 인데 공개/공고일(2024-08-05)만 표시 / [D10] 패밀리 목록 22행 중 1행이 동일 문헌 중복 노출,[F1] drawing_count 0 (도면의 설명 1원소 보유) [F2] 도면 설명 1원소에 도 16개 뭉침
KR 10-2692564 B1,B1,등록특허공보,등록공고,다층 박막 구조물 및 이를 이용한 위상 변환 소자,11,E13,[E13] 패밀리 동일 문헌 1쌍 중복 적재 (EP 3627195 A1 / EP 03627195 A1),10,D1 D3 D7 D2 D5 D6 D12 D8 D4 D10,[D5] 상세설명에 하위섹션+전문 중복 렌더(섹션 20464자 = 전문 16898 + 하위섹션 3723) / [D6] 도면 미반입인데 패널 노출(서지 도면 수 0건 / 패널 캡션 1개 · 이미지 없음) / [D12] 서지 청구항 수 22개 ↔ 청구범위 목록 24개(삭제 2) 불일치 / [D8] 독립항 목록 4개 중 2개가 본문 '삭제' / [D4] 공개번호(10-2020-0034500)와 표시 일자(2024-08-06) 계열 불일치 · 문헌일 2020-03-31 / [D10] 패밀리 목록 7행 중 1행이 동일 문헌 중복 노출,[F1] drawing_count 0 (도면의 설명 1원소 보유) [F2] 도면 설명 1원소에 도 33개 뭉침
KR 10-2702017 B1,B1,등록특허공보,등록공고,포토마스크의 제조 방법,11,E13,[E13] 패밀리 동일 문헌 1쌍 중복 적재 (JP 7489821 B2 / JP 07489821 B2),10,D1 D3 D7 D2 D5 D6 D12 D8 D4 D10,[D5] 상세설명에 하위섹션+전문 중복 렌더(섹션 30831자 = 전문 27509 + 하위섹션 3928) / [D6] 도면 미반입인데 패널 노출(서지 도면 수 0건 / 패널 캡션 1개 · 이미지 없음) / [D12] 서지 청구항 수 10개 ↔ 청구범위 목록 12개(삭제 2) 불일치 / [D8] 독립항 목록 4개 중 2개가 본문 '삭제' / [D4] 공개번호(10-2023-0160757)와 표시 일자(2024-09-04) 계열 불일치 · 문헌일 2023-11-24 / [D10] 패밀리 목록 13행 중 1행이 동일 문헌 중복 노출,[F1] drawing_count 0 (도면의 설명 1원소 보유) [F2] 도면 설명 1원소에 도 12개 뭉침
KR 10-2702813 B1,B1,등록특허공보,등록공고,머신 학습 모델 기반 비디오 압축,11,E13,[E13] 패밀리 동일 문헌 1쌍 중복 적재 (JP 7451591 B2 / JP 07451591 B2),10,D1 D3 D7 D2 D5 D6 D12 D8 D4 D10,[D5] 상세설명에 하위섹션+전문 중복 렌더(섹션 22215자 = 전문 21074 + 하위섹션 1352) / [D6] 도면 미반입인데 패널 노출(서지 도면 수 0건 / 패널 캡션 1개 · 이미지 없음) / [D12] 서지 청구항 수 12개 ↔ 청구범위 목록 20개(삭제 8) 불일치 / [D8] 독립항 목록 10개 중 8개가 본문 '삭제' / [D4] 공개번호(10-2022-0139800)와 표시 일자(2024-09-05) 계열 불일치 · 문헌일 2022-10-17 / [D10] 패밀리 목록 12행 중 1행이 동일 문헌 중복 노출,[F1] drawing_count 0 (도면의 설명 1원소 보유) [F2] 도면 설명 1원소에 도 6개 뭉침
KR 10-2702978 B1,B1,등록특허공보,등록공고,에어로졸 생성 장치,11,E13,[E13] 패밀리 동일 문헌 1쌍 중복 적재 (EP 4164438 A1 / EP 04164438 A1),10,D1 D3 D7 D2 D5 D6 D12 D8 D4 D10,[D5] 상세설명에 하위섹션+전문 중복 렌더(섹션 39465자 = 전문 37047 + 하위섹션 2850) / [D6] 도면 미반입인데 패널 노출(서지 도면 수 0건 / 패널 캡션 1개 · 이미지 없음) / [D12] 서지 청구항 수 13개 ↔ 청구범위 목록 15개(삭제 2) 불일치 / [D8] 독립항 목록 3개 중 2개가 본문 '삭제' / [D4] 공개번호(10-2023-0031710)와 표시 일자(2024-09-05) 계열 불일치 · 문헌일 2023-03-07 / [D10] 패밀리 목록 6행 중 1행이 동일 문헌 중복 노출,[F1] drawing_count 0 (도면의 설명 1원소 보유) [F2] 도면 설명 1원소에 도 20개 뭉침
KR 10-2703722 B1,B1,등록특허공보,등록공고,지문 인식 겸용 터치 센서 및 이를 포함하는 전자 장치,11,E13,[E13] 패밀리 동일 문헌 1쌍 중복 적재 (EP 3686718 A1 / EP 03686718 A1),10,D1 D3 D7 D2 D5 D6 D12 D8 D4 D10,[D5] 상세설명에 하위섹션+전문 중복 렌더(섹션 38459자 = 전문 32813 + 하위섹션 5868) / [D6] 도면 미반입인데 패널 노출(서지 도면 수 0건 / 패널 캡션 1개 · 이미지 없음) / [D12] 서지 청구항 수 21개 ↔ 청구범위 목록 25개(삭제 4) 불일치 / [D8] 독립항 목록 7개 중 4개가 본문 '삭제' / [D4] 공개번호(10-2020-0093323)와 표시 일자(2024-09-05) 계열 불일치 · 문헌일 2020-08-05 / [D10] 패밀리 목록 8행 중 1행이 동일 문헌 중복 노출,[F1] drawing_count 0 (도면의 설명 1원소 보유) [F2] 도면 설명 1원소에 도 21개 뭉침
KR 10-2703848 B1,B1,등록특허공보,등록공고,반도체 디바이스를 접합하기 위한 가요성 소결 도구,11,E13,[E13] 패밀리 동일 문헌 1쌍 중복 적재 (EP 4086944 A3 / EP 04086944 A3),10,D1 D3 D7 D2 D5 D6 D12 D8 D4 D10,[D5] 상세설명에 하위섹션+전문 중복 렌더(섹션 18810자 = 전문 14679 + 하위섹션 4204) / [D6] 도면 미반입인데 패널 노출(서지 도면 수 0건 / 패널 캡션 1개 · 이미지 없음) / [D12] 서지 청구항 수 17개 ↔ 청구범위 목록 20개(삭제 3) 불일치 / [D8] 독립항 목록 6개 중 3개가 본문 '삭제' / [D4] 공개번호(10-2022-0150827)와 표시 일자(2024-09-09) 계열 불일치 · 문헌일 2022-11-11 / [D10] 패밀리 목록 5행 중 1행이 동일 문헌 중복 노출,[F1] drawing_count 0 (도면의 설명 1원소 보유) [F2] 도면 설명 1원소에 도 14개 뭉침
KR 10-2704819 B1,B1,등록특허공보,등록공고,"렌즈 조립체의 위치에 따라 보정된 신호를 이용하여 조리개를 제어하는 카메라 모듈과, 이를 포함하는 전자 장치",11,E13,[E13] 패밀리 동일 문헌 1쌍 중복 적재 (EP 3777126 B1 / EP 03777126 B1),10,D1 D3 D7 D2 D5 D6 D12 D8 D4 D10,[D5] 상세설명에 하위섹션+전문 중복 렌더(섹션 57308자 = 전문 55269 + 하위섹션 2430) / [D6] 도면 미반입인데 패널 노출(서지 도면 수 0건 / 패널 캡션 1개 · 이미지 없음) / [D12] 서지 청구항 수 17개 ↔ 청구범위 목록 20개(삭제 3) 불일치 / [D8] 독립항 목록 5개 중 3개가 본문 '삭제' / [D4] 공개번호(10-2019-0138344)와 표시 일자(2024-09-09) 계열 불일치 · 문헌일 2019-12-13 / [D10] 패밀리 목록 7행 중 1행이 동일 문헌 중복 노출,[F1] drawing_count 0 (도면의 설명 1원소 보유) [F2] 도면 설명 1원소에 도 22개 뭉침
KR 10-2706431 B1,B1,등록특허공보,등록공고,"삼중환 다이락톤 화합물, 이의 생산 방법, 및 용도",11,E13,[E13] 패밀리 동일 문헌 1쌍 중복 적재 (EP 4177256 A1 / EP 04177256 A1),10,D1 D3 D7 D5 D6 D12 D8 D8c D4 D10,[D5] 상세설명에 하위섹션+전문 중복 렌더(섹션 45817자 = 전문 29429 + 하위섹션 17237) / [D6] 도면 미반입인데 패널 노출(서지 도면 수 0건 / 패널 캡션 1개 · 이미지 없음) / [D12] 서지 청구항 수 6개 ↔ 청구범위 목록 13개(삭제 7) 불일치 / [D8] 독립항 목록 13개 중 7개가 본문 '삭제' / [D8c] 종속항 0 · 삭제항 7 → 독립/전체 토글 결과 동일(13개) / [D4] 공개번호(10-2022-0005412)와 표시 일자(2024-09-13) 계열 불일치 · 문헌일 2022-01-13 / [D10] 패밀리 목록 6행 중 1행이 동일 문헌 중복 노출,[F1] drawing_count 0 (도면의 설명 1원소 보유) [F2] 도면 설명 1원소에 도 13개 뭉침
KR 10-2716427 B1,B1,등록특허공보,등록공고,고장 검출 장치 및 그 방법,11,E13,[E13] 패밀리 동일 문헌 2쌍 중복 적재 (JP 7268169 B2 / EP 3916405 A1 / EP 03916405 A1 / JP 07268169 B2),10,D1 D3 D7 D2 D5 D6 D12 D8 D4 D10,[D5] 상세설명에 하위섹션+전문 중복 렌더(섹션 18011자 = 전문 14762 + 하위섹션 3540) / [D6] 도면 미반입인데 패널 노출(서지 도면 수 0건 / 패널 캡션 1개 · 이미지 없음) / [D12] 서지 청구항 수 6개 ↔ 청구범위 목록 10개(삭제 4) 불일치 / [D8] 독립항 목록 6개 중 4개가 본문 '삭제' / [D4] 공개번호(10-2020-0090508)와 표시 일자(2024-10-14) 계열 불일치 · 문헌일 2020-07-29 / [D10] 패밀리 목록 10행 중 2행이 동일 문헌 중복 노출,[F1] drawing_count 0 (도면의 설명 1원소 보유) [F2] 도면 설명 1원소에 도 14개 뭉침
KR 10-2716853 B1,B1,등록특허공보,등록공고,잉크 카세트 및 프린터,11,E13,[E13] 패밀리 동일 문헌 1쌍 중복 적재 (JP 7397699 B2 / JP 07397699 B2),10,D1 D3 D7 D2 D5 D6 D12 D8 D4 D10,[D5] 상세설명에 하위섹션+전문 중복 렌더(섹션 35289자 = 전문 32911 + 하위섹션 2718) / [D6] 도면 미반입인데 패널 노출(서지 도면 수 0건 / 패널 캡션 1개 · 이미지 없음) / [D12] 서지 청구항 수 12개 ↔ 청구범위 목록 21개(삭제 9) 불일치 / [D8] 독립항 목록 11개 중 9개가 본문 '삭제' / [D4] 공개번호(10-2021-0098327)와 표시 일자(2024-10-16) 계열 불일치 · 문헌일 2021-08-10 / [D10] 패밀리 목록 13행 중 1행이 동일 문헌 중복 노출,[F1] drawing_count 0 (도면의 설명 1원소 보유) [F2] 도면 설명 1원소에 도 30개 뭉침
KR 10-2717932 B1,B1,등록특허공보,등록공고,반송 시스템,11,E13,[E13] 패밀리 동일 문헌 1쌍 중복 적재 (JP 7184453 B2 / JP 07184453 B2),10,D1 D3 D7 D2 D5 D6 D12 D8 D4 D10,[D5] 상세설명에 하위섹션+전문 중복 렌더(섹션 47342자 = 전문 44538 + 하위섹션 4312) / [D6] 도면 미반입인데 패널 노출(서지 도면 수 0건 / 패널 캡션 1개 · 이미지 없음) / [D12] 서지 청구항 수 5개 ↔ 청구범위 목록 6개(삭제 1) 불일치 / [D8] 독립항 목록 2개 중 1개가 본문 '삭제' / [D4] 공개번호(10-2019-0132211)와 표시 일자(2024-10-15) 계열 불일치 · 문헌일 2019-11-27 / [D10] 패밀리 목록 4행 중 1행이 동일 문헌 중복 노출,[F1] drawing_count 0 (도면의 설명 1원소 보유) [F2] 도면 설명 1원소에 도 28개 뭉침
KR 10-2717968 B1,B1,등록특허공보,등록공고,무선 주파수 필터를 위한 시스템 및 방법,11,E13,[E13] 패밀리 동일 문헌 4쌍 중복 적재 (EP 3496278 B1 / EP 03496278 B1 / EP 3496280 A1 / EP 03496280 A1),10,D1 D3 D7 D2 D5 D6 D12 D8 D4 D10,[D5] 상세설명에 하위섹션+전문 중복 렌더(섹션 79984자 = 전문 77335 + 하위섹션 3661) / [D6] 도면 미반입인데 패널 노출(서지 도면 수 0건 / 패널 캡션 1개 · 이미지 없음) / [D12] 서지 청구항 수 16개 ↔ 청구범위 목록 21개(삭제 5) 불일치 / [D8] 독립항 목록 8개 중 5개가 본문 '삭제' / [D4] 공개번호(10-2019-0067709)와 표시 일자(2024-10-16) 계열 불일치 · 문헌일 2019-06-17 / [D10] 패밀리 목록 59행 중 4행이 동일 문헌 중복 노출,[F1] drawing_count 0 (도면의 설명 1원소 보유) [F2] 도면 설명 1원소에 도 68개 뭉침
KR 10-2718019 B1,B1,등록특허공보,등록공고,"수동 복사 냉각을 위한 제조 방법들, 구조체들, 및 용도들",11,E13,[E13] 패밀리 동일 문헌 1쌍 중복 적재 (EP 4376102 A3 / EP 04376102 A3),10,D1 D3 D7 D2 D5 D6 D12 D8 D4 D10,[D5] 상세설명에 하위섹션+전문 중복 렌더(섹션 21021자 = 전문 17933 + 하위섹션 3403) / [D6] 도면 미반입인데 패널 노출(서지 도면 수 0건 / 패널 캡션 1개 · 이미지 없음) / [D12] 서지 청구항 수 12개 ↔ 청구범위 목록 17개(삭제 5) 불일치 / [D8] 독립항 목록 6개 중 5개가 본문 '삭제' / [D4] 공개번호(10-2022-0132675)와 표시 일자(2024-10-15) 계열 불일치 · 문헌일 2022-09-30 / [D10] 패밀리 목록 24행 중 1행이 동일 문헌 중복 노출,[F1] drawing_count 0 (도면의 설명 1원소 보유) [F2] 도면 설명 1원소에 도 24개 뭉침
KR 10-2718327 B1,B1,등록특허공보,등록공고,오디오 응답 재생,11,E13,[E13] 패밀리 동일 문헌 2쌍 중복 적재 (EP 3974957 A1 / EP 03974957 A1 / EP 4258690 A3 / EP 04258690 A3),10,D1 D3 D7 D2 D5 D6 D12 D8 D4 D10,[D5] 상세설명에 하위섹션+전문 중복 렌더(섹션 142819자 = 전문 141804 + 하위섹션 2946) / [D6] 도면 미반입인데 패널 노출(서지 도면 수 0건 / 패널 캡션 1개 · 이미지 없음) / [D12] 서지 청구항 수 17개 ↔ 청구범위 목록 19개(삭제 2) 불일치 / [D8] 독립항 목록 4개 중 2개가 본문 '삭제' / [D4] 공개번호(10-2022-0103824)와 표시 일자(2024-10-17) 계열 불일치 · 문헌일 2022-07-22 / [D10] 패밀리 목록 85행 중 2행이 동일 문헌 중복 노출,[F1] drawing_count 0 (도면의 설명 1원소 보유) [F2] 도면 설명 1원소에 도 16개 뭉침
KR 10-2718682 B1,B1,등록특허공보,등록공고,플라즈마 처리 방법 및 플라즈마 처리 장치,11,E13,[E13] 패밀리 동일 문헌 1쌍 중복 적재 (JP 6937644 B2 / JP 06937644 B2),10,D1 D3 D7 D2 D5 D6 D12 D8 D4 D10,[D5] 상세설명에 하위섹션+전문 중복 렌더(섹션 31919자 = 전문 27186 + 하위섹션 4882) / [D6] 도면 미반입인데 패널 노출(서지 도면 수 0건 / 패널 캡션 1개 · 이미지 없음) / [D12] 서지 청구항 수 12개 ↔ 청구범위 목록 14개(삭제 2) 불일치 / [D8] 독립항 목록 6개 중 2개가 본문 '삭제' / [D4] 공개번호(10-2019-0035589)와 표시 일자(2024-10-16) 계열 불일치 · 문헌일 2019-04-03 / [D10] 패밀리 목록 9행 중 1행이 동일 문헌 중복 노출,[F1] drawing_count 0 (도면의 설명 1원소 보유) [F2] 도면 설명 1원소에 도 20개 뭉침
KR 10-2719048 B1,B1,등록특허공보,등록공고,"연료전지용 촉매, 그 제조방법, 및 그것을 포함하는 막-전극 어셈블리",11,E13,[E13] 패밀리 동일 문헌 2쌍 중복 적재 (JP 7346729 B2 / EP 4086988 A1 / EP 04086988 A1 / JP 07346729 B2),10,D1 D3 D7 D2 D5 D6 D12 D8 D4 D10,[D5] 상세설명에 하위섹션+전문 중복 렌더(섹션 21342자 = 전문 16600 + 하위섹션 5032) / [D6] 도면 미반입인데 패널 노출(서지 도면 수 0건 / 패널 캡션 1개 · 이미지 없음) / [D12] 서지 청구항 수 9개 ↔ 청구범위 목록 16개(삭제 7) 불일치 / [D8] 독립항 목록 8개 중 7개가 본문 '삭제' / [D4] 공개번호(10-2021-0085605)와 표시 일자(2024-10-16) 계열 불일치 · 문헌일 2021-07-08 / [D10] 패밀리 목록 9행 중 2행이 동일 문헌 중복 노출,[F1] drawing_count 0 (도면의 설명 1원소 보유) [F2] 도면 설명 1원소에 도 10개 뭉침
KR 10-2720190 B1,B1,등록특허공보,등록공고,폴드형 광학계의 FOV 성능 모사 방법 및 모사 장치,11,E9,[E9] 하위섹션 '발명의 효과'(effect_of_invention) 비었는데 전문에 표제 존재,10,D1 D3 D7 D2 D5 D6 D12 D8 D8c D4b,[D5] 상세설명에 하위섹션+전문 중복 렌더(섹션 15281자 = 전문 11825 + 하위섹션 3605) / [D6] 도면 미반입인데 패널 노출(서지 도면 수 0건 / 패널 캡션 1개 · 이미지 없음) / [D12] 서지 청구항 수 1개 ↔ 청구범위 목록 11개(삭제 10) 불일치 / [D8] 독립항 목록 11개 중 10개가 본문 '삭제' / [D8c] 종속항 0 · 삭제항 10 → 독립/전체 토글 결과 동일(11개) / [D4b] 공개/공고번호 — 인데 공개/공고일(2024-10-21)만 표시,[F1] drawing_count 0 (도면의 설명 1원소 보유) [F2] 도면 설명 1원소에 도 15개 뭉침
KR 10-2730215 B1,B1,등록특허공보,등록공고,차량용 선택가능 디퍼렌셜 드라이브,11,E13,[E13] 패밀리 동일 문헌 1쌍 중복 적재 (EP 4124490 A1 / EP 04124490 A1),10,D1 D3 D7 D2 D5 D6 D12 D8 D4 D10,[D5] 상세설명에 하위섹션+전문 중복 렌더(섹션 45363자 = 전문 43940 + 하위섹션 1946) / [D6] 도면 미반입인데 패널 노출(서지 도면 수 0건 / 패널 캡션 1개 · 이미지 없음) / [D12] 서지 청구항 수 16개 ↔ 청구범위 목록 20개(삭제 4) 불일치 / [D8] 독립항 목록 7개 중 4개가 본문 '삭제' / [D4] 공개번호(10-2023-0017104)와 표시 일자(2024-11-14) 계열 불일치 · 문헌일 2023-02-03 / [D10] 패밀리 목록 6행 중 1행이 동일 문헌 중복 노출,[F1] drawing_count 0 (도면의 설명 1원소 보유) [F2] 도면 설명 1원소에 도 19개 뭉침
KR 10-2730554 B1,B1,등록특허공보,등록공고,"고체 촬상 소자, 제조 방법 및 전자 기기",11,E13,[E13] 패밀리 동일 문헌 1쌍 중복 적재 (US 09882154 B2 / US 9882154 B2),10,D1 D3 D7 D2 D5 D6 D12 D8 D4 D10,[D5] 상세설명에 하위섹션+전문 중복 렌더(섹션 42010자 = 전문 39960 + 하위섹션 2696) / [D6] 도면 미반입인데 패널 노출(서지 도면 수 0건 / 패널 캡션 1개 · 이미지 없음) / [D12] 서지 청구항 수 10개 ↔ 청구범위 목록 14개(삭제 4) 불일치 / [D8] 독립항 목록 7개 중 4개가 본문 '삭제' / [D4] 공개번호(10-2023-0122179)와 표시 일자(2024-11-15) 계열 불일치 · 문헌일 2023-08-22 / [D10] 패밀리 목록 16행 중 1행이 동일 문헌 중복 노출,[F1] drawing_count 0 (도면의 설명 1원소 보유) [F2] 도면 설명 1원소에 도 24개 뭉침
KR 10-2730751 B1,B1,등록특허공보,등록공고,아바타 추천 및 다운로드를 지원하는 전자 장치,11,E13,[E13] 패밀리 동일 문헌 1쌍 중복 적재 (EP 3700179 A1 / EP 03700179 A1),10,D1 D3 D7 D2 D5 D6 D12 D8 D4 D10,[D5] 상세설명에 하위섹션+전문 중복 렌더(섹션 37361자 = 전문 35497 + 하위섹션 2112) / [D6] 도면 미반입인데 패널 노출(서지 도면 수 0건 / 패널 캡션 1개 · 이미지 없음) / [D12] 서지 청구항 수 16개 ↔ 청구범위 목록 20개(삭제 4) 불일치 / [D8] 독립항 목록 6개 중 4개가 본문 '삭제' / [D4] 공개번호(10-2020-0101014)와 표시 일자(2024-11-15) 계열 불일치 · 문헌일 2020-08-27 / [D10] 패밀리 목록 5행 중 1행이 동일 문헌 중복 노출,[F1] drawing_count 0 (도면의 설명 1원소 보유) [F2] 도면 설명 1원소에 도 11개 뭉침
KR 10-2731080 B1,B1,등록특허공보,등록공고,이동하는 카메라를 위한 고속 비디오 생성 방법 및 시스템,11,E13,[E13] 패밀리 동일 문헌 1쌍 중복 적재 (EP 4195681 A1 / EP 04195681 A1),10,D1 D3 D7 D2 D5 D6 D12 D8 D4 D10,[D5] 상세설명에 하위섹션+전문 중복 렌더(섹션 21530자 = 전문 20119 + 하위섹션 1702) / [D6] 도면 미반입인데 패널 노출(서지 도면 수 0건 / 패널 캡션 1개 · 이미지 없음) / [D12] 서지 청구항 수 10개 ↔ 청구범위 목록 11개(삭제 1) 불일치 / [D8] 독립항 목록 4개 중 1개가 본문 '삭제' / [D4] 공개번호(10-2023-0085854)와 표시 일자(2024-11-14) 계열 불일치 · 문헌일 2023-06-14 / [D10] 패밀리 목록 5행 중 1행이 동일 문헌 중복 노출,[F1] drawing_count 0 (도면의 설명 1원소 보유) [F2] 도면 설명 1원소에 도 7개 뭉침
KR 10-2731456 B1,B1,등록특허공보,등록공고,세포 분리 제어 장치,11,E13,[E13] 패밀리 동일 문헌 1쌍 중복 적재 (EP 4316662 A1 / EP 04316662 A1),10,D1 D3 D7 D2 D5 D6 D12 D8 D4 D10,[D5] 상세설명에 하위섹션+전문 중복 렌더(섹션 15460자 = 전문 11772 + 하위섹션 3927) / [D6] 도면 미반입인데 패널 노출(서지 도면 수 0건 / 패널 캡션 1개 · 이미지 없음) / [D12] 서지 청구항 수 11개 ↔ 청구범위 목록 12개(삭제 1) 불일치 / [D8] 독립항 목록 2개 중 1개가 본문 '삭제' / [D4] 공개번호(10-2022-0135997)와 표시 일자(2024-11-18) 계열 불일치 · 문헌일 2022-10-07 / [D10] 패밀리 목록 6행 중 1행이 동일 문헌 중복 노출,[F1] drawing_count 0 (도면의 설명 1원소 보유) [F2] 도면 설명 1원소에 도 12개 뭉침
KR 10-2731835 B1,B1,등록특허공보,등록공고,이전에 대화를 수집한 결과를 기반으로 인공 지능 서비스를 제공하는 전자 장치 및 방법,11,E13,[E13] 패밀리 동일 문헌 1쌍 중복 적재 (EP 3782040 A1 / EP 03782040 A1),10,D1 D3 D7 D2 D5 D6 D12 D8 D4 D10,[D5] 상세설명에 하위섹션+전문 중복 렌더(섹션 93496자 = 전문 90726 + 하위섹션 4296) / [D6] 도면 미반입인데 패널 노출(서지 도면 수 0건 / 패널 캡션 1개 · 이미지 없음) / [D12] 서지 청구항 수 18개 ↔ 청구범위 목록 20개(삭제 2) 불일치 / [D8] 독립항 목록 5개 중 2개가 본문 '삭제' / [D4] 공개번호(10-2020-0013152)와 표시 일자(2024-11-20) 계열 불일치 · 문헌일 2020-02-06 / [D10] 패밀리 목록 7행 중 1행이 동일 문헌 중복 노출,[F1] drawing_count 0 (도면의 설명 1원소 보유) [F2] 도면 설명 1원소에 도 28개 뭉침
KR 10-2732145 B1,B1,등록특허공보,등록공고,"수지 성형 장치, 수지 탑재 장치 및 수지 성형 방법",11,E13,[E13] 패밀리 동일 문헌 1쌍 중복 적재 (JP 6703718 B2 / JP 06703718 B2),10,D1 D3 D7 D2 D5 D6 D12 D8 D4 D10,[D5] 상세설명에 하위섹션+전문 중복 렌더(섹션 103076자 = 전문 97463 + 하위섹션 6867) / [D6] 도면 미반입인데 패널 노출(서지 도면 수 0건 / 패널 캡션 1개 · 이미지 없음) / [D12] 서지 청구항 수 26개 ↔ 청구범위 목록 34개(삭제 8) 불일치 / [D8] 독립항 목록 21개 중 8개가 본문 '삭제' / [D4] 공개번호(10-2023-0020558)와 표시 일자(2024-11-21) 계열 불일치 · 문헌일 2023-02-10 / [D10] 패밀리 목록 19행 중 1행이 동일 문헌 중복 노출,[F1] drawing_count 0 (도면의 설명 1원소 보유) [F2] 도면 설명 1원소에 도 68개 뭉침
KR 10-2732906 B1,B1,등록특허공보,등록공고,커넥터 및 커넥터 하우징,11,E13,[E13] 패밀리 동일 문헌 1쌍 중복 적재 (EP 3576227 B1 / EP 03576227 B1),10,D1 D3 D7 D2 D5 D6 D12 D8 D4 D10,[D5] 상세설명에 하위섹션+전문 중복 렌더(섹션 19014자 = 전문 14736 + 하위섹션 4487) / [D6] 도면 미반입인데 패널 노출(서지 도면 수 0건 / 패널 캡션 1개 · 이미지 없음) / [D12] 서지 청구항 수 12개 ↔ 청구범위 목록 20개(삭제 8) 불일치 / [D8] 독립항 목록 11개 중 8개가 본문 '삭제' / [D4] 공개번호(10-2019-0137696)와 표시 일자(2024-11-20) 계열 불일치 · 문헌일 2019-12-11 / [D10] 패밀리 목록 7행 중 1행이 동일 문헌 중복 노출,[F1] drawing_count 0 (도면의 설명 1원소 보유) [F2] 도면 설명 1원소에 도 18개 뭉침
KR 10-2619261 B1,B1,등록특허공보,등록공고,이미지의 디지털 페인팅을 최적화시키기 위한 페인트 유어 플레이스 어플리케이션,10,E4,[E4] claim_count(19) ≠ 삭제 제외 실질 항 수(21) · claims 25 · 삭제 4,9,D1 D3 D7 D2 D5 D6 D12 D8 D4,[D5] 상세설명에 하위섹션+전문 중복 렌더(섹션 26104자 = 전문 24055 + 하위섹션 2713) / [D6] 도면 미반입인데 패널 노출(서지 도면 수 0건 / 패널 캡션 1개 · 이미지 없음) / [D12] 서지 청구항 수 19개 ↔ 청구범위 목록 25개(삭제 4) 불일치 / [D8] 독립항 목록 9개 중 4개가 본문 '삭제' / [D4] 공개번호(10-2016-0111864)와 표시 일자(2024-01-02) 계열 불일치 · 문헌일 2016-09-27,[F1] drawing_count 0 (도면의 설명 1원소 보유) [F2] 도면 설명 1원소에 도 41개 뭉침
KR 10-2619739 B1,B1,등록특허공보,특허취소신청 결정,성형용 포장재 및 성형 케이스,10,E13,[E13] 패밀리 동일 문헌 1쌍 중복 적재 (JP 6279973 B2 / JP 06279973 B2),9,D1 D3 D7 D2 D5 D6 D4 D10 D9,[D5] 상세설명에 하위섹션+전문 중복 렌더(섹션 28249자 = 전문 24204 + 하위섹션 4344) / [D6] 도면 미반입인데 패널 노출(서지 도면 수 0건 / 패널 캡션 1개 · 이미지 없음) / [D4] 공개번호(10-2023-0025836)와 표시 일자(2024-01-02) 계열 불일치 · 문헌일 2023-02-23 / [D10] 패밀리 목록 7행 중 1행이 동일 문헌 중복 노출 / [D9] 서지 권리변동 — 인데 권리변동 이력 1건 존재,[F1] drawing_count 0 (도면의 설명 1원소 보유) [F2] 도면 설명 1원소에 도 3개 뭉침
KR 10-2620084 B1,B1,등록특허공보,등록공고,유기 발광 소자 및 이를 이용한 유기 발광 표시 장치,10,E13,[E13] 패밀리 동일 문헌 1쌍 중복 적재 (EP 3276698 B1 / EP 03276698 B1),9,D1 D3 D7 D2 D5 D6 D4 D10 D9,[D5] 상세설명에 하위섹션+전문 중복 렌더(섹션 18778자 = 전문 15432 + 하위섹션 3621) / [D6] 도면 미반입인데 패널 노출(서지 도면 수 0건 / 패널 캡션 1개 · 이미지 없음) / [D4] 공개번호(10-2018-0013604)와 표시 일자(2024-01-02) 계열 불일치 · 문헌일 2018-02-07 / [D10] 패밀리 목록 8행 중 1행이 동일 문헌 중복 노출 / [D9] 서지 권리변동 — 인데 권리변동 이력 1건 존재,[F1] drawing_count 0 (도면의 설명 1원소 보유) [F2] 도면 설명 1원소에 도 9개 뭉침
KR 10-2621619 B1,B1,등록특허공보,등록공고,"역경매 방식을 이용한 의료기기 판매자와 구매자의 거래 중개 서비스 제공방법, 서버 및 컴퓨터프로그램",10,E4,[E4] claim_count(10) ≠ 삭제 제외 실질 항 수(11) · claims 13 · 삭제 2,9,D1 D3 D7 D2 D5 D6 D12 D8 D4,[D5] 상세설명에 하위섹션+전문 중복 렌더(섹션 36236자 = 전문 29608 + 하위섹션 6900) / [D6] 도면 미반입인데 패널 노출(서지 도면 수 0건 / 패널 캡션 1개 · 이미지 없음) / [D12] 서지 청구항 수 10개 ↔ 청구범위 목록 13개(삭제 2) 불일치 / [D8] 독립항 목록 5개 중 2개가 본문 '삭제' / [D4] 공개번호(10-2023-0050082)와 표시 일자(2024-01-08) 계열 불일치 · 문헌일 2023-04-14,[F1] drawing_count 0 (도면의 설명 1원소 보유) [F2] 도면 설명 1원소에 도 5개 뭉침
KR 10-2623031 B1,B1,등록특허공보,등록공고,"미니 EPG 클라우드 스트리밍 서버, 큐톤 정보 전송 서버 및 큐톤 정보 전달 방법",10,E4,[E4] claim_count(2) ≠ 삭제 제외 실질 항 수(3) · claims 10 · 삭제 7,9,D1 D3 D7 D2 D5 D6 D12 D8 D4,[D5] 상세설명에 하위섹션+전문 중복 렌더(섹션 36627자 = 전문 33590 + 하위섹션 3718) / [D6] 도면 미반입인데 패널 노출(서지 도면 수 0건 / 패널 캡션 1개 · 이미지 없음) / [D12] 서지 청구항 수 2개 ↔ 청구범위 목록 10개(삭제 7) 불일치 / [D8] 독립항 목록 9개 중 7개가 본문 '삭제' / [D4] 공개번호(10-2020-0061917)와 표시 일자(2024-01-10) 계열 불일치 · 문헌일 2020-06-03,[F1] drawing_count 0 (도면의 설명 1원소 보유) [F2] 도면 설명 1원소에 도 10개 뭉침
KR 10-2635400 B1,B1,등록특허공보,등록공고,비디오 압축에서의 인트라 예측을 위한 참조 샘플 패딩 및 필터링,10,E13,[E13] 패밀리 동일 문헌 1쌍 중복 적재 (EP 3824626 A1 / EP 03824626 A1),9,D1 D3 D7 D2 D5 D6 D12 D8 D10,[D5] 상세설명에 하위섹션+전문 중복 렌더(섹션 46470자 = 전문 43359 + 하위섹션 10111) / [D6] 도면 미반입인데 패널 노출(서지 도면 수 0건 / 패널 캡션 1개 · 이미지 없음) / [D12] 서지 청구항 수 12개 ↔ 청구범위 목록 15개(삭제 3) 불일치 / [D8] 독립항 목록 9개 중 3개가 본문 '삭제' / [D10] 패밀리 목록 21행 중 1행이 동일 문헌 중복 노출,[F1] drawing_count 0 (도면의 설명 1원소 보유) [F2] 도면 설명 1원소에 도 12개 뭉침
KR 10-2635540 B1,B1,등록특허공보,등록공고,교반을 위한 자기 디스크를 갖는 압력 용기,10,E13,[E13] 패밀리 동일 문헌 1쌍 중복 적재 (EP 3603810 A1 / EP 03603810 A1),9,D1 D3 D7 D2 D5 D6 D12 D8 D10,[D5] 상세설명에 하위섹션+전문 중복 렌더(섹션 30133자 = 전문 24201 + 하위섹션 7836) / [D6] 도면 미반입인데 패널 노출(서지 도면 수 0건 / 패널 캡션 1개 · 이미지 없음) / [D12] 서지 청구항 수 20개 ↔ 청구범위 목록 21개(삭제 1) 불일치 / [D8] 독립항 목록 2개 중 1개가 본문 '삭제' / [D10] 패밀리 목록 5행 중 1행이 동일 문헌 중복 노출,[F1] drawing_count 0 (도면의 설명 1원소 보유) [F2] 도면 설명 1원소에 도 10개 뭉침
KR 10-2635635 B1,B1,등록특허공보,등록공고,유전자 조작 Fc 작제물에 관한 조성물 및 방법,10,E13,[E13] 패밀리 동일 문헌 1쌍 중복 적재 (JP 7045333 B2 / JP 07045333 B2),9,D1 D3 D7 D5 D6 D12 D8 D8c D10,[D5] 상세설명에 하위섹션+전문 중복 렌더(섹션 218519자 = 전문 148647 + 하위섹션 84486) / [D6] 도면 미반입인데 패널 노출(서지 도면 수 0건 / 패널 캡션 1개 · 이미지 없음) / [D12] 서지 청구항 수 2개 ↔ 청구범위 목록 21개(삭제 19) 불일치 / [D8] 독립항 목록 21개 중 19개가 본문 '삭제' / [D8c] 종속항 0 · 삭제항 19 → 독립/전체 토글 결과 동일(21개) / [D10] 패밀리 목록 48행 중 1행이 동일 문헌 중복 노출,[F1] drawing_count 0 (도면의 설명 1원소 보유) [F2] 도면 설명 1원소에 도 30개 뭉침
KR 10-2635789 B1,B1,등록특허공보,등록공고,로커 관리 기술,10,E13,[E13] 패밀리 동일 문헌 1쌍 중복 적재 (EP 3685357 A1 / EP 03685357 A1),9,D1 D3 D7 D2 D5 D6 D12 D8 D10,[D5] 상세설명에 하위섹션+전문 중복 렌더(섹션 24135자 = 전문 22088 + 하위섹션 2894) / [D6] 도면 미반입인데 패널 노출(서지 도면 수 0건 / 패널 캡션 1개 · 이미지 없음) / [D12] 서지 청구항 수 38개 ↔ 청구범위 목록 41개(삭제 3) 불일치 / [D8] 독립항 목록 9개 중 3개가 본문 '삭제' / [D10] 패밀리 목록 12행 중 1행이 동일 문헌 중복 노출,[F1] drawing_count 0 (도면의 설명 1원소 보유) [F2] 도면 설명 1원소에 도 13개 뭉침
KR 10-2635881 B1,B1,등록특허공보,등록공고,금속 용융 도금 코팅의 개선된 접착을 갖는 강 스트립을 제조하는 방법,10,E13,[E13] 패밀리 동일 문헌 1쌍 중복 적재 (EP 3749793 B1 / EP 03749793 B1),9,D1 D3 D7 D2 D5 D6 D12 D8 D10,[D5] 상세설명에 하위섹션+전문 중복 렌더(섹션 12854자 = 전문 7733 + 하위섹션 6311) / [D6] 도면 미반입인데 패널 노출(서지 도면 수 0건 / 패널 캡션 1개 · 이미지 없음) / [D12] 서지 청구항 수 13개 ↔ 청구범위 목록 15개(삭제 2) 불일치 / [D8] 독립항 목록 3개 중 2개가 본문 '삭제' / [D10] 패밀리 목록 7행 중 1행이 동일 문헌 중복 노출,[F1] drawing_count 0 (도면의 설명 1원소 보유) [F2] 도면 설명 1원소에 도 3개 뭉침
KR 10-2635891 B1,B1,등록특허공보,등록공고,세션 기반 DASH 동작들을 위한 패턴 주소 지정,10,E13,[E13] 패밀리 동일 문헌 1쌍 중복 적재 (EP 4088417 A1 / EP 04088417 A1),9,D1 D3 D7 D2 D5 D6 D12 D8 D10,[D5] 상세설명에 하위섹션+전문 중복 렌더(섹션 26318자 = 전문 27400 + 하위섹션 1426) / [D6] 도면 미반입인데 패널 노출(서지 도면 수 0건 / 패널 캡션 1개 · 이미지 없음) / [D12] 서지 청구항 수 14개 ↔ 청구범위 목록 20개(삭제 6) 불일치 / [D8] 독립항 목록 9개 중 6개가 본문 '삭제' / [D10] 패밀리 목록 11행 중 1행이 동일 문헌 중복 노출,[F1] drawing_count 0 (도면의 설명 1원소 보유) [F2] 도면 설명 1원소에 도 4개 뭉침
KR 10-2636348 B1,B1,등록특허공보,등록공고,경장 급식 기기 및 관련된 사용 방법,10,E13,[E13] 패밀리 동일 문헌 1쌍 중복 적재 (EP 3362084 A1 / EP 03362084 A1),9,D1 D3 D7 D2 D5 D6 D12 D8 D10,[D5] 상세설명에 하위섹션+전문 중복 렌더(섹션 181308자 = 전문 179015 + 하위섹션 12921) / [D6] 도면 미반입인데 패널 노출(서지 도면 수 0건 / 패널 캡션 1개 · 이미지 없음) / [D12] 서지 청구항 수 37개 ↔ 청구범위 목록 38개(삭제 1) 불일치 / [D8] 독립항 목록 15개 중 1개가 본문 '삭제' / [D10] 패밀리 목록 25행 중 1행이 동일 문헌 중복 노출,[F1] drawing_count 0 (도면의 설명 1원소 보유) [F2] 도면 설명 1원소에 도 75개 뭉침
KR 10-2636361 B1,B1,등록특허공보,등록공고,배터리 제어 장치 및 배터리 제어 시스템,10,E13,[E13] 패밀리 동일 문헌 1쌍 중복 적재 (EP 3190803 A1 / EP 03190803 A1),9,D1 D3 D7 D2 D5 D6 D12 D8 D10,[D5] 상세설명에 하위섹션+전문 중복 렌더(섹션 23572자 = 전문 22808 + 하위섹션 3585) / [D6] 도면 미반입인데 패널 노출(서지 도면 수 0건 / 패널 캡션 1개 · 이미지 없음) / [D12] 서지 청구항 수 17개 ↔ 청구범위 목록 20개(삭제 3) 불일치 / [D8] 독립항 목록 6개 중 3개가 본문 '삭제' / [D10] 패밀리 목록 7행 중 1행이 동일 문헌 중복 노출,[F1] drawing_count 0 (도면의 설명 1원소 보유) [F2] 도면 설명 1원소에 도 10개 뭉침
KR 10-2636588 B1,B1,등록특허공보,등록공고,무선 회로부 감도 저하 검출,10,E13,[E13] 패밀리 동일 문헌 1쌍 중복 적재 (EP 4152623 A1 / EP 04152623 A1),9,D1 D3 D7 D2 D5 D6 D12 D8 D10,[D5] 상세설명에 하위섹션+전문 중복 렌더(섹션 33702자 = 전문 34901 + 하위섹션 853) / [D6] 도면 미반입인데 패널 노출(서지 도면 수 0건 / 패널 캡션 1개 · 이미지 없음) / [D12] 서지 청구항 수 19개 ↔ 청구범위 목록 20개(삭제 1) 불일치 / [D8] 독립항 목록 4개 중 1개가 본문 '삭제' / [D10] 패밀리 목록 5행 중 1행이 동일 문헌 중복 노출,[F1] drawing_count 0 (도면의 설명 1원소 보유) [F2] 도면 설명 1원소에 도 7개 뭉침
KR 10-2636878 B1,B1,등록특허공보,등록공고,라이다 수신 유닛,10,E13,[E13] 패밀리 동일 문헌 2쌍 중복 적재 (JP 7338904 B2 / EP 3994496 A1 / EP 03994496 A1 / JP 07338904 B2),9,D1 D3 D7 D2 D5 D6 D12 D8 D10,[D5] 상세설명에 하위섹션+전문 중복 렌더(섹션 16668자 = 전문 12793 + 하위섹션 5725) / [D6] 도면 미반입인데 패널 노출(서지 도면 수 0건 / 패널 캡션 1개 · 이미지 없음) / [D12] 서지 청구항 수 8개 ↔ 청구범위 목록 10개(삭제 2) 불일치 / [D8] 독립항 목록 3개 중 2개가 본문 '삭제' / [D10] 패밀리 목록 11행 중 2행이 동일 문헌 중복 노출,[F1] drawing_count 0 (도면의 설명 1원소 보유) [F2] 도면 설명 1원소에 도 4개 뭉침
KR 10-2637047 B1,B1,등록특허공보,등록공고,가상 아이템을 마킹하기 위한 가상 객체의 제어 방법 및 장치와 매체,10,E13,[E13] 패밀리 동일 문헌 1쌍 중복 적재 (EP 3925678 A1 / EP 03925678 A1),9,D1 D3 D7 D2 D5 D6 D12 D8 D10,[D5] 상세설명에 하위섹션+전문 중복 렌더(섹션 59451자 = 전문 61809 + 하위섹션 1893) / [D6] 도면 미반입인데 패널 노출(서지 도면 수 0건 / 패널 캡션 1개 · 이미지 없음) / [D12] 서지 청구항 수 15개 ↔ 청구범위 목록 31개(삭제 16) 불일치 / [D8] 독립항 목록 18개 중 16개가 본문 '삭제' / [D10] 패밀리 목록 11행 중 1행이 동일 문헌 중복 노출,[F1] drawing_count 0 (도면의 설명 1원소 보유) [F2] 도면 설명 1원소에 도 15개 뭉침
KR 10-2637589 B1,B1,등록특허공보,등록공고,"로봇을 이용하여 광고 콘텐츠를 제공하기 위한 방법, 시스템 및 비일시성의 컴퓨터 판독 가능 기록 매체",10,E13,[E13] 패밀리 동일 문헌 1쌍 중복 적재 (EP 4330900 A1 / EP 04330900 A1),9,D1 D3 D7 D2 D5 D6 D12 D8 D10,[D5] 상세설명에 하위섹션+전문 중복 렌더(섹션 24422자 = 전문 23375 + 하위섹션 2956) / [D6] 도면 미반입인데 패널 노출(서지 도면 수 0건 / 패널 캡션 1개 · 이미지 없음) / [D12] 서지 청구항 수 13개 ↔ 청구범위 목록 19개(삭제 6) 불일치 / [D8] 독립항 목록 8개 중 6개가 본문 '삭제' / [D10] 패밀리 목록 6행 중 1행이 동일 문헌 중복 노출,[F1] drawing_count 0 (도면의 설명 1원소 보유) [F2] 도면 설명 1원소에 도 6개 뭉침
KR 10-2637928 B1,B1,등록특허공보,등록공고,"경화성 수지 조성물, 경화막, 적층체, 경화막의 제조 방법, 및, 반도체 디바이스",10,E13,[E13] 패밀리 동일 문헌 1쌍 중복 적재 (JP 7177249 B2 / JP 07177249 B2),9,D1 D3 D7 D2 D5 D12 D8 D8c D10,[D5] 상세설명에 하위섹션+전문 중복 렌더(섹션 96517자 = 전문 108124 + 하위섹션 4386) / [D12] 서지 청구항 수 19개 ↔ 청구범위 목록 21개(삭제 2) 불일치 / [D8] 독립항 목록 21개 중 2개가 본문 '삭제' / [D8c] 종속항 0 · 삭제항 2 → 독립/전체 토글 결과 동일(21개) / [D10] 패밀리 목록 4행 중 1행이 동일 문헌 중복 노출,
KR 10-2638125 B1,B1,등록특허공보,등록공고,네트워크 온 칩에서의 종단간 서비스 품질,10,E13,[E13] 패밀리 동일 문헌 1쌍 중복 적재 (EP 3747170 B1 / EP 03747170 B1),9,D1 D3 D7 D2 D5 D6 D12 D8 D10,[D5] 상세설명에 하위섹션+전문 중복 렌더(섹션 20271자 = 전문 20217 + 하위섹션 1392) / [D6] 도면 미반입인데 패널 노출(서지 도면 수 0건 / 패널 캡션 1개 · 이미지 없음) / [D12] 서지 청구항 수 10개 ↔ 청구범위 목록 13개(삭제 3) 불일치 / [D8] 독립항 목록 5개 중 3개가 본문 '삭제' / [D10] 패밀리 목록 8행 중 1행이 동일 문헌 중복 노출,[F1] drawing_count 0 (도면의 설명 1원소 보유) [F2] 도면 설명 1원소에 도 10개 뭉침
KR 10-2638189 B1,B1,등록특허공보,등록공고,열공급장치,10,E13,[E13] 패밀리 동일 문헌 1쌍 중복 적재 (EP 4124801 A1 / EP 04124801 A1),9,D1 D3 D7 D2 D5 D6 D12 D8 D10,[D5] 상세설명에 하위섹션+전문 중복 렌더(섹션 14812자 = 전문 11846 + 하위섹션 5071) / [D6] 도면 미반입인데 패널 노출(서지 도면 수 0건 / 패널 캡션 1개 · 이미지 없음) / [D12] 서지 청구항 수 9개 ↔ 청구범위 목록 14개(삭제 5) 불일치 / [D8] 독립항 목록 6개 중 5개가 본문 '삭제' / [D10] 패밀리 목록 2행 중 1행이 동일 문헌 중복 노출,[F1] drawing_count 0 (도면의 설명 1원소 보유) [F2] 도면 설명 1원소에 도 6개 뭉침
KR 10-2639059 B1,B1,등록특허공보,등록공고,이색 필터들을 사용하는 도파관들에서의 컬러 분리,10,E13,[E13] 패밀리 동일 문헌 3쌍 중복 적재 (EP 3559731 A1 / EP 03559731 A1 / JP 7039598 B2 / EP 3893041 A1),9,D1 D3 D7 D2 D5 D6 D12 D8 D10,[D5] 상세설명에 하위섹션+전문 중복 렌더(섹션 28321자 = 전문 28237 + 하위섹션 1489) / [D6] 도면 미반입인데 패널 노출(서지 도면 수 0건 / 패널 캡션 1개 · 이미지 없음) / [D12] 서지 청구항 수 9개 ↔ 청구범위 목록 27개(삭제 18) 불일치 / [D8] 독립항 목록 19개 중 18개가 본문 '삭제' / [D10] 패밀리 목록 23행 중 3행이 동일 문헌 중복 노출,[F1] drawing_count 0 (도면의 설명 1원소 보유) [F2] 도면 설명 1원소에 도 16개 뭉침
KR 10-2648725 B1,B1,등록특허공보,등록공고,지혈 클립 전개,10,E13,[E13] 패밀리 동일 문헌 2쌍 중복 적재 (JP 7230229 B2 / EP 3975879 A1 / EP 03975879 A1 / JP 07230229 B2),9,D1 D3 D7 D2 D5 D6 D12 D8 D10,[D5] 상세설명에 하위섹션+전문 중복 렌더(섹션 19204자 = 전문 19440 + 하위섹션 814) / [D6] 도면 미반입인데 패널 노출(서지 도면 수 0건 / 패널 캡션 1개 · 이미지 없음) / [D12] 서지 청구항 수 10개 ↔ 청구범위 목록 15개(삭제 5) 불일치 / [D8] 독립항 목록 6개 중 5개가 본문 '삭제' / [D10] 패밀리 목록 12행 중 2행이 동일 문헌 중복 노출,[F1] drawing_count 0 (도면의 설명 1원소 보유) [F2] 도면 설명 1원소에 도 11개 뭉침
KR 10-2649083 B1,B1,등록특허공보,등록공고,"검사 장치용 지그, 검사 장치, 검사 세트 및 이를 이용하는 대상물 검사 방법",10,E13,[E13] 패밀리 동일 문헌 2쌍 중복 적재 (JP 7246497 B2 / EP 3916340 A1 / EP 03916340 A1 / JP 07246497 B2),9,D1 D3 D7 D2 D5 D6 D12 D8 D10,[D5] 상세설명에 하위섹션+전문 중복 렌더(섹션 38924자 = 전문 37309 + 하위섹션 5572) / [D6] 도면 미반입인데 패널 노출(서지 도면 수 0건 / 패널 캡션 1개 · 이미지 없음) / [D12] 서지 청구항 수 18개 ↔ 청구범위 목록 20개(삭제 2) 불일치 / [D8] 독립항 목록 5개 중 2개가 본문 '삭제' / [D10] 패밀리 목록 17행 중 2행이 동일 문헌 중복 노출,[F1] drawing_count 0 (도면의 설명 1원소 보유) [F2] 도면 설명 1원소에 도 28개 뭉침
KR 10-2649379 B1,B1,등록특허공보,등록공고,고휘도 레이저로 생성된 플라즈마 광원,10,E13,[E13] 패밀리 동일 문헌 2쌍 중복 적재 (JP 3238566 U / EP 3959945 A1 / EP 03959945 A1 / JP 03238566 U),9,D1 D3 D7 D2 D5 D6 D12 D8 D10,[D5] 상세설명에 하위섹션+전문 중복 렌더(섹션 38427자 = 전문 33435 + 하위섹션 10045) / [D6] 도면 미반입인데 패널 노출(서지 도면 수 0건 / 패널 캡션 1개 · 이미지 없음) / [D12] 서지 청구항 수 21개 ↔ 청구범위 목록 33개(삭제 12) 불일치 / [D8] 독립항 목록 13개 중 12개가 본문 '삭제' / [D10] 패밀리 목록 40행 중 2행이 동일 문헌 중복 노출,[F1] drawing_count 0 (도면의 설명 1원소 보유) [F2] 도면 설명 1원소에 도 16개 뭉침
KR 10-2649411 B1,B1,등록특허공보,등록공고,밸브 샤프트 잠금 기구,10,E13,[E13] 패밀리 동일 문헌 1쌍 중복 적재 (EP 3997368 A1 / EP 03997368 A1),9,D1 D3 D7 D2 D5 D6 D12 D8 D10,[D5] 상세설명에 하위섹션+전문 중복 렌더(섹션 10318자 = 전문 7137 + 하위섹션 4095) / [D6] 도면 미반입인데 패널 노출(서지 도면 수 0건 / 패널 캡션 1개 · 이미지 없음) / [D12] 서지 청구항 수 8개 ↔ 청구범위 목록 9개(삭제 1) 불일치 / [D8] 독립항 목록 2개 중 1개가 본문 '삭제' / [D10] 패밀리 목록 18행 중 1행이 동일 문헌 중복 노출,[F1] drawing_count 0 (도면의 설명 1원소 보유) [F2] 도면 설명 1원소에 도 4개 뭉침
KR 10-2649654 B1,B1,등록특허공보,등록공고,"프리프레그, 적층판, 및 그들의 제조 방법, 그리고 프린트 배선판 및 반도체 패키지",10,E13,[E13] 패밀리 동일 문헌 1쌍 중복 적재 (JP 7210847 B2 / JP 07210847 B2),9,D1 D3 D7 D2 D5 D6 D12 D8 D10,[D5] 상세설명에 하위섹션+전문 중복 렌더(섹션 27248자 = 전문 26217 + 하위섹션 5127) / [D6] 도면 미반입인데 패널 노출(서지 도면 수 0건 / 패널 캡션 1개 · 이미지 없음) / [D12] 서지 청구항 수 16개 ↔ 청구범위 목록 17개(삭제 1) 불일치 / [D8] 독립항 목록 4개 중 1개가 본문 '삭제' / [D10] 패밀리 목록 21행 중 1행이 동일 문헌 중복 노출,[F1] drawing_count 0 (도면의 설명 1원소 보유) [F2] 도면 설명 1원소에 도 8개 뭉침
KR 10-2649937 B1,B1,등록특허공보,등록공고,아크릴 중합체를 포함하는 조성물 및 그 제조 공정,10,E13,[E13] 패밀리 동일 문헌 1쌍 중복 적재 (JP 7416699 B2 / JP 07416699 B2),9,D1 D3 D7 D2 D5 D6 D12 D8 D10,[D5] 상세설명에 하위섹션+전문 중복 렌더(섹션 42299자 = 전문 47348 + 하위섹션 1383) / [D6] 도면 미반입인데 패널 노출(서지 도면 수 0건 / 패널 캡션 1개 · 이미지 없음) / [D12] 서지 청구항 수 17개 ↔ 청구범위 목록 31개(삭제 14) 불일치 / [D8] 독립항 목록 16개 중 14개가 본문 '삭제' / [D10] 패밀리 목록 17행 중 1행이 동일 문헌 중복 노출,[F1] drawing_count 0 (도면의 설명 1원소 보유) [F2] 도면 설명 1원소에 도 9개 뭉침
KR 10-2649955 B1,B1,등록특허공보,등록공고,"패널, 특히 바닥 패널 또는 벽 패널",10,E13,[E13] 패밀리 동일 문헌 1쌍 중복 적재 (EP 4105408 B8 / EP 04105408 B8),9,D1 D3 D7 D2 D5 D6 D12 D8 D10,[D5] 상세설명에 하위섹션+전문 중복 렌더(섹션 55649자 = 전문 32628 + 하위섹션 27812) / [D6] 도면 미반입인데 패널 노출(서지 도면 수 0건 / 패널 캡션 1개 · 이미지 없음) / [D12] 서지 청구항 수 15개 ↔ 청구범위 목록 17개(삭제 2) 불일치 / [D8] 독립항 목록 3개 중 2개가 본문 '삭제' / [D10] 패밀리 목록 24행 중 1행이 동일 문헌 중복 노출,[F1] drawing_count 0 (도면의 설명 1원소 보유) [F2] 도면 설명 1원소에 도 9개 뭉침
KR 10-2650066 B1,B1,등록특허공보,등록공고,"증착 마스크를 제조하기 위한 금속판 및 금속판의 제조 방법, 그리고 증착 마스크, 증착 마스크의 제조 방법 ",10,E13,[E13] 패밀리 동일 문헌 4쌍 중복 적재 (EP 3712294 A1 / EP 03712294 A1 / EP 3712295 A1 / EP 03712295 A1),9,D1 D3 D7 D2 D5 D6 D12 D8 D10,[D5] 상세설명에 하위섹션+전문 중복 렌더(섹션 61529자 = 전문 60495 + 하위섹션 6731) / [D6] 도면 미반입인데 패널 노출(서지 도면 수 0건 / 패널 캡션 1개 · 이미지 없음) / [D12] 서지 청구항 수 9개 ↔ 청구범위 목록 18개(삭제 9) 불일치 / [D8] 독립항 목록 12개 중 9개가 본문 '삭제' / [D10] 패밀리 목록 78행 중 4행이 동일 문헌 중복 노출,[F1] drawing_count 0 (도면의 설명 1원소 보유) [F2] 도면 설명 1원소에 도 38개 뭉침
KR 10-2650076 B1,B1,등록특허공보,등록공고,약물 전달 조성물 및 그의 용도,10,E13,[E13] 패밀리 동일 문헌 1쌍 중복 적재 (EP 3922279 A1 / EP 03922279 A1),9,D1 D3 D7 D2 D5 D6 D12 D8 D10,[D5] 상세설명에 하위섹션+전문 중복 렌더(섹션 204544자 = 전문 192521 + 하위섹션 28576) / [D6] 도면 미반입인데 패널 노출(서지 도면 수 0건 / 패널 캡션 1개 · 이미지 없음) / [D12] 서지 청구항 수 28개 ↔ 청구범위 목록 32개(삭제 4) 불일치 / [D8] 독립항 목록 5개 중 4개가 본문 '삭제' / [D10] 패밀리 목록 21행 중 1행이 동일 문헌 중복 노출,[F1] drawing_count 0 (도면의 설명 1원소 보유) [F2] 도면 설명 1원소에 도 228개 뭉침
KR 10-2650093 B1,B1,등록특허공보,등록공고,제빙기,10,E13,[E13] 패밀리 동일 문헌 1쌍 중복 적재 (JP 7224452 B2 / JP 07224452 B2),9,D1 D3 D7 D2 D5 D6 D12 D8 D10,[D5] 상세설명에 하위섹션+전문 중복 렌더(섹션 22114자 = 전문 19833 + 하위섹션 5188) / [D6] 도면 미반입인데 패널 노출(서지 도면 수 0건 / 패널 캡션 1개 · 이미지 없음) / [D12] 서지 청구항 수 7개 ↔ 청구범위 목록 8개(삭제 1) 불일치 / [D8] 독립항 목록 2개 중 1개가 본문 '삭제' / [D10] 패밀리 목록 8행 중 1행이 동일 문헌 중복 노출,[F1] drawing_count 0 (도면의 설명 1원소 보유) [F2] 도면 설명 1원소에 도 7개 뭉침
KR 10-2650215 B1,B1,등록특허공보,등록공고,영상 처리 방법 및 장치,10,E13,[E13] 패밀리 동일 문헌 1쌍 중복 적재 (EP 3312701 A1 / EP 03312701 A1),9,D1 D3 D7 D2 D5 D6 D12 D8 D10,[D5] 상세설명에 하위섹션+전문 중복 렌더(섹션 17522자 = 전문 17451 + 하위섹션 1680) / [D6] 도면 미반입인데 패널 노출(서지 도면 수 0건 / 패널 캡션 1개 · 이미지 없음) / [D12] 서지 청구항 수 16개 ↔ 청구범위 목록 20개(삭제 4) 불일치 / [D8] 독립항 목록 6개 중 4개가 본문 '삭제' / [D10] 패밀리 목록 6행 중 1행이 동일 문헌 중복 노출,[F1] drawing_count 0 (도면의 설명 1원소 보유) [F2] 도면 설명 1원소에 도 10개 뭉침
KR 10-2650251 B1,B1,등록특허공보,등록공고,임베딩된 제어 시그널링을 갖는 서브프레임 구조,10,E13,[E13] 패밀리 동일 문헌 1쌍 중복 적재 (EP 3783990 A1 / EP 03783990 A1),9,D1 D3 D7 D2 D5 D6 D12 D8 D10,[D5] 상세설명에 하위섹션+전문 중복 렌더(섹션 47356자 = 전문 47105 + 하위섹션 3818) / [D6] 도면 미반입인데 패널 노출(서지 도면 수 0건 / 패널 캡션 1개 · 이미지 없음) / [D12] 서지 청구항 수 14개 ↔ 청구범위 목록 30개(삭제 16) 불일치 / [D8] 독립항 목록 18개 중 16개가 본문 '삭제' / [D10] 패밀리 목록 25행 중 1행이 동일 문헌 중복 노출,[F1] drawing_count 0 (도면의 설명 1원소 보유) [F2] 도면 설명 1원소에 도 9개 뭉침
KR 10-2650443 B1,B1,등록특허공보,등록공고,완전 파형 다중-펄스 광학 레인지 파인더 기기,10,E13,[E13] 패밀리 동일 문헌 1쌍 중복 적재 (EP 3692391 A1 / EP 03692391 A1),9,D1 D3 D7 D2 D5 D6 D12 D8 D10,[D5] 상세설명에 하위섹션+전문 중복 렌더(섹션 45230자 = 전문 42852 + 하위섹션 6925) / [D6] 도면 미반입인데 패널 노출(서지 도면 수 0건 / 패널 캡션 1개 · 이미지 없음) / [D12] 서지 청구항 수 6개 ↔ 청구범위 목록 30개(삭제 24) 불일치 / [D8] 독립항 목록 26개 중 24개가 본문 '삭제' / [D10] 패밀리 목록 11행 중 1행이 동일 문헌 중복 노출,[F1] drawing_count 0 (도면의 설명 1원소 보유) [F2] 도면 설명 1원소에 도 40개 뭉침
KR 10-2650488 B1,B1,등록특허공보,등록공고,전자장치와 그의 제어방법,10,E13,[E13] 패밀리 동일 문헌 1쌍 중복 적재 (EP 3828582 A1 / EP 03828582 A1),9,D1 D3 D7 D2 D5 D6 D12 D8 D10,[D5] 상세설명에 하위섹션+전문 중복 렌더(섹션 36297자 = 전문 36823 + 하위섹션 4007) / [D6] 도면 미반입인데 패널 노출(서지 도면 수 0건 / 패널 캡션 1개 · 이미지 없음) / [D12] 서지 청구항 수 10개 ↔ 청구범위 목록 20개(삭제 10) 불일치 / [D8] 독립항 목록 12개 중 10개가 본문 '삭제' / [D10] 패밀리 목록 5행 중 1행이 동일 문헌 중복 노출,[F1] drawing_count 0 (도면의 설명 1원소 보유) [F2] 도면 설명 1원소에 도 39개 뭉침
KR 10-2650600 B1,B1,등록특허공보,등록공고,조직 확장을 용이하게 하는 음경 및 기타 임플란트,10,E13,[E13] 패밀리 동일 문헌 1쌍 중복 적재 (EP 3826594 A1 / EP 03826594 A1),9,D1 D3 D7 D2 D5 D6 D12 D8 D10,[D5] 상세설명에 하위섹션+전문 중복 렌더(섹션 25594자 = 전문 24960 + 하위섹션 2679) / [D6] 도면 미반입인데 패널 노출(서지 도면 수 0건 / 패널 캡션 1개 · 이미지 없음) / [D12] 서지 청구항 수 10개 ↔ 청구범위 목록 15개(삭제 5) 불일치 / [D8] 독립항 목록 7개 중 5개가 본문 '삭제' / [D10] 패밀리 목록 15행 중 1행이 동일 문헌 중복 노출,[F1] drawing_count 0 (도면의 설명 1원소 보유) [F2] 도면 설명 1원소에 도 26개 뭉침
KR 10-2650796 B1,B1,등록특허공보,등록공고,전기 가열식 흡연 시스템용의 분할형 기류 시스템 및 전기 가열식 흡연 시스템 내부 기류를 안내하기 위한 방법,10,E13,[E13] 패밀리 동일 문헌 3쌍 중복 적재 (JP 6779878 B2 / JP 6637979 B2 / JP 6843944 B2 / JP 06779878 B2),9,D1 D3 D7 D2 D5 D6 D12 D8 D10,[D5] 상세설명에 하위섹션+전문 중복 렌더(섹션 31860자 = 전문 32218 + 하위섹션 1685) / [D6] 도면 미반입인데 패널 노출(서지 도면 수 0건 / 패널 캡션 1개 · 이미지 없음) / [D12] 서지 청구항 수 18개 ↔ 청구범위 목록 21개(삭제 3) 불일치 / [D8] 독립항 목록 6개 중 3개가 본문 '삭제' / [D10] 패밀리 목록 49행 중 3행이 동일 문헌 중복 노출,[F1] drawing_count 0 (도면의 설명 1원소 보유) [F2] 도면 설명 1원소에 도 17개 뭉침
KR 10-2650973 B1,B1,등록특허공보,등록공고,그래핀 구조체를 형성하는 방법 및 장치,10,E13,[E13] 패밀리 동일 문헌 1쌍 중복 적재 (JP 7178935 B2 / JP 07178935 B2),9,D1 D3 D7 D2 D5 D6 D12 D8 D10,[D5] 상세설명에 하위섹션+전문 중복 렌더(섹션 30035자 = 전문 32026 + 하위섹션 2069) / [D6] 도면 미반입인데 패널 노출(서지 도면 수 0건 / 패널 캡션 1개 · 이미지 없음) / [D12] 서지 청구항 수 13개 ↔ 청구범위 목록 14개(삭제 1) 불일치 / [D8] 독립항 목록 3개 중 1개가 본문 '삭제' / [D10] 패밀리 목록 5행 중 1행이 동일 문헌 중복 노출,[F1] drawing_count 0 (도면의 설명 1원소 보유) [F2] 도면 설명 1원소에 도 20개 뭉침
KR 10-2650978 B1,B1,등록특허공보,등록공고,다중 사용자 센서 기반 상호작용들,10,E13,[E13] 패밀리 동일 문헌 1쌍 중복 적재 (EP 3234740 A1 / EP 03234740 A1),9,D1 D3 D7 D2 D5 D6 D12 D8 D10,[D5] 상세설명에 하위섹션+전문 중복 렌더(섹션 33145자 = 전문 34052 + 하위섹션 1479) / [D6] 도면 미반입인데 패널 노출(서지 도면 수 0건 / 패널 캡션 1개 · 이미지 없음) / [D12] 서지 청구항 수 21개 ↔ 청구범위 목록 25개(삭제 4) 불일치 / [D8] 독립항 목록 8개 중 4개가 본문 '삭제' / [D10] 패밀리 목록 9행 중 1행이 동일 문헌 중복 노출,[F1] drawing_count 0 (도면의 설명 1원소 보유) [F2] 도면 설명 1원소에 도 7개 뭉침
KR 10-2663196 B1,B1,등록특허공보,등록공고,"사용자 단말장치, 서버, 사용자 단말장치의 제어방법 및 서버의 제어방법",10,E4,[E4] claim_count(20) ≠ 삭제 제외 실질 항 수(28) · claims 32 · 삭제 4,9,D1 D3 D7 D2 D5 D6 D12 D8 D4,[D5] 상세설명에 하위섹션+전문 중복 렌더(섹션 52487자 = 전문 46970 + 하위섹션 6200) / [D6] 도면 미반입인데 패널 노출(서지 도면 수 0건 / 패널 캡션 1개 · 이미지 없음) / [D12] 서지 청구항 수 20개 ↔ 청구범위 목록 32개(삭제 4) 불일치 / [D8] 독립항 목록 7개 중 4개가 본문 '삭제' / [D4] 공개번호(10-2020-0057301)와 표시 일자(2024-05-07) 계열 불일치 · 문헌일 2020-05-26,[F1] drawing_count 0 (도면의 설명 1원소 보유) [F2] 도면 설명 1원소에 도 12개 뭉침
KR 10-2665992 B1,B1,등록특허공보,등록공고,지속적 혈당 모니터링을 제공하는 장치 및 방법,10,E4,[E4] claim_count(10) ≠ 삭제 제외 실질 항 수(18) · claims 20 · 삭제 2,9,D1 D3 D7 D2 D5 D6 D12 D8 D4,[D5] 상세설명에 하위섹션+전문 중복 렌더(섹션 28260자 = 전문 25895 + 하위섹션 2730) / [D6] 도면 미반입인데 패널 노출(서지 도면 수 0건 / 패널 캡션 1개 · 이미지 없음) / [D12] 서지 청구항 수 10개 ↔ 청구범위 목록 20개(삭제 2) 불일치 / [D8] 독립항 목록 4개 중 2개가 본문 '삭제' / [D4] 공개번호(10-2018-0043612)와 표시 일자(2024-05-20) 계열 불일치 · 문헌일 2018-04-30,[F1] drawing_count 0 (도면의 설명 1원소 보유) [F2] 도면 설명 1원소에 도 15개 뭉침
KR 10-2666137 B1,B1,등록특허공보,등록공고,공기조화기,10,E4,[E4] claim_count(10) ≠ 삭제 제외 실질 항 수(14) · claims 18 · 삭제 4,9,D1 D3 D7 D2 D5 D6 D12 D8 D4,[D5] 상세설명에 하위섹션+전문 중복 렌더(섹션 27208자 = 전문 23892 + 하위섹션 3845) / [D6] 도면 미반입인데 패널 노출(서지 도면 수 0건 / 패널 캡션 1개 · 이미지 없음) / [D12] 서지 청구항 수 10개 ↔ 청구범위 목록 18개(삭제 4) 불일치 / [D8] 독립항 목록 6개 중 4개가 본문 '삭제' / [D4] 공개번호(10-2023-0159331)와 표시 일자(2024-05-17) 계열 불일치 · 문헌일 2023-11-21,[F1] drawing_count 0 (도면의 설명 1원소 보유) [F2] 도면 설명 1원소에 도 10개 뭉침
KR 10-2688842 B1,B1,등록특허공보,등록공고,신규한 메틴 염료,10,E13,[E13] 패밀리 동일 문헌 1쌍 중복 적재 (EP 3470470 A1 / EP 03470470 A1),9,D1 D3 D7 D2 D5 D12 D8 D4 D10,[D5] 상세설명에 하위섹션+전문 중복 렌더(섹션 25584자 = 전문 21496 + 하위섹션 4939) / [D12] 서지 청구항 수 12개 ↔ 청구범위 목록 15개(삭제 3) 불일치 / [D8] 독립항 목록 4개 중 3개가 본문 '삭제' / [D4] 공개번호(10-2019-0041944)와 표시 일자(2024-07-29) 계열 불일치 · 문헌일 2019-04-23 / [D10] 패밀리 목록 14행 중 1행이 동일 문헌 중복 노출,
KR 10-2689504 B1,B1,등록특허공보,등록공고,플렉서블 디스플레이를 포함하는 전자 장치 및 그 동작 방법,10,E4,[E4] claim_count(10) ≠ 삭제 제외 실질 항 수(19) · claims 20 · 삭제 1,9,D1 D3 D7 D2 D5 D6 D12 D8 D4,[D5] 상세설명에 하위섹션+전문 중복 렌더(섹션 72748자 = 전문 70074 + 하위섹션 3204) / [D6] 도면 미반입인데 패널 노출(서지 도면 수 0건 / 패널 캡션 1개 · 이미지 없음) / [D12] 서지 청구항 수 10개 ↔ 청구범위 목록 20개(삭제 1) 불일치 / [D8] 독립항 목록 3개 중 1개가 본문 '삭제' / [D4] 공개번호(10-2020-0064573)와 표시 일자(2024-07-29) 계열 불일치 · 문헌일 2020-06-08,[F1] drawing_count 0 (도면의 설명 1원소 보유) [F2] 도면 설명 1원소에 도 37개 뭉침
KR 10-2704754 B1,B1,등록특허공보,등록공고,전기차 생애주기 주행 가능거리 예측 방법,10,E4,[E4] claim_count(10) ≠ 삭제 제외 실질 항 수(11) · claims 15 · 삭제 4,9,D1 D3 D7 D2 D5 D6 D12 D8 D4,[D5] 상세설명에 하위섹션+전문 중복 렌더(섹션 14625자 = 전문 10726 + 하위섹션 4153) / [D6] 도면 미반입인데 패널 노출(서지 도면 수 0건 / 패널 캡션 1개 · 이미지 없음) / [D12] 서지 청구항 수 10개 ↔ 청구범위 목록 15개(삭제 4) 불일치 / [D8] 독립항 목록 6개 중 4개가 본문 '삭제' / [D4] 공개번호(10-2024-0102347)와 표시 일자(2024-09-11) 계열 불일치 · 문헌일 2024-07-03,[F1] drawing_count 0 (도면의 설명 1원소 보유) [F2] 도면 설명 1원소에 도 4개 뭉침
KR 10-2716761 B1,B1,등록특허공보,등록공고,우드형 골프 클럽 헤드,10,E9,[E9] 하위섹션 '발명의 효과'(effect_of_invention) 비었는데 전문에 표제 존재,9,D1 D3 D7 D2 D5 D6 D12 D8 D4,[D5] 상세설명에 하위섹션+전문 중복 렌더(섹션 13224자 = 전문 11209 + 하위섹션 2165) / [D6] 도면 미반입인데 패널 노출(서지 도면 수 0건 / 패널 캡션 1개 · 이미지 없음) / [D12] 서지 청구항 수 5개 ↔ 청구범위 목록 7개(삭제 2) 불일치 / [D8] 독립항 목록 3개 중 2개가 본문 '삭제' / [D4] 공개번호(10-2023-0051071)와 표시 일자(2024-10-15) 계열 불일치 · 문헌일 2023-04-17,[F1] drawing_count 0 (도면의 설명 1원소 보유) [F2] 도면 설명 1원소에 도 9개 뭉침
KR 10-2733017 B1,B1,등록특허공보,등록공고,이미지 처리 방법 및 이를 지원하는 전자 장치,10,E4,[E4] claim_count(10) ≠ 삭제 제외 실질 항 수(15) · claims 20 · 삭제 5,9,D1 D3 D7 D2 D5 D6 D12 D8 D4,[D5] 상세설명에 하위섹션+전문 중복 렌더(섹션 40001자 = 전문 37737 + 하위섹션 2545) / [D6] 도면 미반입인데 패널 노출(서지 도면 수 0건 / 패널 캡션 1개 · 이미지 없음) / [D12] 서지 청구항 수 10개 ↔ 청구범위 목록 20개(삭제 5) 불일치 / [D8] 독립항 목록 7개 중 5개가 본문 '삭제' / [D4] 공개번호(10-2020-0092165)와 표시 일자(2024-11-21) 계열 불일치 · 문헌일 2020-08-03,[F1] drawing_count 0 (도면의 설명 1원소 보유) [F2] 도면 설명 1원소에 도 9개 뭉침
KR 20-0497867 Y1,Y1,등록실용신안공보,등록공고,카트리지가 교체 가능한 립스틱,10,E13,[E13] 패밀리 동일 문헌 1쌍 중복 적재 (JP 3239523 U / JP 03239523 U),9,D1 D3 D7 D2 D5 D6 D12 D8 D10,[D5] 상세설명에 하위섹션+전문 중복 렌더(섹션 15289자 = 전문 11732 + 하위섹션 4867) / [D6] 도면 미반입인데 패널 노출(서지 도면 수 0건 / 패널 캡션 1개 · 이미지 없음) / [D12] 서지 청구항 수 5개 ↔ 청구범위 목록 6개(삭제 1) 불일치 / [D8] 독립항 목록 2개 중 1개가 본문 '삭제' / [D10] 패밀리 목록 8행 중 1행이 동일 문헌 중복 노출,[F1] drawing_count 0 (도면의 설명 1원소 보유) [F2] 도면 설명 1원소에 도 19개 뭉침
KR 20-0497874 Y1,Y1,등록실용신안공보,등록공고,꼬임방지 기능을 갖는 무속용 오방기,10,E10,[E10] 공개번호(20-2023-0000689)는 있는데 문헌일(공개일) 없음,9,D1 D3 D7 D2 D5 D6 D12 D8 D4,[D5] 상세설명에 하위섹션+전문 중복 렌더(섹션 11910자 = 전문 9869 + 하위섹션 3556) / [D6] 도면 미반입인데 패널 노출(서지 도면 수 0건 / 패널 캡션 1개 · 이미지 없음) / [D12] 서지 청구항 수 2개 ↔ 청구범위 목록 3개(삭제 1) 불일치 / [D8] 독립항 목록 2개 중 1개가 본문 '삭제' / [D4] 공개번호(20-2023-0000689)와 표시 일자(2023-04-05) 계열 불일치 · 문헌일 None,[F1] drawing_count 0 (도면의 설명 1원소 보유) [F2] 도면 설명 1원소에 도 4개 뭉침
KR 20-0497883 Y1,Y1,등록실용신안공보,등록공고,납땜 인두기,10,E10,[E10] 공개번호(20-2021-0000256)는 있는데 문헌일(공개일) 없음,9,D1 D3 D7 D2 D5 D6 D12 D8 D4,[D5] 상세설명에 하위섹션+전문 중복 렌더(섹션 11247자 = 전문 10277 + 하위섹션 2507) / [D6] 도면 미반입인데 패널 노출(서지 도면 수 0건 / 패널 캡션 1개 · 이미지 없음) / [D12] 서지 청구항 수 3개 ↔ 청구범위 목록 5개(삭제 2) 불일치 / [D8] 독립항 목록 3개 중 2개가 본문 '삭제' / [D4] 공개번호(20-2021-0000256)와 표시 일자(2021-02-02) 계열 불일치 · 문헌일 None,[F1] drawing_count 0 (도면의 설명 1원소 보유) [F2] 도면 설명 1원소에 도 3개 뭉침
KR 10-2620137 B1,B1,등록특허공보,등록공고,ＴＳＮ 트래픽 스케줄링에 대한  구현 및 평가 방법,9,E14,[E14] 명칭에 전각 영숫자 — 'ＴＳＮ 트래픽 스케줄링에 대한  구현 및 평가 방법',8,D1 D3 D7 D2 D5 D6 D4 D9,[D5] 상세설명에 하위섹션+전문 중복 렌더(섹션 31430자 = 전문 27583 + 하위섹션 4311) / [D6] 도면 미반입인데 패널 노출(서지 도면 수 0건 / 패널 캡션 1개 · 이미지 없음) / [D4] 공개번호(10-2023-0126008)와 표시 일자(2024-01-02) 계열 불일치 · 문헌일 2023-08-29 / [D9] 서지 권리변동 — 인데 권리변동 이력 1건 존재,[F1] drawing_count 0 (도면의 설명 1원소 보유) [F2] 도면 설명 1원소에 도 11개 뭉침
KR 10-2620443 B1,B1,등록특허공보,등록공고,가스 샘플링 인터페이스 및 가스 샘플링 팁,9,E13,[E13] 패밀리 동일 문헌 1쌍 중복 적재 (EP 3525672 A1 / EP 03525672 A1),8,D1 D3 D7 D2 D5 D6 D4 D10,[D5] 상세설명에 하위섹션+전문 중복 렌더(섹션 94084자 = 전문 73279 + 하위섹션 22476) / [D6] 도면 미반입인데 패널 노출(서지 도면 수 0건 / 패널 캡션 1개 · 이미지 없음) / [D4] 공개번호(10-2023-0008270)와 표시 일자(2024-01-03) 계열 불일치 · 문헌일 2023-01-13 / [D10] 패밀리 목록 17행 중 1행이 동일 문헌 중복 노출,[F1] drawing_count 0 (도면의 설명 1원소 보유) [F2] 도면 설명 1원소에 도 98개 뭉침
KR 10-2620583 B1,B1,등록특허공보,등록공고,플라즈마 처리 장치,9,E13,[E13] 패밀리 동일 문헌 1쌍 중복 적재 (JP 6883488 B2 / JP 06883488 B2),8,D1 D3 D7 D2 D5 D6 D4 D10,[D5] 상세설명에 하위섹션+전문 중복 렌더(섹션 81946자 = 전문 76866 + 하위섹션 5983) / [D6] 도면 미반입인데 패널 노출(서지 도면 수 0건 / 패널 캡션 1개 · 이미지 없음) / [D4] 공개번호(10-2019-0019851)와 표시 일자(2024-01-03) 계열 불일치 · 문헌일 2019-02-27 / [D10] 패밀리 목록 4행 중 1행이 동일 문헌 중복 노출,[F1] drawing_count 0 (도면의 설명 1원소 보유) [F2] 도면 설명 1원소에 도 54개 뭉침
KR 10-2620624 B1,B1,등록특허공보,등록공고,영상 복호화 방법 및 컴퓨터로 읽을 수 있는 기록 매체,9,E13,[E13] 패밀리 동일 문헌 7쌍 중복 적재 (US 09596466 B2 / US 9596466 B2 / JP 5969041 B2 / JP 6203898 B2),8,D1 D3 D7 D2 D5 D6 D4 D10,[D5] 상세설명에 하위섹션+전문 중복 렌더(섹션 40581자 = 전문 38732 + 하위섹션 2318) / [D6] 도면 미반입인데 패널 노출(서지 도면 수 0건 / 패널 캡션 1개 · 이미지 없음) / [D4] 공개번호(10-2023-0113251)와 표시 일자(2024-01-03) 계열 불일치 · 문헌일 2023-07-28 / [D10] 패밀리 목록 143행 중 7행이 동일 문헌 중복 노출,[F1] drawing_count 0 (도면의 설명 1원소 보유) [F2] 도면 설명 1원소에 도 16개 뭉침
KR 10-2620733 B1,B1,등록특허공보,등록공고,에어로졸 발생 장치,9,E13,[E13] 패밀리 동일 문헌 1쌍 중복 적재 (EP 4151256 A1 / EP 04151256 A1),8,D1 D3 D7 D2 D5 D6 D4 D10,[D5] 상세설명에 하위섹션+전문 중복 렌더(섹션 22240자 = 전문 21393 + 하위섹션 982) / [D6] 도면 미반입인데 패널 노출(서지 도면 수 0건 / 패널 캡션 1개 · 이미지 없음) / [D4] 공개번호(10-2023-0038098)와 표시 일자(2024-01-04) 계열 불일치 · 문헌일 2023-03-17 / [D10] 패밀리 목록 7행 중 1행이 동일 문헌 중복 노출,[F1] drawing_count 0 (도면의 설명 1원소 보유) [F2] 도면 설명 1원소에 도 23개 뭉침
KR 10-2621809 B1,B1,등록특허공보,등록공고,저전력 상태에서 디스플레이를 통해 화면을 표시하기 위한 전자 장치 및 그의 동작 방법,9,E4,[E4] claim_count(10) ≠ 삭제 제외 실질 항 수(20) · claims 20 · 삭제 0,8,D1 D3 D7 D2 D5 D6 D12 D4,[D5] 상세설명에 하위섹션+전문 중복 렌더(섹션 55002자 = 전문 51846 + 하위섹션 3593) / [D6] 도면 미반입인데 패널 노출(서지 도면 수 0건 / 패널 캡션 1개 · 이미지 없음) / [D12] 서지 청구항 수 10개 ↔ 청구범위 목록 20개(삭제 0) 불일치 / [D4] 공개번호(10-2020-0050696)와 표시 일자(2024-01-09) 계열 불일치 · 문헌일 2020-05-12,[F1] drawing_count 0 (도면의 설명 1원소 보유) [F2] 도면 설명 1원소에 도 16개 뭉침
KR 10-2621857 B1,B1,등록특허공보,등록공고,모터 조립체,9,E13,[E13] 패밀리 동일 문헌 1쌍 중복 적재 (EP 4194697 A1 / EP 04194697 A1),8,D1 D3 D7 D2 D5 D6 D4 D10,[D5] 상세설명에 하위섹션+전문 중복 렌더(섹션 51285자 = 전문 40060 + 하위섹션 12703) / [D6] 도면 미반입인데 패널 노출(서지 도면 수 0건 / 패널 캡션 1개 · 이미지 없음) / [D4] 공개번호(10-2023-0087273)와 표시 일자(2024-01-05) 계열 불일치 · 문헌일 2023-06-16 / [D10] 패밀리 목록 5행 중 1행이 동일 문헌 중복 노출,[F1] drawing_count 0 (도면의 설명 1원소 보유) [F2] 도면 설명 1원소에 도 29개 뭉침
KR 10-2621982 B1,B1,등록특허공보,등록공고,"V2X 통신들을 위한 애플리케이션 서버 및/또는 서비스들의발견을 위한 방법들, 장치 및 컴퓨터 판독가능한 매",9,E13,[E13] 패밀리 동일 문헌 1쌍 중복 적재 (EP 4102865 A1 / EP 04102865 A1),8,D1 D3 D7 D2 D5 D6 D4 D10,[D5] 상세설명에 하위섹션+전문 중복 렌더(섹션 67304자 = 전문 62429 + 하위섹션 5736) / [D6] 도면 미반입인데 패널 노출(서지 도면 수 0건 / 패널 캡션 1개 · 이미지 없음) / [D4] 공개번호(10-2023-0110648)와 표시 일자(2024-01-09) 계열 불일치 · 문헌일 2023-07-24 / [D10] 패밀리 목록 16행 중 1행이 동일 문헌 중복 노출,[F1] drawing_count 0 (도면의 설명 1원소 보유) [F2] 도면 설명 1원소에 도 15개 뭉침
KR 10-2623265 B1,B1,등록특허공보,등록공고,에어로졸 생성 장치,9,E13,[E13] 패밀리 동일 문헌 1쌍 중복 적재 (EP 4307944 A1 / EP 04307944 A1),8,D1 D3 D7 D2 D5 D6 D4 D10,[D5] 상세설명에 하위섹션+전문 중복 렌더(섹션 43050자 = 전문 42412 + 하위섹션 1192) / [D6] 도면 미반입인데 패널 노출(서지 도면 수 0건 / 패널 캡션 1개 · 이미지 없음) / [D4] 공개번호(10-2022-0129873)와 표시 일자(2024-01-09) 계열 불일치 · 문헌일 2022-09-26 / [D10] 패밀리 목록 9행 중 1행이 동일 문헌 중복 노출,[F1] drawing_count 0 (도면의 설명 1원소 보유)
KR 10-2623680 B1,B1,등록특허공보,등록공고,자율 주행을 위한 약도,9,E13,[E13] 패밀리 동일 문헌 10쌍 중복 적재 (EP 3734504 A1 / EP 03734504 A1 / EP 3761226 A1 / EP 03761226 A1),8,D1 D3 D7 D2 D5 D6 D4 D10,[D5] 상세설명에 하위섹션+전문 중복 렌더(섹션 434447자 = 전문 374774 + 하위섹션 62984) / [D6] 도면 미반입인데 패널 노출(서지 도면 수 0건 / 패널 캡션 1개 · 이미지 없음) / [D4] 공개번호(10-2020-0127218)와 표시 일자(2024-01-12) 계열 불일치 · 문헌일 2020-11-10 / [D10] 패밀리 목록 223행 중 10행이 동일 문헌 중복 노출,[F1] drawing_count 0 (도면의 설명 1원소 보유) [F2] 도면 설명 1원소에 도 122개 뭉침
KR 10-2623923 B1,B1,등록특허공보,등록공고,검사 툴 및 검사 툴의 왜곡을 결정하는 방법,9,E13,[E13] 패밀리 동일 문헌 1쌍 중복 적재 (EP 3503157 A1 / EP 03503157 A1),8,D1 D3 D7 D2 D5 D6 D4 D10,[D5] 상세설명에 하위섹션+전문 중복 렌더(섹션 30473자 = 전문 27669 + 하위섹션 3268) / [D6] 도면 미반입인데 패널 노출(서지 도면 수 0건 / 패널 캡션 1개 · 이미지 없음) / [D4] 공개번호(10-2022-0147713)와 표시 일자(2024-01-11) 계열 불일치 · 문헌일 2022-11-03 / [D10] 패밀리 목록 8행 중 1행이 동일 문헌 중복 노출,[F1] drawing_count 0 (도면의 설명 1원소 보유) [F2] 도면 설명 1원소에 도 11개 뭉침
KR 10-2624069 B1,B1,등록특허공보,등록공고,커넥터의 하우징에 접촉 요소를 부착하기 위한 고정 디바이스,9,E13,[E13] 패밀리 동일 문헌 2쌍 중복 적재 (JP 7348248 B2 / EP 3982490 A1 / EP 03982490 A1 / JP 07348248 B2),8,D1 D3 D7 D2 D5 D6 D4 D10,[D5] 상세설명에 하위섹션+전문 중복 렌더(섹션 15908자 = 전문 10834 + 하위섹션 5427) / [D6] 도면 미반입인데 패널 노출(서지 도면 수 0건 / 패널 캡션 1개 · 이미지 없음) / [D4] 공개번호(10-2022-0047523)와 표시 일자(2024-01-10) 계열 불일치 · 문헌일 2022-04-18 / [D10] 패밀리 목록 8행 중 2행이 동일 문헌 중복 노출,[F1] drawing_count 0 (도면의 설명 1원소 보유) [F2] 도면 설명 1원소에 도 10개 뭉침
KR 10-2624136 B1,B1,등록특허공보,등록공고,끈적임이 없는 고 ＳＰＦ Ｗ／Ｏ 화장료 조성물,9,E14,[E14] 명칭에 전각 영숫자 — '끈적임이 없는 고 ＳＰＦ Ｗ／Ｏ 화장료 조성물',8,D1 D3 D7 D2 D5 D12 D8 D4,[D5] 상세설명에 하위섹션+전문 중복 렌더(섹션 23158자 = 전문 12652 + 하위섹션 10821) / [D12] 서지 청구항 수 7개 ↔ 청구범위 목록 8개(삭제 1) 불일치 / [D8] 독립항 목록 2개 중 1개가 본문 '삭제' / [D4] 공개번호(10-2017-0035345)와 표시 일자(2024-01-12) 계열 불일치 · 문헌일 2017-03-30,
KR 10-2624345 B1,B1,등록특허공보,등록공고,담배 처리 산업의 제품의 생산 트랙의 결정을 위한 방법 및 시스템과 궐련 검사 스테이션,9,E13,[E13] 패밀리 동일 문헌 1쌍 중복 적재 (EP 3387919 A1 / EP 03387919 A1),8,D1 D3 D7 D2 D5 D6 D4 D10,[D5] 상세설명에 하위섹션+전문 중복 렌더(섹션 22622자 = 전문 15571 + 하위섹션 7330) / [D6] 도면 미반입인데 패널 노출(서지 도면 수 0건 / 패널 캡션 1개 · 이미지 없음) / [D4] 공개번호(10-2018-0115230)와 표시 일자(2024-01-11) 계열 불일치 · 문헌일 2018-10-22 / [D10] 패밀리 목록 4행 중 1행이 동일 문헌 중복 노출,[F1] drawing_count 0 (도면의 설명 1원소 보유) [F2] 도면 설명 1원소에 도 6개 뭉침
KR 10-2625665 B1,B1,등록특허공보,등록공고,"촬상 센서가 실장되는 실장 기판, 센서 패키지 및 그 제조 방법",9,E13,[E13] 패밀리 동일 문헌 1쌍 중복 적재 (EP 3787026 B1 / EP 03787026 B1),8,D1 D3 D7 D2 D5 D6 D4 D10,[D5] 상세설명에 하위섹션+전문 중복 렌더(섹션 23879자 = 전문 21686 + 하위섹션 2466) / [D6] 도면 미반입인데 패널 노출(서지 도면 수 0건 / 패널 캡션 1개 · 이미지 없음) / [D4] 공개번호(10-2021-0027140)와 표시 일자(2024-01-16) 계열 불일치 · 문헌일 2021-03-10 / [D10] 패밀리 목록 9행 중 1행이 동일 문헌 중복 노출,[F1] drawing_count 0 (도면의 설명 1원소 보유) [F2] 도면 설명 1원소에 도 31개 뭉침
KR 10-2625768 B1,B1,등록특허공보,등록공고,에어로졸 생성 장치 및 그 제어 방법,9,E13,[E13] 패밀리 동일 문헌 1쌍 중복 적재 (EP 4133958 A1 / EP 04133958 A1),8,D1 D3 D7 D2 D5 D6 D4 D10,[D5] 상세설명에 하위섹션+전문 중복 렌더(섹션 30547자 = 전문 28143 + 하위섹션 2654) / [D6] 도면 미반입인데 패널 노출(서지 도면 수 0건 / 패널 캡션 1개 · 이미지 없음) / [D4] 공개번호(10-2022-0167696)와 표시 일자(2024-01-16) 계열 불일치 · 문헌일 2022-12-21 / [D10] 패밀리 목록 6행 중 1행이 동일 문헌 중복 노출,[F1] drawing_count 0 (도면의 설명 1원소 보유) [F2] 도면 설명 1원소에 도 12개 뭉침
KR 10-2633734 B1,B1,등록특허공보,등록공고,로터 휠 축방향 조립부 검사용 초음파 검사 장치,9,E4,[E4] claim_count(1) ≠ 삭제 제외 실질 항 수(3) · claims 6 · 삭제 3,8,D1 D3 D7 D2 D5 D6 D12 D8,[D5] 상세설명에 하위섹션+전문 중복 렌더(섹션 15597자 = 전문 13581 + 하위섹션 3783) / [D6] 도면 미반입인데 패널 노출(서지 도면 수 0건 / 패널 캡션 1개 · 이미지 없음) / [D12] 서지 청구항 수 1개 ↔ 청구범위 목록 6개(삭제 3) 불일치 / [D8] 독립항 목록 4개 중 3개가 본문 '삭제',[F1] drawing_count 0 (도면의 설명 1원소 보유) [F2] 도면 설명 1원소에 도 10개 뭉침
KR 10-2634840 B1,B1,등록특허공보,등록공고,전자 장치,9,E4,[E4] claim_count(3) ≠ 삭제 제외 실질 항 수(14) · claims 19 · 삭제 5,8,D1 D3 D7 D2 D5 D6 D12 D8,[D5] 상세설명에 하위섹션+전문 중복 렌더(섹션 30137자 = 전문 29784 + 하위섹션 2293) / [D6] 도면 미반입인데 패널 노출(서지 도면 수 0건 / 패널 캡션 1개 · 이미지 없음) / [D12] 서지 청구항 수 3개 ↔ 청구범위 목록 19개(삭제 5) 불일치 / [D8] 독립항 목록 8개 중 5개가 본문 '삭제',[F1] drawing_count 0 (도면의 설명 1원소 보유) [F2] 도면 설명 1원소에 도 12개 뭉침
KR 10-2637398 B1,B1,등록특허공보,등록공고,"반결정성 폴리올레핀 및 설포닐-아지드를 포함하는 조성물, 생성된 발포체 및 이의 제조 방법",9,E13,[E13] 패밀리 동일 문헌 1쌍 중복 적재 (EP 3250637 A1 / EP 03250637 A1),8,D1 D3 D7 D2 D5 D12 D8 D10,[D5] 상세설명에 하위섹션+전문 중복 렌더(섹션 26948자 = 전문 28489 + 하위섹션 853) / [D12] 서지 청구항 수 22개 ↔ 청구범위 목록 26개(삭제 4) 불일치 / [D8] 독립항 목록 7개 중 4개가 본문 '삭제' / [D10] 패밀리 목록 24행 중 1행이 동일 문헌 중복 노출,
KR 10-2639295 B1,B1,등록특허공보,등록공고,투명 폴리머 필름 및 이를 포함하는 전자 소자,9,E13,[E13] 패밀리 동일 문헌 2쌍 중복 적재 (EP 3176219 B1 / EP 03176219 B1 / JP 6894216 B2 / JP 06894216 B2),8,D1 D3 D7 D2 D6 D12 D8 D10,[D6] 도면 미반입인데 패널 노출(서지 도면 수 0건 / 패널 캡션 1개 · 이미지 없음) / [D12] 서지 청구항 수 19개 ↔ 청구범위 목록 22개(삭제 3) 불일치 / [D8] 독립항 목록 5개 중 3개가 본문 '삭제' / [D10] 패밀리 목록 7행 중 2행이 동일 문헌 중복 노출,[F1] drawing_count 0 (도면의 설명 1원소 보유) [F2] 도면 설명 1원소에 도 7개 뭉침
KR 10-2640186 B1,B1,등록특허공보,등록공고,그라운드 부재 및 차폐 프린트 배선판,9,E13,[E13] 패밀리 동일 문헌 1쌍 중복 적재 (JP 7282802 B2 / JP 07282802 B2),8,D1 D3 D7 D2 D6 D12 D8 D10,[D6] 도면 미반입인데 패널 노출(서지 도면 수 0건 / 패널 캡션 1개 · 이미지 없음) / [D12] 서지 청구항 수 15개 ↔ 청구범위 목록 17개(삭제 2) 불일치 / [D8] 독립항 목록 3개 중 2개가 본문 '삭제' / [D10] 패밀리 목록 7행 중 1행이 동일 문헌 중복 노출,[F1] drawing_count 0 (도면의 설명 1원소 보유) [F2] 도면 설명 1원소에 도 48개 뭉침
KR 10-2649609 B1,B1,등록특허공보,등록공고,헵타플루오로이소부티로니트릴 및 테트라플루오로메탄을 포함하는 가스 절연 중간전압 또는 고전압 전기 장치,9,E13,[E13] 패밀리 동일 문헌 1쌍 중복 적재 (EP 3257059 A1 / EP 03257059 A1),8,D1 D3 D7 D2 D5 D12 D8 D10,[D5] 상세설명에 하위섹션+전문 중복 렌더(섹션 36644자 = 전문 24734 + 하위섹션 17325) / [D12] 서지 청구항 수 11개 ↔ 청구범위 목록 14개(삭제 3) 불일치 / [D8] 독립항 목록 4개 중 3개가 본문 '삭제' / [D10] 패밀리 목록 12행 중 1행이 동일 문헌 중복 노출,
KR 10-2649621 B1,B1,등록특허공보,등록공고,마그네슘 알루미네이트 스피넬을 제조하는 방법,9,E13,[E13] 패밀리 동일 문헌 1쌍 중복 적재 (EP 3347326 A1 / EP 03347326 A1),8,D1 D3 D7 D2 D5 D12 D8 D10,[D5] 상세설명에 하위섹션+전문 중복 렌더(섹션 12118자 = 전문 10948 + 하위섹션 2419) / [D12] 서지 청구항 수 15개 ↔ 청구범위 목록 16개(삭제 1) 불일치 / [D8] 독립항 목록 2개 중 1개가 본문 '삭제' / [D10] 패밀리 목록 12행 중 1행이 동일 문헌 중복 노출,
KR 10-2649656 B1,B1,등록특허공보,등록공고,연마용 조성물,9,E13,[E13] 패밀리 동일 문헌 1쌍 중복 적재 (EP 3258484 A1 / EP 03258484 A1),8,D1 D3 D7 D2 D5 D12 D8 D10,[D5] 상세설명에 하위섹션+전문 중복 렌더(섹션 13498자 = 전문 14598 + 하위섹션 1230) / [D12] 서지 청구항 수 3개 ↔ 청구범위 목록 5개(삭제 2) 불일치 / [D8] 독립항 목록 3개 중 2개가 본문 '삭제' / [D10] 패밀리 목록 13행 중 1행이 동일 문헌 중복 노출,
KR 10-2649725 B1,B1,등록특허공보,등록공고,ＲＥ100 이행방안 포트폴리오 구성을 위한 최적화 장치 및 방법,9,E14,[E14] 명칭에 전각 영숫자 — 'ＲＥ100 이행방안 포트폴리오 구성을 위한 최적화 장치 및 방법',8,D1 D3 D7 D2 D5 D6 D12 D8,[D5] 상세설명에 하위섹션+전문 중복 렌더(섹션 23109자 = 전문 19355 + 하위섹션 6577) / [D6] 도면 미반입인데 패널 노출(서지 도면 수 0건 / 패널 캡션 1개 · 이미지 없음) / [D12] 서지 청구항 수 12개 ↔ 청구범위 목록 16개(삭제 4) 불일치 / [D8] 독립항 목록 5개 중 4개가 본문 '삭제',[F1] drawing_count 0 (도면의 설명 1원소 보유) [F2] 도면 설명 1원소에 도 10개 뭉침
KR 10-2649843 B1,B1,등록특허공보,등록공고,헥센계 올리고머를 함유하는 윤활제 조성물,9,E13,[E13] 패밀리 동일 문헌 1쌍 중복 적재 (EP 3596190 A1 / EP 03596190 A1),8,D1 D3 D7 D2 D5 D12 D8 D10,[D5] 상세설명에 하위섹션+전문 중복 렌더(섹션 86189자 = 전문 83254 + 하위섹션 7851) / [D12] 서지 청구항 수 16개 ↔ 청구범위 목록 20개(삭제 4) 불일치 / [D8] 독립항 목록 6개 중 4개가 본문 '삭제' / [D10] 패밀리 목록 9행 중 1행이 동일 문헌 중복 노출,
KR 10-2649972 B1,B1,등록특허공보,등록공고,IL15/IL15Rα 이종이량체 Fc-융합 단백질,9,E13,[E13] 패밀리 동일 문헌 3쌍 중복 적재 (EP 3526240 A1 / EP 03526240 A1 / EP 3526241 A1 / EP 03526241 A1),8,D1 D3 D7 D5 D6 D12 D8 D10,[D5] 상세설명에 하위섹션+전문 중복 렌더(섹션 216080자 = 전문 129478 + 하위섹션 102318) / [D6] 도면 미반입인데 패널 노출(서지 도면 수 0건 / 패널 캡션 1개 · 이미지 없음) / [D12] 서지 청구항 수 6개 ↔ 청구범위 목록 81개(삭제 75) 불일치 / [D8] 독립항 목록 79개 중 75개가 본문 '삭제' / [D10] 패밀리 목록 64행 중 3행이 동일 문헌 중복 노출,[F1] drawing_count 0 (도면의 설명 1원소 보유) [F2] 도면 설명 1원소에 도 249개 뭉침
KR 10-2650118 B1,B1,등록특허공보,등록공고,디아실글리세롤 아실트랜스퍼라제 2 억제제로서 유용한 신규 바이아릴 유도체 및 이의 용도,9,E13,[E13] 패밀리 동일 문헌 1쌍 중복 적재 (EP 4206193 A1 / EP 04206193 A1),8,D1 D3 D7 D2 D5 D12 D8 D10,[D5] 상세설명에 하위섹션+전문 중복 렌더(섹션 72801자 = 전문 68382 + 하위섹션 15236) / [D12] 서지 청구항 수 4개 ↔ 청구범위 목록 5개(삭제 1) 불일치 / [D8] 독립항 목록 2개 중 1개가 본문 '삭제' / [D10] 패밀리 목록 12행 중 1행이 동일 문헌 중복 노출,
KR 10-2650189 B1,B1,등록특허공보,등록공고,전자 장치 및 전자 장치 제어 방법,9,E4,[E4] claim_count(10) ≠ 삭제 제외 실질 항 수(17) · claims 20 · 삭제 3,8,D1 D3 D7 D2 D5 D6 D12 D8,[D5] 상세설명에 하위섹션+전문 중복 렌더(섹션 42764자 = 전문 43258 + 하위섹션 2424) / [D6] 도면 미반입인데 패널 노출(서지 도면 수 0건 / 패널 캡션 1개 · 이미지 없음) / [D12] 서지 청구항 수 10개 ↔ 청구범위 목록 20개(삭제 3) 불일치 / [D8] 독립항 목록 6개 중 3개가 본문 '삭제',[F1] drawing_count 0 (도면의 설명 1원소 보유) [F2] 도면 설명 1원소에 도 11개 뭉침
KR 10-2650619 B1,B1,등록특허공보,등록공고,완제품 자동적재가 가능한 절단장치,9,E4,[E4] claim_count(2) ≠ 삭제 제외 실질 항 수(4) · claims 6 · 삭제 2,8,D1 D3 D7 D2 D5 D6 D12 D8,[D5] 상세설명에 하위섹션+전문 중복 렌더(섹션 15935자 = 전문 14450 + 하위섹션 3413) / [D6] 도면 미반입인데 패널 노출(서지 도면 수 0건 / 패널 캡션 1개 · 이미지 없음) / [D12] 서지 청구항 수 2개 ↔ 청구범위 목록 6개(삭제 2) 불일치 / [D8] 독립항 목록 3개 중 2개가 본문 '삭제',[F1] drawing_count 0 (도면의 설명 1원소 보유) [F2] 도면 설명 1원소에 도 15개 뭉침
KR 10-2652603 B1,B1,등록특허공보,등록공고,양안의 편향을 이용한 급성 대혈관폐색 검사 장치 및 방법,9,E4,[E4] claim_count(10) ≠ 삭제 제외 실질 항 수(12) · claims 12 · 삭제 0,8,D1 D3 D7 D2 D5 D6 D12 D4b,[D5] 상세설명에 하위섹션+전문 중복 렌더(섹션 23787자 = 전문 19029 + 하위섹션 4990) / [D6] 도면 미반입인데 패널 노출(서지 도면 수 0건 / 패널 캡션 1개 · 이미지 없음) / [D12] 서지 청구항 수 10개 ↔ 청구범위 목록 12개(삭제 0) 불일치 / [D4b] 공개/공고번호 — 인데 공개/공고일(2024-03-29)만 표시,[F1] drawing_count 0 (도면의 설명 1원소 보유) [F2] 도면 설명 1원소에 도 7개 뭉침
KR 10-2662871 B1,B1,등록특허공보,등록공고,휠을 가진 운반 장치,9,E13,[E13] 패밀리 동일 문헌 3쌍 중복 적재 (EP 3792145 A1 / EP 03792145 A1 / JP 7411118 B2 / JP 7399318 B2),8,D1 D3 D7 D2 D5 D6 D4 D10,[D5] 상세설명에 하위섹션+전문 중복 렌더(섹션 20630자 = 전문 18718 + 하위섹션 1973) / [D6] 도면 미반입인데 패널 노출(서지 도면 수 0건 / 패널 캡션 1개 · 이미지 없음) / [D4] 공개번호(10-2023-0080383)와 표시 일자(2024-05-07) 계열 불일치 · 문헌일 2023-06-07 / [D10] 패밀리 목록 99행 중 3행이 동일 문헌 중복 노출,[F1] drawing_count 0 (도면의 설명 1원소 보유) [F2] 도면 설명 1원소에 도 14개 뭉침
KR 10-2664889 B1,B1,등록특허공보,등록공고,유기 발광 소자,9,E13,[E13] 패밀리 동일 문헌 1쌍 중복 적재 (EP 4243100 A1 / EP 04243100 A1),8,D1 D3 D7 D2 D5 D6 D4 D10,[D5] 상세설명에 하위섹션+전문 중복 렌더(섹션 108528자 = 전문 113922 + 하위섹션 1831) / [D6] 도면 미반입인데 패널 노출(서지 도면 수 0건 / 패널 캡션 1개 · 이미지 없음) / [D4] 공개번호(10-2022-0118352)와 표시 일자(2024-05-09) 계열 불일치 · 문헌일 2022-08-25 / [D10] 패밀리 목록 8행 중 1행이 동일 문헌 중복 노출,[F1] drawing_count 0 (도면의 설명 1원소 보유)
KR 10-2665178 B1,B1,등록특허공보,등록공고,표시 장치 및 그의 제조 방법,9,E13,[E13] 패밀리 동일 문헌 1쌍 중복 적재 (EP 3300062 A2 / EP 03300062 A2),8,D1 D3 D7 D2 D5 D6 D4 D10,[D5] 상세설명에 하위섹션+전문 중복 렌더(섹션 59598자 = 전문 54319 + 하위섹션 5809) / [D6] 도면 미반입인데 패널 노출(서지 도면 수 0건 / 패널 캡션 1개 · 이미지 없음) / [D4] 공개번호(10-2018-0032260)와 표시 일자(2024-05-14) 계열 불일치 · 문헌일 2018-03-30 / [D10] 패밀리 목록 8행 중 1행이 동일 문헌 중복 노출,[F1] drawing_count 0 (도면의 설명 1원소 보유) [F2] 도면 설명 1원소에 도 39개 뭉침
KR 10-2665657 B1,B1,등록특허공보,등록공고,자원 할당 정보의 전송 장치 및 전송 방법,9,E13,[E13] 패밀리 동일 문헌 3쌍 중복 적재 (JP 6628112 B2 / JP 6956356 B2 / EP 4333332 A3 / EP 04333332 A3),8,D1 D3 D7 D2 D5 D6 D4 D10,[D5] 상세설명에 하위섹션+전문 중복 렌더(섹션 43138자 = 전문 38736 + 하위섹션 5050) / [D6] 도면 미반입인데 패널 노출(서지 도면 수 0건 / 패널 캡션 1개 · 이미지 없음) / [D4] 공개번호(10-2023-0169428)와 표시 일자(2024-05-13) 계열 불일치 · 문헌일 2023-12-15 / [D10] 패밀리 목록 34행 중 3행이 동일 문헌 중복 노출,[F1] drawing_count 0 (도면의 설명 1원소 보유) [F2] 도면 설명 1원소에 도 32개 뭉침
KR 10-2666155 B1,B1,등록특허공보,등록공고,"복합 음극 활물질, 이의 제조방법, 및 이를 포함하는 음극",9,E13,[E13] 패밀리 동일 문헌 1쌍 중복 적재 (EP 4009400 B1 / EP 04009400 B1),8,D1 D3 D7 D2 D5 D6 D4 D10,[D5] 상세설명에 하위섹션+전문 중복 렌더(섹션 40455자 = 전문 37874 + 하위섹션 3140) / [D6] 도면 미반입인데 패널 노출(서지 도면 수 0건 / 패널 캡션 1개 · 이미지 없음) / [D4] 공개번호(10-2021-0038364)와 표시 일자(2024-05-16) 계열 불일치 · 문헌일 2021-04-07 / [D10] 패밀리 목록 8행 중 1행이 동일 문헌 중복 노출,[F1] drawing_count 0 (도면의 설명 1원소 보유) [F2] 도면 설명 1원소에 도 3개 뭉침
KR 10-2666491 B1,B1,등록특허공보,등록공고,다중 사용자 직교 주파수 분할 다중 액세스를 옵트인 및 옵트아웃하기 위한 스위칭 방식,9,E13,[E13] 패밀리 동일 문헌 1쌍 중복 적재 (EP 4000343 A1 / EP 04000343 A1),8,D1 D3 D7 D2 D5 D6 D4 D10,[D5] 상세설명에 하위섹션+전문 중복 렌더(섹션 24537자 = 전문 23179 + 하위섹션 1524) / [D6] 도면 미반입인데 패널 노출(서지 도면 수 0건 / 패널 캡션 1개 · 이미지 없음) / [D4] 공개번호(10-2023-0166149)와 표시 일자(2024-05-20) 계열 불일치 · 문헌일 2023-12-06 / [D10] 패밀리 목록 12행 중 1행이 동일 문헌 중복 노출,[F1] drawing_count 0 (도면의 설명 1원소 보유) [F2] 도면 설명 1원소에 도 5개 뭉침
KR 10-2689337 B1,B1,등록특허공보,등록공고,외과용 클립,9,E13,[E13] 패밀리 동일 문헌 1쌍 중복 적재 (EP 3709900 B1 / EP 03709900 B1),8,D1 D3 D7 D2 D5 D6 D4 D10,[D5] 상세설명에 하위섹션+전문 중복 렌더(섹션 26423자 = 전문 22671 + 하위섹션 3847) / [D6] 도면 미반입인데 패널 노출(서지 도면 수 0건 / 패널 캡션 1개 · 이미지 없음) / [D4] 공개번호(10-2023-0003454)와 표시 일자(2024-07-30) 계열 불일치 · 문헌일 2023-01-05 / [D10] 패밀리 목록 16행 중 1행이 동일 문헌 중복 노출,[F1] drawing_count 0 (도면의 설명 1원소 보유) [F2] 도면 설명 1원소에 도 24개 뭉침
KR 10-2689602 B1,B1,등록특허공보,등록공고,감소된 수의 베드들 및 바이패스 유체 유동을 갖는 시뮬레이션된 이동 베드 분리 방법 및 디바이스,9,E13,[E13] 패밀리 동일 문헌 1쌍 중복 적재 (EP 3583988 B1 / EP 03583988 B1),8,D1 D3 D7 D2 D5 D6 D4 D10,[D5] 상세설명에 하위섹션+전문 중복 렌더(섹션 29897자 = 전문 21898 + 하위섹션 8889) / [D6] 도면 미반입인데 패널 노출(서지 도면 수 0건 / 패널 캡션 1개 · 이미지 없음) / [D4] 공개번호(10-2019-0143399)와 표시 일자(2024-07-29) 계열 불일치 · 문헌일 2019-12-30 / [D10] 패밀리 목록 10행 중 1행이 동일 문헌 중복 노출,[F1] drawing_count 0 (도면의 설명 1원소 보유) [F2] 도면 설명 1원소에 도 5개 뭉침
KR 10-2689985 B1,B1,등록특허공보,등록공고,"메모리 시스템, 메모리 컨트롤러 및 그 저장 방법",9,E4,[E4] claim_count(3) ≠ 삭제 제외 실질 항 수(20) · claims 20 · 삭제 0,8,D1 D3 D7 D2 D5 D6 D12 D4,[D5] 상세설명에 하위섹션+전문 중복 렌더(섹션 42776자 = 전문 38877 + 하위섹션 4437) / [D6] 도면 미반입인데 패널 노출(서지 도면 수 0건 / 패널 캡션 1개 · 이미지 없음) / [D12] 서지 청구항 수 3개 ↔ 청구범위 목록 20개(삭제 0) 불일치 / [D4] 공개번호(10-2020-0142724)와 표시 일자(2024-08-01) 계열 불일치 · 문헌일 2020-12-23,[F1] drawing_count 0 (도면의 설명 1원소 보유) [F2] 도면 설명 1원소에 도 17개 뭉침
KR 10-2690502 B1,B1,등록특허공보,등록공고,컴퓨테이션 기법 기반 정정 및 제어,9,E13,[E13] 패밀리 동일 문헌 1쌍 중복 적재 (EP 3729197 A1 / EP 03729197 A1),8,D1 D3 D7 D2 D5 D6 D4 D10,[D5] 상세설명에 하위섹션+전문 중복 렌더(섹션 120890자 = 전문 119254 + 하위섹션 2596) / [D6] 도면 미반입인데 패널 노출(서지 도면 수 0건 / 패널 캡션 1개 · 이미지 없음) / [D4] 공개번호(10-2023-0048170)와 표시 일자(2024-07-30) 계열 불일치 · 문헌일 2023-04-10 / [D10] 패밀리 목록 19행 중 1행이 동일 문헌 중복 노출,[F1] drawing_count 0 (도면의 설명 1원소 보유) [F2] 도면 설명 1원소에 도 23개 뭉침
KR 10-2691029 B1,B1,등록특허공보,등록공고,막 프로파일 조정을 위한 샤워헤드 커튼 가스 방법 및 시스템,9,E13,[E13] 패밀리 동일 문헌 1쌍 중복 적재 (US 09738977 B1 / US 9738977 B1),8,D1 D3 D7 D2 D5 D6 D4 D10,[D5] 상세설명에 하위섹션+전문 중복 렌더(섹션 67481자 = 전문 66387 + 하위섹션 1881) / [D6] 도면 미반입인데 패널 노출(서지 도면 수 0건 / 패널 캡션 1개 · 이미지 없음) / [D4] 공개번호(10-2023-0164622)와 표시 일자(2024-08-01) 계열 불일치 · 문헌일 2023-12-04 / [D10] 패밀리 목록 16행 중 1행이 동일 문헌 중복 노출,[F1] drawing_count 0 (도면의 설명 1원소 보유) [F2] 도면 설명 1원소에 도 17개 뭉침
KR 10-2692169 B1,B1,등록특허공보,등록공고,신규한 방법,9,E13,[E13] 패밀리 동일 문헌 3쌍 중복 적재 (US 09956227 B2 / US 9956227 B2 / EP 3666271 A1 / EP 03666271 A1),8,D1 D3 D7 D2 D5 D6 D4 D10,[D5] 상세설명에 하위섹션+전문 중복 렌더(섹션 60965자 = 전문 59003 + 하위섹션 2615) / [D6] 도면 미반입인데 패널 노출(서지 도면 수 0건 / 패널 캡션 1개 · 이미지 없음) / [D4] 공개번호(10-2023-0023817)와 표시 일자(2024-08-05) 계열 불일치 · 문헌일 2023-02-17 / [D10] 패밀리 목록 52행 중 3행이 동일 문헌 중복 노출,[F1] drawing_count 0 (도면의 설명 1원소 보유) [F2] 도면 설명 1원소에 도 4개 뭉침
KR 10-2703232 B1,B1,등록특허공보,등록공고,키토산 및 폴리에틸렌 글리콜 공중합체 및 이를 사용하여 혈관 천공을 밀봉하기 위한 방법 및 디바이스,9,E13,[E13] 패밀리 동일 문헌 2쌍 중복 적재 (EP 3148602 B1 / EP 03148602 B1 / EP 4032563 A1 / EP 04032563 A1),8,D1 D3 D7 D2 D5 D6 D4 D10,[D5] 상세설명에 하위섹션+전문 중복 렌더(섹션 88176자 = 전문 84266 + 하위섹션 5126) / [D6] 도면 미반입인데 패널 노출(서지 도면 수 0건 / 패널 캡션 1개 · 이미지 없음) / [D4] 공개번호(10-2022-0144883)와 표시 일자(2024-09-06) 계열 불일치 · 문헌일 2022-10-27 / [D10] 패밀리 목록 39행 중 2행이 동일 문헌 중복 노출,[F1] drawing_count 0 (도면의 설명 1원소 보유) [F2] 도면 설명 1원소에 도 31개 뭉침
KR 10-2703986 B1,B1,등록특허공보,등록공고,"기기 결정 방법 및 장치, 전자 기기, 컴퓨터 판독 가능 저장 매체",9,E13,[E13] 패밀리 동일 문헌 1쌍 중복 적재 (JP 7394937 B2 / JP 07394937 B2),8,D1 D3 D7 D2 D5 D6 D4 D10,[D5] 상세설명에 하위섹션+전문 중복 렌더(섹션 35408자 = 전문 34610 + 하위섹션 1378) / [D6] 도면 미반입인데 패널 노출(서지 도면 수 0건 / 패널 캡션 1개 · 이미지 없음) / [D4] 공개번호(10-2023-0149695)와 표시 일자(2024-09-05) 계열 불일치 · 문헌일 2023-10-27 / [D10] 패밀리 목록 6행 중 1행이 동일 문헌 중복 노출,[F1] drawing_count 0 (도면의 설명 1원소 보유) [F2] 도면 설명 1원소에 도 12개 뭉침
KR 10-2705399 B1,B1,등록특허공보,등록공고,루프 지연이 보상되는 고조파 조절자,9,E13,[E13] 패밀리 동일 문헌 1쌍 중복 적재 (EP 3700041 A1 / EP 03700041 A1),8,D1 D3 D7 D2 D5 D6 D4 D10,[D5] 상세설명에 하위섹션+전문 중복 렌더(섹션 11693자 = 전문 10810 + 하위섹션 995) / [D6] 도면 미반입인데 패널 노출(서지 도면 수 0건 / 패널 캡션 1개 · 이미지 없음) / [D4] 공개번호(10-2020-0103522)와 표시 일자(2024-09-11) 계열 불일치 · 문헌일 2020-09-02 / [D10] 패밀리 목록 3행 중 1행이 동일 문헌 중복 노출,[F1] drawing_count 0 (도면의 설명 1원소 보유) [F2] 도면 설명 1원소에 도 14개 뭉침
KR 10-2705437 B1,B1,등록특허공보,등록공고,내진에 의한 파손방지기능을 갖는 단지 내 맨홀 구조물,9,E4,[E4] claim_count(2) ≠ 삭제 제외 실질 항 수(4) · claims 4 · 삭제 0,8,D1 D3 D7 D2 D5 D6 D12 D4b,[D5] 상세설명에 하위섹션+전문 중복 렌더(섹션 16014자 = 전문 11082 + 하위섹션 5184) / [D6] 도면 미반입인데 패널 노출(서지 도면 수 0건 / 패널 캡션 1개 · 이미지 없음) / [D12] 서지 청구항 수 2개 ↔ 청구범위 목록 4개(삭제 0) 불일치 / [D4b] 공개/공고번호 — 인데 공개/공고일(2024-09-11)만 표시,[F1] drawing_count 0 (도면의 설명 1원소 보유) [F2] 도면 설명 1원소에 도 9개 뭉침
KR 10-2705474 B1,B1,등록특허공보,등록공고,신경망 프로세서의 벡터 컴퓨테이션 유닛,9,E13,[E13] 패밀리 동일 문헌 3쌍 중복 적재 (JP 7000387 B2 / JP 7346510 B2 / EP 4276690 A1 / EP 04276690 A1),8,D1 D3 D7 D2 D5 D6 D4 D10,[D5] 상세설명에 하위섹션+전문 중복 렌더(섹션 25810자 = 전문 25507 + 하위섹션 695) / [D6] 도면 미반입인데 패널 노출(서지 도면 수 0건 / 패널 캡션 1개 · 이미지 없음) / [D4] 공개번호(10-2023-0048449)와 표시 일자(2024-09-09) 계열 불일치 · 문헌일 2023-04-11 / [D10] 패밀리 목록 33행 중 3행이 동일 문헌 중복 노출,[F1] drawing_count 0 (도면의 설명 1원소 보유) [F2] 도면 설명 1원소에 도 9개 뭉침
KR 10-2716864 B1,B1,등록특허공보,등록공고,위상 변환을 위한 장치 및 방법,9,E13,[E13] 패밀리 동일 문헌 1쌍 중복 적재 (EP 4052334 A1 / EP 04052334 A1),8,D1 D3 D7 D2 D5 D6 D4 D10,[D5] 상세설명에 하위섹션+전문 중복 렌더(섹션 45526자 = 전문 41689 + 하위섹션 4227) / [D6] 도면 미반입인데 패널 노출(서지 도면 수 0건 / 패널 캡션 1개 · 이미지 없음) / [D4] 공개번호(10-2021-0081123)와 표시 일자(2024-10-16) 계열 불일치 · 문헌일 2021-07-01 / [D10] 패밀리 목록 6행 중 1행이 동일 문헌 중복 노출,[F1] drawing_count 0 (도면의 설명 1원소 보유) [F2] 도면 설명 1원소에 도 19개 뭉침
KR 10-2717044 B1,B1,등록특허공보,등록공고,이차전지 양극재의 재활용 방법 및 이를 이용한 이차전지 양극재의 재활용 장치,9,E13,[E13] 패밀리 동일 문헌 1쌍 중복 적재 (EP 4385089 A1 / EP 04385089 A1),8,D1 D3 D7 D2 D5 D6 D4 D10,[D5] 상세설명에 하위섹션+전문 중복 렌더(섹션 27445자 = 전문 22255 + 하위섹션 5603) / [D6] 도면 미반입인데 패널 노출(서지 도면 수 0건 / 패널 캡션 1개 · 이미지 없음) / [D4] 공개번호(10-2023-0022478)와 표시 일자(2024-10-14) 계열 불일치 · 문헌일 2023-02-16 / [D10] 패밀리 목록 8행 중 1행이 동일 문헌 중복 노출,[F1] drawing_count 0 (도면의 설명 1원소 보유) [F2] 도면 설명 1원소에 도 15개 뭉침
KR 10-2717367 B1,B1,등록특허공보,등록공고,라미네이트형 전지,9,E13,[E13] 패밀리 동일 문헌 1쌍 중복 적재 (EP 4009422 B1 / EP 04009422 B1),8,D1 D3 D7 D2 D5 D6 D4 D10,[D5] 상세설명에 하위섹션+전문 중복 렌더(섹션 19777자 = 전문 16585 + 하위섹션 3685) / [D6] 도면 미반입인데 패널 노출(서지 도면 수 0건 / 패널 캡션 1개 · 이미지 없음) / [D4] 공개번호(10-2022-0078496)와 표시 일자(2024-10-16) 계열 불일치 · 문헌일 2022-06-10 / [D10] 패밀리 목록 7행 중 1행이 동일 문헌 중복 노출,[F1] drawing_count 0 (도면의 설명 1원소 보유) [F2] 도면 설명 1원소에 도 5개 뭉침
KR 10-2717667 B1,B1,등록특허공보,등록공고,경구 투여를 위한 양성자-결합 중합체,9,E13,[E13] 패밀리 동일 문헌 3쌍 중복 적재 (JP 6453860 B2 / JP 6759316 B2 / EP 3812761 A1 / EP 03812761 A1),8,D1 D3 D7 D2 D5 D6 D4 D10,[D5] 상세설명에 하위섹션+전문 중복 렌더(섹션 122774자 = 전문 111894 + 하위섹션 12951) / [D6] 도면 미반입인데 패널 노출(서지 도면 수 0건 / 패널 캡션 1개 · 이미지 없음) / [D4] 공개번호(10-2024-0023672)와 표시 일자(2024-10-16) 계열 불일치 · 문헌일 2024-02-22 / [D10] 패밀리 목록 68행 중 3행이 동일 문헌 중복 노출,[F1] drawing_count 0 (도면의 설명 1원소 보유) [F2] 도면 설명 1원소에 도 5개 뭉침
KR 10-2717738 B1,B1,등록특허공보,등록공고,소스 색 볼륨 정보 메시징,9,E13,[E13] 패밀리 동일 문헌 1쌍 중복 적재 (EP 4072137 A1 / EP 04072137 A1),8,D1 D3 D7 D2 D5 D6 D4 D10,[D5] 상세설명에 하위섹션+전문 중복 렌더(섹션 22771자 = 전문 20073 + 하위섹션 2923) / [D6] 도면 미반입인데 패널 노출(서지 도면 수 0건 / 패널 캡션 1개 · 이미지 없음) / [D4] 공개번호(10-2023-0173225)와 표시 일자(2024-10-16) 계열 불일치 · 문헌일 2023-12-26 / [D10] 패밀리 목록 73행 중 1행이 동일 문헌 중복 노출,[F1] drawing_count 0 (도면의 설명 1원소 보유) [F2] 도면 설명 1원소에 도 6개 뭉침
KR 10-2717911 B1,B1,등록특허공보,등록공고,"리튬 이차전지용 양극활물질, 이의 제조방법, 및 이를 포함하는  리튬 이차전지",9,E13,[E13] 패밀리 동일 문헌 1쌍 중복 적재 (JP 7408794 B2 / JP 07408794 B2),8,D1 D3 D7 D2 D5 D6 D4 D10,[D5] 상세설명에 하위섹션+전문 중복 렌더(섹션 25911자 = 전문 20645 + 하위섹션 5946) / [D6] 도면 미반입인데 패널 노출(서지 도면 수 0건 / 패널 캡션 1개 · 이미지 없음) / [D4] 공개번호(10-2023-0053558)와 표시 일자(2024-10-16) 계열 불일치 · 문헌일 2023-04-21 / [D10] 패밀리 목록 40행 중 1행이 동일 문헌 중복 노출,[F1] drawing_count 0 (도면의 설명 1원소 보유) [F2] 도면 설명 1원소에 도 16개 뭉침
KR 10-2719936 B1,B1,등록특허공보,등록공고,참조 유닛 결정 방법 및 장치,9,E13,[E13] 패밀리 동일 문헌 3쌍 중복 적재 (EP 2654302 A1 / EP 02654302 A1 / EP 3554078 A1 / EP 03554078 A1),8,D1 D3 D7 D2 D5 D6 D4 D10,[D5] 상세설명에 하위섹션+전문 중복 렌더(섹션 38573자 = 전문 33867 + 하위섹션 5146) / [D6] 도면 미반입인데 패널 노출(서지 도면 수 0건 / 패널 캡션 1개 · 이미지 없음) / [D4] 공개번호(10-2022-0119579)와 표시 일자(2024-10-21) 계열 불일치 · 문헌일 2022-08-30 / [D10] 패밀리 목록 77행 중 3행이 동일 문헌 중복 노출,[F1] drawing_count 0 (도면의 설명 1원소 보유) [F2] 도면 설명 1원소에 도 17개 뭉침
KR 10-2730170 B1,B1,등록특허공보,등록공고,액정 표시 장치,9,E13,[E13] 패밀리 동일 문헌 3쌍 중복 적재 (EP 2513894 A1 / EP 02513894 A1 / US 08599177 B2 / JP 5211255 B2),8,D1 D3 D7 D2 D5 D6 D4 D10,[D5] 상세설명에 하위섹션+전문 중복 렌더(섹션 42926자 = 전문 40007 + 하위섹션 3517) / [D6] 도면 미반입인데 패널 노출(서지 도면 수 0건 / 패널 캡션 1개 · 이미지 없음) / [D4] 공개번호(10-2024-0118180)와 표시 일자(2024-11-15) 계열 불일치 · 문헌일 2024-08-02 / [D10] 패밀리 목록 56행 중 3행이 동일 문헌 중복 노출,[F1] drawing_count 0 (도면의 설명 1원소 보유) [F2] 도면 설명 1원소에 도 20개 뭉침
KR 10-2730370 B1,B1,등록특허공보,등록공고,주차 지원 장치,9,E13,[E13] 패밀리 동일 문헌 1쌍 중복 적재 (EP 4286254 A1 / EP 04286254 A1),8,D1 D3 D7 D2 D5 D6 D4 D10,[D5] 상세설명에 하위섹션+전문 중복 렌더(섹션 39397자 = 전문 37968 + 하위섹션 2010) / [D6] 도면 미반입인데 패널 노출(서지 도면 수 0건 / 패널 캡션 1개 · 이미지 없음) / [D4] 공개번호(10-2023-0166953)와 표시 일자(2024-11-14) 계열 불일치 · 문헌일 2023-12-07 / [D10] 패밀리 목록 7행 중 1행이 동일 문헌 중복 노출,[F1] drawing_count 0 (도면의 설명 1원소 보유) [F2] 도면 설명 1원소에 도 28개 뭉침
KR 10-2731002 B1,B1,등록특허공보,등록공고,건강 애플리케이션 사용자 인터페이스들,9,E13,[E13] 패밀리 동일 문헌 2쌍 중복 적재 (JP 7422826 B2 / EP 3963426 A2 / EP 03963426 A2 / JP 07422826 B2),8,D1 D3 D7 D2 D5 D6 D4 D10,[D5] 상세설명에 하위섹션+전문 중복 렌더(섹션 184746자 = 전문 184732 + 하위섹션 2053) / [D6] 도면 미반입인데 패널 노출(서지 도면 수 0건 / 패널 캡션 1개 · 이미지 없음) / [D4] 공개번호(10-2023-0085942)와 표시 일자(2024-11-20) 계열 불일치 · 문헌일 2023-06-14 / [D10] 패밀리 목록 23행 중 2행이 동일 문헌 중복 노출,[F1] drawing_count 0 (도면의 설명 1원소 보유) [F2] 도면 설명 1원소에 도 32개 뭉침
KR 10-2731421 B1,B1,등록특허공보,등록공고,"전자 시스템 장치, 및 전자 시스템 장치의 기동 방법",9,E13,[E13] 패밀리 동일 문헌 1쌍 중복 적재 (JP 7256102 B2 / JP 07256102 B2),8,D1 D3 D7 D2 D5 D6 D4 D10,[D5] 상세설명에 하위섹션+전문 중복 렌더(섹션 45919자 = 전문 43115 + 하위섹션 3458) / [D6] 도면 미반입인데 패널 노출(서지 도면 수 0건 / 패널 캡션 1개 · 이미지 없음) / [D4] 공개번호(10-2021-0047255)와 표시 일자(2024-11-19) 계열 불일치 · 문헌일 2021-04-29 / [D10] 패밀리 목록 5행 중 1행이 동일 문헌 중복 노출,[F1] drawing_count 0 (도면의 설명 1원소 보유) [F2] 도면 설명 1원소에 도 9개 뭉침
KR 10-2731496 B1,B1,등록특허공보,등록공고,라이트 필드 콘텐츠를 처리하기 위한 방법 및 디바이스,9,E13,[E13] 패밀리 동일 문헌 1쌍 중복 적재 (EP 3088954 A1 / EP 03088954 A1),8,D1 D3 D7 D2 D5 D6 D4 D10,[D5] 상세설명에 하위섹션+전문 중복 렌더(섹션 36440자 = 전문 31949 + 하위섹션 5126) / [D6] 도면 미반입인데 패널 노출(서지 도면 수 0건 / 패널 캡션 1개 · 이미지 없음) / [D4] 공개번호(10-2023-0014866)와 표시 일자(2024-11-19) 계열 불일치 · 문헌일 2023-01-30 / [D10] 패밀리 목록 11행 중 1행이 동일 문헌 중복 노출,[F1] drawing_count 0 (도면의 설명 1원소 보유) [F2] 도면 설명 1원소에 도 39개 뭉침
KR 10-2732355 B1,B1,등록특허공보,등록공고,"기판 처리 방법, 기판 처리 장치, 프로그램 및 반도체 장치의 제조 방법",9,E13,[E13] 패밀리 동일 문헌 1쌍 중복 적재 (JP 7307038 B2 / JP 07307038 B2),8,D1 D3 D7 D2 D5 D6 D4 D10,[D5] 상세설명에 하위섹션+전문 중복 렌더(섹션 32729자 = 전문 31518 + 하위섹션 1501) / [D6] 도면 미반입인데 패널 노출(서지 도면 수 0건 / 패널 캡션 1개 · 이미지 없음) / [D4] 공개번호(10-2022-0040395)와 표시 일자(2024-11-19) 계열 불일치 · 문헌일 2022-03-30 / [D10] 패밀리 목록 6행 중 1행이 동일 문헌 중복 노출,[F1] drawing_count 0 (도면의 설명 1원소 보유) [F2] 도면 설명 1원소에 도 16개 뭉침
KR 10-2623800 B1,B1,등록특허공보,등록공고,"전해액, 전기 화학 디바이스, 리튬 이온 이차 전지 및 모듈",8,E13,[E13] 패밀리 동일 문헌 1쌍 중복 적재 (EP 4060782 A1 / EP 04060782 A1),7,D1 D3 D7 D2 D5 D4 D10,[D5] 상세설명에 하위섹션+전문 중복 렌더(섹션 128372자 = 전문 129717 + 하위섹션 1020) / [D4] 공개번호(10-2022-0148317)와 표시 일자(2024-01-12) 계열 불일치 · 문헌일 2022-11-04 / [D10] 패밀리 목록 14행 중 1행이 동일 문헌 중복 노출,
KR 10-2635324 B1,B1,등록특허공보,등록공고,방출 모듈 및 센서 모듈을 갖는 장치,8,E13,[E13] 패밀리 동일 문헌 1쌍 중복 적재 (EP 3762529 A1 / EP 03762529 A1),7,D1 D3 D7 D2 D5 D6 D10,[D5] 상세설명에 하위섹션+전문 중복 렌더(섹션 63374자 = 전문 41166 + 하위섹션 28012) / [D6] 도면 미반입인데 패널 노출(서지 도면 수 0건 / 패널 캡션 1개 · 이미지 없음) / [D10] 패밀리 목록 7행 중 1행이 동일 문헌 중복 노출,[F1] drawing_count 0 (도면의 설명 1원소 보유) [F2] 도면 설명 1원소에 도 27개 뭉침
KR 10-2635596 B1,B1,등록특허공보,등록공고,이온화 장치와 수질센서를 활용하는 배관 관리 방법 및 그 시스템,8,E4,[E4] claim_count(1) ≠ 삭제 제외 실질 항 수(8) · claims 8 · 삭제 0,7,D1 D3 D7 D2 D5 D6 D12,[D5] 상세설명에 하위섹션+전문 중복 렌더(섹션 33952자 = 전문 34091 + 하위섹션 4157) / [D6] 도면 미반입인데 패널 노출(서지 도면 수 0건 / 패널 캡션 1개 · 이미지 없음) / [D12] 서지 청구항 수 1개 ↔ 청구범위 목록 8개(삭제 0) 불일치,[F1] drawing_count 0 (도면의 설명 1원소 보유) [F2] 도면 설명 1원소에 도 4개 뭉침
KR 10-2635994 B1,B1,등록특허공보,등록공고,"반사필름, 액정표시장치 및 반사필름 제조방법",8,E13,[E13] 패밀리 동일 문헌 1쌍 중복 적재 (JP 7064778 B2 / JP 07064778 B2),7,D1 D3 D7 D2 D5 D6 D10,[D5] 상세설명에 하위섹션+전문 중복 렌더(섹션 22175자 = 전문 22017 + 하위섹션 2667) / [D6] 도면 미반입인데 패널 노출(서지 도면 수 0건 / 패널 캡션 1개 · 이미지 없음) / [D10] 패밀리 목록 6행 중 1행이 동일 문헌 중복 노출,[F1] drawing_count 0 (도면의 설명 1원소 보유) [F2] 도면 설명 1원소에 도 11개 뭉침
KR 10-2636443 B1,B1,등록특허공보,등록공고,노이즈 차단 구조를 포함하는 이미지 센싱 장치,8,E4,[E4] claim_count(3) ≠ 삭제 제외 실질 항 수(23) · claims 23 · 삭제 0,7,D1 D3 D7 D2 D5 D6 D12,[D5] 상세설명에 하위섹션+전문 중복 렌더(섹션 14531자 = 전문 13049 + 하위섹션 2782) / [D6] 도면 미반입인데 패널 노출(서지 도면 수 0건 / 패널 캡션 1개 · 이미지 없음) / [D12] 서지 청구항 수 3개 ↔ 청구범위 목록 23개(삭제 0) 불일치,[F1] drawing_count 0 (도면의 설명 1원소 보유) [F2] 도면 설명 1원소에 도 13개 뭉침
KR 10-2636542 B1,B1,등록특허공보,등록공고,압분 자심 및 그 제조 방법,8,E13,[E13] 패밀리 동일 문헌 2쌍 중복 적재 (JP 7074927 B2 / EP 3928892 A1 / EP 03928892 A1 / JP 07074927 B2),7,D1 D3 D7 D2 D5 D6 D10,[D5] 상세설명에 하위섹션+전문 중복 렌더(섹션 43186자 = 전문 37884 + 하위섹션 9407) / [D6] 도면 미반입인데 패널 노출(서지 도면 수 0건 / 패널 캡션 1개 · 이미지 없음) / [D10] 패밀리 목록 9행 중 2행이 동일 문헌 중복 노출,[F1] drawing_count 0 (도면의 설명 1원소 보유) [F2] 도면 설명 1원소에 도 43개 뭉침
KR 10-2636594 B1,B1,등록특허공보,등록공고,아닐린 불포함 류코인디고 염 용액을 제조하기 위한 방법 및 디바이스,8,E13,[E13] 패밀리 동일 문헌 6쌍 중복 적재 (EP 3665227 A1 / EP 03665227 A1 / EP 3665228 A1 / EP 03665228 A1),7,D1 D3 D7 D2 D12 D8 D10,[D12] 서지 청구항 수 14개 ↔ 청구범위 목록 21개(삭제 7) 불일치 / [D8] 독립항 목록 12개 중 7개가 본문 '삭제' / [D10] 패밀리 목록 78행 중 6행이 동일 문헌 중복 노출,
KR 10-2636942 B1,B1,등록특허공보,등록공고,압력-정전용량성 터치 패널,8,E13,[E13] 패밀리 동일 문헌 1쌍 중복 적재 (EP 3394714 A1 / EP 03394714 A1),7,D1 D3 D7 D2 D5 D6 D10,[D5] 상세설명에 하위섹션+전문 중복 렌더(섹션 83513자 = 전문 77632 + 하위섹션 12145) / [D6] 도면 미반입인데 패널 노출(서지 도면 수 0건 / 패널 캡션 1개 · 이미지 없음) / [D10] 패밀리 목록 13행 중 1행이 동일 문헌 중복 노출,[F1] drawing_count 0 (도면의 설명 1원소 보유) [F2] 도면 설명 1원소에 도 39개 뭉침
KR 10-2637073 B1,B1,등록특허공보,등록공고,"프로브, 프로브의 제조 방법 및 스캐닝 프로브 현미경 시스템",8,E13,[E13] 패밀리 동일 문헌 1쌍 중복 적재 (EP 3704495 B1 / EP 03704495 B1),7,D1 D3 D7 D2 D5 D6 D10,[D5] 상세설명에 하위섹션+전문 중복 렌더(섹션 17754자 = 전문 13788 + 하위섹션 5299) / [D6] 도면 미반입인데 패널 노출(서지 도면 수 0건 / 패널 캡션 1개 · 이미지 없음) / [D10] 패밀리 목록 5행 중 1행이 동일 문헌 중복 노출,[F1] drawing_count 0 (도면의 설명 1원소 보유) [F2] 도면 설명 1원소에 도 3개 뭉침
KR 10-2637438 B1,B1,등록특허공보,등록공고,반도체 장치 및 전자 부품,8,E13,[E13] 패밀리 동일 문헌 1쌍 중복 적재 (JP 7139327 B2 / JP 07139327 B2),7,D1 D3 D7 D2 D5 D6 D10,[D5] 상세설명에 하위섹션+전문 중복 렌더(섹션 60716자 = 전문 62906 + 하위섹션 4971) / [D6] 도면 미반입인데 패널 노출(서지 도면 수 0건 / 패널 캡션 1개 · 이미지 없음) / [D10] 패밀리 목록 5행 중 1행이 동일 문헌 중복 노출,[F1] drawing_count 0 (도면의 설명 1원소 보유) [F2] 도면 설명 1원소에 도 21개 뭉침
KR 10-2637460 B1,B1,등록특허공보,등록공고,기어 스카이빙을 위한 장치 및 방법,8,E13,[E13] 패밀리 동일 문헌 1쌍 중복 적재 (EP 3456453 A1 / EP 03456453 A1),7,D1 D3 D7 D2 D5 D6 D10,[D5] 상세설명에 하위섹션+전문 중복 렌더(섹션 26226자 = 전문 27919 + 하위섹션 1499) / [D6] 도면 미반입인데 패널 노출(서지 도면 수 0건 / 패널 캡션 1개 · 이미지 없음) / [D10] 패밀리 목록 7행 중 1행이 동일 문헌 중복 노출,[F1] drawing_count 0 (도면의 설명 1원소 보유) [F2] 도면 설명 1원소에 도 6개 뭉침
KR 10-2637608 B1,B1,등록특허공보,등록공고,지역 민감성 해싱 및 지역 아웃라이어 요소 알고리즘을 이용하여 부정 트랜잭션을 검출하기 위한 컴퓨터-구현 방,8,E13,[E13] 패밀리 동일 문헌 1쌍 중복 적재 (JP 7083407 B2 / JP 07083407 B2),7,D1 D3 D7 D2 D5 D6 D10,[D5] 상세설명에 하위섹션+전문 중복 렌더(섹션 35569자 = 전문 35522 + 하위섹션 1712) / [D6] 도면 미반입인데 패널 노출(서지 도면 수 0건 / 패널 캡션 1개 · 이미지 없음) / [D10] 패밀리 목록 10행 중 1행이 동일 문헌 중복 노출,[F1] drawing_count 0 (도면의 설명 1원소 보유) [F2] 도면 설명 1원소에 도 10개 뭉침
KR 10-2637740 B1,B1,등록특허공보,등록공고,탈취 모듈 및 그것을 포함하는 저장 장치,8,E13,[E13] 패밀리 동일 문헌 1쌍 중복 적재 (EP 3482780 A1 / EP 03482780 A1),7,D1 D3 D7 D2 D5 D6 D10,[D5] 상세설명에 하위섹션+전문 중복 렌더(섹션 17514자 = 전문 17656 + 하위섹션 2031) / [D6] 도면 미반입인데 패널 노출(서지 도면 수 0건 / 패널 캡션 1개 · 이미지 없음) / [D10] 패밀리 목록 6행 중 1행이 동일 문헌 중복 노출,[F1] drawing_count 0 (도면의 설명 1원소 보유) [F2] 도면 설명 1원소에 도 13개 뭉침
KR 10-2637843 B1,B1,등록특허공보,등록공고,장척 적층 시트 및 그 권수체,8,E13,[E13] 패밀리 동일 문헌 1쌍 중복 적재 (JP 7153034 B2 / JP 07153034 B2),7,D1 D3 D7 D2 D5 D6 D10,[D5] 상세설명에 하위섹션+전문 중복 렌더(섹션 45301자 = 전문 43986 + 하위섹션 8003) / [D6] 도면 미반입인데 패널 노출(서지 도면 수 0건 / 패널 캡션 1개 · 이미지 없음) / [D10] 패밀리 목록 5행 중 1행이 동일 문헌 중복 노출,[F1] drawing_count 0 (도면의 설명 1원소 보유) [F2] 도면 설명 1원소에 도 21개 뭉침
KR 10-2637844 B1,B1,등록특허공보,등록공고,"키나아제를 조절하는 1H-피롤로[2,3­B]피리딘 유도체의 합성",8,E13,[E13] 패밀리 동일 문헌 1쌍 중복 적재 (JP 6530826 B2 / JP 06530826 B2),7,D1 D3 D7 D2 D12 D8 D10,[D12] 서지 청구항 수 23개 ↔ 청구범위 목록 31개(삭제 8) 불일치 / [D8] 독립항 목록 13개 중 8개가 본문 '삭제' / [D10] 패밀리 목록 37행 중 1행이 동일 문헌 중복 노출,
KR 10-2637846 B1,B1,등록특허공보,등록공고,원자로 노심용융물의 억제 및 냉각 시스템의 안내장치,8,E13,[E13] 패밀리 동일 문헌 1쌍 중복 적재 (JP 7329084 B2 / JP 07329084 B2),7,D1 D3 D7 D2 D5 D6 D10,[D5] 상세설명에 하위섹션+전문 중복 렌더(섹션 24376자 = 전문 17223 + 하위섹션 9337) / [D6] 도면 미반입인데 패널 노출(서지 도면 수 0건 / 패널 캡션 1개 · 이미지 없음) / [D10] 패밀리 목록 9행 중 1행이 동일 문헌 중복 노출,[F1] drawing_count 0 (도면의 설명 1원소 보유) [F2] 도면 설명 1원소에 도 3개 뭉침
KR 10-2638167 B1,B1,등록특허공보,등록공고,"하이드로탈사이트 입자와 그 제조방법, 및 그것으로 이루어진 수지안정제 및 수지 조성물",8,E13,[E13] 패밀리 동일 문헌 2쌍 중복 적재 (EP 3733604 A1 / EP 03733604 A1 / JP 7239492 B2 / JP 07239492 B2),7,D1 D3 D7 D2 D5 D6 D10,[D5] 상세설명에 하위섹션+전문 중복 렌더(섹션 30723자 = 전문 32156 + 하위섹션 3548) / [D6] 도면 미반입인데 패널 노출(서지 도면 수 0건 / 패널 캡션 1개 · 이미지 없음) / [D10] 패밀리 목록 10행 중 2행이 동일 문헌 중복 노출,[F1] drawing_count 0 (도면의 설명 1원소 보유) [F2] 도면 설명 1원소에 도 5개 뭉침
KR 10-2638661 B1,B1,등록특허공보,등록공고,배터리를 가지는 전자 장치,8,E13,[E13] 패밀리 동일 문헌 1쌍 중복 적재 (EP 3928178 A1 / EP 03928178 A1),7,D1 D3 D7 D2 D5 D6 D10,[D5] 상세설명에 하위섹션+전문 중복 렌더(섹션 29173자 = 전문 27470 + 하위섹션 3779) / [D6] 도면 미반입인데 패널 노출(서지 도면 수 0건 / 패널 캡션 1개 · 이미지 없음) / [D10] 패밀리 목록 5행 중 1행이 동일 문헌 중복 노출,[F1] drawing_count 0 (도면의 설명 1원소 보유) [F2] 도면 설명 1원소에 도 18개 뭉침
KR 10-2638670 B1,B1,등록특허공보,등록공고,밸브를 가진 카테터 장치 및 관련 방법,8,E13,[E13] 패밀리 동일 문헌 2쌍 중복 적재 (EP 3747497 A1 / EP 03747497 A1 / JP 7035016 B2 / JP 07035016 B2),7,D1 D3 D7 D2 D5 D6 D10,[D5] 상세설명에 하위섹션+전문 중복 렌더(섹션 171424자 = 전문 123153 + 하위섹션 65166) / [D6] 도면 미반입인데 패널 노출(서지 도면 수 0건 / 패널 캡션 1개 · 이미지 없음) / [D10] 패밀리 목록 44행 중 2행이 동일 문헌 중복 노출,[F1] drawing_count 0 (도면의 설명 1원소 보유) [F2] 도면 설명 1원소에 도 44개 뭉침
KR 10-2638748 B1,B1,등록특허공보,등록공고,적어도 하나의 센서를 이용한 기기 관리 방법 및 장치,8,E13,[E13] 패밀리 동일 문헌 1쌍 중복 적재 (EP 3641229 A1 / EP 03641229 A1),7,D1 D3 D7 D2 D5 D6 D10,[D5] 상세설명에 하위섹션+전문 중복 렌더(섹션 53383자 = 전문 56699 + 하위섹션 3556) / [D6] 도면 미반입인데 패널 노출(서지 도면 수 0건 / 패널 캡션 1개 · 이미지 없음) / [D10] 패밀리 목록 9행 중 1행이 동일 문헌 중복 노출,[F1] drawing_count 0 (도면의 설명 1원소 보유) [F2] 도면 설명 1원소에 도 21개 뭉침
KR 10-2648668 B1,B1,등록특허공보,등록공고,폴리우레탄 폼에서 알데히드 방출을 감소시키는 방법,8,E4,[E4] claim_count(5) ≠ 삭제 제외 실질 항 수(10) · claims 15 · 삭제 5,7,D1 D3 D7 D2 D5 D12 D8,[D5] 상세설명에 하위섹션+전문 중복 렌더(섹션 28101자 = 전문 28751 + 하위섹션 1725) / [D12] 서지 청구항 수 5개 ↔ 청구범위 목록 15개(삭제 5) 불일치 / [D8] 독립항 목록 7개 중 5개가 본문 '삭제',
KR 10-2649053 B1,B1,등록특허공보,등록공고,액화 가스 및/또는 액화 가스로부터 나오는 자연 증발 가스를 냉각시키는 장치 및 방법,8,E13,[E13] 패밀리 동일 문헌 1쌍 중복 적재 (JP 7242554 B2 / JP 07242554 B2),7,D1 D3 D7 D2 D5 D6 D10,[D5] 상세설명에 하위섹션+전문 중복 렌더(섹션 76456자 = 전문 59093 + 하위섹션 29152) / [D6] 도면 미반입인데 패널 노출(서지 도면 수 0건 / 패널 캡션 1개 · 이미지 없음) / [D10] 패밀리 목록 6행 중 1행이 동일 문헌 중복 노출,[F1] drawing_count 0 (도면의 설명 1원소 보유) [F2] 도면 설명 1원소에 도 11개 뭉침
KR 10-2649194 B1,B1,등록특허공보,등록공고,외부 물체와의 거리를 측정하기 위한 전자 장치의 cross-talk 방지 구조,8,E13,[E13] 패밀리 동일 문헌 1쌍 중복 적재 (EP 3908849 A1 / EP 03908849 A1),7,D1 D3 D7 D2 D5 D6 D10,[D5] 상세설명에 하위섹션+전문 중복 렌더(섹션 26204자 = 전문 26008 + 하위섹션 2339) / [D6] 도면 미반입인데 패널 노출(서지 도면 수 0건 / 패널 캡션 1개 · 이미지 없음) / [D10] 패밀리 목록 5행 중 1행이 동일 문헌 중복 노출,[F1] drawing_count 0 (도면의 설명 1원소 보유) [F2] 도면 설명 1원소에 도 12개 뭉침
KR 10-2649679 B1,B1,등록특허공보,등록공고,조직 격납 및 회수를 위한 시스템들 및 방법들,8,E13,[E13] 패밀리 동일 문헌 1쌍 중복 적재 (EP 4122402 A1 / EP 04122402 A1),7,D1 D3 D7 D2 D5 D6 D10,[D5] 상세설명에 하위섹션+전문 중복 렌더(섹션 70625자 = 전문 60204 + 하위섹션 11864) / [D6] 도면 미반입인데 패널 노출(서지 도면 수 0건 / 패널 캡션 1개 · 이미지 없음) / [D10] 패밀리 목록 19행 중 1행이 동일 문헌 중복 노출,[F1] drawing_count 0 (도면의 설명 1원소 보유) [F2] 도면 설명 1원소에 도 77개 뭉침
KR 10-2649868 B1,B1,등록특허공보,등록공고,성막 장치 및 매립 처리 장치,8,E13,[E13] 패밀리 동일 문헌 1쌍 중복 적재 (JP 7132198 B2 / JP 07132198 B2),7,D1 D3 D7 D2 D5 D6 D10,[D5] 상세설명에 하위섹션+전문 중복 렌더(섹션 36672자 = 전문 35690 + 하위섹션 3962) / [D6] 도면 미반입인데 패널 노출(서지 도면 수 0건 / 패널 캡션 1개 · 이미지 없음) / [D10] 패밀리 목록 6행 중 1행이 동일 문헌 중복 노출,[F1] drawing_count 0 (도면의 설명 1원소 보유) [F2] 도면 설명 1원소에 도 14개 뭉침
KR 10-2650099 B1,B1,등록특허공보,등록공고,반도체 장치 및 이를 포함하는 테스트 시스템,8,E4,[E4] claim_count(3) ≠ 삭제 제외 실질 항 수(16) · claims 16 · 삭제 0,7,D1 D3 D7 D2 D5 D6 D12,[D5] 상세설명에 하위섹션+전문 중복 렌더(섹션 18034자 = 전문 18161 + 하위섹션 2617) / [D6] 도면 미반입인데 패널 노출(서지 도면 수 0건 / 패널 캡션 1개 · 이미지 없음) / [D12] 서지 청구항 수 3개 ↔ 청구범위 목록 16개(삭제 0) 불일치,[F1] drawing_count 0 (도면의 설명 1원소 보유) [F2] 도면 설명 1원소에 도 18개 뭉침
KR 10-2650659 B1,B1,등록특허공보,등록공고,디스플레이 장치,8,E13,[E13] 패밀리 동일 문헌 2쌍 중복 적재 (EP 3624198 A3 / EP 03624198 A3 / JP 7572116 B2 / JP 07572116 B2),7,D1 D3 D7 D2 D5 D6 D10,[D5] 상세설명에 하위섹션+전문 중복 렌더(섹션 24917자 = 전문 23602 + 하위섹션 4220) / [D6] 도면 미반입인데 패널 노출(서지 도면 수 0건 / 패널 캡션 1개 · 이미지 없음) / [D10] 패밀리 목록 9행 중 2행이 동일 문헌 중복 노출,[F1] drawing_count 0 (도면의 설명 1원소 보유) [F2] 도면 설명 1원소에 도 15개 뭉침
KR 10-2651015 B1,B1,등록특허공보,등록공고,전기 단자,8,E13,[E13] 패밀리 동일 문헌 1쌍 중복 적재 (EP 3985801 A1 / EP 03985801 A1),7,D1 D3 D7 D2 D5 D6 D10,[D5] 상세설명에 하위섹션+전문 중복 렌더(섹션 35227자 = 전문 24266 + 하위섹션 13402) / [D6] 도면 미반입인데 패널 노출(서지 도면 수 0건 / 패널 캡션 1개 · 이미지 없음) / [D10] 패밀리 목록 6행 중 1행이 동일 문헌 중복 노출,[F1] drawing_count 0 (도면의 설명 1원소 보유) [F2] 도면 설명 1원소에 도 4개 뭉침
KR 10-2651787 B1,B1,등록특허공보,등록공고,리튬 이차전지용 비수계 전해액 및 이를 포함하는 리튬 이차전지,8,E13,[E13] 패밀리 동일 문헌 1쌍 중복 적재 (EP 4178002 A1 / EP 04178002 A1),7,D1 D3 D7 D2 D12 D8 D10,[D12] 서지 청구항 수 10개 ↔ 청구범위 목록 11개(삭제 1) 불일치 / [D8] 독립항 목록 2개 중 1개가 본문 '삭제' / [D10] 패밀리 목록 8행 중 1행이 동일 문헌 중복 노출,
KR 10-2663158 B1,B1,등록특허공보,등록공고,안전성이 향상된 리튬 이차전지,8,E13,[E13] 패밀리 동일 문헌 1쌍 중복 적재 (EP 4280306 A1 / EP 04280306 A1),7,D1 D3 D7 D2 D5 D4 D10,[D5] 상세설명에 하위섹션+전문 중복 렌더(섹션 23578자 = 전문 19564 + 하위섹션 4659) / [D4] 공개번호(10-2023-0097462)와 표시 일자(2024-05-08) 계열 불일치 · 문헌일 2023-07-03 / [D10] 패밀리 목록 9행 중 1행이 동일 문헌 중복 노출,
KR 10-2664940 B1,B1,등록특허공보,등록공고,ＬＦＳ 컨테이너선의 ＬＮＧ 연료 탱크 주변 공기를 이용한 냉동컨테이너 화물 구역의 공조 시스템,8,E14,[E14] 명칭에 전각 영숫자 — 'ＬＦＳ 컨테이너선의 ＬＮＧ 연료 탱크 주변 공기를 이용한 냉동컨테이너 화',7,D1 D3 D7 D2 D5 D6 D4,[D5] 상세설명에 하위섹션+전문 중복 렌더(섹션 10590자 = 전문 7536 + 하위섹션 3293) / [D6] 도면 미반입인데 패널 노출(서지 도면 수 0건 / 패널 캡션 1개 · 이미지 없음) / [D4] 공개번호(10-2018-0047349)와 표시 일자(2024-05-09) 계열 불일치 · 문헌일 2018-05-10,[F1] drawing_count 0 (도면의 설명 1원소 보유)
KR 10-2692274 B1,B1,등록특허공보,등록공고,연료전지 시스템의 ＣＯＤ히터의 과열 방지 제어 방법,8,E14,[E14] 명칭에 전각 영숫자 — '연료전지 시스템의 ＣＯＤ히터의 과열 방지 제어 방법',7,D1 D3 D7 D2 D5 D6 D4,[D5] 상세설명에 하위섹션+전문 중복 렌더(섹션 27539자 = 전문 21549 + 하위섹션 6217) / [D6] 도면 미반입인데 패널 노출(서지 도면 수 0건 / 패널 캡션 1개 · 이미지 없음) / [D4] 공개번호(10-2020-0078900)와 표시 일자(2024-08-05) 계열 불일치 · 문헌일 2020-07-02,[F1] drawing_count 0 (도면의 설명 1원소 보유) [F2] 도면 설명 1원소에 도 6개 뭉침
KR 10-2703764 B1,B1,등록특허공보,등록공고,클라우딘-18.2-특이적 면역수용체 및 T 세포 에피토프,8,E13,[E13] 패밀리 동일 문헌 1쌍 중복 적재 (EP 4082565 A1 / EP 04082565 A1),7,D1 D3 D7 D5 D6 D4 D10,[D5] 상세설명에 하위섹션+전문 중복 렌더(섹션 131758자 = 전문 119855 + 하위섹션 13161) / [D6] 도면 미반입인데 패널 노출(서지 도면 수 0건 / 패널 캡션 1개 · 이미지 없음) / [D4] 공개번호(10-2022-0084208)와 표시 일자(2024-09-06) 계열 불일치 · 문헌일 2022-06-21 / [D10] 패밀리 목록 37행 중 1행이 동일 문헌 중복 노출,[F1] drawing_count 0 (도면의 설명 1원소 보유) [F2] 도면 설명 1원소에 도 17개 뭉침
KR 10-2732042 B1,B1,등록특허공보,특허취소신청,세라믹 그린 시트 제조용 이형 필름 및 그의 제조 방법,8,E13,[E13] 패밀리 동일 문헌 1쌍 중복 적재 (JP 6409997 B1 / JP 06409997 B1),7,D1 D3 D7 D2 D5 D4 D10,[D5] 상세설명에 하위섹션+전문 중복 렌더(섹션 36944자 = 전문 34775 + 하위섹션 3393) / [D4] 공개번호(10-2023-0129570)와 표시 일자(2024-11-20) 계열 불일치 · 문헌일 2023-09-08 / [D10] 패밀리 목록 12행 중 1행이 동일 문헌 중복 노출,
KR 10-2732044 B1,B1,등록특허공보,특허취소신청,세라믹 그린 시트 제조용 이형 필름 및 그의 제조 방법,8,E13,[E13] 패밀리 동일 문헌 1쌍 중복 적재 (JP 6516050 B2 / JP 06516050 B2),7,D1 D3 D7 D2 D5 D4 D10,[D5] 상세설명에 하위섹션+전문 중복 렌더(섹션 36944자 = 전문 34775 + 하위섹션 3393) / [D4] 공개번호(10-2023-0128580)와 표시 일자(2024-11-20) 계열 불일치 · 문헌일 2023-09-05 / [D10] 패밀리 목록 10행 중 1행이 동일 문헌 중복 노출,
KR 10-2634993 B1,B1,등록특허공보,등록공고,"1,3,7-옥타트리엔과 부타디엔의 공중합체 및 이의 수소화물, 및 상기 공중합체의 제조방법",7,E13,[E13] 패밀리 동일 문헌 2쌍 중복 적재 (EP 3564278 A1 / EP 03564278 A1 / JP 7075354 B2 / JP 07075354 B2),6,D1 D3 D7 D2 D5 D10,[D5] 상세설명에 하위섹션+전문 중복 렌더(섹션 47754자 = 전문 49450 + 하위섹션 5223) / [D10] 패밀리 목록 10행 중 2행이 동일 문헌 중복 노출,
KR 10-2635152 B1,B1,등록특허공보,등록공고,신규 음이온성 계면활성제 및 그를 함유하는 세제 및 세정 작용제,7,E13,[E13] 패밀리 동일 문헌 1쌍 중복 적재 (EP 3676269 B1 / EP 03676269 B1),6,D1 D3 D7 D2 D5 D10,[D5] 상세설명에 하위섹션+전문 중복 렌더(섹션 27707자 = 전문 28978 + 하위섹션 418) / [D10] 패밀리 목록 7행 중 1행이 동일 문헌 중복 노출,
KR 10-2635449 B1,B1,등록특허공보,등록공고,용기 마개용 폴리머 조성물,7,E13,[E13] 패밀리 동일 문헌 1쌍 중복 적재 (JP 7181681 B2 / JP 07181681 B2),6,D1 D3 D7 D2 D5 D10,[D5] 상세설명에 하위섹션+전문 중복 렌더(섹션 16350자 = 전문 13696 + 하위섹션 4909) / [D10] 패밀리 목록 10행 중 1행이 동일 문헌 중복 노출,
KR 10-2637390 B1,B1,등록특허공보,등록공고,표피재,7,E13,[E13] 패밀리 동일 문헌 1쌍 중복 적재 (EP 4248803 A1 / EP 04248803 A1),6,D1 D3 D7 D2 D6 D10,[D6] 도면 미반입인데 패널 노출(서지 도면 수 0건 / 패널 캡션 1개 · 이미지 없음) / [D10] 패밀리 목록 6행 중 1행이 동일 문헌 중복 노출,[F1] drawing_count 0 (도면의 설명 1원소 보유)
KR 10-2638806 B1,B1,등록특허공보,등록공고,메타크롤레인-기반 알킬 메타크릴레이트로부터의 메타크릴산의 합성,7,E13,[E13] 패밀리 동일 문헌 1쌍 중복 적재 (EP 3144291 A1 / EP 03144291 A1),6,D1 D3 D7 D2 D5 D10,[D5] 상세설명에 하위섹션+전문 중복 렌더(섹션 41195자 = 전문 24169 + 하위섹션 22090) / [D10] 패밀리 목록 15행 중 1행이 동일 문헌 중복 노출,
KR 10-2639340 B1,B1,등록특허공보,등록공고,중공 스태빌라이저용 전봉 강관,7,E13,[E13] 패밀리 동일 문헌 1쌍 중복 적재 (EP 3971307 A1 / EP 03971307 A1),6,D1 D3 D7 D2 D6 D10,[D6] 도면 미반입인데 패널 노출(서지 도면 수 0건 / 패널 캡션 1개 · 이미지 없음) / [D10] 패밀리 목록 11행 중 1행이 동일 문헌 중복 노출,[F1] drawing_count 0 (도면의 설명 1원소 보유)
KR 10-2648475 B1,B1,등록특허공보,등록공고,"유기 전계 발광 화합물, 및 이를 포함하는 유기 전계 발광 재료 및 유기 전계 발광 소자",7,E4,[E4] claim_count(7) ≠ 삭제 제외 실질 항 수(8) · claims 8 · 삭제 0,6,D1 D3 D7 D2 D5 D12,[D5] 상세설명에 하위섹션+전문 중복 렌더(섹션 41470자 = 전문 44894 + 하위섹션 3677) / [D12] 서지 청구항 수 7개 ↔ 청구범위 목록 8개(삭제 0) 불일치,
KR 10-2649181 B1,B1,등록특허공보,등록공고,산화주석 (II)을 함유하는 음이온 교환기에 의한 크롬 (IV) 함유 물의 처리,7,E13,[E13] 패밀리 동일 문헌 1쌍 중복 적재 (EP 3720819 A1 / EP 03720819 A1),6,D1 D3 D7 D2 D5 D10,[D5] 상세설명에 하위섹션+전문 중복 렌더(섹션 13475자 = 전문 14802 + 하위섹션 419) / [D10] 패밀리 목록 7행 중 1행이 동일 문헌 중복 노출,
KR 10-2649461 B1,B1,등록특허공보,등록공고,"폴리아미드 섬유 및 직편물, 및 폴리아미드 섬유의 제조 방법",7,E13,[E13] 패밀리 동일 문헌 1쌍 중복 적재 (JP 7173014 B2 / JP 07173014 B2),6,D1 D3 D7 D2 D5 D10,[D5] 상세설명에 하위섹션+전문 중복 렌더(섹션 17916자 = 전문 19930 + 하위섹션 857) / [D10] 패밀리 목록 5행 중 1행이 동일 문헌 중복 노출,
KR 10-2649543 B1,B1,등록특허공보,등록공고,"캡시드-변형된 RAAV3 벡터 조성물, 및 인간 간암의 유전자 요법에서의 용도",7,E13,[E13] 패밀리 동일 문헌 3쌍 중복 적재 (JP 6563334 B2 / JP 6628286 B2 / JP 7004328 B2 / JP 06563334 B2),6,D1 D3 D7 D5 D6 D10,[D5] 상세설명에 하위섹션+전문 중복 렌더(섹션 169523자 = 전문 158864 + 하위섹션 19101) / [D6] 도면 미반입인데 패널 노출(서지 도면 수 0건 / 패널 캡션 1개 · 이미지 없음) / [D10] 패밀리 목록 56행 중 3행이 동일 문헌 중복 노출,[F1] drawing_count 0 (도면의 설명 1원소 보유) [F2] 도면 설명 1원소에 도 215개 뭉침
KR 10-2650255 B1,B1,등록특허공보,등록공고,프레스 경화 레이저 용접된 강 부품의 제조 방법 및 프레스 경화 레이저 용접된 강 부품,7,E13,[E13] 패밀리 동일 문헌 1쌍 중복 적재 (EP 3758886 A1 / EP 03758886 A1),6,D1 D3 D7 D2 D6 D10,[D6] 도면 미반입인데 패널 노출(서지 도면 수 0건 / 패널 캡션 1개 · 이미지 없음) / [D10] 패밀리 목록 25행 중 1행이 동일 문헌 중복 노출,[F1] drawing_count 0 (도면의 설명 1원소 보유) [F2] 도면 설명 1원소에 도 3개 뭉침
KR 10-2635087 B1,B1,등록특허공보,등록공고,화장료 기제 및 그것을 사용한 피부 화장료,6,E13,[E13] 패밀리 동일 문헌 2쌍 중복 적재 (EP 3677249 A1 / EP 03677249 A1 / JP 7250681 B2 / JP 07250681 B2),5,D1 D3 D7 D2 D10,[D10] 패밀리 목록 9행 중 2행이 동일 문헌 중복 노출,
KR 10-2636765 B1,B1,등록특허공보,등록공고,배터리 구획,6,E13,[E13] 패밀리 동일 문헌 1쌍 중복 적재 (EP 3692583 A1 / EP 03692583 A1),5,D1 D3 D7 D2 D10,[D10] 패밀리 목록 9행 중 1행이 동일 문헌 중복 노출,
KR 10-2620415 B1,B1,등록특허공보,등록공고,저항성 랜덤 액세스 메모리 셀들의 어레이에 대한 기입 및 판독을 위한 회로,11,,,11,D1 D3 D7 D2 D5 D6 D12 D8 D8c D4 D9,[D5] 상세설명에 하위섹션+전문 중복 렌더(섹션 45637자 = 전문 38849 + 하위섹션 7443) / [D6] 도면 미반입인데 패널 노출(서지 도면 수 0건 / 패널 캡션 1개 · 이미지 없음) / [D12] 서지 청구항 수 1개 ↔ 청구범위 목록 46개(삭제 45) 불일치 / [D8] 독립항 목록 46개 중 45개가 본문 '삭제' / [D8c] 종속항 0 · 삭제항 45 → 독립/전체 토글 결과 동일(46개) / [D4] 공개번호(10-2021-0149187)와 표시 일자(2024-01-02) 계열 불일치 · 문헌일 2021-12-08 / [D9] 서지 권리변동 — 인데 권리변동 이력 1건 존재,[F1] drawing_count 0 (도면의 설명 1원소 보유) [F2] 도면 설명 1원소에 도 53개 뭉침
KR 10-2619202 B1,B1,등록특허공보,정정공고,실내외 공기질 정보를 이용하여 필터 교체 시기를 결정하는 공기정화시스템 및 실내외 공기질 정보를 이용하여 필,10,,,10,D1 D3 D7 D2 D5 D6 D12 D8 D4b D9,[D5] 상세설명에 하위섹션+전문 중복 렌더(섹션 19480자 = 전문 15928 + 하위섹션 3800) / [D6] 도면 미반입인데 패널 노출(서지 도면 수 0건 / 패널 캡션 1개 · 이미지 없음) / [D12] 서지 청구항 수 8개 ↔ 청구범위 목록 10개(삭제 2) 불일치 / [D8] 독립항 목록 8개 중 2개가 본문 '삭제' / [D4b] 공개/공고번호 — 인데 공개/공고일(2024-01-02)만 표시 / [D9] 서지 권리변동 — 인데 권리변동 이력 1건 존재,[F1] drawing_count 0 (도면의 설명 1원소 보유) [F2] 도면 설명 1원소에 도 10개 뭉침
KR 10-2619810 B1,B1,등록특허공보,등록공고,철도 시설물 성능평가 기준 데이터 관리 및 평가 자동화 처리 시스템 및 이를 이용한 방법,10,,,10,D1 D3 D7 D2 D5 D6 D12 D8 D8c D4b,[D5] 상세설명에 하위섹션+전문 중복 렌더(섹션 13896자 = 전문 10629 + 하위섹션 3459) / [D6] 도면 미반입인데 패널 노출(서지 도면 수 0건 / 패널 캡션 1개 · 이미지 없음) / [D12] 서지 청구항 수 7개 ↔ 청구범위 목록 8개(삭제 1) 불일치 / [D8] 독립항 목록 8개 중 1개가 본문 '삭제' / [D8c] 종속항 0 · 삭제항 1 → 독립/전체 토글 결과 동일(8개) / [D4b] 공개/공고번호 — 인데 공개/공고일(2024-01-04)만 표시,[F1] drawing_count 0 (도면의 설명 1원소 보유) [F2] 도면 설명 1원소에 도 18개 뭉침
KR 10-2619870 B1,B1,등록특허공보,등록공고,텐트용 에어 폴대,10,,,10,D1 D3 D7 D2 D5 D6 D12 D8 D8c D4,[D5] 상세설명에 하위섹션+전문 중복 렌더(섹션 10179자 = 전문 7797 + 하위섹션 2597) / [D6] 도면 미반입인데 패널 노출(서지 도면 수 0건 / 패널 캡션 1개 · 이미지 없음) / [D12] 서지 청구항 수 2개 ↔ 청구범위 목록 4개(삭제 2) 불일치 / [D8] 독립항 목록 4개 중 2개가 본문 '삭제' / [D8c] 종속항 0 · 삭제항 2 → 독립/전체 토글 결과 동일(4개) / [D4] 공개번호(10-2023-0148568)와 표시 일자(2024-01-04) 계열 불일치 · 문헌일 2023-10-25,[F1] drawing_count 0 (도면의 설명 1원소 보유) [F2] 도면 설명 1원소에 도 14개 뭉침
KR 10-2620068 B1,B1,등록특허공보,등록공고,무선 충전 관리 방법 및 시스템,10,,,10,D1 D3 D7 D2 D5 D6 D12 D8 D8c D4,[D5] 상세설명에 하위섹션+전문 중복 렌더(섹션 46223자 = 전문 43859 + 하위섹션 2704) / [D6] 도면 미반입인데 패널 노출(서지 도면 수 0건 / 패널 캡션 1개 · 이미지 없음) / [D12] 서지 청구항 수 5개 ↔ 청구범위 목록 20개(삭제 15) 불일치 / [D8] 독립항 목록 20개 중 15개가 본문 '삭제' / [D8c] 종속항 0 · 삭제항 15 → 독립/전체 토글 결과 동일(20개) / [D4] 공개번호(10-2018-0024786)와 표시 일자(2024-01-03) 계열 불일치 · 문헌일 2018-03-08,[F1] drawing_count 0 (도면의 설명 1원소 보유) [F2] 도면 설명 1원소에 도 11개 뭉침
KR 10-2620141 B1,B1,등록특허공보,등록공고,헬리컬 파일과 커플링 용접 방법 및 이에 의해 용접 고정된 커플링,10,,,10,D1 D3 D7 D2 D5 D6 D12 D8 D8c D4b,[D5] 상세설명에 하위섹션+전문 중복 렌더(섹션 6703자 = 전문 4896 + 하위섹션 1863) / [D6] 도면 미반입인데 패널 노출(서지 도면 수 0건 / 패널 캡션 1개 · 이미지 없음) / [D12] 서지 청구항 수 2개 ↔ 청구범위 목록 6개(삭제 4) 불일치 / [D8] 독립항 목록 6개 중 4개가 본문 '삭제' / [D8c] 종속항 0 · 삭제항 4 → 독립/전체 토글 결과 동일(6개) / [D4b] 공개/공고번호 — 인데 공개/공고일(2024-01-02)만 표시,[F1] drawing_count 0 (도면의 설명 1원소 보유) [F2] 도면 설명 1원소에 도 11개 뭉침
KR 10-2620175 B1,B1,등록특허공보,정정공고,펫트용 발포매트의 제조방법.,10,,,10,D1 D3 D7 D2 D5 D6 D12 D8 D8c D4b,[D5] 상세설명에 하위섹션+전문 중복 렌더(섹션 12974자 = 전문 8808 + 하위섹션 4396) / [D6] 도면 미반입인데 패널 노출(서지 도면 수 0건 / 패널 캡션 1개 · 이미지 없음) / [D12] 서지 청구항 수 1개 ↔ 청구범위 목록 6개(삭제 5) 불일치 / [D8] 독립항 목록 6개 중 5개가 본문 '삭제' / [D8c] 종속항 0 · 삭제항 5 → 독립/전체 토글 결과 동일(6개) / [D4b] 공개/공고번호 — 인데 공개/공고일(2024-01-03)만 표시,[F1] drawing_count 0 (도면의 설명 1원소 보유) [F2] 도면 설명 1원소에 도 8개 뭉침
KR 10-2620186 B1,B1,등록특허공보,등록공고,"리모실락토바실러스 뮤코세 균주, 및 그의 유래의 소포체및 그의 항염증 및 항균 용도",10,,,10,D1 D3 D7 D2 D5 D6 D12 D8 D8c D4b,[D5] 상세설명에 하위섹션+전문 중복 렌더(섹션 34252자 = 전문 20851 + 하위섹션 13882) / [D6] 도면 미반입인데 패널 노출(서지 도면 수 0건 / 패널 캡션 1개 · 이미지 없음) / [D12] 서지 청구항 수 12개 ↔ 청구범위 목록 15개(삭제 3) 불일치 / [D8] 독립항 목록 15개 중 3개가 본문 '삭제' / [D8c] 종속항 0 · 삭제항 3 → 독립/전체 토글 결과 동일(15개) / [D4b] 공개/공고번호 — 인데 공개/공고일(2024-01-04)만 표시,[F1] drawing_count 0 (도면의 설명 1원소 보유) [F2] 도면 설명 1원소에 도 7개 뭉침
KR 10-2620234 B1,B1,등록특허공보,등록공고,태양광 패널을 이용해 전력 공급 가능한 위성 안테나 시스템,10,,,10,D1 D3 D7 D2 D5 D6 D12 D8 D8c D4,[D5] 상세설명에 하위섹션+전문 중복 렌더(섹션 13049자 = 전문 10453 + 하위섹션 2737) / [D6] 도면 미반입인데 패널 노출(서지 도면 수 0건 / 패널 캡션 1개 · 이미지 없음) / [D12] 서지 청구항 수 1개 ↔ 청구범위 목록 7개(삭제 6) 불일치 / [D8] 독립항 목록 7개 중 6개가 본문 '삭제' / [D8c] 종속항 0 · 삭제항 6 → 독립/전체 토글 결과 동일(7개) / [D4] 공개번호(10-2023-0109001)와 표시 일자(2024-01-02) 계열 불일치 · 문헌일 2023-07-19,[F1] drawing_count 0 (도면의 설명 1원소 보유) [F2] 도면 설명 1원소에 도 8개 뭉침
KR 10-2620258 B1,B1,등록특허공보,등록공고,한 화면에 전자 문서를 구성하는 페이지들을 두 페이지씩 최적의 비율로 표시할 수 있는 전자 장치 및 그 동작,10,,,10,D1 D3 D7 D2 D5 D6 D12 D8 D4 D9,[D5] 상세설명에 하위섹션+전문 중복 렌더(섹션 27530자 = 전문 23619 + 하위섹션 4096) / [D6] 도면 미반입인데 패널 노출(서지 도면 수 0건 / 패널 캡션 1개 · 이미지 없음) / [D12] 서지 청구항 수 10개 ↔ 청구범위 목록 12개(삭제 2) 불일치 / [D8] 독립항 목록 4개 중 2개가 본문 '삭제' / [D4] 공개번호(10-2023-0063649)와 표시 일자(2024-01-02) 계열 불일치 · 문헌일 2023-05-09 / [D9] 서지 권리변동 — 인데 권리변동 이력 1건 존재,[F1] drawing_count 0 (도면의 설명 1원소 보유) [F2] 도면 설명 1원소에 도 4개 뭉침
KR 10-2620377 B1,B1,등록특허공보,등록공고,태양광모듈의 재활용을 위한 비가열식 자동화 백시트분리장치,10,,,10,D1 D3 D7 D2 D5 D6 D12 D8 D8c D4b,[D5] 상세설명에 하위섹션+전문 중복 렌더(섹션 20114자 = 전문 15706 + 하위섹션 4789) / [D6] 도면 미반입인데 패널 노출(서지 도면 수 0건 / 패널 캡션 1개 · 이미지 없음) / [D12] 서지 청구항 수 8개 ↔ 청구범위 목록 10개(삭제 2) 불일치 / [D8] 독립항 목록 10개 중 2개가 본문 '삭제' / [D8c] 종속항 0 · 삭제항 2 → 독립/전체 토글 결과 동일(10개) / [D4b] 공개/공고번호 — 인데 공개/공고일(2024-01-03)만 표시,[F1] drawing_count 0 (도면의 설명 1원소 보유) [F2] 도면 설명 1원소에 도 14개 뭉침
KR 10-2620436 B1,B1,등록특허공보,등록공고,안마기구,10,,,10,D1 D3 D7 D2 D5 D6 D12 D8 D4b D9,[D5] 상세설명에 하위섹션+전문 중복 렌더(섹션 11005자 = 전문 7633 + 하위섹션 3443) / [D6] 도면 미반입인데 패널 노출(서지 도면 수 0건 / 패널 캡션 1개 · 이미지 없음) / [D12] 서지 청구항 수 4개 ↔ 청구범위 목록 5개(삭제 1) 불일치 / [D8] 독립항 목록 3개 중 1개가 본문 '삭제' / [D4b] 공개/공고번호 — 인데 공개/공고일(2024-01-02)만 표시 / [D9] 서지 권리변동 — 인데 권리변동 이력 1건 존재,[F1] drawing_count 0 (도면의 설명 1원소 보유) [F2] 도면 설명 1원소에 도 5개 뭉침
KR 10-2620553 B1,B1,등록특허공보,등록공고,약품탱크용 약품공급장치,10,,,10,D1 D3 D7 D2 D5 D6 D12 D8 D8c D4b,[D5] 상세설명에 하위섹션+전문 중복 렌더(섹션 15001자 = 전문 11687 + 하위섹션 3447) / [D6] 도면 미반입인데 패널 노출(서지 도면 수 0건 / 패널 캡션 1개 · 이미지 없음) / [D12] 서지 청구항 수 9개 ↔ 청구범위 목록 10개(삭제 1) 불일치 / [D8] 독립항 목록 10개 중 1개가 본문 '삭제' / [D8c] 종속항 0 · 삭제항 1 → 독립/전체 토글 결과 동일(10개) / [D4b] 공개/공고번호 — 인데 공개/공고일(2024-01-04)만 표시,[F1] drawing_count 0 (도면의 설명 1원소 보유) [F2] 도면 설명 1원소에 도 7개 뭉침
KR 10-2620565 B1,B1,등록특허공보,등록공고,개인 맞춤형 치아관리 서비스 제공하는 서버 및 그것의 동작방법,10,,,10,D1 D3 D7 D2 D5 D6 D12 D8 D8c D4,[D5] 상세설명에 하위섹션+전문 중복 렌더(섹션 16626자 = 전문 14573 + 하위섹션 2184) / [D6] 도면 미반입인데 패널 노출(서지 도면 수 0건 / 패널 캡션 1개 · 이미지 없음) / [D12] 서지 청구항 수 1개 ↔ 청구범위 목록 5개(삭제 4) 불일치 / [D8] 독립항 목록 5개 중 4개가 본문 '삭제' / [D8c] 종속항 0 · 삭제항 4 → 독립/전체 토글 결과 동일(5개) / [D4] 공개번호(10-2022-0121510)와 표시 일자(2024-01-03) 계열 불일치 · 문헌일 2022-09-01,[F1] drawing_count 0 (도면의 설명 1원소 보유) [F2] 도면 설명 1원소에 도 3개 뭉침
KR 10-2620614 B1,B1,등록특허공보,등록공고,미생물가용 연속식 건조 장치,10,,,10,D1 D3 D7 D2 D5 D6 D12 D8 D8c D4b,[D5] 상세설명에 하위섹션+전문 중복 렌더(섹션 17733자 = 전문 13772 + 하위섹션 4915) / [D6] 도면 미반입인데 패널 노출(서지 도면 수 0건 / 패널 캡션 1개 · 이미지 없음) / [D12] 서지 청구항 수 4개 ↔ 청구범위 목록 5개(삭제 1) 불일치 / [D8] 독립항 목록 5개 중 1개가 본문 '삭제' / [D8c] 종속항 0 · 삭제항 1 → 독립/전체 토글 결과 동일(5개) / [D4b] 공개/공고번호 — 인데 공개/공고일(2024-01-04)만 표시,[F1] drawing_count 0 (도면의 설명 1원소 보유) [F2] 도면 설명 1원소에 도 8개 뭉침
KR 10-2620675 B1,B1,등록특허공보,등록공고,경조사 온오프라인 통합 PG 결제 시스템,10,,,10,D1 D3 D7 D2 D5 D6 D12 D8 D8c D4,[D5] 상세설명에 하위섹션+전문 중복 렌더(섹션 17135자 = 전문 13566 + 하위섹션 3803) / [D6] 도면 미반입인데 패널 노출(서지 도면 수 0건 / 패널 캡션 1개 · 이미지 없음) / [D12] 서지 청구항 수 1개 ↔ 청구범위 목록 2개(삭제 1) 불일치 / [D8] 독립항 목록 2개 중 1개가 본문 '삭제' / [D8c] 종속항 0 · 삭제항 1 → 독립/전체 토글 결과 동일(2개) / [D4] 공개번호(10-2022-0162328)와 표시 일자(2024-01-03) 계열 불일치 · 문헌일 2022-12-08,[F1] drawing_count 0 (도면의 설명 1원소 보유) [F2] 도면 설명 1원소에 도 5개 뭉침
KR 10-2620692 B1,B1,등록특허공보,등록공고,이러닝 콘텐츠 제작을 위한 HTML5 자동 변환 방법,10,,,10,D1 D3 D7 D2 D5 D6 D12 D8 D8c D4b,[D5] 상세설명에 하위섹션+전문 중복 렌더(섹션 15376자 = 전문 11378 + 하위섹션 4105) / [D6] 도면 미반입인데 패널 노출(서지 도면 수 0건 / 패널 캡션 1개 · 이미지 없음) / [D12] 서지 청구항 수 2개 ↔ 청구범위 목록 4개(삭제 2) 불일치 / [D8] 독립항 목록 4개 중 2개가 본문 '삭제' / [D8c] 종속항 0 · 삭제항 2 → 독립/전체 토글 결과 동일(4개) / [D4b] 공개/공고번호 — 인데 공개/공고일(2024-01-03)만 표시,[F1] drawing_count 0 (도면의 설명 1원소 보유) [F2] 도면 설명 1원소에 도 5개 뭉침
KR 10-2620781 B1,B1,등록특허공보,등록공고,이기종 스캐너를 이용한 FMCW 라이다 시스템,10,,,10,D1 D3 D7 D2 D5 D6 D12 D8 D8c D4b,[D5] 상세설명에 하위섹션+전문 중복 렌더(섹션 17961자 = 전문 12447 + 하위섹션 5656) / [D6] 도면 미반입인데 패널 노출(서지 도면 수 0건 / 패널 캡션 1개 · 이미지 없음) / [D12] 서지 청구항 수 8개 ↔ 청구범위 목록 10개(삭제 2) 불일치 / [D8] 독립항 목록 10개 중 2개가 본문 '삭제' / [D8c] 종속항 0 · 삭제항 2 → 독립/전체 토글 결과 동일(10개) / [D4b] 공개/공고번호 — 인데 공개/공고일(2024-01-04)만 표시,[F1] drawing_count 0 (도면의 설명 1원소 보유) [F2] 도면 설명 1원소에 도 5개 뭉침
KR 10-2620910 B1,B1,등록특허공보,등록공고,기업 맞춤형 통합솔루션 제공시스템,10,,,10,D1 D3 D7 D2 D5 D6 D12 D8 D8c D4b,[D5] 상세설명에 하위섹션+전문 중복 렌더(섹션 13740자 = 전문 10621 + 하위섹션 3299) / [D6] 도면 미반입인데 패널 노출(서지 도면 수 0건 / 패널 캡션 1개 · 이미지 없음) / [D12] 서지 청구항 수 1개 ↔ 청구범위 목록 8개(삭제 7) 불일치 / [D8] 독립항 목록 8개 중 7개가 본문 '삭제' / [D8c] 종속항 0 · 삭제항 7 → 독립/전체 토글 결과 동일(8개) / [D4b] 공개/공고번호 — 인데 공개/공고일(2024-01-03)만 표시,[F1] drawing_count 0 (도면의 설명 1원소 보유) [F2] 도면 설명 1원소에 도 9개 뭉침
KR 10-2620989 B1,B1,등록특허공보,등록공고,실시간 판매 방송 시스템 및 그 구동 방법,10,,,10,D1 D3 D7 D2 D5 D6 D12 D8 D8c D4,[D5] 상세설명에 하위섹션+전문 중복 렌더(섹션 22276자 = 전문 19708 + 하위섹션 2832) / [D6] 도면 미반입인데 패널 노출(서지 도면 수 0건 / 패널 캡션 1개 · 이미지 없음) / [D12] 서지 청구항 수 10개 ↔ 청구범위 목록 18개(삭제 8) 불일치 / [D8] 독립항 목록 18개 중 8개가 본문 '삭제' / [D8c] 종속항 0 · 삭제항 8 → 독립/전체 토글 결과 동일(18개) / [D4] 공개번호(10-2023-0034920)와 표시 일자(2024-01-05) 계열 불일치 · 문헌일 2023-03-10,[F1] drawing_count 0 (도면의 설명 1원소 보유) [F2] 도면 설명 1원소에 도 7개 뭉침
KR 10-2621106 B1,B1,등록특허공보,등록공고,선박 엔진 고장 진단 장치 및 방법,10,,,10,D1 D3 D7 D2 D5 D6 D12 D8 D8c D4b,[D5] 상세설명에 하위섹션+전문 중복 렌더(섹션 12674자 = 전문 10053 + 하위섹션 2738) / [D6] 도면 미반입인데 패널 노출(서지 도면 수 0건 / 패널 캡션 1개 · 이미지 없음) / [D12] 서지 청구항 수 2개 ↔ 청구범위 목록 6개(삭제 4) 불일치 / [D8] 독립항 목록 6개 중 4개가 본문 '삭제' / [D8c] 종속항 0 · 삭제항 4 → 독립/전체 토글 결과 동일(6개) / [D4b] 공개/공고번호 — 인데 공개/공고일(2024-01-03)만 표시,[F1] drawing_count 0 (도면의 설명 1원소 보유) [F2] 도면 설명 1원소에 도 6개 뭉침
KR 10-2621110 B1,B1,등록특허공보,등록공고,홀쏘장치용 타공원판 배출장치,10,,,10,D1 D3 D7 D2 D5 D6 D12 D8 D8c D4,[D5] 상세설명에 하위섹션+전문 중복 렌더(섹션 21326자 = 전문 14419 + 하위섹션 7350) / [D6] 도면 미반입인데 패널 노출(서지 도면 수 0건 / 패널 캡션 1개 · 이미지 없음) / [D12] 서지 청구항 수 7개 ↔ 청구범위 목록 10개(삭제 3) 불일치 / [D8] 독립항 목록 10개 중 3개가 본문 '삭제' / [D8c] 종속항 0 · 삭제항 3 → 독립/전체 토글 결과 동일(10개) / [D4] 공개번호(10-2023-0163793)와 표시 일자(2024-01-03) 계열 불일치 · 문헌일 2023-12-01,[F1] drawing_count 0 (도면의 설명 1원소 보유) [F2] 도면 설명 1원소에 도 8개 뭉침
KR 10-2621196 B1,B1,등록특허공보,등록공고,개인 영상정보 보호 CCTV 시스템,10,,,10,D1 D3 D7 D2 D5 D6 D12 D8 D8c D4b,[D5] 상세설명에 하위섹션+전문 중복 렌더(섹션 12125자 = 전문 9277 + 하위섹션 2998) / [D6] 도면 미반입인데 패널 노출(서지 도면 수 0건 / 패널 캡션 1개 · 이미지 없음) / [D12] 서지 청구항 수 5개 ↔ 청구범위 목록 8개(삭제 3) 불일치 / [D8] 독립항 목록 8개 중 3개가 본문 '삭제' / [D8c] 종속항 0 · 삭제항 3 → 독립/전체 토글 결과 동일(8개) / [D4b] 공개/공고번호 — 인데 공개/공고일(2024-01-09)만 표시,[F1] drawing_count 0 (도면의 설명 1원소 보유) [F2] 도면 설명 1원소에 도 7개 뭉침
KR 10-2621244 B1,B1,등록특허공보,등록공고,방풍 및 방충 기능을 갖는 루버,10,,,10,D1 D3 D7 D2 D5 D6 D12 D8 D8c D4,[D5] 상세설명에 하위섹션+전문 중복 렌더(섹션 8094자 = 전문 5895 + 하위섹션 2244) / [D6] 도면 미반입인데 패널 노출(서지 도면 수 0건 / 패널 캡션 1개 · 이미지 없음) / [D12] 서지 청구항 수 1개 ↔ 청구범위 목록 7개(삭제 6) 불일치 / [D8] 독립항 목록 7개 중 6개가 본문 '삭제' / [D8c] 종속항 0 · 삭제항 6 → 독립/전체 토글 결과 동일(7개) / [D4] 공개번호(10-2023-0111827)와 표시 일자(2024-01-05) 계열 불일치 · 문헌일 2023-07-26,[F1] drawing_count 0 (도면의 설명 1원소 보유) [F2] 도면 설명 1원소에 도 5개 뭉침
KR 10-2621300 B1,B1,등록특허공보,등록공고,액티브 노이스 캔슬링 기술을 이용한 층간소음을 줄여주는 진동기,10,,,10,D1 D3 D7 D2 D5 D6 D12 D8 D8c D4,[D5] 상세설명에 하위섹션+전문 중복 렌더(섹션 8161자 = 전문 4844 + 하위섹션 3371) / [D6] 도면 미반입인데 패널 노출(서지 도면 수 0건 / 패널 캡션 1개 · 이미지 없음) / [D12] 서지 청구항 수 1개 ↔ 청구범위 목록 5개(삭제 4) 불일치 / [D8] 독립항 목록 5개 중 4개가 본문 '삭제' / [D8c] 종속항 0 · 삭제항 4 → 독립/전체 토글 결과 동일(5개) / [D4] 공개번호(10-2022-0101025)와 표시 일자(2024-01-05) 계열 불일치 · 문헌일 2022-07-19,[F1] drawing_count 0 (도면의 설명 1원소 보유) [F2] 도면 설명 1원소에 도 3개 뭉침
KR 10-2621422 B1,B1,등록특허공보,등록공고,회전식 열 교환기,10,,,10,D1 D3 D7 D2 D5 D6 D12 D8 D8c D4,[D5] 상세설명에 하위섹션+전문 중복 렌더(섹션 12293자 = 전문 10593 + 하위섹션 1778) / [D6] 도면 미반입인데 패널 노출(서지 도면 수 0건 / 패널 캡션 1개 · 이미지 없음) / [D12] 서지 청구항 수 1개 ↔ 청구범위 목록 2개(삭제 1) 불일치 / [D8] 독립항 목록 2개 중 1개가 본문 '삭제' / [D8c] 종속항 0 · 삭제항 1 → 독립/전체 토글 결과 동일(2개) / [D4] 공개번호(10-2021-0031421)와 표시 일자(2024-01-09) 계열 불일치 · 문헌일 2021-03-19,[F1] drawing_count 0 (도면의 설명 1원소 보유) [F2] 도면 설명 1원소에 도 5개 뭉침
KR 10-2621460 B1,B1,등록특허공보,등록공고,표준구조물 부착형 수배전반 내진구조설계방법,10,,,10,D1 D3 D7 D2 D5 D6 D12 D8 D8c D4b,[D5] 상세설명에 하위섹션+전문 중복 렌더(섹션 8969자 = 전문 7616 + 하위섹션 1506) / [D6] 도면 미반입인데 패널 노출(서지 도면 수 0건 / 패널 캡션 1개 · 이미지 없음) / [D12] 서지 청구항 수 1개 ↔ 청구범위 목록 3개(삭제 2) 불일치 / [D8] 독립항 목록 3개 중 2개가 본문 '삭제' / [D8c] 종속항 0 · 삭제항 2 → 독립/전체 토글 결과 동일(3개) / [D4b] 공개/공고번호 — 인데 공개/공고일(2024-01-09)만 표시,[F1] drawing_count 0 (도면의 설명 1원소 보유) [F2] 도면 설명 1원소에 도 10개 뭉침
KR 10-2621491 B1,B1,등록특허공보,등록공고,인공지능 기반 소비자 선호도를 고려한 굿즈 노출 시스템,10,,,10,D1 D3 D7 D2 D5 D6 D12 D8 D8c D4b,[D5] 상세설명에 하위섹션+전문 중복 렌더(섹션 38770자 = 전문 29907 + 하위섹션 9415) / [D6] 도면 미반입인데 패널 노출(서지 도면 수 0건 / 패널 캡션 1개 · 이미지 없음) / [D12] 서지 청구항 수 1개 ↔ 청구범위 목록 3개(삭제 2) 불일치 / [D8] 독립항 목록 3개 중 2개가 본문 '삭제' / [D8c] 종속항 0 · 삭제항 2 → 독립/전체 토글 결과 동일(3개) / [D4b] 공개/공고번호 — 인데 공개/공고일(2024-01-10)만 표시,[F1] drawing_count 0 (도면의 설명 1원소 보유) [F2] 도면 설명 1원소에 도 11개 뭉침
KR 10-2621521 B1,B1,등록특허공보,등록공고,레지스터를 갖는 자동차용 캐니스터,10,,,10,D1 D3 D7 D2 D5 D6 D12 D8 D8c D4,[D5] 상세설명에 하위섹션+전문 중복 렌더(섹션 12532자 = 전문 9187 + 하위섹션 3481) / [D6] 도면 미반입인데 패널 노출(서지 도면 수 0건 / 패널 캡션 1개 · 이미지 없음) / [D12] 서지 청구항 수 6개 ↔ 청구범위 목록 8개(삭제 2) 불일치 / [D8] 독립항 목록 8개 중 2개가 본문 '삭제' / [D8c] 종속항 0 · 삭제항 2 → 독립/전체 토글 결과 동일(8개) / [D4] 공개번호(10-2020-0008696)와 표시 일자(2024-01-04) 계열 불일치 · 문헌일 2020-01-29,[F1] drawing_count 0 (도면의 설명 1원소 보유) [F2] 도면 설명 1원소에 도 7개 뭉침
KR 10-2621544 B1,B1,등록특허공보,등록공고,두골 골결손을 위한 골지지체 자동 디자인 및 제조 시스템,10,,,10,D1 D3 D7 D2 D5 D6 D12 D8 D8c D4,[D5] 상세설명에 하위섹션+전문 중복 렌더(섹션 11772자 = 전문 7957 + 하위섹션 3950) / [D6] 도면 미반입인데 패널 노출(서지 도면 수 0건 / 패널 캡션 1개 · 이미지 없음) / [D12] 서지 청구항 수 1개 ↔ 청구범위 목록 2개(삭제 1) 불일치 / [D8] 독립항 목록 2개 중 1개가 본문 '삭제' / [D8c] 종속항 0 · 삭제항 1 → 독립/전체 토글 결과 동일(2개) / [D4] 공개번호(10-2023-0013718)와 표시 일자(2024-01-10) 계열 불일치 · 문헌일 2023-01-27,[F1] drawing_count 0 (도면의 설명 1원소 보유)
KR 10-2621614 B1,B1,등록특허공보,등록공고,Iot 기반의 스마트 접속함 및 이의 작동 방법,10,,,10,D1 D3 D7 D2 D5 D6 D12 D8 D8c D4b,[D5] 상세설명에 하위섹션+전문 중복 렌더(섹션 13428자 = 전문 10256 + 하위섹션 3380) / [D6] 도면 미반입인데 패널 노출(서지 도면 수 0건 / 패널 캡션 1개 · 이미지 없음) / [D12] 서지 청구항 수 2개 ↔ 청구범위 목록 6개(삭제 4) 불일치 / [D8] 독립항 목록 6개 중 4개가 본문 '삭제' / [D8c] 종속항 0 · 삭제항 4 → 독립/전체 토글 결과 동일(6개) / [D4b] 공개/공고번호 — 인데 공개/공고일(2024-01-05)만 표시,[F1] drawing_count 0 (도면의 설명 1원소 보유) [F2] 도면 설명 1원소에 도 10개 뭉침
KR 10-2621663 B1,B1,등록특허공보,등록공고,자동차용 트레이 겸용 컵홀더,10,,,10,D1 D3 D7 D2 D5 D6 D12 D8 D8c D4,[D5] 상세설명에 하위섹션+전문 중복 렌더(섹션 10478자 = 전문 7147 + 하위섹션 3391) / [D6] 도면 미반입인데 패널 노출(서지 도면 수 0건 / 패널 캡션 1개 · 이미지 없음) / [D12] 서지 청구항 수 6개 ↔ 청구범위 목록 7개(삭제 1) 불일치 / [D8] 독립항 목록 7개 중 1개가 본문 '삭제' / [D8c] 종속항 0 · 삭제항 1 → 독립/전체 토글 결과 동일(7개) / [D4] 공개번호(10-2023-0160077)와 표시 일자(2024-01-08) 계열 불일치 · 문헌일 2023-11-23,[F1] drawing_count 0 (도면의 설명 1원소 보유) [F2] 도면 설명 1원소에 도 11개 뭉침
KR 10-2621715 B1,B1,등록특허공보,등록공고,차량용 격벽구조,10,,,10,D1 D3 D7 D2 D5 D6 D12 D8 D8c D4,[D5] 상세설명에 하위섹션+전문 중복 렌더(섹션 11442자 = 전문 9087 + 하위섹션 2532) / [D6] 도면 미반입인데 패널 노출(서지 도면 수 0건 / 패널 캡션 1개 · 이미지 없음) / [D12] 서지 청구항 수 10개 ↔ 청구범위 목록 11개(삭제 1) 불일치 / [D8] 독립항 목록 11개 중 1개가 본문 '삭제' / [D8c] 종속항 0 · 삭제항 1 → 독립/전체 토글 결과 동일(11개) / [D4] 공개번호(10-2020-0095933)와 표시 일자(2024-01-08) 계열 불일치 · 문헌일 2020-08-11,[F1] drawing_count 0 (도면의 설명 1원소 보유) [F2] 도면 설명 1원소에 도 7개 뭉침
KR 10-2621871 B1,B1,등록특허공보,등록공고,"리튬 이차 전지용 음극, 이의 제조 방법 및 이를 포함하는 리튬 이차 전지",10,,,10,D1 D3 D7 D2 D5 D6 D12 D8 D8c D4b,[D5] 상세설명에 하위섹션+전문 중복 렌더(섹션 26819자 = 전문 23531 + 하위섹션 4063) / [D6] 도면 미반입인데 패널 노출(서지 도면 수 0건 / 패널 캡션 1개 · 이미지 없음) / [D12] 서지 청구항 수 11개 ↔ 청구범위 목록 14개(삭제 3) 불일치 / [D8] 독립항 목록 14개 중 3개가 본문 '삭제' / [D8c] 종속항 0 · 삭제항 3 → 독립/전체 토글 결과 동일(14개) / [D4b] 공개/공고번호 — 인데 공개/공고일(2024-01-04)만 표시,[F1] drawing_count 0 (도면의 설명 1원소 보유) [F2] 도면 설명 1원소에 도 3개 뭉침
KR 10-2621983 B1,B1,등록특허공보,등록공고,원격 조제약 자판기를 통한 조제약 수령 방법 및 시스템,10,,,10,D1 D3 D7 D2 D5 D6 D12 D8 D8c D4,[D5] 상세설명에 하위섹션+전문 중복 렌더(섹션 12432자 = 전문 10167 + 하위섹션 2360) / [D6] 도면 미반입인데 패널 노출(서지 도면 수 0건 / 패널 캡션 1개 · 이미지 없음) / [D12] 서지 청구항 수 2개 ↔ 청구범위 목록 5개(삭제 3) 불일치 / [D8] 독립항 목록 5개 중 3개가 본문 '삭제' / [D8c] 종속항 0 · 삭제항 3 → 독립/전체 토글 결과 동일(5개) / [D4] 공개번호(10-2023-0092491)와 표시 일자(2024-01-10) 계열 불일치 · 문헌일 2023-06-26,[F1] drawing_count 0 (도면의 설명 1원소 보유) [F2] 도면 설명 1원소에 도 5개 뭉침
KR 10-2622228 B1,B1,등록특허공보,등록공고,온도 제어 스위치와 퓨즈가 스텐튜브 내부에 장착된 온수히터,10,,,10,D1 D3 D7 D2 D5 D6 D12 D8 D8c D4b,[D5] 상세설명에 하위섹션+전문 중복 렌더(섹션 9692자 = 전문 7850 + 하위섹션 1951) / [D6] 도면 미반입인데 패널 노출(서지 도면 수 0건 / 패널 캡션 1개 · 이미지 없음) / [D12] 서지 청구항 수 3개 ↔ 청구범위 목록 4개(삭제 1) 불일치 / [D8] 독립항 목록 4개 중 1개가 본문 '삭제' / [D8c] 종속항 0 · 삭제항 1 → 독립/전체 토글 결과 동일(4개) / [D4b] 공개/공고번호 — 인데 공개/공고일(2024-01-08)만 표시,[F1] drawing_count 0 (도면의 설명 1원소 보유) [F2] 도면 설명 1원소에 도 13개 뭉침
KR 10-2622362 B1,B1,등록특허공보,등록공고,이중구조의 포대 제조방법 및 제조장치,10,,,10,D1 D3 D7 D2 D5 D6 D12 D8 D8c D4,[D5] 상세설명에 하위섹션+전문 중복 렌더(섹션 25550자 = 전문 19664 + 하위섹션 6062) / [D6] 도면 미반입인데 패널 노출(서지 도면 수 0건 / 패널 캡션 1개 · 이미지 없음) / [D12] 서지 청구항 수 12개 ↔ 청구범위 목록 14개(삭제 2) 불일치 / [D8] 독립항 목록 14개 중 2개가 본문 '삭제' / [D8c] 종속항 0 · 삭제항 2 → 독립/전체 토글 결과 동일(14개) / [D4] 공개번호(10-2019-0090507)와 표시 일자(2024-01-10) 계열 불일치 · 문헌일 2019-08-02,[F1] drawing_count 0 (도면의 설명 1원소 보유) [F2] 도면 설명 1원소에 도 14개 뭉침
KR 10-2622460 B1,B1,등록특허공보,등록공고,건식 벽체 및 건식 벽체 조립체,10,,,10,D1 D3 D7 D2 D5 D6 D12 D8 D8c D4,[D5] 상세설명에 하위섹션+전문 중복 렌더(섹션 18034자 = 전문 14341 + 하위섹션 3894) / [D6] 도면 미반입인데 패널 노출(서지 도면 수 0건 / 패널 캡션 1개 · 이미지 없음) / [D12] 서지 청구항 수 6개 ↔ 청구범위 목록 8개(삭제 2) 불일치 / [D8] 독립항 목록 8개 중 2개가 본문 '삭제' / [D8c] 종속항 0 · 삭제항 2 → 독립/전체 토글 결과 동일(8개) / [D4] 공개번호(10-2022-0153934)와 표시 일자(2024-01-09) 계열 불일치 · 문헌일 2022-11-21,[F1] drawing_count 0 (도면의 설명 1원소 보유) [F2] 도면 설명 1원소에 도 8개 뭉침
KR 10-2622566 B1,B1,등록특허공보,등록공고,공작 기계용 특수 공구 어셈블리,10,,,10,D1 D3 D7 D2 D5 D6 D12 D8 D8c D4b,[D5] 상세설명에 하위섹션+전문 중복 렌더(섹션 10377자 = 전문 7545 + 하위섹션 2887) / [D6] 도면 미반입인데 패널 노출(서지 도면 수 0건 / 패널 캡션 1개 · 이미지 없음) / [D12] 서지 청구항 수 4개 ↔ 청구범위 목록 5개(삭제 1) 불일치 / [D8] 독립항 목록 5개 중 1개가 본문 '삭제' / [D8c] 종속항 0 · 삭제항 1 → 독립/전체 토글 결과 동일(5개) / [D4b] 공개/공고번호 — 인데 공개/공고일(2024-01-09)만 표시,[F1] drawing_count 0 (도면의 설명 1원소 보유) [F2] 도면 설명 1원소에 도 4개 뭉침
KR 10-2622963 B1,B1,등록특허공보,등록공고,"백색 감광성 수지 조성물, 이를 이용하여 제조된 컬러필터 및 화상표시장치",10,,,10,D1 D3 D7 D2 D5 D6 D12 D8 D8c D4,[D5] 상세설명에 하위섹션+전문 중복 렌더(섹션 25489자 = 전문 23910 + 하위섹션 2359) / [D6] 도면 미반입인데 패널 노출(서지 도면 수 0건 / 패널 캡션 1개 · 이미지 없음) / [D12] 서지 청구항 수 9개 ↔ 청구범위 목록 10개(삭제 1) 불일치 / [D8] 독립항 목록 10개 중 1개가 본문 '삭제' / [D8c] 종속항 0 · 삭제항 1 → 독립/전체 토글 결과 동일(10개) / [D4] 공개번호(10-2021-0070754)와 표시 일자(2024-01-10) 계열 불일치 · 문헌일 2021-06-15,[F1] drawing_count 0 (도면의 설명 1원소 보유)
KR 10-2622995 B1,B1,등록특허공보,등록공고,해안침식 저감을 위한 수중 설치형 모래 포집장치,10,,,10,D1 D3 D7 D2 D5 D6 D12 D8 D8c D4,[D5] 상세설명에 하위섹션+전문 중복 렌더(섹션 10306자 = 전문 7626 + 하위섹션 2885) / [D6] 도면 미반입인데 패널 노출(서지 도면 수 0건 / 패널 캡션 1개 · 이미지 없음) / [D12] 서지 청구항 수 1개 ↔ 청구범위 목록 5개(삭제 4) 불일치 / [D8] 독립항 목록 5개 중 4개가 본문 '삭제' / [D8c] 종속항 0 · 삭제항 4 → 독립/전체 토글 결과 동일(5개) / [D4] 공개번호(10-2023-0127645)와 표시 일자(2024-01-10) 계열 불일치 · 문헌일 2023-09-01,[F1] drawing_count 0 (도면의 설명 1원소 보유) [F2] 도면 설명 1원소에 도 6개 뭉침
KR 10-2623204 B1,B1,등록특허공보,등록공고,"기체 분리막의 제조 방법, 기체 분리막 및 기체 분리막 모듈",10,,,10,D1 D3 D7 D2 D5 D6 D12 D8 D8c D4,[D5] 상세설명에 하위섹션+전문 중복 렌더(섹션 27608자 = 전문 27472 + 하위섹션 781) / [D6] 도면 미반입인데 패널 노출(서지 도면 수 0건 / 패널 캡션 1개 · 이미지 없음) / [D12] 서지 청구항 수 7개 ↔ 청구범위 목록 10개(삭제 3) 불일치 / [D8] 독립항 목록 10개 중 3개가 본문 '삭제' / [D8c] 종속항 0 · 삭제항 3 → 독립/전체 토글 결과 동일(10개) / [D4] 공개번호(10-2020-0101678)와 표시 일자(2024-01-09) 계열 불일치 · 문헌일 2020-08-28,[F1] drawing_count 0 (도면의 설명 1원소 보유)
KR 10-2623250 B1,B1,등록특허공보,등록공고,저중량 고강도 기능성 프로파일,10,,,10,D1 D3 D7 D2 D5 D6 D12 D8 D8c D4,[D5] 상세설명에 하위섹션+전문 중복 렌더(섹션 7965자 = 전문 5758 + 하위섹션 2309) / [D6] 도면 미반입인데 패널 노출(서지 도면 수 0건 / 패널 캡션 1개 · 이미지 없음) / [D12] 서지 청구항 수 1개 ↔ 청구범위 목록 4개(삭제 3) 불일치 / [D8] 독립항 목록 4개 중 3개가 본문 '삭제' / [D8c] 종속항 0 · 삭제항 3 → 독립/전체 토글 결과 동일(4개) / [D4] 공개번호(10-2021-0054167)와 표시 일자(2024-01-10) 계열 불일치 · 문헌일 2021-05-13,[F1] drawing_count 0 (도면의 설명 1원소 보유)
KR 10-2623384 B1,B1,등록특허공보,등록공고,굴착력과 슬라임 배출 기능을 향상시킨 연약지반 굴착용 비트구조체,10,,,10,D1 D3 D7 D2 D5 D6 D12 D8 D8c D4b,[D5] 상세설명에 하위섹션+전문 중복 렌더(섹션 14567자 = 전문 10542 + 하위섹션 4152) / [D6] 도면 미반입인데 패널 노출(서지 도면 수 0건 / 패널 캡션 1개 · 이미지 없음) / [D12] 서지 청구항 수 1개 ↔ 청구범위 목록 3개(삭제 2) 불일치 / [D8] 독립항 목록 3개 중 2개가 본문 '삭제' / [D8c] 종속항 0 · 삭제항 2 → 독립/전체 토글 결과 동일(3개) / [D4b] 공개/공고번호 — 인데 공개/공고일(2024-01-09)만 표시,[F1] drawing_count 0 (도면의 설명 1원소 보유) [F2] 도면 설명 1원소에 도 7개 뭉침
KR 10-2623420 B1,B1,등록특허공보,등록공고,입찰전략 수립을 위한 전략정보 서비스 제공 시스템 및 그 서비스 제공 방법,10,,,10,D1 D3 D7 D2 D5 D6 D12 D8 D8c D4,[D5] 상세설명에 하위섹션+전문 중복 렌더(섹션 33176자 = 전문 24181 + 하위섹션 9599) / [D6] 도면 미반입인데 패널 노출(서지 도면 수 0건 / 패널 캡션 1개 · 이미지 없음) / [D12] 서지 청구항 수 4개 ↔ 청구범위 목록 6개(삭제 2) 불일치 / [D8] 독립항 목록 6개 중 2개가 본문 '삭제' / [D8c] 종속항 0 · 삭제항 2 → 독립/전체 토글 결과 동일(6개) / [D4] 공개번호(10-2022-0116889)와 표시 일자(2024-01-10) 계열 불일치 · 문헌일 2022-08-23,[F1] drawing_count 0 (도면의 설명 1원소 보유) [F2] 도면 설명 1원소에 도 17개 뭉침
KR 10-2623469 B1,B1,등록특허공보,등록공고,에너지 하베스팅을 이용한 센서하우징의 분리여부 감지 및 배전반 모니터링 시스템,10,,,10,D1 D3 D7 D2 D5 D6 D12 D8 D8c D4b,[D5] 상세설명에 하위섹션+전문 중복 렌더(섹션 16084자 = 전문 12597 + 하위섹션 3722) / [D6] 도면 미반입인데 패널 노출(서지 도면 수 0건 / 패널 캡션 1개 · 이미지 없음) / [D12] 서지 청구항 수 5개 ↔ 청구범위 목록 10개(삭제 5) 불일치 / [D8] 독립항 목록 10개 중 5개가 본문 '삭제' / [D8c] 종속항 0 · 삭제항 5 → 독립/전체 토글 결과 동일(10개) / [D4b] 공개/공고번호 — 인데 공개/공고일(2024-01-11)만 표시,[F1] drawing_count 0 (도면의 설명 1원소 보유) [F2] 도면 설명 1원소에 도 9개 뭉침
KR 10-2623491 B1,B1,등록특허공보,등록공고,보석의 상부 일부분을 장식하며 보석의 외형 굴곡을 따라 안정적으로 지지할 수 있는 귀걸이,10,,,10,D1 D3 D7 D2 D5 D6 D12 D8 D8c D4b,[D5] 상세설명에 하위섹션+전문 중복 렌더(섹션 9126자 = 전문 6972 + 하위섹션 2296) / [D6] 도면 미반입인데 패널 노출(서지 도면 수 0건 / 패널 캡션 1개 · 이미지 없음) / [D12] 서지 청구항 수 1개 ↔ 청구범위 목록 3개(삭제 2) 불일치 / [D8] 독립항 목록 3개 중 2개가 본문 '삭제' / [D8c] 종속항 0 · 삭제항 2 → 독립/전체 토글 결과 동일(3개) / [D4b] 공개/공고번호 — 인데 공개/공고일(2024-01-10)만 표시,[F1] drawing_count 0 (도면의 설명 1원소 보유) [F2] 도면 설명 1원소에 도 6개 뭉침
KR 10-2623630 B1,B1,등록특허공보,등록공고,전계방출 추력시스템,10,,,10,D1 D3 D7 D2 D5 D6 D12 D8 D8c D4b,[D5] 상세설명에 하위섹션+전문 중복 렌더(섹션 38264자 = 전문 30977 + 하위섹션 7684) / [D6] 도면 미반입인데 패널 노출(서지 도면 수 0건 / 패널 캡션 1개 · 이미지 없음) / [D12] 서지 청구항 수 17개 ↔ 청구범위 목록 18개(삭제 1) 불일치 / [D8] 독립항 목록 18개 중 1개가 본문 '삭제' / [D8c] 종속항 0 · 삭제항 1 → 독립/전체 토글 결과 동일(18개) / [D4b] 공개/공고번호 — 인데 공개/공고일(2024-01-11)만 표시,[F1] drawing_count 0 (도면의 설명 1원소 보유) [F2] 도면 설명 1원소에 도 40개 뭉침
KR 10-2623676 B1,B1,등록특허공보,등록공고,미세플라스틱 입자 포집기,10,,,10,D1 D3 D7 D2 D5 D6 D12 D8 D8c D4,[D5] 상세설명에 하위섹션+전문 중복 렌더(섹션 18588자 = 전문 14167 + 하위섹션 4625) / [D6] 도면 미반입인데 패널 노출(서지 도면 수 0건 / 패널 캡션 1개 · 이미지 없음) / [D12] 서지 청구항 수 1개 ↔ 청구범위 목록 11개(삭제 10) 불일치 / [D8] 독립항 목록 11개 중 10개가 본문 '삭제' / [D8c] 종속항 0 · 삭제항 10 → 독립/전체 토글 결과 동일(11개) / [D4] 공개번호(10-2023-0083622)와 표시 일자(2024-01-12) 계열 불일치 · 문헌일 2023-06-12,[F1] drawing_count 0 (도면의 설명 1원소 보유) [F2] 도면 설명 1원소에 도 10개 뭉침
KR 10-2623806 B1,B1,등록특허공보,등록공고,건물 내 화재 대응 방법 및 시스템,10,,,10,D1 D3 D7 D2 D5 D6 D12 D8 D8c D4b,[D5] 상세설명에 하위섹션+전문 중복 렌더(섹션 13301자 = 전문 11254 + 하위섹션 2233) / [D6] 도면 미반입인데 패널 노출(서지 도면 수 0건 / 패널 캡션 1개 · 이미지 없음) / [D12] 서지 청구항 수 1개 ↔ 청구범위 목록 5개(삭제 4) 불일치 / [D8] 독립항 목록 5개 중 4개가 본문 '삭제' / [D8c] 종속항 0 · 삭제항 4 → 독립/전체 토글 결과 동일(5개) / [D4b] 공개/공고번호 — 인데 공개/공고일(2024-01-11)만 표시,[F1] drawing_count 0 (도면의 설명 1원소 보유) [F2] 도면 설명 1원소에 도 3개 뭉침
KR 10-2623833 B1,B1,등록특허공보,등록공고,임플란트용 디지털 보철 시스템,10,,,10,D1 D3 D7 D2 D5 D6 D12 D8 D8c D4b,[D5] 상세설명에 하위섹션+전문 중복 렌더(섹션 11956자 = 전문 9481 + 하위섹션 2579) / [D6] 도면 미반입인데 패널 노출(서지 도면 수 0건 / 패널 캡션 1개 · 이미지 없음) / [D12] 서지 청구항 수 1개 ↔ 청구범위 목록 3개(삭제 2) 불일치 / [D8] 독립항 목록 3개 중 2개가 본문 '삭제' / [D8c] 종속항 0 · 삭제항 2 → 독립/전체 토글 결과 동일(3개) / [D4b] 공개/공고번호 — 인데 공개/공고일(2024-01-11)만 표시,[F1] drawing_count 0 (도면의 설명 1원소 보유) [F2] 도면 설명 1원소에 도 16개 뭉침
KR 10-2623843 B1,B1,등록특허공보,등록공고,포장 적입 및 출하 관리를 위한 장치 및 방법,10,,,10,D1 D3 D7 D2 D5 D6 D12 D8 D8c D4,[D5] 상세설명에 하위섹션+전문 중복 렌더(섹션 18755자 = 전문 17412 + 하위섹션 1490) / [D6] 도면 미반입인데 패널 노출(서지 도면 수 0건 / 패널 캡션 1개 · 이미지 없음) / [D12] 서지 청구항 수 2개 ↔ 청구범위 목록 8개(삭제 6) 불일치 / [D8] 독립항 목록 8개 중 6개가 본문 '삭제' / [D8c] 종속항 0 · 삭제항 6 → 독립/전체 토글 결과 동일(8개) / [D4] 공개번호(10-2022-0082502)와 표시 일자(2024-01-11) 계열 불일치 · 문헌일 2022-06-17,[F1] drawing_count 0 (도면의 설명 1원소 보유) [F2] 도면 설명 1원소에 도 4개 뭉침
KR 10-2623874 B1,B1,등록특허공보,등록공고,각도가 조절되는 반사패널이 구비된 엘리베이터용 안테나 장치,10,,,10,D1 D3 D7 D2 D5 D6 D12 D8 D8c D4,[D5] 상세설명에 하위섹션+전문 중복 렌더(섹션 11974자 = 전문 8820 + 하위섹션 3344) / [D6] 도면 미반입인데 패널 노출(서지 도면 수 0건 / 패널 캡션 1개 · 이미지 없음) / [D12] 서지 청구항 수 1개 ↔ 청구범위 목록 5개(삭제 4) 불일치 / [D8] 독립항 목록 5개 중 4개가 본문 '삭제' / [D8c] 종속항 0 · 삭제항 4 → 독립/전체 토글 결과 동일(5개) / [D4] 공개번호(10-2023-0148976)와 표시 일자(2024-01-12) 계열 불일치 · 문헌일 2023-10-26,[F1] drawing_count 0 (도면의 설명 1원소 보유) [F2] 도면 설명 1원소에 도 6개 뭉침
KR 10-2623911 B1,B1,등록특허공보,등록공고,대용량 데이터 처리 및 시각화를 위한 장치 및 방법,10,,,10,D1 D3 D7 D2 D5 D6 D12 D8 D8c D4,[D5] 상세설명에 하위섹션+전문 중복 렌더(섹션 16291자 = 전문 13828 + 하위섹션 2571) / [D6] 도면 미반입인데 패널 노출(서지 도면 수 0건 / 패널 캡션 1개 · 이미지 없음) / [D12] 서지 청구항 수 2개 ↔ 청구범위 목록 16개(삭제 14) 불일치 / [D8] 독립항 목록 16개 중 14개가 본문 '삭제' / [D8c] 종속항 0 · 삭제항 14 → 독립/전체 토글 결과 동일(16개) / [D4] 공개번호(10-2022-0118051)와 표시 일자(2024-01-11) 계열 불일치 · 문헌일 2022-08-25,[F1] drawing_count 0 (도면의 설명 1원소 보유) [F2] 도면 설명 1원소에 도 15개 뭉침
KR 10-2623914 B1,B1,등록특허공보,등록공고,PAUT 스캔 시스템 및 그 방법,10,,,10,D1 D3 D7 D2 D5 D6 D12 D8 D8c D4b,[D5] 상세설명에 하위섹션+전문 중복 렌더(섹션 15784자 = 전문 11911 + 하위섹션 4050) / [D6] 도면 미반입인데 패널 노출(서지 도면 수 0건 / 패널 캡션 1개 · 이미지 없음) / [D12] 서지 청구항 수 1개 ↔ 청구범위 목록 5개(삭제 4) 불일치 / [D8] 독립항 목록 5개 중 4개가 본문 '삭제' / [D8c] 종속항 0 · 삭제항 4 → 독립/전체 토글 결과 동일(5개) / [D4b] 공개/공고번호 — 인데 공개/공고일(2024-01-11)만 표시,[F1] drawing_count 0 (도면의 설명 1원소 보유) [F2] 도면 설명 1원소에 도 12개 뭉침
KR 10-2623924 B1,B1,등록특허공보,등록공고,자동 보정기능을 포함하는 인원 카운터용 센서 모듈 장치,10,,,10,D1 D3 D7 D2 D5 D6 D12 D8 D8c D4,[D5] 상세설명에 하위섹션+전문 중복 렌더(섹션 13695자 = 전문 10824 + 하위섹션 2985) / [D6] 도면 미반입인데 패널 노출(서지 도면 수 0건 / 패널 캡션 1개 · 이미지 없음) / [D12] 서지 청구항 수 1개 ↔ 청구범위 목록 5개(삭제 4) 불일치 / [D8] 독립항 목록 5개 중 4개가 본문 '삭제' / [D8c] 종속항 0 · 삭제항 4 → 독립/전체 토글 결과 동일(5개) / [D4] 공개번호(10-2022-0043051)와 표시 일자(2024-01-11) 계열 불일치 · 문헌일 2022-04-05,[F1] drawing_count 0 (도면의 설명 1원소 보유) [F2] 도면 설명 1원소에 도 7개 뭉침
KR 10-2624047 B1,B1,등록특허공보,등록공고,반사체가 포함된 야광로프 및 이의 제조방법,10,,,10,D1 D3 D7 D2 D5 D6 D12 D8 D8c D4,[D5] 상세설명에 하위섹션+전문 중복 렌더(섹션 10329자 = 전문 8160 + 하위섹션 2270) / [D6] 도면 미반입인데 패널 노출(서지 도면 수 0건 / 패널 캡션 1개 · 이미지 없음) / [D12] 서지 청구항 수 1개 ↔ 청구범위 목록 3개(삭제 2) 불일치 / [D8] 독립항 목록 3개 중 2개가 본문 '삭제' / [D8c] 종속항 0 · 삭제항 2 → 독립/전체 토글 결과 동일(3개) / [D4] 공개번호(10-2022-0147466)와 표시 일자(2024-01-11) 계열 불일치 · 문헌일 2022-11-03,[F1] drawing_count 0 (도면의 설명 1원소 보유) [F2] 도면 설명 1원소에 도 4개 뭉침
KR 10-2624052 B1,B1,등록특허공보,등록공고,육상용 해삼 양식장,10,,,10,D1 D3 D7 D2 D5 D6 D12 D8 D8c D4,[D5] 상세설명에 하위섹션+전문 중복 렌더(섹션 14861자 = 전문 10594 + 하위섹션 4381) / [D6] 도면 미반입인데 패널 노출(서지 도면 수 0건 / 패널 캡션 1개 · 이미지 없음) / [D12] 서지 청구항 수 2개 ↔ 청구범위 목록 4개(삭제 2) 불일치 / [D8] 독립항 목록 4개 중 2개가 본문 '삭제' / [D8c] 종속항 0 · 삭제항 2 → 독립/전체 토글 결과 동일(4개) / [D4] 공개번호(10-2020-0106672)와 표시 일자(2024-01-11) 계열 불일치 · 문헌일 2020-09-15,[F1] drawing_count 0 (도면의 설명 1원소 보유) [F2] 도면 설명 1원소에 도 6개 뭉침
KR 10-2624078 B1,B1,등록특허공보,등록공고,물류 창고용 소형 리프트,10,,,10,D1 D3 D7 D2 D5 D6 D12 D8 D8c D4b,[D5] 상세설명에 하위섹션+전문 중복 렌더(섹션 12750자 = 전문 9251 + 하위섹션 3605) / [D6] 도면 미반입인데 패널 노출(서지 도면 수 0건 / 패널 캡션 1개 · 이미지 없음) / [D12] 서지 청구항 수 1개 ↔ 청구범위 목록 3개(삭제 2) 불일치 / [D8] 독립항 목록 3개 중 2개가 본문 '삭제' / [D8c] 종속항 0 · 삭제항 2 → 독립/전체 토글 결과 동일(3개) / [D4b] 공개/공고번호 — 인데 공개/공고일(2024-01-10)만 표시,[F1] drawing_count 0 (도면의 설명 1원소 보유) [F2] 도면 설명 1원소에 도 11개 뭉침
KR 10-2624096 B1,B1,등록특허공보,등록공고,피부관리기구,10,,,10,D1 D3 D7 D2 D5 D6 D12 D8 D8c D4,[D5] 상세설명에 하위섹션+전문 중복 렌더(섹션 8859자 = 전문 7066 + 하위섹션 1971) / [D6] 도면 미반입인데 패널 노출(서지 도면 수 0건 / 패널 캡션 1개 · 이미지 없음) / [D12] 서지 청구항 수 4개 ↔ 청구범위 목록 5개(삭제 1) 불일치 / [D8] 독립항 목록 5개 중 1개가 본문 '삭제' / [D8c] 종속항 0 · 삭제항 1 → 독립/전체 토글 결과 동일(5개) / [D4] 공개번호(10-2023-0079608)와 표시 일자(2024-01-10) 계열 불일치 · 문헌일 2023-06-07,[F1] drawing_count 0 (도면의 설명 1원소 보유) [F2] 도면 설명 1원소에 도 7개 뭉침
KR 10-2624105 B1,B1,등록특허공보,등록공고,채널 본딩을 위한 방송 게이트웨이 시그널링 방법 및 이를 위한 장치,10,,,10,D1 D3 D7 D2 D5 D6 D12 D8 D8c D4,[D5] 상세설명에 하위섹션+전문 중복 렌더(섹션 108852자 = 전문 105554 + 하위섹션 7228) / [D6] 도면 미반입인데 패널 노출(서지 도면 수 0건 / 패널 캡션 1개 · 이미지 없음) / [D12] 서지 청구항 수 4개 ↔ 청구범위 목록 20개(삭제 16) 불일치 / [D8] 독립항 목록 20개 중 16개가 본문 '삭제' / [D8c] 종속항 0 · 삭제항 16 → 독립/전체 토글 결과 동일(20개) / [D4] 공개번호(10-2020-0045409)와 표시 일자(2024-01-12) 계열 불일치 · 문헌일 2020-05-04,[F1] drawing_count 0 (도면의 설명 1원소 보유) [F2] 도면 설명 1원소에 도 61개 뭉침
KR 10-2624234 B1,B1,등록특허공보,등록공고,증발가스 재액화 시스템 및 방법,10,,,10,D1 D3 D7 D2 D5 D6 D12 D8 D8c D4,[D5] 상세설명에 하위섹션+전문 중복 렌더(섹션 11410자 = 전문 8100 + 하위섹션 3586) / [D6] 도면 미반입인데 패널 노출(서지 도면 수 0건 / 패널 캡션 1개 · 이미지 없음) / [D12] 서지 청구항 수 9개 ↔ 청구범위 목록 12개(삭제 3) 불일치 / [D8] 독립항 목록 12개 중 3개가 본문 '삭제' / [D8c] 종속항 0 · 삭제항 3 → 독립/전체 토글 결과 동일(12개) / [D4] 공개번호(10-2020-0065533)와 표시 일자(2024-01-12) 계열 불일치 · 문헌일 2020-06-09,[F1] drawing_count 0 (도면의 설명 1원소 보유)
KR 10-2624405 B1,B1,등록특허공보,등록공고,작물 재배 시스템,10,,,10,D1 D3 D7 D2 D5 D6 D12 D8 D8c D4,[D5] 상세설명에 하위섹션+전문 중복 렌더(섹션 16472자 = 전문 13826 + 하위섹션 2841) / [D6] 도면 미반입인데 패널 노출(서지 도면 수 0건 / 패널 캡션 1개 · 이미지 없음) / [D12] 서지 청구항 수 1개 ↔ 청구범위 목록 5개(삭제 4) 불일치 / [D8] 독립항 목록 5개 중 4개가 본문 '삭제' / [D8c] 종속항 0 · 삭제항 4 → 독립/전체 토글 결과 동일(5개) / [D4] 공개번호(10-2023-0044867)와 표시 일자(2024-01-12) 계열 불일치 · 문헌일 2023-04-04,[F1] drawing_count 0 (도면의 설명 1원소 보유) [F2] 도면 설명 1원소에 도 5개 뭉침
KR 10-2624618 B1,B1,등록특허공보,등록공고,일일 방사선량 모니터링 시스템 및 그 방법,10,,,10,D1 D3 D7 D2 D5 D6 D12 D8 D8c D4b,[D5] 상세설명에 하위섹션+전문 중복 렌더(섹션 16670자 = 전문 13018 + 하위섹션 3859) / [D6] 도면 미반입인데 패널 노출(서지 도면 수 0건 / 패널 캡션 1개 · 이미지 없음) / [D12] 서지 청구항 수 1개 ↔ 청구범위 목록 5개(삭제 4) 불일치 / [D8] 독립항 목록 5개 중 4개가 본문 '삭제' / [D8c] 종속항 0 · 삭제항 4 → 독립/전체 토글 결과 동일(5개) / [D4b] 공개/공고번호 — 인데 공개/공고일(2024-01-12)만 표시,[F1] drawing_count 0 (도면의 설명 1원소 보유) [F2] 도면 설명 1원소에 도 6개 뭉침
KR 10-2624636 B1,B1,등록특허공보,등록공고,자체 피드백 기반의 설문지 생성 시스템,10,,,10,D1 D3 D7 D2 D5 D6 D12 D8 D8c D4b,[D5] 상세설명에 하위섹션+전문 중복 렌더(섹션 13219자 = 전문 11120 + 하위섹션 2255) / [D6] 도면 미반입인데 패널 노출(서지 도면 수 0건 / 패널 캡션 1개 · 이미지 없음) / [D12] 서지 청구항 수 1개 ↔ 청구범위 목록 3개(삭제 2) 불일치 / [D8] 독립항 목록 3개 중 2개가 본문 '삭제' / [D8c] 종속항 0 · 삭제항 2 → 독립/전체 토글 결과 동일(3개) / [D4b] 공개/공고번호 — 인데 공개/공고일(2024-01-12)만 표시,[F1] drawing_count 0 (도면의 설명 1원소 보유) [F2] 도면 설명 1원소에 도 3개 뭉침
KR 10-2625068 B1,B1,등록특허공보,등록공고,저온 충격인성이 우수한 용접금속 및 이를 형성하기 위한 용접방법,10,,,10,D1 D3 D7 D2 D5 D6 D12 D8 D8c D4,[D5] 상세설명에 하위섹션+전문 중복 렌더(섹션 14635자 = 전문 11549 + 하위섹션 3262) / [D6] 도면 미반입인데 패널 노출(서지 도면 수 0건 / 패널 캡션 1개 · 이미지 없음) / [D12] 서지 청구항 수 2개 ↔ 청구범위 목록 5개(삭제 3) 불일치 / [D8] 독립항 목록 5개 중 3개가 본문 '삭제' / [D8c] 종속항 0 · 삭제항 3 → 독립/전체 토글 결과 동일(5개) / [D4] 공개번호(10-2020-0102111)와 표시 일자(2024-01-16) 계열 불일치 · 문헌일 2020-08-31,[F1] drawing_count 0 (도면의 설명 1원소 보유) [F2] 도면 설명 1원소에 도 8개 뭉침
KR 10-2625225 B1,B1,등록특허공보,등록공고,제올라이트 분리막을 이용한 폐유기용제 재생시스템,10,,,10,D1 D3 D7 D2 D5 D6 D12 D8 D8c D4b,[D5] 상세설명에 하위섹션+전문 중복 렌더(섹션 17839자 = 전문 13189 + 하위섹션 4841) / [D6] 도면 미반입인데 패널 노출(서지 도면 수 0건 / 패널 캡션 1개 · 이미지 없음) / [D12] 서지 청구항 수 1개 ↔ 청구범위 목록 4개(삭제 3) 불일치 / [D8] 독립항 목록 4개 중 3개가 본문 '삭제' / [D8c] 종속항 0 · 삭제항 3 → 독립/전체 토글 결과 동일(4개) / [D4b] 공개/공고번호 — 인데 공개/공고일(2024-01-15)만 표시,[F1] drawing_count 0 (도면의 설명 1원소 보유) [F2] 도면 설명 1원소에 도 8개 뭉침
KR 10-2625227 B1,B1,등록특허공보,등록공고,"라이센스 유통 플랫폼 제공 방법, 장치 및 시스템",10,,,10,D1 D3 D7 D2 D5 D6 D12 D8 D8c D4b,[D5] 상세설명에 하위섹션+전문 중복 렌더(섹션 38141자 = 전문 34371 + 하위섹션 4190) / [D6] 도면 미반입인데 패널 노출(서지 도면 수 0건 / 패널 캡션 1개 · 이미지 없음) / [D12] 서지 청구항 수 1개 ↔ 청구범위 목록 3개(삭제 2) 불일치 / [D8] 독립항 목록 3개 중 2개가 본문 '삭제' / [D8c] 종속항 0 · 삭제항 2 → 독립/전체 토글 결과 동일(3개) / [D4b] 공개/공고번호 — 인데 공개/공고일(2024-01-15)만 표시,[F1] drawing_count 0 (도면의 설명 1원소 보유) [F2] 도면 설명 1원소에 도 15개 뭉침
KR 10-2625308 B1,B1,등록특허공보,등록공고,"하이드란제놀(Hydrangenol), 필로둘신(Phyllodulcin) 또는 이들의 허용가능한 염을 포함하는",10,,,10,D1 D3 D7 D2 D5 D6 D12 D8 D8c D4,[D5] 상세설명에 하위섹션+전문 중복 렌더(섹션 42883자 = 전문 29153 + 하위섹션 14600) / [D6] 도면 미반입인데 패널 노출(서지 도면 수 0건 / 패널 캡션 1개 · 이미지 없음) / [D12] 서지 청구항 수 7개 ↔ 청구범위 목록 10개(삭제 3) 불일치 / [D8] 독립항 목록 10개 중 3개가 본문 '삭제' / [D8c] 종속항 0 · 삭제항 3 → 독립/전체 토글 결과 동일(10개) / [D4] 공개번호(10-2022-0164331)와 표시 일자(2024-01-16) 계열 불일치 · 문헌일 2022-12-13,[F1] drawing_count 0 (도면의 설명 1원소 보유) [F2] 도면 설명 1원소에 도 15개 뭉침
KR 10-2625570 B1,B1,등록특허공보,등록공고,맞춤형 헬멧 제조 방법,10,,,10,D1 D3 D7 D2 D5 D6 D12 D8 D8c D4b,[D5] 상세설명에 하위섹션+전문 중복 렌더(섹션 16866자 = 전문 13346 + 하위섹션 3710) / [D6] 도면 미반입인데 패널 노출(서지 도면 수 0건 / 패널 캡션 1개 · 이미지 없음) / [D12] 서지 청구항 수 1개 ↔ 청구범위 목록 3개(삭제 2) 불일치 / [D8] 독립항 목록 3개 중 2개가 본문 '삭제' / [D8c] 종속항 0 · 삭제항 2 → 독립/전체 토글 결과 동일(3개) / [D4b] 공개/공고번호 — 인데 공개/공고일(2024-01-15)만 표시,[F1] drawing_count 0 (도면의 설명 1원소 보유) [F2] 도면 설명 1원소에 도 9개 뭉침
KR 10-2626019 B1,B1,등록특허공보,등록공고,산소혼합용기,10,,,10,D1 D3 D7 D2 D5 D6 D12 D8 D8c D4b,[D5] 상세설명에 하위섹션+전문 중복 렌더(섹션 14131자 = 전문 10861 + 하위섹션 3423) / [D6] 도면 미반입인데 패널 노출(서지 도면 수 0건 / 패널 캡션 1개 · 이미지 없음) / [D12] 서지 청구항 수 7개 ↔ 청구범위 목록 9개(삭제 2) 불일치 / [D8] 독립항 목록 9개 중 2개가 본문 '삭제' / [D8c] 종속항 0 · 삭제항 2 → 독립/전체 토글 결과 동일(9개) / [D4b] 공개/공고번호 — 인데 공개/공고일(2024-01-17)만 표시,[F1] drawing_count 0 (도면의 설명 1원소 보유) [F2] 도면 설명 1원소에 도 7개 뭉침
KR 10-2651427 B1,B1,등록특허공보,등록공고,내오염성 농업용 필름 조성물 및 이를 이용한 필름의 제조 방법,10,,,10,D1 D3 D7 D2 D5 D6 D12 D8 D8c D4,[D5] 상세설명에 하위섹션+전문 중복 렌더(섹션 13090자 = 전문 10104 + 하위섹션 3105) / [D6] 도면 미반입인데 패널 노출(서지 도면 수 0건 / 패널 캡션 1개 · 이미지 없음) / [D12] 서지 청구항 수 2개 ↔ 청구범위 목록 6개(삭제 4) 불일치 / [D8] 독립항 목록 6개 중 4개가 본문 '삭제' / [D8c] 종속항 0 · 삭제항 4 → 독립/전체 토글 결과 동일(6개) / [D4] 공개번호(10-2023-0069300)와 표시 일자(2024-04-01) 계열 불일치 · 문헌일 2023-05-19,[F1] drawing_count 0 (도면의 설명 1원소 보유) [F2] 도면 설명 1원소에 도 8개 뭉침
KR 10-2651435 B1,B1,등록특허공보,등록공고,자전거용 물병,10,,,10,D1 D3 D7 D2 D5 D6 D12 D8 D8c D4,[D5] 상세설명에 하위섹션+전문 중복 렌더(섹션 7200자 = 전문 5270 + 하위섹션 2130) / [D6] 도면 미반입인데 패널 노출(서지 도면 수 0건 / 패널 캡션 1개 · 이미지 없음) / [D12] 서지 청구항 수 1개 ↔ 청구범위 목록 5개(삭제 4) 불일치 / [D8] 독립항 목록 5개 중 4개가 본문 '삭제' / [D8c] 종속항 0 · 삭제항 4 → 독립/전체 토글 결과 동일(5개) / [D4] 공개번호(10-2022-0168696)와 표시 일자(2024-03-27) 계열 불일치 · 문헌일 2022-12-26,[F1] drawing_count 0 (도면의 설명 1원소 보유) [F2] 도면 설명 1원소에 도 6개 뭉침
KR 10-2651478 B1,B1,등록특허공보,등록공고,그룹 상담 서비스 방법 및 사용자 단말,10,,,10,D1 D3 D7 D2 D5 D6 D12 D8 D8c D4,[D5] 상세설명에 하위섹션+전문 중복 렌더(섹션 13020자 = 전문 10404 + 하위섹션 2708) / [D6] 도면 미반입인데 패널 노출(서지 도면 수 0건 / 패널 캡션 1개 · 이미지 없음) / [D12] 서지 청구항 수 2개 ↔ 청구범위 목록 7개(삭제 5) 불일치 / [D8] 독립항 목록 7개 중 5개가 본문 '삭제' / [D8c] 종속항 0 · 삭제항 5 → 독립/전체 토글 결과 동일(7개) / [D4] 공개번호(10-2023-0054106)와 표시 일자(2024-03-27) 계열 불일치 · 문헌일 2023-04-24,[F1] drawing_count 0 (도면의 설명 1원소 보유) [F2] 도면 설명 1원소에 도 6개 뭉침
KR 10-2653087 B1,B1,등록특허공보,등록공고,처리 장치 및 확산로를 갖는 부재,10,,,10,D1 D3 D7 D2 D5 D6 D12 D8 D8c D4,[D5] 상세설명에 하위섹션+전문 중복 렌더(섹션 15967자 = 전문 14465 + 하위섹션 1772) / [D6] 도면 미반입인데 패널 노출(서지 도면 수 0건 / 패널 캡션 1개 · 이미지 없음) / [D12] 서지 청구항 수 6개 ↔ 청구범위 목록 12개(삭제 6) 불일치 / [D8] 독립항 목록 12개 중 6개가 본문 '삭제' / [D8c] 종속항 0 · 삭제항 6 → 독립/전체 토글 결과 동일(12개) / [D4] 공개번호(10-2019-0044013)와 표시 일자(2024-03-29) 계열 불일치 · 문헌일 2019-04-29,[F1] drawing_count 0 (도면의 설명 1원소 보유) [F2] 도면 설명 1원소에 도 8개 뭉침
KR 10-2653256 B1,B1,등록특허공보,등록공고,스테이터의 에폭시 몰딩장치 및 이를 이용한 에폭시 몰딩방법,10,,,10,D1 D3 D7 D2 D5 D6 D12 D8 D8c D4,[D5] 상세설명에 하위섹션+전문 중복 렌더(섹션 9224자 = 전문 6797 + 하위섹션 2527) / [D6] 도면 미반입인데 패널 노출(서지 도면 수 0건 / 패널 캡션 1개 · 이미지 없음) / [D12] 서지 청구항 수 1개 ↔ 청구범위 목록 3개(삭제 2) 불일치 / [D8] 독립항 목록 3개 중 2개가 본문 '삭제' / [D8c] 종속항 0 · 삭제항 2 → 독립/전체 토글 결과 동일(3개) / [D4] 공개번호(10-2023-0139971)와 표시 일자(2024-04-01) 계열 불일치 · 문헌일 2023-10-06,[F1] drawing_count 0 (도면의 설명 1원소 보유) [F2] 도면 설명 1원소에 도 4개 뭉침
KR 10-2653458 B1,B1,등록특허공보,등록공고,육상 해수 양식장,10,,,10,D1 D3 D7 D2 D5 D6 D12 D8 D8c D4b,[D5] 상세설명에 하위섹션+전문 중복 렌더(섹션 18798자 = 전문 15456 + 하위섹션 3706) / [D6] 도면 미반입인데 패널 노출(서지 도면 수 0건 / 패널 캡션 1개 · 이미지 없음) / [D12] 서지 청구항 수 2개 ↔ 청구범위 목록 5개(삭제 3) 불일치 / [D8] 독립항 목록 5개 중 3개가 본문 '삭제' / [D8c] 종속항 0 · 삭제항 3 → 독립/전체 토글 결과 동일(5개) / [D4b] 공개/공고번호 — 인데 공개/공고일(2024-03-29)만 표시,[F1] drawing_count 0 (도면의 설명 1원소 보유) [F2] 도면 설명 1원소에 도 16개 뭉침
KR 10-2658446 B1,B1,등록특허공보,등록공고,"대형 볼트의 청소, 보관 및 운반용 대차",10,,,10,D1 D3 D7 D2 D5 D6 D12 D8 D8c D4b,[D5] 상세설명에 하위섹션+전문 중복 렌더(섹션 13003자 = 전문 10103 + 하위섹션 3095) / [D6] 도면 미반입인데 패널 노출(서지 도면 수 0건 / 패널 캡션 1개 · 이미지 없음) / [D12] 서지 청구항 수 5개 ↔ 청구범위 목록 10개(삭제 5) 불일치 / [D8] 독립항 목록 10개 중 5개가 본문 '삭제' / [D8c] 종속항 0 · 삭제항 5 → 독립/전체 토글 결과 동일(10개) / [D4b] 공개/공고번호 — 인데 공개/공고일(2024-05-13)만 표시,[F1] drawing_count 0 (도면의 설명 1원소 보유) [F2] 도면 설명 1원소에 도 10개 뭉침
KR 10-2663062 B1,B1,등록특허공보,등록공고,파크골프채의 헤드각도조정장치,10,,,10,D1 D3 D7 D2 D5 D6 D12 D8 D8c D4b,[D5] 상세설명에 하위섹션+전문 중복 렌더(섹션 10008자 = 전문 7542 + 하위섹션 2559) / [D6] 도면 미반입인데 패널 노출(서지 도면 수 0건 / 패널 캡션 1개 · 이미지 없음) / [D12] 서지 청구항 수 1개 ↔ 청구범위 목록 2개(삭제 1) 불일치 / [D8] 독립항 목록 2개 중 1개가 본문 '삭제' / [D8c] 종속항 0 · 삭제항 1 → 독립/전체 토글 결과 동일(2개) / [D4b] 공개/공고번호 — 인데 공개/공고일(2024-05-10)만 표시,[F1] drawing_count 0 (도면의 설명 1원소 보유) [F2] 도면 설명 1원소에 도 13개 뭉침
KR 10-2663155 B1,B1,등록특허공보,등록공고,스마트폰을 활용한 인공지능 기반의 건축 구조물 안전점검 및 실시간 모니터링 장치 및 방법,10,,,10,D1 D3 D7 D2 D5 D6 D12 D8 D8c D4b,[D5] 상세설명에 하위섹션+전문 중복 렌더(섹션 58420자 = 전문 54710 + 하위섹션 4537) / [D6] 도면 미반입인데 패널 노출(서지 도면 수 0건 / 패널 캡션 1개 · 이미지 없음) / [D12] 서지 청구항 수 4개 ↔ 청구범위 목록 5개(삭제 1) 불일치 / [D8] 독립항 목록 5개 중 1개가 본문 '삭제' / [D8c] 종속항 0 · 삭제항 1 → 독립/전체 토글 결과 동일(5개) / [D4b] 공개/공고번호 — 인데 공개/공고일(2024-05-07)만 표시,[F1] drawing_count 0 (도면의 설명 1원소 보유) [F2] 도면 설명 1원소에 도 23개 뭉침
KR 10-2663725 B1,B1,등록특허공보,등록공고,이차 전지,10,,,10,D1 D3 D7 D2 D5 D6 D12 D8 D8c D4,[D5] 상세설명에 하위섹션+전문 중복 렌더(섹션 18047자 = 전문 16192 + 하위섹션 2049) / [D6] 도면 미반입인데 패널 노출(서지 도면 수 0건 / 패널 캡션 1개 · 이미지 없음) / [D12] 서지 청구항 수 10개 ↔ 청구범위 목록 11개(삭제 1) 불일치 / [D8] 독립항 목록 11개 중 1개가 본문 '삭제' / [D8c] 종속항 0 · 삭제항 1 → 독립/전체 토글 결과 동일(11개) / [D4] 공개번호(10-2020-0032989)와 표시 일자(2024-05-07) 계열 불일치 · 문헌일 2020-03-27,[F1] drawing_count 0 (도면의 설명 1원소 보유) [F2] 도면 설명 1원소에 도 12개 뭉침
KR 10-2663915 B1,B1,등록특허공보,등록공고,"도료 조성물, 이의 제조방법 및 이를 이용한 도장품의 제조방법",10,,,10,D1 D3 D7 D2 D5 D6 D12 D8 D8c D4,[D5] 상세설명에 하위섹션+전문 중복 렌더(섹션 13645자 = 전문 12566 + 하위섹션 1258) / [D6] 도면 미반입인데 패널 노출(서지 도면 수 0건 / 패널 캡션 1개 · 이미지 없음) / [D12] 서지 청구항 수 14개 ↔ 청구범위 목록 16개(삭제 2) 불일치 / [D8] 독립항 목록 16개 중 2개가 본문 '삭제' / [D8c] 종속항 0 · 삭제항 2 → 독립/전체 토글 결과 동일(16개) / [D4] 공개번호(10-2023-0016289)와 표시 일자(2024-05-07) 계열 불일치 · 문헌일 2023-02-02,[F1] drawing_count 0 (도면의 설명 1원소 보유)
KR 10-2664042 B1,B1,등록특허공보,등록공고,고주파 진동을 이용한 청소기,10,,,10,D1 D3 D7 D2 D5 D6 D12 D8 D8c D4,[D5] 상세설명에 하위섹션+전문 중복 렌더(섹션 10380자 = 전문 7594 + 하위섹션 2962) / [D6] 도면 미반입인데 패널 노출(서지 도면 수 0건 / 패널 캡션 1개 · 이미지 없음) / [D12] 서지 청구항 수 8개 ↔ 청구범위 목록 10개(삭제 2) 불일치 / [D8] 독립항 목록 10개 중 2개가 본문 '삭제' / [D8c] 종속항 0 · 삭제항 2 → 독립/전체 토글 결과 동일(10개) / [D4] 공개번호(10-2023-0164458)와 표시 일자(2024-05-08) 계열 불일치 · 문헌일 2023-12-04,[F1] drawing_count 0 (도면의 설명 1원소 보유) [F2] 도면 설명 1원소에 도 7개 뭉침
KR 10-2664088 B1,B1,등록특허공보,등록공고,라이각 조정이 가능한 골프퍼터,10,,,10,D1 D3 D7 D2 D5 D6 D12 D8 D8c D4b,[D5] 상세설명에 하위섹션+전문 중복 렌더(섹션 8881자 = 전문 6411 + 하위섹션 2632) / [D6] 도면 미반입인데 패널 노출(서지 도면 수 0건 / 패널 캡션 1개 · 이미지 없음) / [D12] 서지 청구항 수 1개 ↔ 청구범위 목록 2개(삭제 1) 불일치 / [D8] 독립항 목록 2개 중 1개가 본문 '삭제' / [D8c] 종속항 0 · 삭제항 1 → 독립/전체 토글 결과 동일(2개) / [D4b] 공개/공고번호 — 인데 공개/공고일(2024-05-08)만 표시,[F1] drawing_count 0 (도면의 설명 1원소 보유) [F2] 도면 설명 1원소에 도 9개 뭉침
KR 10-2664239 B1,B1,등록특허공보,등록공고,ECC 가변 적용 장치 및 방법,10,,,10,D1 D3 D7 D2 D5 D6 D12 D8 D8c D4b,[D5] 상세설명에 하위섹션+전문 중복 렌더(섹션 10178자 = 전문 8511 + 하위섹션 1785) / [D6] 도면 미반입인데 패널 노출(서지 도면 수 0건 / 패널 캡션 1개 · 이미지 없음) / [D12] 서지 청구항 수 1개 ↔ 청구범위 목록 4개(삭제 3) 불일치 / [D8] 독립항 목록 4개 중 3개가 본문 '삭제' / [D8c] 종속항 0 · 삭제항 3 → 독립/전체 토글 결과 동일(4개) / [D4b] 공개/공고번호 — 인데 공개/공고일(2024-05-08)만 표시,[F1] drawing_count 0 (도면의 설명 1원소 보유) [F2] 도면 설명 1원소에 도 5개 뭉침
KR 10-2664241 B1,B1,등록특허공보,등록공고,고객 맞춤형 광고 콘텐츠의 기획 및 템플릿 생성 자동화 솔루션 제공 시스템,10,,,10,D1 D3 D7 D2 D5 D6 D12 D8 D8c D4b,[D5] 상세설명에 하위섹션+전문 중복 렌더(섹션 18386자 = 전문 15336 + 하위섹션 3199) / [D6] 도면 미반입인데 패널 노출(서지 도면 수 0건 / 패널 캡션 1개 · 이미지 없음) / [D12] 서지 청구항 수 1개 ↔ 청구범위 목록 3개(삭제 2) 불일치 / [D8] 독립항 목록 3개 중 2개가 본문 '삭제' / [D8c] 종속항 0 · 삭제항 2 → 독립/전체 토글 결과 동일(3개) / [D4b] 공개/공고번호 — 인데 공개/공고일(2024-05-08)만 표시,[F1] drawing_count 0 (도면의 설명 1원소 보유) [F2] 도면 설명 1원소에 도 4개 뭉침
KR 10-2664276 B1,B1,등록특허공보,등록공고,수직-수평 분할을 통한 단일 영상 잔상 제거 방법 및 이를 위한 네트워크 시스템,10,,,10,D1 D3 D7 D2 D5 D6 D12 D8 D8c D4b,[D5] 상세설명에 하위섹션+전문 중복 렌더(섹션 18139자 = 전문 14298 + 하위섹션 3993) / [D6] 도면 미반입인데 패널 노출(서지 도면 수 0건 / 패널 캡션 1개 · 이미지 없음) / [D12] 서지 청구항 수 3개 ↔ 청구범위 목록 7개(삭제 4) 불일치 / [D8] 독립항 목록 7개 중 4개가 본문 '삭제' / [D8c] 종속항 0 · 삭제항 4 → 독립/전체 토글 결과 동일(7개) / [D4b] 공개/공고번호 — 인데 공개/공고일(2024-05-10)만 표시,[F1] drawing_count 0 (도면의 설명 1원소 보유) [F2] 도면 설명 1원소에 도 9개 뭉침
KR 10-2664433 B1,B1,등록특허공보,등록공고,식별 표식 인식을 이용한 단말기 위치 제공 시스템 및 위치 제공 방법,10,,,10,D1 D3 D7 D2 D5 D6 D12 D8 D8c D4,[D5] 상세설명에 하위섹션+전문 중복 렌더(섹션 18233자 = 전문 13349 + 하위섹션 5051) / [D6] 도면 미반입인데 패널 노출(서지 도면 수 0건 / 패널 캡션 1개 · 이미지 없음) / [D12] 서지 청구항 수 2개 ↔ 청구범위 목록 9개(삭제 7) 불일치 / [D8] 독립항 목록 9개 중 7개가 본문 '삭제' / [D8c] 종속항 0 · 삭제항 7 → 독립/전체 토글 결과 동일(9개) / [D4] 공개번호(10-2024-0049898)와 표시 일자(2024-05-09) 계열 불일치 · 문헌일 2024-04-18,[F1] drawing_count 0 (도면의 설명 1원소 보유) [F2] 도면 설명 1원소에 도 5개 뭉침
KR 10-2664443 B1,B1,등록특허공보,등록공고,함침튜브 에어 주입을 위한 커플링장치,10,,,10,D1 D3 D7 D2 D5 D6 D12 D8 D8c D4b,[D5] 상세설명에 하위섹션+전문 중복 렌더(섹션 15237자 = 전문 11464 + 하위섹션 4002) / [D6] 도면 미반입인데 패널 노출(서지 도면 수 0건 / 패널 캡션 1개 · 이미지 없음) / [D12] 서지 청구항 수 1개 ↔ 청구범위 목록 3개(삭제 2) 불일치 / [D8] 독립항 목록 3개 중 2개가 본문 '삭제' / [D8c] 종속항 0 · 삭제항 2 → 독립/전체 토글 결과 동일(3개) / [D4b] 공개/공고번호 — 인데 공개/공고일(2024-05-08)만 표시,[F1] drawing_count 0 (도면의 설명 1원소 보유) [F2] 도면 설명 1원소에 도 14개 뭉침
KR 10-2664446 B1,B1,등록특허공보,등록공고,이미지 센싱 장치,10,,,10,D1 D3 D7 D2 D5 D6 D12 D8 D8c D4,[D5] 상세설명에 하위섹션+전문 중복 렌더(섹션 12805자 = 전문 11926 + 하위섹션 1046) / [D6] 도면 미반입인데 패널 노출(서지 도면 수 0건 / 패널 캡션 1개 · 이미지 없음) / [D12] 서지 청구항 수 13개 ↔ 청구범위 목록 14개(삭제 1) 불일치 / [D8] 독립항 목록 14개 중 1개가 본문 '삭제' / [D8c] 종속항 0 · 삭제항 1 → 독립/전체 토글 결과 동일(14개) / [D4] 공개번호(10-2021-0025938)와 표시 일자(2024-05-09) 계열 불일치 · 문헌일 2021-03-10,[F1] drawing_count 0 (도면의 설명 1원소 보유) [F2] 도면 설명 1원소에 도 10개 뭉침
KR 10-2664577 B1,B1,등록특허공보,등록공고,슬라임 배출 및 지반내 압력제어식 지반개량 선단장치,10,,,10,D1 D3 D7 D2 D5 D6 D12 D8 D8c D4,[D5] 상세설명에 하위섹션+전문 중복 렌더(섹션 7646자 = 전문 5840 + 하위섹션 1971) / [D6] 도면 미반입인데 패널 노출(서지 도면 수 0건 / 패널 캡션 1개 · 이미지 없음) / [D12] 서지 청구항 수 1개 ↔ 청구범위 목록 4개(삭제 3) 불일치 / [D8] 독립항 목록 4개 중 3개가 본문 '삭제' / [D8c] 종속항 0 · 삭제항 3 → 독립/전체 토글 결과 동일(4개) / [D4] 공개번호(10-2023-0039970)와 표시 일자(2024-05-10) 계열 불일치 · 문헌일 2023-03-22,[F1] drawing_count 0 (도면의 설명 1원소 보유) [F2] 도면 설명 1원소에 도 6개 뭉침
KR 10-2664622 B1,B1,등록특허공보,등록공고,시즈 히터 브레이징 후 습기침투 방지 방법,10,,,10,D1 D3 D7 D2 D5 D6 D12 D8 D8c D4b,[D5] 상세설명에 하위섹션+전문 중복 렌더(섹션 26693자 = 전문 21782 + 하위섹션 5120) / [D6] 도면 미반입인데 패널 노출(서지 도면 수 0건 / 패널 캡션 1개 · 이미지 없음) / [D12] 서지 청구항 수 1개 ↔ 청구범위 목록 3개(삭제 2) 불일치 / [D8] 독립항 목록 3개 중 2개가 본문 '삭제' / [D8c] 종속항 0 · 삭제항 2 → 독립/전체 토글 결과 동일(3개) / [D4b] 공개/공고번호 — 인데 공개/공고일(2024-05-10)만 표시,[F1] drawing_count 0 (도면의 설명 1원소 보유) [F2] 도면 설명 1원소에 도 56개 뭉침
KR 10-2664803 B1,B1,등록특허공보,등록공고,살균 소독기용 약액통 교체형 약액 공급관 어셈블리,10,,,10,D1 D3 D7 D2 D5 D6 D12 D8 D8c D4,[D5] 상세설명에 하위섹션+전문 중복 렌더(섹션 14460자 = 전문 11306 + 하위섹션 3291) / [D6] 도면 미반입인데 패널 노출(서지 도면 수 0건 / 패널 캡션 1개 · 이미지 없음) / [D12] 서지 청구항 수 3개 ↔ 청구범위 목록 4개(삭제 1) 불일치 / [D8] 독립항 목록 4개 중 1개가 본문 '삭제' / [D8c] 종속항 0 · 삭제항 1 → 독립/전체 토글 결과 동일(4개) / [D4] 공개번호(10-2023-0056179)와 표시 일자(2024-05-10) 계열 불일치 · 문헌일 2023-04-27,[F1] drawing_count 0 (도면의 설명 1원소 보유) [F2] 도면 설명 1원소에 도 8개 뭉침
KR 10-2664860 B1,B1,등록특허공보,등록공고,광응답성 위저부 스텐트,10,,,10,D1 D3 D7 D2 D5 D6 D12 D8 D8c D4,[D5] 상세설명에 하위섹션+전문 중복 렌더(섹션 8839자 = 전문 6850 + 하위섹션 2107) / [D6] 도면 미반입인데 패널 노출(서지 도면 수 0건 / 패널 캡션 1개 · 이미지 없음) / [D12] 서지 청구항 수 7개 ↔ 청구범위 목록 9개(삭제 2) 불일치 / [D8] 독립항 목록 9개 중 2개가 본문 '삭제' / [D8c] 종속항 0 · 삭제항 2 → 독립/전체 토글 결과 동일(9개) / [D4] 공개번호(10-2022-0170082)와 표시 일자(2024-05-10) 계열 불일치 · 문헌일 2022-12-29,[F1] drawing_count 0 (도면의 설명 1원소 보유) [F2] 도면 설명 1원소에 도 10개 뭉침
KR 10-2664883 B1,B1,등록특허공보,등록공고,AI를 이용한 야외 행사 안전 관리 방법 및 시스템,10,,,10,D1 D3 D7 D2 D5 D6 D12 D8 D8c D4b,[D5] 상세설명에 하위섹션+전문 중복 렌더(섹션 18535자 = 전문 14640 + 하위섹션 4145) / [D6] 도면 미반입인데 패널 노출(서지 도면 수 0건 / 패널 캡션 1개 · 이미지 없음) / [D12] 서지 청구항 수 6개 ↔ 청구범위 목록 8개(삭제 2) 불일치 / [D8] 독립항 목록 8개 중 2개가 본문 '삭제' / [D8c] 종속항 0 · 삭제항 2 → 독립/전체 토글 결과 동일(8개) / [D4b] 공개/공고번호 — 인데 공개/공고일(2024-05-10)만 표시,[F1] drawing_count 0 (도면의 설명 1원소 보유) [F2] 도면 설명 1원소에 도 5개 뭉침
KR 10-2664974 B1,B1,등록특허공보,등록공고,식료품 자동 분배장치,10,,,10,D1 D3 D7 D2 D5 D6 D12 D8 D8c D4,[D5] 상세설명에 하위섹션+전문 중복 렌더(섹션 9166자 = 전문 7218 + 하위섹션 2081) / [D6] 도면 미반입인데 패널 노출(서지 도면 수 0건 / 패널 캡션 1개 · 이미지 없음) / [D12] 서지 청구항 수 4개 ↔ 청구범위 목록 5개(삭제 1) 불일치 / [D8] 독립항 목록 5개 중 1개가 본문 '삭제' / [D8c] 종속항 0 · 삭제항 1 → 독립/전체 토글 결과 동일(5개) / [D4] 공개번호(10-2023-0118367)와 표시 일자(2024-05-10) 계열 불일치 · 문헌일 2023-08-11,[F1] drawing_count 0 (도면의 설명 1원소 보유) [F2] 도면 설명 1원소에 도 7개 뭉침
KR 10-2665045 B1,B1,등록특허공보,등록공고,식물 생장 등기구,10,,,10,D1 D3 D7 D2 D5 D6 D12 D8 D8c D4b,[D5] 상세설명에 하위섹션+전문 중복 렌더(섹션 19101자 = 전문 16133 + 하위섹션 3071) / [D6] 도면 미반입인데 패널 노출(서지 도면 수 0건 / 패널 캡션 1개 · 이미지 없음) / [D12] 서지 청구항 수 3개 ↔ 청구범위 목록 5개(삭제 2) 불일치 / [D8] 독립항 목록 5개 중 2개가 본문 '삭제' / [D8c] 종속항 0 · 삭제항 2 → 독립/전체 토글 결과 동일(5개) / [D4b] 공개/공고번호 — 인데 공개/공고일(2024-05-13)만 표시,[F1] drawing_count 0 (도면의 설명 1원소 보유) [F2] 도면 설명 1원소에 도 17개 뭉침
KR 10-2665215 B1,B1,등록특허공보,등록공고,클라우드서버를 적용한 듀얼 컴퓨터,10,,,10,D1 D3 D7 D2 D5 D6 D12 D8 D8c D4,[D5] 상세설명에 하위섹션+전문 중복 렌더(섹션 18685자 = 전문 12140 + 하위섹션 6733) / [D6] 도면 미반입인데 패널 노출(서지 도면 수 0건 / 패널 캡션 1개 · 이미지 없음) / [D12] 서지 청구항 수 1개 ↔ 청구범위 목록 6개(삭제 5) 불일치 / [D8] 독립항 목록 6개 중 5개가 본문 '삭제' / [D8c] 종속항 0 · 삭제항 5 → 독립/전체 토글 결과 동일(6개) / [D4] 공개번호(10-2024-0019497)와 표시 일자(2024-05-10) 계열 불일치 · 문헌일 2024-02-14,[F1] drawing_count 0 (도면의 설명 1원소 보유) [F2] 도면 설명 1원소에 도 5개 뭉침
KR 10-2665273 B1,B1,등록특허공보,등록공고,목줄 압박 문제를 해소한 애견 하네스,10,,,10,D1 D3 D7 D2 D5 D6 D12 D8 D8c D4b,[D5] 상세설명에 하위섹션+전문 중복 렌더(섹션 43955자 = 전문 31944 + 하위섹션 12327) / [D6] 도면 미반입인데 패널 노출(서지 도면 수 0건 / 패널 캡션 1개 · 이미지 없음) / [D12] 서지 청구항 수 2개 ↔ 청구범위 목록 3개(삭제 1) 불일치 / [D8] 독립항 목록 3개 중 1개가 본문 '삭제' / [D8c] 종속항 0 · 삭제항 1 → 독립/전체 토글 결과 동일(3개) / [D4b] 공개/공고번호 — 인데 공개/공고일(2024-05-10)만 표시,[F1] drawing_count 0 (도면의 설명 1원소 보유) [F2] 도면 설명 1원소에 도 17개 뭉침
KR 10-2665311 B1,B1,등록특허공보,등록공고,FIDO 거래인증 및 DID 단말인증 기반의 NFT 디지털 굿즈 거래 시스템,10,,,10,D1 D3 D7 D2 D5 D6 D12 D8 D8c D4,[D5] 상세설명에 하위섹션+전문 중복 렌더(섹션 16327자 = 전문 12409 + 하위섹션 4103) / [D6] 도면 미반입인데 패널 노출(서지 도면 수 0건 / 패널 캡션 1개 · 이미지 없음) / [D12] 서지 청구항 수 3개 ↔ 청구범위 목록 5개(삭제 2) 불일치 / [D8] 독립항 목록 5개 중 2개가 본문 '삭제' / [D8c] 종속항 0 · 삭제항 2 → 독립/전체 토글 결과 동일(5개) / [D4] 공개번호(10-2023-0020125)와 표시 일자(2024-05-10) 계열 불일치 · 문헌일 2023-02-10,[F1] drawing_count 0 (도면의 설명 1원소 보유) [F2] 도면 설명 1원소에 도 8개 뭉침
KR 10-2665351 B1,B1,등록특허공보,등록공고,"사용자의 청렴 역량에 대한 진단 결과로 CBTI 유형을 산출하고, 사용자 별 산출된 CBTI 유형을 비교하는",10,,,10,D1 D3 D7 D2 D5 D6 D12 D8 D8c D4b,[D5] 상세설명에 하위섹션+전문 중복 렌더(섹션 22702자 = 전문 20026 + 하위섹션 2915) / [D6] 도면 미반입인데 패널 노출(서지 도면 수 0건 / 패널 캡션 1개 · 이미지 없음) / [D12] 서지 청구항 수 4개 ↔ 청구범위 목록 7개(삭제 3) 불일치 / [D8] 독립항 목록 7개 중 3개가 본문 '삭제' / [D8c] 종속항 0 · 삭제항 3 → 독립/전체 토글 결과 동일(7개) / [D4b] 공개/공고번호 — 인데 공개/공고일(2024-05-10)만 표시,[F1] drawing_count 0 (도면의 설명 1원소 보유) [F2] 도면 설명 1원소에 도 8개 뭉침
KR 10-2665446 B1,B1,등록특허공보,등록공고,공작기계용 슬라이드커버의 완충장치,10,,,10,D1 D3 D7 D2 D5 D6 D12 D8 D8c D4,[D5] 상세설명에 하위섹션+전문 중복 렌더(섹션 11510자 = 전문 8596 + 하위섹션 2989) / [D6] 도면 미반입인데 패널 노출(서지 도면 수 0건 / 패널 캡션 1개 · 이미지 없음) / [D12] 서지 청구항 수 4개 ↔ 청구범위 목록 6개(삭제 2) 불일치 / [D8] 독립항 목록 6개 중 2개가 본문 '삭제' / [D8c] 종속항 0 · 삭제항 2 → 독립/전체 토글 결과 동일(6개) / [D4] 공개번호(10-2023-0090664)와 표시 일자(2024-05-10) 계열 불일치 · 문헌일 2023-06-22,[F1] drawing_count 0 (도면의 설명 1원소 보유) [F2] 도면 설명 1원소에 도 4개 뭉침
KR 10-2665480 B1,B1,등록특허공보,등록공고,모터 제어장치,10,,,10,D1 D3 D7 D2 D5 D6 D12 D8 D8c D4,[D5] 상세설명에 하위섹션+전문 중복 렌더(섹션 8114자 = 전문 5993 + 하위섹션 2166) / [D6] 도면 미반입인데 패널 노출(서지 도면 수 0건 / 패널 캡션 1개 · 이미지 없음) / [D12] 서지 청구항 수 1개 ↔ 청구범위 목록 6개(삭제 5) 불일치 / [D8] 독립항 목록 6개 중 5개가 본문 '삭제' / [D8c] 종속항 0 · 삭제항 5 → 독립/전체 토글 결과 동일(6개) / [D4] 공개번호(10-2018-0081977)와 표시 일자(2024-05-13) 계열 불일치 · 문헌일 2018-07-18,[F1] drawing_count 0 (도면의 설명 1원소 보유) [F2] 도면 설명 1원소에 도 5개 뭉침
KR 10-2665555 B1,B1,등록특허공보,등록공고,트램 차량 정비를 위한 차륜부 탈거장치,10,,,10,D1 D3 D7 D2 D5 D6 D12 D8 D8c D4b,[D5] 상세설명에 하위섹션+전문 중복 렌더(섹션 10218자 = 전문 7817 + 하위섹션 2560) / [D6] 도면 미반입인데 패널 노출(서지 도면 수 0건 / 패널 캡션 1개 · 이미지 없음) / [D12] 서지 청구항 수 1개 ↔ 청구범위 목록 3개(삭제 2) 불일치 / [D8] 독립항 목록 3개 중 2개가 본문 '삭제' / [D8c] 종속항 0 · 삭제항 2 → 독립/전체 토글 결과 동일(3개) / [D4b] 공개/공고번호 — 인데 공개/공고일(2024-05-13)만 표시,[F1] drawing_count 0 (도면의 설명 1원소 보유) [F2] 도면 설명 1원소에 도 7개 뭉침
KR 10-2665640 B1,B1,등록특허공보,등록공고,원자력 발전소의 증기 발생기 전열관 검사 장치,10,,,10,D1 D3 D7 D2 D5 D6 D12 D8 D8c D4b,[D5] 상세설명에 하위섹션+전문 중복 렌더(섹션 19708자 = 전문 14027 + 하위섹션 5883) / [D6] 도면 미반입인데 패널 노출(서지 도면 수 0건 / 패널 캡션 1개 · 이미지 없음) / [D12] 서지 청구항 수 2개 ↔ 청구범위 목록 3개(삭제 1) 불일치 / [D8] 독립항 목록 3개 중 1개가 본문 '삭제' / [D8c] 종속항 0 · 삭제항 1 → 독립/전체 토글 결과 동일(3개) / [D4b] 공개/공고번호 — 인데 공개/공고일(2024-05-13)만 표시,[F1] drawing_count 0 (도면의 설명 1원소 보유) [F2] 도면 설명 1원소에 도 10개 뭉침
KR 10-2665671 B1,B1,등록특허공보,등록공고,재장전수탱크 용접부 위상배열 초음파검사 시스템,10,,,10,D1 D3 D7 D2 D5 D6 D12 D8 D8c D4b,[D5] 상세설명에 하위섹션+전문 중복 렌더(섹션 10861자 = 전문 7542 + 하위섹션 3440) / [D6] 도면 미반입인데 패널 노출(서지 도면 수 0건 / 패널 캡션 1개 · 이미지 없음) / [D12] 서지 청구항 수 2개 ↔ 청구범위 목록 8개(삭제 6) 불일치 / [D8] 독립항 목록 8개 중 6개가 본문 '삭제' / [D8c] 종속항 0 · 삭제항 6 → 독립/전체 토글 결과 동일(8개) / [D4b] 공개/공고번호 — 인데 공개/공고일(2024-05-10)만 표시,[F1] drawing_count 0 (도면의 설명 1원소 보유) [F2] 도면 설명 1원소에 도 8개 뭉침
KR 10-2665733 B1,B1,등록특허공보,등록공고,첨착 활성탄 제조기,10,,,10,D1 D3 D7 D2 D5 D6 D12 D8 D8c D4,[D5] 상세설명에 하위섹션+전문 중복 렌더(섹션 8389자 = 전문 6118 + 하위섹션 2352) / [D6] 도면 미반입인데 패널 노출(서지 도면 수 0건 / 패널 캡션 1개 · 이미지 없음) / [D12] 서지 청구항 수 2개 ↔ 청구범위 목록 3개(삭제 1) 불일치 / [D8] 독립항 목록 3개 중 1개가 본문 '삭제' / [D8c] 종속항 0 · 삭제항 1 → 독립/전체 토글 결과 동일(3개) / [D4] 공개번호(10-2023-0137627)와 표시 일자(2024-05-13) 계열 불일치 · 문헌일 2023-10-05,[F1] drawing_count 0 (도면의 설명 1원소 보유) [F2] 도면 설명 1원소에 도 7개 뭉침
KR 10-2665751 B1,B1,등록특허공보,등록공고,표피 효과가 개선된 인쇄회로기판,10,,,10,D1 D3 D7 D2 D5 D6 D12 D8 D8c D4,[D5] 상세설명에 하위섹션+전문 중복 렌더(섹션 7954자 = 전문 5948 + 하위섹션 2046) / [D6] 도면 미반입인데 패널 노출(서지 도면 수 0건 / 패널 캡션 1개 · 이미지 없음) / [D12] 서지 청구항 수 1개 ↔ 청구범위 목록 4개(삭제 3) 불일치 / [D8] 독립항 목록 4개 중 3개가 본문 '삭제' / [D8c] 종속항 0 · 삭제항 3 → 독립/전체 토글 결과 동일(4개) / [D4] 공개번호(10-2023-0035891)와 표시 일자(2024-05-14) 계열 불일치 · 문헌일 2023-03-14,[F1] drawing_count 0 (도면의 설명 1원소 보유) [F2] 도면 설명 1원소에 도 6개 뭉침
KR 10-2665973 B1,B1,등록특허공보,등록공고,섭취물의 토출이 용이하고 결합력이 상승된 애완동물용 완구,10,,,10,D1 D3 D7 D2 D5 D6 D12 D8 D8c D4,[D5] 상세설명에 하위섹션+전문 중복 렌더(섹션 9330자 = 전문 7412 + 하위섹션 2168) / [D6] 도면 미반입인데 패널 노출(서지 도면 수 0건 / 패널 캡션 1개 · 이미지 없음) / [D12] 서지 청구항 수 1개 ↔ 청구범위 목록 7개(삭제 6) 불일치 / [D8] 독립항 목록 7개 중 6개가 본문 '삭제' / [D8c] 종속항 0 · 삭제항 6 → 독립/전체 토글 결과 동일(7개) / [D4] 공개번호(10-2023-0015537)와 표시 일자(2024-05-13) 계열 불일치 · 문헌일 2023-01-31,[F1] drawing_count 0 (도면의 설명 1원소 보유) [F2] 도면 설명 1원소에 도 21개 뭉침
KR 10-2666003 B1,B1,등록특허공보,등록공고,질소충전 및 승압이 가능한 트레일러 탑재식 이동장치,10,,,10,D1 D3 D7 D2 D5 D6 D12 D8 D8c D4b,[D5] 상세설명에 하위섹션+전문 중복 렌더(섹션 17111자 = 전문 14293 + 하위섹션 3086) / [D6] 도면 미반입인데 패널 노출(서지 도면 수 0건 / 패널 캡션 1개 · 이미지 없음) / [D12] 서지 청구항 수 1개 ↔ 청구범위 목록 5개(삭제 4) 불일치 / [D8] 독립항 목록 5개 중 4개가 본문 '삭제' / [D8c] 종속항 0 · 삭제항 4 → 독립/전체 토글 결과 동일(5개) / [D4b] 공개/공고번호 — 인데 공개/공고일(2024-05-14)만 표시,[F1] drawing_count 0 (도면의 설명 1원소 보유) [F2] 도면 설명 1원소에 도 6개 뭉침
KR 10-2667777 B1,B1,등록특허공보,등록공고,불투명 접착제를 사용한 식품 포장재 및 이의 제조방법,10,,,10,D1 D3 D7 D2 D5 D6 D12 D8 D8c D4b,[D5] 상세설명에 하위섹션+전문 중복 렌더(섹션 17866자 = 전문 15724 + 하위섹션 2384) / [D6] 도면 미반입인데 패널 노출(서지 도면 수 0건 / 패널 캡션 1개 · 이미지 없음) / [D12] 서지 청구항 수 3개 ↔ 청구범위 목록 4개(삭제 1) 불일치 / [D8] 독립항 목록 4개 중 1개가 본문 '삭제' / [D8c] 종속항 0 · 삭제항 1 → 독립/전체 토글 결과 동일(4개) / [D4b] 공개/공고번호 — 인데 공개/공고일(2024-05-20)만 표시,[F1] drawing_count 0 (도면의 설명 1원소 보유) [F2] 도면 설명 1원소에 도 5개 뭉침
KR 10-2677606 B1,B1,등록특허공보,등록공고,국내 사업 지원 및 언어 매칭 통합 서비스 시스템,10,,,10,D1 D3 D7 D2 D5 D6 D12 D8 D8c D4b,[D5] 상세설명에 하위섹션+전문 중복 렌더(섹션 26896자 = 전문 19681 + 하위섹션 7414) / [D6] 도면 미반입인데 패널 노출(서지 도면 수 0건 / 패널 캡션 1개 · 이미지 없음) / [D12] 서지 청구항 수 1개 ↔ 청구범위 목록 3개(삭제 2) 불일치 / [D8] 독립항 목록 3개 중 2개가 본문 '삭제' / [D8c] 종속항 0 · 삭제항 2 → 독립/전체 토글 결과 동일(3개) / [D4b] 공개/공고번호 — 인데 공개/공고일(2024-07-26)만 표시,[F1] drawing_count 0 (도면의 설명 1원소 보유) [F2] 도면 설명 1원소에 도 5개 뭉침
KR 10-2688888 B1,B1,등록특허공보,등록공고,타이바 삽입홈이 형성된 골형 데크 및 이를 이용한 철골 수평 조립체,10,,,10,D1 D3 D7 D2 D5 D6 D12 D8 D8c D4b,[D5] 상세설명에 하위섹션+전문 중복 렌더(섹션 17672자 = 전문 12437 + 하위섹션 5357) / [D6] 도면 미반입인데 패널 노출(서지 도면 수 0건 / 패널 캡션 1개 · 이미지 없음) / [D12] 서지 청구항 수 12개 ↔ 청구범위 목록 14개(삭제 2) 불일치 / [D8] 독립항 목록 14개 중 2개가 본문 '삭제' / [D8c] 종속항 0 · 삭제항 2 → 독립/전체 토글 결과 동일(14개) / [D4b] 공개/공고번호 — 인데 공개/공고일(2024-07-29)만 표시,[F1] drawing_count 0 (도면의 설명 1원소 보유) [F2] 도면 설명 1원소에 도 16개 뭉침
KR 10-2689260 B1,B1,등록특허공보,등록공고,실시간 음성 인식 기반 강의 통역 플랫폼 운영 서버 및 방법,10,,,10,D1 D3 D7 D2 D5 D6 D12 D8 D8c D4b,[D5] 상세설명에 하위섹션+전문 중복 렌더(섹션 26539자 = 전문 23297 + 하위섹션 3482) / [D6] 도면 미반입인데 패널 노출(서지 도면 수 0건 / 패널 캡션 1개 · 이미지 없음) / [D12] 서지 청구항 수 3개 ↔ 청구범위 목록 5개(삭제 2) 불일치 / [D8] 독립항 목록 5개 중 2개가 본문 '삭제' / [D8c] 종속항 0 · 삭제항 2 → 독립/전체 토글 결과 동일(5개) / [D4b] 공개/공고번호 — 인데 공개/공고일(2024-07-29)만 표시,[F1] drawing_count 0 (도면의 설명 1원소 보유) [F2] 도면 설명 1원소에 도 6개 뭉침
KR 10-2689350 B1,B1,등록특허공보,등록공고,건축물의 상수도 배관 장치,10,,,10,D1 D3 D7 D2 D5 D6 D12 D8 D8c D4b,[D5] 상세설명에 하위섹션+전문 중복 렌더(섹션 13204자 = 전문 10876 + 하위섹션 2530) / [D6] 도면 미반입인데 패널 노출(서지 도면 수 0건 / 패널 캡션 1개 · 이미지 없음) / [D12] 서지 청구항 수 1개 ↔ 청구범위 목록 2개(삭제 1) 불일치 / [D8] 독립항 목록 2개 중 1개가 본문 '삭제' / [D8c] 종속항 0 · 삭제항 1 → 독립/전체 토글 결과 동일(2개) / [D4b] 공개/공고번호 — 인데 공개/공고일(2024-07-29)만 표시,[F1] drawing_count 0 (도면의 설명 1원소 보유) [F2] 도면 설명 1원소에 도 9개 뭉침
KR 10-2689399 B1,B1,등록특허공보,등록공고,"당뇨병 및 관련 질환의 예방, 개선 또는 치료용 조성물",10,,,10,D1 D3 D7 D2 D5 D6 D12 D8 D8c D4b,[D5] 상세설명에 하위섹션+전문 중복 렌더(섹션 27025자 = 전문 16818 + 하위섹션 10570) / [D6] 도면 미반입인데 패널 노출(서지 도면 수 0건 / 패널 캡션 1개 · 이미지 없음) / [D12] 서지 청구항 수 4개 ↔ 청구범위 목록 8개(삭제 4) 불일치 / [D8] 독립항 목록 8개 중 4개가 본문 '삭제' / [D8c] 종속항 0 · 삭제항 4 → 독립/전체 토글 결과 동일(8개) / [D4b] 공개/공고번호 — 인데 공개/공고일(2024-07-30)만 표시,[F1] drawing_count 0 (도면의 설명 1원소 보유) [F2] 도면 설명 1원소에 도 3개 뭉침
KR 10-2689587 B1,B1,등록특허공보,등록공고,수처리용 필터 커넥터 어셈블리,10,,,10,D1 D3 D7 D2 D5 D6 D12 D8 D8c D4,[D5] 상세설명에 하위섹션+전문 중복 렌더(섹션 18479자 = 전문 14840 + 하위섹션 3738) / [D6] 도면 미반입인데 패널 노출(서지 도면 수 0건 / 패널 캡션 1개 · 이미지 없음) / [D12] 서지 청구항 수 9개 ↔ 청구범위 목록 10개(삭제 1) 불일치 / [D8] 독립항 목록 10개 중 1개가 본문 '삭제' / [D8c] 종속항 0 · 삭제항 1 → 독립/전체 토글 결과 동일(10개) / [D4] 공개번호(10-2023-0065722)와 표시 일자(2024-07-29) 계열 불일치 · 문헌일 2023-05-12,[F1] drawing_count 0 (도면의 설명 1원소 보유) [F2] 도면 설명 1원소에 도 5개 뭉침
KR 10-2689763 B1,B1,등록특허공보,등록공고,현장 이동식 키보드,10,,,10,D1 D3 D7 D2 D5 D6 D12 D8 D8c D4b,[D5] 상세설명에 하위섹션+전문 중복 렌더(섹션 25501자 = 전문 20389 + 하위섹션 5472) / [D6] 도면 미반입인데 패널 노출(서지 도면 수 0건 / 패널 캡션 1개 · 이미지 없음) / [D12] 서지 청구항 수 1개 ↔ 청구범위 목록 2개(삭제 1) 불일치 / [D8] 독립항 목록 2개 중 1개가 본문 '삭제' / [D8c] 종속항 0 · 삭제항 1 → 독립/전체 토글 결과 동일(2개) / [D4b] 공개/공고번호 — 인데 공개/공고일(2024-07-31)만 표시,[F1] drawing_count 0 (도면의 설명 1원소 보유) [F2] 도면 설명 1원소에 도 3개 뭉침
KR 10-2689831 B1,B1,등록특허공보,등록공고,구조강도가 향상된 소방차의 지붕구조,10,,,10,D1 D3 D7 D2 D5 D6 D12 D8 D8c D4b,[D5] 상세설명에 하위섹션+전문 중복 렌더(섹션 10364자 = 전문 8007 + 하위섹션 2507) / [D6] 도면 미반입인데 패널 노출(서지 도면 수 0건 / 패널 캡션 1개 · 이미지 없음) / [D12] 서지 청구항 수 1개 ↔ 청구범위 목록 3개(삭제 2) 불일치 / [D8] 독립항 목록 3개 중 2개가 본문 '삭제' / [D8c] 종속항 0 · 삭제항 2 → 독립/전체 토글 결과 동일(3개) / [D4b] 공개/공고번호 — 인데 공개/공고일(2024-07-30)만 표시,[F1] drawing_count 0 (도면의 설명 1원소 보유) [F2] 도면 설명 1원소에 도 13개 뭉침
KR 10-2690033 B1,B1,등록특허공보,등록공고,음성인식에 기초한 공작 설비 제어 시스템,10,,,10,D1 D3 D7 D2 D5 D6 D12 D8 D8c D4b,[D5] 상세설명에 하위섹션+전문 중복 렌더(섹션 21548자 = 전문 18990 + 하위섹션 2744) / [D6] 도면 미반입인데 패널 노출(서지 도면 수 0건 / 패널 캡션 1개 · 이미지 없음) / [D12] 서지 청구항 수 1개 ↔ 청구범위 목록 3개(삭제 2) 불일치 / [D8] 독립항 목록 3개 중 2개가 본문 '삭제' / [D8c] 종속항 0 · 삭제항 2 → 독립/전체 토글 결과 동일(3개) / [D4b] 공개/공고번호 — 인데 공개/공고일(2024-07-31)만 표시,[F1] drawing_count 0 (도면의 설명 1원소 보유) [F2] 도면 설명 1원소에 도 5개 뭉침
KR 10-2690070 B1,B1,등록특허공보,등록공고,항산화 기능성이 우수한 유청단백질 가수분해물이 첨가된 발효유 및 그 제조방법,10,,,10,D1 D3 D7 D2 D5 D6 D12 D8 D8c D4,[D5] 상세설명에 하위섹션+전문 중복 렌더(섹션 11207자 = 전문 9384 + 하위섹션 2189) / [D6] 도면 미반입인데 패널 노출(서지 도면 수 0건 / 패널 캡션 1개 · 이미지 없음) / [D12] 서지 청구항 수 2개 ↔ 청구범위 목록 4개(삭제 2) 불일치 / [D8] 독립항 목록 4개 중 2개가 본문 '삭제' / [D8c] 종속항 0 · 삭제항 2 → 독립/전체 토글 결과 동일(4개) / [D4] 공개번호(10-2022-0122264)와 표시 일자(2024-07-31) 계열 불일치 · 문헌일 2022-09-02,[F1] drawing_count 0 (도면의 설명 1원소 보유) [F2] 도면 설명 1원소에 도 9개 뭉침
KR 10-2690224 B1,B1,등록특허공보,등록공고,케이블 트레이의 수직곡면 연결용 멀티플 엘보우,10,,,10,D1 D3 D7 D2 D5 D6 D12 D8 D8c D4b,[D5] 상세설명에 하위섹션+전문 중복 렌더(섹션 9995자 = 전문 7236 + 하위섹션 2841) / [D6] 도면 미반입인데 패널 노출(서지 도면 수 0건 / 패널 캡션 1개 · 이미지 없음) / [D12] 서지 청구항 수 1개 ↔ 청구범위 목록 6개(삭제 5) 불일치 / [D8] 독립항 목록 6개 중 5개가 본문 '삭제' / [D8c] 종속항 0 · 삭제항 5 → 독립/전체 토글 결과 동일(6개) / [D4b] 공개/공고번호 — 인데 공개/공고일(2024-08-05)만 표시,[F1] drawing_count 0 (도면의 설명 1원소 보유) [F2] 도면 설명 1원소에 도 13개 뭉침
KR 10-2690669 B1,B1,등록특허공보,등록공고,연성회로기판의 칩 온 플렉스 전극단자 검사용 플렉스 고정가이드 모듈,10,,,10,D1 D3 D7 D2 D5 D6 D12 D8 D8c D4b,[D5] 상세설명에 하위섹션+전문 중복 렌더(섹션 13532자 = 전문 9649 + 하위섹션 4003) / [D6] 도면 미반입인데 패널 노출(서지 도면 수 0건 / 패널 캡션 1개 · 이미지 없음) / [D12] 서지 청구항 수 7개 ↔ 청구범위 목록 8개(삭제 1) 불일치 / [D8] 독립항 목록 8개 중 1개가 본문 '삭제' / [D8c] 종속항 0 · 삭제항 1 → 독립/전체 토글 결과 동일(8개) / [D4b] 공개/공고번호 — 인데 공개/공고일(2024-08-05)만 표시,[F1] drawing_count 0 (도면의 설명 1원소 보유) [F2] 도면 설명 1원소에 도 8개 뭉침
KR 10-2690680 B1,B1,등록특허공보,등록공고,언택트 교육 시스템 및 이를 이용한 언택트 교육 방법,10,,,10,D1 D3 D7 D2 D5 D6 D12 D8 D8c D4,[D5] 상세설명에 하위섹션+전문 중복 렌더(섹션 24613자 = 전문 21124 + 하위섹션 3789) / [D6] 도면 미반입인데 패널 노출(서지 도면 수 0건 / 패널 캡션 1개 · 이미지 없음) / [D12] 서지 청구항 수 1개 ↔ 청구범위 목록 10개(삭제 9) 불일치 / [D8] 독립항 목록 10개 중 9개가 본문 '삭제' / [D8c] 종속항 0 · 삭제항 9 → 독립/전체 토글 결과 동일(10개) / [D4] 공개번호(10-2022-0086841)와 표시 일자(2024-07-31) 계열 불일치 · 문헌일 2022-06-24,[F1] drawing_count 0 (도면의 설명 1원소 보유) [F2] 도면 설명 1원소에 도 8개 뭉침
KR 10-2690792 B1,B1,등록특허공보,등록공고,재활용 가능한 복합잔디매트 및 그 매트의 제조방법,10,,,10,D1 D3 D7 D2 D5 D6 D12 D8 D8c D4b,[D5] 상세설명에 하위섹션+전문 중복 렌더(섹션 19187자 = 전문 16526 + 하위섹션 2787) / [D6] 도면 미반입인데 패널 노출(서지 도면 수 0건 / 패널 캡션 1개 · 이미지 없음) / [D12] 서지 청구항 수 1개 ↔ 청구범위 목록 10개(삭제 9) 불일치 / [D8] 독립항 목록 10개 중 9개가 본문 '삭제' / [D8c] 종속항 0 · 삭제항 9 → 독립/전체 토글 결과 동일(10개) / [D4b] 공개/공고번호 — 인데 공개/공고일(2024-08-05)만 표시,[F1] drawing_count 0 (도면의 설명 1원소 보유) [F2] 도면 설명 1원소에 도 15개 뭉침
KR 10-2690883 B1,B1,등록특허공보,등록공고,샤워기 헤드의 높이 조절 장치,10,,,10,D1 D3 D7 D2 D5 D6 D12 D8 D8c D4b,[D5] 상세설명에 하위섹션+전문 중복 렌더(섹션 13650자 = 전문 11337 + 하위섹션 2462) / [D6] 도면 미반입인데 패널 노출(서지 도면 수 0건 / 패널 캡션 1개 · 이미지 없음) / [D12] 서지 청구항 수 3개 ↔ 청구범위 목록 5개(삭제 2) 불일치 / [D8] 독립항 목록 5개 중 2개가 본문 '삭제' / [D8c] 종속항 0 · 삭제항 2 → 독립/전체 토글 결과 동일(5개) / [D4b] 공개/공고번호 — 인데 공개/공고일(2024-08-05)만 표시,[F1] drawing_count 0 (도면의 설명 1원소 보유) [F2] 도면 설명 1원소에 도 12개 뭉침
KR 10-2690912 B1,B1,등록특허공보,등록공고,링 레이저를 이용한 광섬유 결합장치 및 이를 이용한 광섬유 결합방법,10,,,10,D1 D3 D7 D2 D5 D6 D12 D8 D8c D4,[D5] 상세설명에 하위섹션+전문 중복 렌더(섹션 26770자 = 전문 21006 + 하위섹션 6312) / [D6] 도면 미반입인데 패널 노출(서지 도면 수 0건 / 패널 캡션 1개 · 이미지 없음) / [D12] 서지 청구항 수 17개 ↔ 청구범위 목록 23개(삭제 6) 불일치 / [D8] 독립항 목록 23개 중 6개가 본문 '삭제' / [D8c] 종속항 0 · 삭제항 6 → 독립/전체 토글 결과 동일(23개) / [D4] 공개번호(10-2022-0125994)와 표시 일자(2024-07-31) 계열 불일치 · 문헌일 2022-09-15,[F1] drawing_count 0 (도면의 설명 1원소 보유) [F2] 도면 설명 1원소에 도 7개 뭉침
KR 10-2690946 B1,B1,등록특허공보,등록공고,마이크로컨트롤러를 이용한 NVIS 스위치 조명의 휘도 조절장치,10,,,10,D1 D3 D7 D2 D5 D6 D12 D8 D8c D4b,[D5] 상세설명에 하위섹션+전문 중복 렌더(섹션 18021자 = 전문 13845 + 하위섹션 4433) / [D6] 도면 미반입인데 패널 노출(서지 도면 수 0건 / 패널 캡션 1개 · 이미지 없음) / [D12] 서지 청구항 수 5개 ↔ 청구범위 목록 6개(삭제 1) 불일치 / [D8] 독립항 목록 6개 중 1개가 본문 '삭제' / [D8c] 종속항 0 · 삭제항 1 → 독립/전체 토글 결과 동일(6개) / [D4b] 공개/공고번호 — 인데 공개/공고일(2024-08-05)만 표시,[F1] drawing_count 0 (도면의 설명 1원소 보유) [F2] 도면 설명 1원소에 도 6개 뭉침
KR 10-2691121 B1,B1,등록특허공보,등록공고,장신구의 커팅 가공 방법,10,,,10,D1 D3 D7 D2 D5 D6 D12 D8 D8c D4b,[D5] 상세설명에 하위섹션+전문 중복 렌더(섹션 9418자 = 전문 7485 + 하위섹션 2069) / [D6] 도면 미반입인데 패널 노출(서지 도면 수 0건 / 패널 캡션 1개 · 이미지 없음) / [D12] 서지 청구항 수 2개 ↔ 청구범위 목록 3개(삭제 1) 불일치 / [D8] 독립항 목록 3개 중 1개가 본문 '삭제' / [D8c] 종속항 0 · 삭제항 1 → 독립/전체 토글 결과 동일(3개) / [D4b] 공개/공고번호 — 인데 공개/공고일(2024-08-05)만 표시,[F1] drawing_count 0 (도면의 설명 1원소 보유) [F2] 도면 설명 1원소에 도 8개 뭉침
KR 10-2691209 B1,B1,등록특허공보,등록공고,긴급재난상황 대응용 스마트 헬멧 및 이를 이용한 긴급재난 대응 시스템,10,,,10,D1 D3 D7 D2 D5 D6 D12 D8 D8c D4b,[D5] 상세설명에 하위섹션+전문 중복 렌더(섹션 12790자 = 전문 8997 + 하위섹션 3918) / [D6] 도면 미반입인데 패널 노출(서지 도면 수 0건 / 패널 캡션 1개 · 이미지 없음) / [D12] 서지 청구항 수 5개 ↔ 청구범위 목록 6개(삭제 1) 불일치 / [D8] 독립항 목록 6개 중 1개가 본문 '삭제' / [D8c] 종속항 0 · 삭제항 1 → 독립/전체 토글 결과 동일(6개) / [D4b] 공개/공고번호 — 인데 공개/공고일(2024-08-05)만 표시,[F1] drawing_count 0 (도면의 설명 1원소 보유) [F2] 도면 설명 1원소에 도 4개 뭉침
KR 10-2691235 B1,B1,등록특허공보,등록공고,방전 가공용 전극 고정장치,10,,,10,D1 D3 D7 D2 D5 D6 D12 D8 D8c D4b,[D5] 상세설명에 하위섹션+전문 중복 렌더(섹션 17757자 = 전문 14234 + 하위섹션 3785) / [D6] 도면 미반입인데 패널 노출(서지 도면 수 0건 / 패널 캡션 1개 · 이미지 없음) / [D12] 서지 청구항 수 1개 ↔ 청구범위 목록 3개(삭제 2) 불일치 / [D8] 독립항 목록 3개 중 2개가 본문 '삭제' / [D8c] 종속항 0 · 삭제항 2 → 독립/전체 토글 결과 동일(3개) / [D4b] 공개/공고번호 — 인데 공개/공고일(2024-08-05)만 표시,[F1] drawing_count 0 (도면의 설명 1원소 보유) [F2] 도면 설명 1원소에 도 4개 뭉침
KR 10-2691479 B1,B1,등록특허공보,등록공고,차량의 쿨링모듈 냉각용 에어가드장치,10,,,10,D1 D3 D7 D2 D5 D6 D12 D8 D8c D4,[D5] 상세설명에 하위섹션+전문 중복 렌더(섹션 16034자 = 전문 12568 + 하위섹션 3815) / [D6] 도면 미반입인데 패널 노출(서지 도면 수 0건 / 패널 캡션 1개 · 이미지 없음) / [D12] 서지 청구항 수 9개 ↔ 청구범위 목록 10개(삭제 1) 불일치 / [D8] 독립항 목록 10개 중 1개가 본문 '삭제' / [D8c] 종속항 0 · 삭제항 1 → 독립/전체 토글 결과 동일(10개) / [D4] 공개번호(10-2021-0032165)와 표시 일자(2024-08-01) 계열 불일치 · 문헌일 2021-03-24,[F1] drawing_count 0 (도면의 설명 1원소 보유) [F2] 도면 설명 1원소에 도 13개 뭉침
KR 10-2691539 B1,B1,등록특허공보,등록공고,유에스비 리셉터클 커넥터용 콘택트 조립체 및 이의 제조방법,10,,,10,D1 D3 D7 D2 D5 D6 D12 D8 D8c D4,[D5] 상세설명에 하위섹션+전문 중복 렌더(섹션 8515자 = 전문 6416 + 하위섹션 2148) / [D6] 도면 미반입인데 패널 노출(서지 도면 수 0건 / 패널 캡션 1개 · 이미지 없음) / [D12] 서지 청구항 수 2개 ↔ 청구범위 목록 5개(삭제 3) 불일치 / [D8] 독립항 목록 5개 중 3개가 본문 '삭제' / [D8c] 종속항 0 · 삭제항 3 → 독립/전체 토글 결과 동일(5개) / [D4] 공개번호(10-2020-0127664)와 표시 일자(2024-08-02) 계열 불일치 · 문헌일 2020-11-11,[F1] drawing_count 0 (도면의 설명 1원소 보유) [F2] 도면 설명 1원소에 도 4개 뭉침
KR 10-2691625 B1,B1,등록특허공보,등록공고,세디미니박테리움 락티스 균주 및 그의 피부 상태 개선 용도,10,,,10,D1 D3 D7 D2 D5 D6 D12 D8 D8c D4,[D5] 상세설명에 하위섹션+전문 중복 렌더(섹션 21845자 = 전문 12229 + 하위섹션 9884) / [D6] 도면 미반입인데 패널 노출(서지 도면 수 0건 / 패널 캡션 1개 · 이미지 없음) / [D12] 서지 청구항 수 3개 ↔ 청구범위 목록 7개(삭제 4) 불일치 / [D8] 독립항 목록 7개 중 4개가 본문 '삭제' / [D8c] 종속항 0 · 삭제항 4 → 독립/전체 토글 결과 동일(7개) / [D4] 공개번호(10-2023-0149082)와 표시 일자(2024-08-06) 계열 불일치 · 문헌일 2023-10-26,[F1] drawing_count 0 (도면의 설명 1원소 보유)
KR 10-2692128 B1,B1,등록특허공보,등록공고,중요도 기반 딥러닝 모델 양자화 방법,10,,,10,D1 D3 D7 D2 D5 D6 D12 D8 D8c D4,[D5] 상세설명에 하위섹션+전문 중복 렌더(섹션 8297자 = 전문 6060 + 하위섹션 2325) / [D6] 도면 미반입인데 패널 노출(서지 도면 수 0건 / 패널 캡션 1개 · 이미지 없음) / [D12] 서지 청구항 수 11개 ↔ 청구범위 목록 12개(삭제 1) 불일치 / [D8] 독립항 목록 12개 중 1개가 본문 '삭제' / [D8c] 종속항 0 · 삭제항 1 → 독립/전체 토글 결과 동일(12개) / [D4] 공개번호(10-2024-0000696)와 표시 일자(2024-08-06) 계열 불일치 · 문헌일 2024-01-03,[F1] drawing_count 0 (도면의 설명 1원소 보유)
KR 10-2692129 B1,B1,등록특허공보,등록공고,차량 보안상태 기반 협력주행 제어 방법,10,,,10,D1 D3 D7 D2 D5 D6 D12 D8 D8c D4,[D5] 상세설명에 하위섹션+전문 중복 렌더(섹션 14747자 = 전문 11982 + 하위섹션 2961) / [D6] 도면 미반입인데 패널 노출(서지 도면 수 0건 / 패널 캡션 1개 · 이미지 없음) / [D12] 서지 청구항 수 10개 ↔ 청구범위 목록 12개(삭제 2) 불일치 / [D8] 독립항 목록 12개 중 2개가 본문 '삭제' / [D8c] 종속항 0 · 삭제항 2 → 독립/전체 토글 결과 동일(12개) / [D4] 공개번호(10-2024-0055472)와 표시 일자(2024-08-06) 계열 불일치 · 문헌일 2024-04-29,[F1] drawing_count 0 (도면의 설명 1원소 보유) [F2] 도면 설명 1원소에 도 17개 뭉침
KR 10-2692273 B1,B1,등록특허공보,등록공고,후륜 구동 차량의 변속기 마운트,10,,,10,D1 D3 D7 D2 D5 D6 D12 D8 D8c D4,[D5] 상세설명에 하위섹션+전문 중복 렌더(섹션 9673자 = 전문 7501 + 하위섹션 2304) / [D6] 도면 미반입인데 패널 노출(서지 도면 수 0건 / 패널 캡션 1개 · 이미지 없음) / [D12] 서지 청구항 수 9개 ↔ 청구범위 목록 10개(삭제 1) 불일치 / [D8] 독립항 목록 10개 중 1개가 본문 '삭제' / [D8c] 종속항 0 · 삭제항 1 → 독립/전체 토글 결과 동일(10개) / [D4] 공개번호(10-2020-0067340)와 표시 일자(2024-08-05) 계열 불일치 · 문헌일 2020-06-12,[F1] drawing_count 0 (도면의 설명 1원소 보유) [F2] 도면 설명 1원소에 도 10개 뭉침
KR 10-2692505 B1,B1,등록특허공보,등록공고,슬러지 호퍼용 배출구 개폐장치,10,,,10,D1 D3 D7 D2 D5 D6 D12 D8 D8c D4,[D5] 상세설명에 하위섹션+전문 중복 렌더(섹션 9431자 = 전문 6192 + 하위섹션 3325) / [D6] 도면 미반입인데 패널 노출(서지 도면 수 0건 / 패널 캡션 1개 · 이미지 없음) / [D12] 서지 청구항 수 2개 ↔ 청구범위 목록 5개(삭제 3) 불일치 / [D8] 독립항 목록 5개 중 3개가 본문 '삭제' / [D8c] 종속항 0 · 삭제항 3 → 독립/전체 토글 결과 동일(5개) / [D4] 공개번호(10-2024-0000063)와 표시 일자(2024-08-06) 계열 불일치 · 문헌일 2024-01-02,[F1] drawing_count 0 (도면의 설명 1원소 보유) [F2] 도면 설명 1원소에 도 9개 뭉침
KR 10-2692630 B1,B1,등록특허공보,등록공고,AR 스마트 글래스 및 스마트 글래스의 출력 제어 방법,10,,,10,D1 D3 D7 D2 D5 D6 D12 D8 D8c D4,[D5] 상세설명에 하위섹션+전문 중복 렌더(섹션 15079자 = 전문 11613 + 하위섹션 3569) / [D6] 도면 미반입인데 패널 노출(서지 도면 수 0건 / 패널 캡션 1개 · 이미지 없음) / [D12] 서지 청구항 수 1개 ↔ 청구범위 목록 10개(삭제 9) 불일치 / [D8] 독립항 목록 10개 중 9개가 본문 '삭제' / [D8c] 종속항 0 · 삭제항 9 → 독립/전체 토글 결과 동일(10개) / [D4] 공개번호(10-2023-0079846)와 표시 일자(2024-08-06) 계열 불일치 · 문헌일 2023-06-07,[F1] drawing_count 0 (도면의 설명 1원소 보유) [F2] 도면 설명 1원소에 도 9개 뭉침
KR 10-2702272 B1,B1,등록특허공보,등록공고,자기 애자 열화 판정 방법,10,,,10,D1 D3 D7 D2 D5 D6 D12 D8 D8c D4,[D5] 상세설명에 하위섹션+전문 중복 렌더(섹션 9793자 = 전문 7324 + 하위섹션 2529) / [D6] 도면 미반입인데 패널 노출(서지 도면 수 0건 / 패널 캡션 1개 · 이미지 없음) / [D12] 서지 청구항 수 1개 ↔ 청구범위 목록 8개(삭제 7) 불일치 / [D8] 독립항 목록 8개 중 7개가 본문 '삭제' / [D8c] 종속항 0 · 삭제항 7 → 독립/전체 토글 결과 동일(8개) / [D4] 공개번호(10-2021-0033264)와 표시 일자(2024-09-04) 계열 불일치 · 문헌일 2021-03-26,[F1] drawing_count 0 (도면의 설명 1원소 보유) [F2] 도면 설명 1원소에 도 5개 뭉침
KR 10-2702457 B1,B1,등록특허공보,등록공고,리뷰데이터 학습을 통한 메타데이터 구성방법,10,,,10,D1 D3 D7 D2 D5 D6 D12 D8 D8c D4b,[D5] 상세설명에 하위섹션+전문 중복 렌더(섹션 12878자 = 전문 10154 + 하위섹션 2883) / [D6] 도면 미반입인데 패널 노출(서지 도면 수 0건 / 패널 캡션 1개 · 이미지 없음) / [D12] 서지 청구항 수 1개 ↔ 청구범위 목록 5개(삭제 4) 불일치 / [D8] 독립항 목록 5개 중 4개가 본문 '삭제' / [D8c] 종속항 0 · 삭제항 4 → 독립/전체 토글 결과 동일(5개) / [D4b] 공개/공고번호 — 인데 공개/공고일(2024-09-04)만 표시,[F1] drawing_count 0 (도면의 설명 1원소 보유) [F2] 도면 설명 1원소에 도 6개 뭉침
KR 10-2702917 B1,B1,등록특허공보,등록공고,세균 또는 바이러스 소독용 조성물,10,,,10,D1 D3 D7 D2 D5 D6 D12 D8 D8c D4,[D5] 상세설명에 하위섹션+전문 중복 렌더(섹션 17902자 = 전문 15779 + 하위섹션 2365) / [D6] 도면 미반입인데 패널 노출(서지 도면 수 0건 / 패널 캡션 1개 · 이미지 없음) / [D12] 서지 청구항 수 7개 ↔ 청구범위 목록 10개(삭제 3) 불일치 / [D8] 독립항 목록 10개 중 3개가 본문 '삭제' / [D8c] 종속항 0 · 삭제항 3 → 독립/전체 토글 결과 동일(10개) / [D4] 공개번호(10-2023-0133052)와 표시 일자(2024-09-05) 계열 불일치 · 문헌일 2023-09-19,[F1] drawing_count 0 (도면의 설명 1원소 보유) [F2] 도면 설명 1원소에 도 7개 뭉침
KR 10-2703076 B1,B1,등록특허공보,등록공고,유로부가 형성된 주조품 제조 방법 및 그 방법에 의해 제조되는 주조품,10,,,10,D1 D3 D7 D2 D5 D6 D12 D8 D8c D4,[D5] 상세설명에 하위섹션+전문 중복 렌더(섹션 7836자 = 전문 5758 + 하위섹션 2163) / [D6] 도면 미반입인데 패널 노출(서지 도면 수 0건 / 패널 캡션 1개 · 이미지 없음) / [D12] 서지 청구항 수 8개 ↔ 청구범위 목록 9개(삭제 1) 불일치 / [D8] 독립항 목록 9개 중 1개가 본문 '삭제' / [D8c] 종속항 0 · 삭제항 1 → 독립/전체 토글 결과 동일(9개) / [D4] 공개번호(10-2020-0067485)와 표시 일자(2024-09-06) 계열 불일치 · 문헌일 2020-06-12,[F1] drawing_count 0 (도면의 설명 1원소 보유) [F2] 도면 설명 1원소에 도 4개 뭉침
KR 10-2703273 B1,B1,등록특허공보,등록공고,차량용 에어벤트의 픽스데코 노브구조,10,,,10,D1 D3 D7 D2 D5 D6 D12 D8 D8c D4b,[D5] 상세설명에 하위섹션+전문 중복 렌더(섹션 17934자 = 전문 15197 + 하위섹션 3006) / [D6] 도면 미반입인데 패널 노출(서지 도면 수 0건 / 패널 캡션 1개 · 이미지 없음) / [D12] 서지 청구항 수 1개 ↔ 청구범위 목록 3개(삭제 2) 불일치 / [D8] 독립항 목록 3개 중 2개가 본문 '삭제' / [D8c] 종속항 0 · 삭제항 2 → 독립/전체 토글 결과 동일(3개) / [D4b] 공개/공고번호 — 인데 공개/공고일(2024-09-05)만 표시,[F1] drawing_count 0 (도면의 설명 1원소 보유) [F2] 도면 설명 1원소에 도 9개 뭉침
KR 10-2703294 B1,B1,등록특허공보,등록공고,헤드레스트의 병진 변위장치,10,,,10,D1 D3 D7 D2 D5 D6 D12 D8 D8c D4,[D5] 상세설명에 하위섹션+전문 중복 렌더(섹션 13085자 = 전문 9628 + 하위섹션 3570) / [D6] 도면 미반입인데 패널 노출(서지 도면 수 0건 / 패널 캡션 1개 · 이미지 없음) / [D12] 서지 청구항 수 7개 ↔ 청구범위 목록 10개(삭제 3) 불일치 / [D8] 독립항 목록 10개 중 3개가 본문 '삭제' / [D8c] 종속항 0 · 삭제항 3 → 독립/전체 토글 결과 동일(10개) / [D4] 공개번호(10-2020-0132139)와 표시 일자(2024-09-06) 계열 불일치 · 문헌일 2020-11-25,[F1] drawing_count 0 (도면의 설명 1원소 보유) [F2] 도면 설명 1원소에 도 18개 뭉침
KR 10-2703406 B1,B1,등록특허공보,등록공고,차량의 제동 제어 방법,10,,,10,D1 D3 D7 D2 D5 D6 D12 D8 D8c D4,[D5] 상세설명에 하위섹션+전문 중복 렌더(섹션 35379자 = 전문 28522 + 하위섹션 7396) / [D6] 도면 미반입인데 패널 노출(서지 도면 수 0건 / 패널 캡션 1개 · 이미지 없음) / [D12] 서지 청구항 수 13개 ↔ 청구범위 목록 16개(삭제 3) 불일치 / [D8] 독립항 목록 16개 중 3개가 본문 '삭제' / [D8c] 종속항 0 · 삭제항 3 → 독립/전체 토글 결과 동일(16개) / [D4] 공개번호(10-2021-0095773)와 표시 일자(2024-09-05) 계열 불일치 · 문헌일 2021-08-03,[F1] drawing_count 0 (도면의 설명 1원소 보유) [F2] 도면 설명 1원소에 도 11개 뭉침
KR 10-2703429 B1,B1,등록특허공보,등록공고,전동차의 팬터그래프 헤드부위의 방진 및 지지고무부재 제조방법,10,,,10,D1 D3 D7 D2 D5 D6 D12 D8 D8c D4,[D5] 상세설명에 하위섹션+전문 중복 렌더(섹션 9997자 = 전문 8007 + 하위섹션 2372) / [D6] 도면 미반입인데 패널 노출(서지 도면 수 0건 / 패널 캡션 1개 · 이미지 없음) / [D12] 서지 청구항 수 1개 ↔ 청구범위 목록 3개(삭제 2) 불일치 / [D8] 독립항 목록 3개 중 2개가 본문 '삭제' / [D8c] 종속항 0 · 삭제항 2 → 독립/전체 토글 결과 동일(3개) / [D4] 공개번호(10-2023-0114963)와 표시 일자(2024-09-05) 계열 불일치 · 문헌일 2023-08-02,[F1] drawing_count 0 (도면의 설명 1원소 보유) [F2] 도면 설명 1원소에 도 23개 뭉침
KR 10-2703822 B1,B1,등록특허공보,등록공고,인공지능 기반 빅데이터 분석을 이용한 골프장 그린피 결정 방법,10,,,10,D1 D3 D7 D2 D5 D6 D12 D8 D8c D4,[D5] 상세설명에 하위섹션+전문 중복 렌더(섹션 13606자 = 전문 10649 + 하위섹션 3076) / [D6] 도면 미반입인데 패널 노출(서지 도면 수 0건 / 패널 캡션 1개 · 이미지 없음) / [D12] 서지 청구항 수 5개 ↔ 청구범위 목록 6개(삭제 1) 불일치 / [D8] 독립항 목록 6개 중 1개가 본문 '삭제' / [D8c] 종속항 0 · 삭제항 1 → 독립/전체 토글 결과 동일(6개) / [D4] 공개번호(10-2023-0096430)와 표시 일자(2024-09-05) 계열 불일치 · 문헌일 2023-06-30,[F1] drawing_count 0 (도면의 설명 1원소 보유) [F2] 도면 설명 1원소에 도 5개 뭉침
KR 10-2703989 B1,B1,등록특허공보,등록공고,빅데이터에 기초한 매력 상품 기획 시스템,10,,,10,D1 D3 D7 D2 D5 D6 D12 D8 D8c D4b,[D5] 상세설명에 하위섹션+전문 중복 렌더(섹션 22306자 = 전문 19997 + 하위섹션 2483) / [D6] 도면 미반입인데 패널 노출(서지 도면 수 0건 / 패널 캡션 1개 · 이미지 없음) / [D12] 서지 청구항 수 1개 ↔ 청구범위 목록 3개(삭제 2) 불일치 / [D8] 독립항 목록 3개 중 2개가 본문 '삭제' / [D8c] 종속항 0 · 삭제항 2 → 독립/전체 토글 결과 동일(3개) / [D4b] 공개/공고번호 — 인데 공개/공고일(2024-09-06)만 표시,[F1] drawing_count 0 (도면의 설명 1원소 보유) [F2] 도면 설명 1원소에 도 3개 뭉침
KR 10-2704006 B1,B1,등록특허공보,등록공고,장애물 지도 생성 방법 및 그 장치,10,,,10,D1 D3 D7 D2 D5 D6 D12 D8 D8c D4,[D5] 상세설명에 하위섹션+전문 중복 렌더(섹션 14316자 = 전문 11516 + 하위섹션 2884) / [D6] 도면 미반입인데 패널 노출(서지 도면 수 0건 / 패널 캡션 1개 · 이미지 없음) / [D12] 서지 청구항 수 6개 ↔ 청구범위 목록 14개(삭제 8) 불일치 / [D8] 독립항 목록 14개 중 8개가 본문 '삭제' / [D8c] 종속항 0 · 삭제항 8 → 독립/전체 토글 결과 동일(14개) / [D4] 공개번호(10-2020-0099264)와 표시 일자(2024-09-05) 계열 불일치 · 문헌일 2020-08-24,[F1] drawing_count 0 (도면의 설명 1원소 보유) [F2] 도면 설명 1원소에 도 9개 뭉침
KR 10-2704309 B1,B1,등록특허공보,등록공고,바퀴가 달린 레저용 쌍동선 보트,10,,,10,D1 D3 D7 D2 D5 D6 D12 D8 D8c D4,[D5] 상세설명에 하위섹션+전문 중복 렌더(섹션 8197자 = 전문 6140 + 하위섹션 2126) / [D6] 도면 미반입인데 패널 노출(서지 도면 수 0건 / 패널 캡션 1개 · 이미지 없음) / [D12] 서지 청구항 수 1개 ↔ 청구범위 목록 3개(삭제 2) 불일치 / [D8] 독립항 목록 3개 중 2개가 본문 '삭제' / [D8c] 종속항 0 · 삭제항 2 → 독립/전체 토글 결과 동일(3개) / [D4] 공개번호(10-2023-0115433)와 표시 일자(2024-09-09) 계열 불일치 · 문헌일 2023-08-03,[F1] drawing_count 0 (도면의 설명 1원소 보유) [F2] 도면 설명 1원소에 도 4개 뭉침
KR 10-2704431 B1,B1,등록특허공보,등록공고,개선된 팬 덕트 구조가 구비된 함체,10,,,10,D1 D3 D7 D2 D5 D6 D12 D8 D8c D4,[D5] 상세설명에 하위섹션+전문 중복 렌더(섹션 8179자 = 전문 5998 + 하위섹션 2237) / [D6] 도면 미반입인데 패널 노출(서지 도면 수 0건 / 패널 캡션 1개 · 이미지 없음) / [D12] 서지 청구항 수 1개 ↔ 청구범위 목록 5개(삭제 4) 불일치 / [D8] 독립항 목록 5개 중 4개가 본문 '삭제' / [D8c] 종속항 0 · 삭제항 4 → 독립/전체 토글 결과 동일(5개) / [D4] 공개번호(10-2023-0138298)와 표시 일자(2024-09-09) 계열 불일치 · 문헌일 2023-10-05,[F1] drawing_count 0 (도면의 설명 1원소 보유) [F2] 도면 설명 1원소에 도 8개 뭉침
KR 10-2704551 B1,B1,등록특허공보,등록공고,공통 파워모듈을 구비한 배터리 충전 스테이션,10,,,10,D1 D3 D7 D2 D5 D6 D12 D8 D8c D4,[D5] 상세설명에 하위섹션+전문 중복 렌더(섹션 25553자 = 전문 19578 + 하위섹션 6321) / [D6] 도면 미반입인데 패널 노출(서지 도면 수 0건 / 패널 캡션 1개 · 이미지 없음) / [D12] 서지 청구항 수 11개 ↔ 청구범위 목록 12개(삭제 1) 불일치 / [D8] 독립항 목록 12개 중 1개가 본문 '삭제' / [D8c] 종속항 0 · 삭제항 1 → 독립/전체 토글 결과 동일(12개) / [D4] 공개번호(10-2023-0116360)와 표시 일자(2024-09-09) 계열 불일치 · 문헌일 2023-08-04,[F1] drawing_count 0 (도면의 설명 1원소 보유) [F2] 도면 설명 1원소에 도 7개 뭉침
KR 10-2704916 B1,B1,등록특허공보,등록공고,하강 압하력이 있는 와이어 인양식 펌프게이트 시스템,10,,,10,D1 D3 D7 D2 D5 D6 D12 D8 D8c D4b,[D5] 상세설명에 하위섹션+전문 중복 렌더(섹션 16218자 = 전문 13252 + 하위섹션 3523) / [D6] 도면 미반입인데 패널 노출(서지 도면 수 0건 / 패널 캡션 1개 · 이미지 없음) / [D12] 서지 청구항 수 3개 ↔ 청구범위 목록 8개(삭제 5) 불일치 / [D8] 독립항 목록 8개 중 5개가 본문 '삭제' / [D8c] 종속항 0 · 삭제항 5 → 독립/전체 토글 결과 동일(8개) / [D4b] 공개/공고번호 — 인데 공개/공고일(2024-09-09)만 표시,[F1] drawing_count 0 (도면의 설명 1원소 보유) [F2] 도면 설명 1원소에 도 8개 뭉침
KR 10-2704960 B1,B1,등록특허공보,등록공고,악취 저감 및 스트레스 감소 효과가 있는 바실러스 균주를 포함하는 기능성 사료,10,,,10,D1 D3 D7 D2 D5 D6 D12 D8 D8c D4,[D5] 상세설명에 하위섹션+전문 중복 렌더(섹션 19501자 = 전문 15402 + 하위섹션 4801) / [D6] 도면 미반입인데 패널 노출(서지 도면 수 0건 / 패널 캡션 1개 · 이미지 없음) / [D12] 서지 청구항 수 1개 ↔ 청구범위 목록 6개(삭제 5) 불일치 / [D8] 독립항 목록 6개 중 5개가 본문 '삭제' / [D8c] 종속항 0 · 삭제항 5 → 독립/전체 토글 결과 동일(6개) / [D4] 공개번호(10-2024-0118240)와 표시 일자(2024-09-10) 계열 불일치 · 문헌일 2024-08-05,[F1] drawing_count 0 (도면의 설명 1원소 보유) [F2] 도면 설명 1원소에 도 7개 뭉침
KR 10-2705139 B1,B1,등록특허공보,등록공고,줄자를 이용하여 도료를 분사할 수 있는 래커 건,10,,,10,D1 D3 D7 D2 D5 D6 D12 D8 D8c D4,[D5] 상세설명에 하위섹션+전문 중복 렌더(섹션 11076자 = 전문 8316 + 하위섹션 2958) / [D6] 도면 미반입인데 패널 노출(서지 도면 수 0건 / 패널 캡션 1개 · 이미지 없음) / [D12] 서지 청구항 수 2개 ↔ 청구범위 목록 4개(삭제 2) 불일치 / [D8] 독립항 목록 4개 중 2개가 본문 '삭제' / [D8c] 종속항 0 · 삭제항 2 → 독립/전체 토글 결과 동일(4개) / [D4] 공개번호(10-2024-0044657)와 표시 일자(2024-09-09) 계열 불일치 · 문헌일 2024-04-05,[F1] drawing_count 0 (도면의 설명 1원소 보유) [F2] 도면 설명 1원소에 도 11개 뭉침
KR 10-2705833 B1,B1,등록특허공보,등록공고,글루코스와 락테이트 동시 측정 형광분석기판,10,,,10,D1 D3 D7 D2 D5 D6 D12 D8 D8c D4,[D5] 상세설명에 하위섹션+전문 중복 렌더(섹션 21439자 = 전문 18563 + 하위섹션 3247) / [D6] 도면 미반입인데 패널 노출(서지 도면 수 0건 / 패널 캡션 1개 · 이미지 없음) / [D12] 서지 청구항 수 4개 ↔ 청구범위 목록 8개(삭제 4) 불일치 / [D8] 독립항 목록 8개 중 4개가 본문 '삭제' / [D8c] 종속항 0 · 삭제항 4 → 독립/전체 토글 결과 동일(8개) / [D4] 공개번호(10-2023-0111820)와 표시 일자(2024-09-11) 계열 불일치 · 문헌일 2023-07-26,[F1] drawing_count 0 (도면의 설명 1원소 보유) [F2] 도면 설명 1원소에 도 8개 뭉침
KR 10-2706947 B1,B1,등록특허공보,등록공고,화재시 산소공급이 중단되는 산소공급장치,10,,,10,D1 D3 D7 D2 D5 D6 D12 D8 D8c D4b,[D5] 상세설명에 하위섹션+전문 중복 렌더(섹션 15277자 = 전문 11384 + 하위섹션 4068) / [D6] 도면 미반입인데 패널 노출(서지 도면 수 0건 / 패널 캡션 1개 · 이미지 없음) / [D12] 서지 청구항 수 4개 ↔ 청구범위 목록 10개(삭제 6) 불일치 / [D8] 독립항 목록 10개 중 6개가 본문 '삭제' / [D8c] 종속항 0 · 삭제항 6 → 독립/전체 토글 결과 동일(10개) / [D4b] 공개/공고번호 — 인데 공개/공고일(2024-09-12)만 표시,[F1] drawing_count 0 (도면의 설명 1원소 보유) [F2] 도면 설명 1원소에 도 3개 뭉침
KR 10-2714481 B1,B1,등록특허공보,등록공고,적층이 가능한 음용수병,10,,,10,D1 D3 D7 D2 D5 D6 D12 D8 D8c D4b,[D5] 상세설명에 하위섹션+전문 중복 렌더(섹션 10636자 = 전문 7826 + 하위섹션 2862) / [D6] 도면 미반입인데 패널 노출(서지 도면 수 0건 / 패널 캡션 1개 · 이미지 없음) / [D12] 서지 청구항 수 1개 ↔ 청구범위 목록 8개(삭제 7) 불일치 / [D8] 독립항 목록 8개 중 7개가 본문 '삭제' / [D8c] 종속항 0 · 삭제항 7 → 독립/전체 토글 결과 동일(8개) / [D4b] 공개/공고번호 — 인데 공개/공고일(2024-10-11)만 표시,[F1] drawing_count 0 (도면의 설명 1원소 보유) [F2] 도면 설명 1원소에 도 9개 뭉침
KR 10-2714878 B1,B1,등록특허공보,등록공고,초저지연 통신을 위한 다중빔 수신 장치,10,,,10,D1 D3 D7 D2 D5 D6 D12 D8 D8c D4,[D5] 상세설명에 하위섹션+전문 중복 렌더(섹션 17229자 = 전문 10959 + 하위섹션 6336) / [D6] 도면 미반입인데 패널 노출(서지 도면 수 0건 / 패널 캡션 1개 · 이미지 없음) / [D12] 서지 청구항 수 6개 ↔ 청구범위 목록 8개(삭제 2) 불일치 / [D8] 독립항 목록 8개 중 2개가 본문 '삭제' / [D8c] 종속항 0 · 삭제항 2 → 독립/전체 토글 결과 동일(8개) / [D4] 공개번호(10-2023-0097473)와 표시 일자(2024-10-11) 계열 불일치 · 문헌일 2023-07-03,[F1] drawing_count 0 (도면의 설명 1원소 보유)
KR 10-2715308 B1,B1,등록특허공보,등록공고,일체형 냉각수 유로를 구비하는 전기차의 파워트레인,10,,,10,D1 D3 D7 D2 D5 D6 D12 D8 D8c D4b,[D5] 상세설명에 하위섹션+전문 중복 렌더(섹션 6811자 = 전문 4916 + 하위섹션 1916) / [D6] 도면 미반입인데 패널 노출(서지 도면 수 0건 / 패널 캡션 1개 · 이미지 없음) / [D12] 서지 청구항 수 1개 ↔ 청구범위 목록 3개(삭제 2) 불일치 / [D8] 독립항 목록 3개 중 2개가 본문 '삭제' / [D8c] 종속항 0 · 삭제항 2 → 독립/전체 토글 결과 동일(3개) / [D4b] 공개/공고번호 — 인데 공개/공고일(2024-10-11)만 표시,[F1] drawing_count 0 (도면의 설명 1원소 보유) [F2] 도면 설명 1원소에 도 4개 뭉침
KR 10-2715895 B1,B1,등록특허공보,등록공고,심층신경망 기반 콘텐츠 추천 시스템 및 그 방법,10,,,10,D1 D3 D7 D2 D5 D6 D12 D8 D8c D4,[D5] 상세설명에 하위섹션+전문 중복 렌더(섹션 34802자 = 전문 27017 + 하위섹션 8312) / [D6] 도면 미반입인데 패널 노출(서지 도면 수 0건 / 패널 캡션 1개 · 이미지 없음) / [D12] 서지 청구항 수 13개 ↔ 청구범위 목록 15개(삭제 2) 불일치 / [D8] 독립항 목록 15개 중 2개가 본문 '삭제' / [D8c] 종속항 0 · 삭제항 2 → 독립/전체 토글 결과 동일(15개) / [D4] 공개번호(10-2023-0079546)와 표시 일자(2024-10-11) 계열 불일치 · 문헌일 2023-06-07,[F1] drawing_count 0 (도면의 설명 1원소 보유) [F2] 도면 설명 1원소에 도 13개 뭉침
KR 10-2716267 B1,B1,등록특허공보,등록공고,외식업 온라인 컨설팅 서비스 제공 장치 및 방법,10,,,10,D1 D3 D7 D2 D5 D6 D12 D8 D8c D4b,[D5] 상세설명에 하위섹션+전문 중복 렌더(섹션 31883자 = 전문 29933 + 하위섹션 2326) / [D6] 도면 미반입인데 패널 노출(서지 도면 수 0건 / 패널 캡션 1개 · 이미지 없음) / [D12] 서지 청구항 수 1개 ↔ 청구범위 목록 4개(삭제 3) 불일치 / [D8] 독립항 목록 4개 중 3개가 본문 '삭제' / [D8c] 종속항 0 · 삭제항 3 → 독립/전체 토글 결과 동일(4개) / [D4b] 공개/공고번호 — 인데 공개/공고일(2024-10-15)만 표시,[F1] drawing_count 0 (도면의 설명 1원소 보유) [F2] 도면 설명 1원소에 도 5개 뭉침
KR 10-2716323 B1,B1,등록특허공보,등록공고,카매트 및 이의 제조방법,10,,,10,D1 D3 D7 D2 D5 D6 D12 D8 D8c D4b,[D5] 상세설명에 하위섹션+전문 중복 렌더(섹션 13388자 = 전문 10945 + 하위섹션 2602) / [D6] 도면 미반입인데 패널 노출(서지 도면 수 0건 / 패널 캡션 1개 · 이미지 없음) / [D12] 서지 청구항 수 1개 ↔ 청구범위 목록 3개(삭제 2) 불일치 / [D8] 독립항 목록 3개 중 2개가 본문 '삭제' / [D8c] 종속항 0 · 삭제항 2 → 독립/전체 토글 결과 동일(3개) / [D4b] 공개/공고번호 — 인데 공개/공고일(2024-10-14)만 표시,[F1] drawing_count 0 (도면의 설명 1원소 보유) [F2] 도면 설명 1원소에 도 5개 뭉침
KR 10-2716378 B1,B1,등록특허공보,등록공고,IoT 융복합 LED 조명 시스템,10,,,10,D1 D3 D7 D2 D5 D6 D12 D8 D8c D4b,[D5] 상세설명에 하위섹션+전문 중복 렌더(섹션 39555자 = 전문 33015 + 하위섹션 7335) / [D6] 도면 미반입인데 패널 노출(서지 도면 수 0건 / 패널 캡션 1개 · 이미지 없음) / [D12] 서지 청구항 수 6개 ↔ 청구범위 목록 7개(삭제 1) 불일치 / [D8] 독립항 목록 7개 중 1개가 본문 '삭제' / [D8c] 종속항 0 · 삭제항 1 → 독립/전체 토글 결과 동일(7개) / [D4b] 공개/공고번호 — 인데 공개/공고일(2024-10-15)만 표시,[F1] drawing_count 0 (도면의 설명 1원소 보유) [F2] 도면 설명 1원소에 도 6개 뭉침
KR 10-2716401 B1,B1,등록특허공보,등록공고,여닫이문용 손끼임 방지장치,10,,,10,D1 D3 D7 D2 D5 D6 D12 D8 D8c D4,[D5] 상세설명에 하위섹션+전문 중복 렌더(섹션 8754자 = 전문 6166 + 하위섹션 2645) / [D6] 도면 미반입인데 패널 노출(서지 도면 수 0건 / 패널 캡션 1개 · 이미지 없음) / [D12] 서지 청구항 수 1개 ↔ 청구범위 목록 5개(삭제 4) 불일치 / [D8] 독립항 목록 5개 중 4개가 본문 '삭제' / [D8c] 종속항 0 · 삭제항 4 → 독립/전체 토글 결과 동일(5개) / [D4] 공개번호(10-2024-0041638)와 표시 일자(2024-10-15) 계열 불일치 · 문헌일 2024-04-01,[F1] drawing_count 0 (도면의 설명 1원소 보유) [F2] 도면 설명 1원소에 도 6개 뭉침
KR 10-2716609 B1,B1,등록특허공보,등록공고,폴리락트산 미립자 생산 공정,10,,,10,D1 D3 D7 D2 D5 D6 D12 D8 D8c D4,[D5] 상세설명에 하위섹션+전문 중복 렌더(섹션 23152자 = 전문 18476 + 하위섹션 5155) / [D6] 도면 미반입인데 패널 노출(서지 도면 수 0건 / 패널 캡션 1개 · 이미지 없음) / [D12] 서지 청구항 수 10개 ↔ 청구범위 목록 14개(삭제 4) 불일치 / [D8] 독립항 목록 14개 중 4개가 본문 '삭제' / [D8c] 종속항 0 · 삭제항 4 → 독립/전체 토글 결과 동일(14개) / [D4] 공개번호(10-2023-0147951)와 표시 일자(2024-10-15) 계열 불일치 · 문헌일 2023-10-24,[F1] drawing_count 0 (도면의 설명 1원소 보유) [F2] 도면 설명 1원소에 도 7개 뭉침
KR 10-2717082 B1,B1,등록특허공보,등록공고,마시멜로 초콜릿 와플의 제조방법,10,,,10,D1 D3 D7 D2 D5 D6 D12 D8 D8c D4,[D5] 상세설명에 하위섹션+전문 중복 렌더(섹션 15299자 = 전문 12432 + 하위섹션 3052) / [D6] 도면 미반입인데 패널 노출(서지 도면 수 0건 / 패널 캡션 1개 · 이미지 없음) / [D12] 서지 청구항 수 6개 ↔ 청구범위 목록 8개(삭제 2) 불일치 / [D8] 독립항 목록 8개 중 2개가 본문 '삭제' / [D8c] 종속항 0 · 삭제항 2 → 독립/전체 토글 결과 동일(8개) / [D4] 공개번호(10-2022-0159192)와 표시 일자(2024-10-11) 계열 불일치 · 문헌일 2022-12-02,[F1] drawing_count 0 (도면의 설명 1원소 보유)
KR 10-2717308 B1,B1,등록특허공보,등록공고,산업용 전자 프린터 및 시스템,10,,,10,D1 D3 D7 D2 D5 D6 D12 D8 D8c D4,[D5] 상세설명에 하위섹션+전문 중복 렌더(섹션 12193자 = 전문 9520 + 하위섹션 2912) / [D6] 도면 미반입인데 패널 노출(서지 도면 수 0건 / 패널 캡션 1개 · 이미지 없음) / [D12] 서지 청구항 수 1개 ↔ 청구범위 목록 7개(삭제 6) 불일치 / [D8] 독립항 목록 7개 중 6개가 본문 '삭제' / [D8c] 종속항 0 · 삭제항 6 → 독립/전체 토글 결과 동일(7개) / [D4] 공개번호(10-2024-0026582)와 표시 일자(2024-10-15) 계열 불일치 · 문헌일 2024-02-29,[F1] drawing_count 0 (도면의 설명 1원소 보유) [F2] 도면 설명 1원소에 도 7개 뭉침
KR 10-2717403 B1,B1,등록특허공보,등록공고,접이식 조각거울 모듈을 구비하는 조각거울 망원경 및 조각거울 망원경 설치 방법,10,,,10,D1 D3 D7 D2 D5 D6 D12 D8 D8c D4,[D5] 상세설명에 하위섹션+전문 중복 렌더(섹션 22227자 = 전문 18875 + 하위섹션 3531) / [D6] 도면 미반입인데 패널 노출(서지 도면 수 0건 / 패널 캡션 1개 · 이미지 없음) / [D12] 서지 청구항 수 7개 ↔ 청구범위 목록 8개(삭제 1) 불일치 / [D8] 독립항 목록 8개 중 1개가 본문 '삭제' / [D8c] 종속항 0 · 삭제항 1 → 독립/전체 토글 결과 동일(8개) / [D4] 공개번호(10-2024-0002035)와 표시 일자(2024-10-15) 계열 불일치 · 문헌일 2024-01-04,[F1] drawing_count 0 (도면의 설명 1원소 보유) [F2] 도면 설명 1원소에 도 21개 뭉침
KR 10-2717690 B1,B1,등록특허공보,등록공고,비행체의 다중 걸쇠 장치,10,,,10,D1 D3 D7 D2 D5 D6 D12 D8 D8c D4b,[D5] 상세설명에 하위섹션+전문 중복 렌더(섹션 9930자 = 전문 7865 + 하위섹션 2247) / [D6] 도면 미반입인데 패널 노출(서지 도면 수 0건 / 패널 캡션 1개 · 이미지 없음) / [D12] 서지 청구항 수 1개 ↔ 청구범위 목록 2개(삭제 1) 불일치 / [D8] 독립항 목록 2개 중 1개가 본문 '삭제' / [D8c] 종속항 0 · 삭제항 1 → 독립/전체 토글 결과 동일(2개) / [D4b] 공개/공고번호 — 인데 공개/공고일(2024-10-16)만 표시,[F1] drawing_count 0 (도면의 설명 1원소 보유) [F2] 도면 설명 1원소에 도 3개 뭉침
KR 10-2717696 B1,B1,등록특허공보,등록공고,레이저 조준기를 활용한 스마트 강도측정기 및 이를 이용한 스마트 안전 진단 시스템,10,,,10,D1 D3 D7 D2 D5 D6 D12 D8 D8c D4b,[D5] 상세설명에 하위섹션+전문 중복 렌더(섹션 21816자 = 전문 16446 + 하위섹션 5551) / [D6] 도면 미반입인데 패널 노출(서지 도면 수 0건 / 패널 캡션 1개 · 이미지 없음) / [D12] 서지 청구항 수 4개 ↔ 청구범위 목록 5개(삭제 1) 불일치 / [D8] 독립항 목록 5개 중 1개가 본문 '삭제' / [D8c] 종속항 0 · 삭제항 1 → 독립/전체 토글 결과 동일(5개) / [D4b] 공개/공고번호 — 인데 공개/공고일(2024-10-15)만 표시,[F1] drawing_count 0 (도면의 설명 1원소 보유) [F2] 도면 설명 1원소에 도 4개 뭉침
KR 10-2717720 B1,B1,등록특허공보,등록공고,실시간 지연기 및 이를 구비하는 위상 배열 안테나 시스템,10,,,10,D1 D3 D7 D2 D5 D6 D12 D8 D8c D4,[D5] 상세설명에 하위섹션+전문 중복 렌더(섹션 16826자 = 전문 13460 + 하위섹션 3604) / [D6] 도면 미반입인데 패널 노출(서지 도면 수 0건 / 패널 캡션 1개 · 이미지 없음) / [D12] 서지 청구항 수 6개 ↔ 청구범위 목록 15개(삭제 9) 불일치 / [D8] 독립항 목록 15개 중 9개가 본문 '삭제' / [D8c] 종속항 0 · 삭제항 9 → 독립/전체 토글 결과 동일(15개) / [D4] 공개번호(10-2024-0008163)와 표시 일자(2024-10-15) 계열 불일치 · 문헌일 2024-01-18,[F1] drawing_count 0 (도면의 설명 1원소 보유) [F2] 도면 설명 1원소에 도 7개 뭉침
KR 10-2717733 B1,B1,등록특허공보,등록공고,"교면방수층용 그물 구조물, 이의 제조방법 및 이를 이용한 교면방수층 시공방법",10,,,10,D1 D3 D7 D2 D5 D6 D12 D8 D8c D4b,[D5] 상세설명에 하위섹션+전문 중복 렌더(섹션 12549자 = 전문 8869 + 하위섹션 3861) / [D6] 도면 미반입인데 패널 노출(서지 도면 수 0건 / 패널 캡션 1개 · 이미지 없음) / [D12] 서지 청구항 수 1개 ↔ 청구범위 목록 6개(삭제 5) 불일치 / [D8] 독립항 목록 6개 중 5개가 본문 '삭제' / [D8c] 종속항 0 · 삭제항 5 → 독립/전체 토글 결과 동일(6개) / [D4b] 공개/공고번호 — 인데 공개/공고일(2024-10-17)만 표시,[F1] drawing_count 0 (도면의 설명 1원소 보유) [F2] 도면 설명 1원소에 도 7개 뭉침
KR 10-2717805 B1,B1,등록특허공보,등록공고,전자동 화합물 합성 장치 및 이를 이용한 화합물 합성 방법,10,,,10,D1 D3 D7 D2 D5 D6 D12 D8 D8c D4,[D5] 상세설명에 하위섹션+전문 중복 렌더(섹션 32109자 = 전문 27983 + 하위섹션 4951) / [D6] 도면 미반입인데 패널 노출(서지 도면 수 0건 / 패널 캡션 1개 · 이미지 없음) / [D12] 서지 청구항 수 15개 ↔ 청구범위 목록 17개(삭제 2) 불일치 / [D8] 독립항 목록 17개 중 2개가 본문 '삭제' / [D8c] 종속항 0 · 삭제항 2 → 독립/전체 토글 결과 동일(17개) / [D4] 공개번호(10-2023-0137615)와 표시 일자(2024-10-15) 계열 불일치 · 문헌일 2023-10-05,[F1] drawing_count 0 (도면의 설명 1원소 보유) [F2] 도면 설명 1원소에 도 10개 뭉침
KR 10-2717812 B1,B1,등록특허공보,등록공고,발광 표시 장치 및 그 구동 방법,10,,,10,D1 D3 D7 D2 D5 D6 D12 D8 D8c D4,[D5] 상세설명에 하위섹션+전문 중복 렌더(섹션 21444자 = 전문 17315 + 하위섹션 4475) / [D6] 도면 미반입인데 패널 노출(서지 도면 수 0건 / 패널 캡션 1개 · 이미지 없음) / [D12] 서지 청구항 수 17개 ↔ 청구범위 목록 18개(삭제 1) 불일치 / [D8] 독립항 목록 18개 중 1개가 본문 '삭제' / [D8c] 종속항 0 · 삭제항 1 → 독립/전체 토글 결과 동일(18개) / [D4] 공개번호(10-2021-0074637)와 표시 일자(2024-10-15) 계열 불일치 · 문헌일 2021-06-22,[F1] drawing_count 0 (도면의 설명 1원소 보유) [F2] 도면 설명 1원소에 도 10개 뭉침
KR 10-2717876 B1,B1,등록특허공보,등록공고,전기 차량의 완속충전기에서의 전류 보정이 가능한 충전 방법,10,,,10,D1 D3 D7 D2 D5 D6 D12 D8 D8c D4b,[D5] 상세설명에 하위섹션+전문 중복 렌더(섹션 13847자 = 전문 10035 + 하위섹션 3997) / [D6] 도면 미반입인데 패널 노출(서지 도면 수 0건 / 패널 캡션 1개 · 이미지 없음) / [D12] 서지 청구항 수 2개 ↔ 청구범위 목록 6개(삭제 4) 불일치 / [D8] 독립항 목록 6개 중 4개가 본문 '삭제' / [D8c] 종속항 0 · 삭제항 4 → 독립/전체 토글 결과 동일(6개) / [D4b] 공개/공고번호 — 인데 공개/공고일(2024-10-15)만 표시,[F1] drawing_count 0 (도면의 설명 1원소 보유) [F2] 도면 설명 1원소에 도 3개 뭉침
KR 10-2717944 B1,B1,등록특허공보,등록공고,자동차 윈도우 레귤레이터용 케이블 슬라이더,10,,,10,D1 D3 D7 D2 D5 D6 D12 D8 D8c D4,[D5] 상세설명에 하위섹션+전문 중복 렌더(섹션 19852자 = 전문 13414 + 하위섹션 6612) / [D6] 도면 미반입인데 패널 노출(서지 도면 수 0건 / 패널 캡션 1개 · 이미지 없음) / [D12] 서지 청구항 수 2개 ↔ 청구범위 목록 5개(삭제 3) 불일치 / [D8] 독립항 목록 5개 중 3개가 본문 '삭제' / [D8c] 종속항 0 · 삭제항 3 → 독립/전체 토글 결과 동일(5개) / [D4] 공개번호(10-2023-0072838)와 표시 일자(2024-10-16) 계열 불일치 · 문헌일 2023-05-25,[F1] drawing_count 0 (도면의 설명 1원소 보유) [F2] 도면 설명 1원소에 도 10개 뭉침
KR 10-2718003 B1,B1,등록특허공보,등록공고,에너지 저장시스템,10,,,10,D1 D3 D7 D2 D5 D6 D12 D8 D8c D4,[D5] 상세설명에 하위섹션+전문 중복 렌더(섹션 21975자 = 전문 16387 + 하위섹션 6114) / [D6] 도면 미반입인데 패널 노출(서지 도면 수 0건 / 패널 캡션 1개 · 이미지 없음) / [D12] 서지 청구항 수 14개 ↔ 청구범위 목록 15개(삭제 1) 불일치 / [D8] 독립항 목록 15개 중 1개가 본문 '삭제' / [D8c] 종속항 0 · 삭제항 1 → 독립/전체 토글 결과 동일(15개) / [D4] 공개번호(10-2020-0139022)와 표시 일자(2024-10-15) 계열 불일치 · 문헌일 2020-12-11,[F1] drawing_count 0 (도면의 설명 1원소 보유) [F2] 도면 설명 1원소에 도 31개 뭉침
KR 10-2718462 B1,B1,등록특허공보,등록공고,블록체인 기반의 기여자 보상기능을 포함하는 기술 거래 플랫폼,10,,,10,D1 D3 D7 D2 D5 D6 D12 D8 D8c D4,[D5] 상세설명에 하위섹션+전문 중복 렌더(섹션 12889자 = 전문 9998 + 하위섹션 2981) / [D6] 도면 미반입인데 패널 노출(서지 도면 수 0건 / 패널 캡션 1개 · 이미지 없음) / [D12] 서지 청구항 수 1개 ↔ 청구범위 목록 6개(삭제 5) 불일치 / [D8] 독립항 목록 6개 중 5개가 본문 '삭제' / [D8c] 종속항 0 · 삭제항 5 → 독립/전체 토글 결과 동일(6개) / [D4] 공개번호(10-2022-0137414)와 표시 일자(2024-10-16) 계열 불일치 · 문헌일 2022-10-12,[F1] drawing_count 0 (도면의 설명 1원소 보유) [F2] 도면 설명 1원소에 도 5개 뭉침
KR 10-2719415 B1,B1,등록특허공보,등록공고,물류창고의 분류시스템,10,,,10,D1 D3 D7 D2 D5 D6 D12 D8 D8c D4b,[D5] 상세설명에 하위섹션+전문 중복 렌더(섹션 11115자 = 전문 8116 + 하위섹션 3175) / [D6] 도면 미반입인데 패널 노출(서지 도면 수 0건 / 패널 캡션 1개 · 이미지 없음) / [D12] 서지 청구항 수 1개 ↔ 청구범위 목록 4개(삭제 3) 불일치 / [D8] 독립항 목록 4개 중 3개가 본문 '삭제' / [D8c] 종속항 0 · 삭제항 3 → 독립/전체 토글 결과 동일(4개) / [D4b] 공개/공고번호 — 인데 공개/공고일(2024-10-18)만 표시,[F1] drawing_count 0 (도면의 설명 1원소 보유) [F2] 도면 설명 1원소에 도 13개 뭉침
KR 10-2719942 B1,B1,등록특허공보,등록공고,표고버섯과 다시마를 이용한 소금의 제조방법,10,,,10,D1 D3 D7 D2 D5 D6 D12 D8 D8c D4,[D5] 상세설명에 하위섹션+전문 중복 렌더(섹션 13090자 = 전문 10430 + 하위섹션 2956) / [D6] 도면 미반입인데 패널 노출(서지 도면 수 0건 / 패널 캡션 1개 · 이미지 없음) / [D12] 서지 청구항 수 1개 ↔ 청구범위 목록 6개(삭제 5) 불일치 / [D8] 독립항 목록 6개 중 5개가 본문 '삭제' / [D8c] 종속항 0 · 삭제항 5 → 독립/전체 토글 결과 동일(6개) / [D4] 공개번호(10-2023-0083930)와 표시 일자(2024-10-18) 계열 불일치 · 문헌일 2023-06-12,[F1] drawing_count 0 (도면의 설명 1원소 보유)
KR 10-2719958 B1,B1,등록특허공보,등록공고,블루투스 통신기반 수험생용 일정관리시스템,10,,,10,D1 D3 D7 D2 D5 D6 D12 D8 D8c D4,[D5] 상세설명에 하위섹션+전문 중복 렌더(섹션 13545자 = 전문 9236 + 하위섹션 4346) / [D6] 도면 미반입인데 패널 노출(서지 도면 수 0건 / 패널 캡션 1개 · 이미지 없음) / [D12] 서지 청구항 수 1개 ↔ 청구범위 목록 3개(삭제 2) 불일치 / [D8] 독립항 목록 3개 중 2개가 본문 '삭제' / [D8c] 종속항 0 · 삭제항 2 → 독립/전체 토글 결과 동일(3개) / [D4] 공개번호(10-2023-0070826)와 표시 일자(2024-10-18) 계열 불일치 · 문헌일 2023-05-23,[F1] drawing_count 0 (도면의 설명 1원소 보유) [F2] 도면 설명 1원소에 도 3개 뭉침
KR 10-2720602 B1,B1,등록특허공보,등록공고,교량의 급속시공을 위한 강재 반단면 데크 합성구조 및 그 제작 방법,10,,,10,D1 D3 D7 D2 D5 D6 D12 D8 D8c D4b,[D5] 상세설명에 하위섹션+전문 중복 렌더(섹션 22935자 = 전문 17292 + 하위섹션 5788) / [D6] 도면 미반입인데 패널 노출(서지 도면 수 0건 / 패널 캡션 1개 · 이미지 없음) / [D12] 서지 청구항 수 6개 ↔ 청구범위 목록 10개(삭제 4) 불일치 / [D8] 독립항 목록 10개 중 4개가 본문 '삭제' / [D8c] 종속항 0 · 삭제항 4 → 독립/전체 토글 결과 동일(10개) / [D4b] 공개/공고번호 — 인데 공개/공고일(2024-10-21)만 표시,[F1] drawing_count 0 (도면의 설명 1원소 보유) [F2] 도면 설명 1원소에 도 16개 뭉침
KR 10-2729426 B1,B1,등록특허공보,등록공고,동결 보관장치,10,,,10,D1 D3 D7 D2 D5 D6 D12 D8 D8c D4,[D5] 상세설명에 하위섹션+전문 중복 렌더(섹션 14975자 = 전문 11894 + 하위섹션 3212) / [D6] 도면 미반입인데 패널 노출(서지 도면 수 0건 / 패널 캡션 1개 · 이미지 없음) / [D12] 서지 청구항 수 8개 ↔ 청구범위 목록 12개(삭제 4) 불일치 / [D8] 독립항 목록 12개 중 4개가 본문 '삭제' / [D8c] 종속항 0 · 삭제항 4 → 독립/전체 토글 결과 동일(12개) / [D4] 공개번호(10-2023-0144851)와 표시 일자(2024-11-14) 계열 불일치 · 문헌일 2023-10-17,[F1] drawing_count 0 (도면의 설명 1원소 보유) [F2] 도면 설명 1원소에 도 7개 뭉침
KR 10-2730082 B1,B1,등록특허공보,등록공고,항공기 포드용 환경제어장치 및 환경제어방법,10,,,10,D1 D3 D7 D2 D5 D6 D12 D8 D8c D4b,[D5] 상세설명에 하위섹션+전문 중복 렌더(섹션 23570자 = 전문 19889 + 하위섹션 3815) / [D6] 도면 미반입인데 패널 노출(서지 도면 수 0건 / 패널 캡션 1개 · 이미지 없음) / [D12] 서지 청구항 수 6개 ↔ 청구범위 목록 11개(삭제 5) 불일치 / [D8] 독립항 목록 11개 중 5개가 본문 '삭제' / [D8c] 종속항 0 · 삭제항 5 → 독립/전체 토글 결과 동일(11개) / [D4b] 공개/공고번호 — 인데 공개/공고일(2024-11-14)만 표시,[F1] drawing_count 0 (도면의 설명 1원소 보유)
KR 10-2730296 B1,B1,등록특허공보,등록공고,ATP 신호를 이용한 열차 상태 기반 유지보수 시스템을 이용한 유지보수 방법,10,,,10,D1 D3 D7 D2 D5 D6 D12 D8 D8c D4b,[D5] 상세설명에 하위섹션+전문 중복 렌더(섹션 48620자 = 전문 39141 + 하위섹션 10312) / [D6] 도면 미반입인데 패널 노출(서지 도면 수 0건 / 패널 캡션 1개 · 이미지 없음) / [D12] 서지 청구항 수 2개 ↔ 청구범위 목록 8개(삭제 6) 불일치 / [D8] 독립항 목록 8개 중 6개가 본문 '삭제' / [D8c] 종속항 0 · 삭제항 6 → 독립/전체 토글 결과 동일(8개) / [D4b] 공개/공고번호 — 인데 공개/공고일(2024-11-15)만 표시,[F1] drawing_count 0 (도면의 설명 1원소 보유) [F2] 도면 설명 1원소에 도 8개 뭉침
KR 10-2730528 B1,B1,등록특허공보,등록공고,오일펌프의 조립장치,10,,,10,D1 D3 D7 D2 D5 D6 D12 D8 D8c D4,[D5] 상세설명에 하위섹션+전문 중복 렌더(섹션 7331자 = 전문 5549 + 하위섹션 1880) / [D6] 도면 미반입인데 패널 노출(서지 도면 수 0건 / 패널 캡션 1개 · 이미지 없음) / [D12] 서지 청구항 수 7개 ↔ 청구범위 목록 8개(삭제 1) 불일치 / [D8] 독립항 목록 8개 중 1개가 본문 '삭제' / [D8c] 종속항 0 · 삭제항 1 → 독립/전체 토글 결과 동일(8개) / [D4] 공개번호(10-2018-0065066)와 표시 일자(2024-11-14) 계열 불일치 · 문헌일 2018-06-18,[F1] drawing_count 0 (도면의 설명 1원소 보유) [F2] 도면 설명 1원소에 도 5개 뭉침
KR 10-2730557 B1,B1,등록특허공보,등록공고,신경망 컴팩 모델을 이용한 반도체 장치에서 공정 변수들을 효율적으로 최적화하기 위한 방법 및 컴퓨팅 장치,10,,,10,D1 D3 D7 D2 D5 D6 D12 D8 D8c D4b,[D5] 상세설명에 하위섹션+전문 중복 렌더(섹션 11738자 = 전문 10412 + 하위섹션 1714) / [D6] 도면 미반입인데 패널 노출(서지 도면 수 0건 / 패널 캡션 1개 · 이미지 없음) / [D12] 서지 청구항 수 2개 ↔ 청구범위 목록 6개(삭제 4) 불일치 / [D8] 독립항 목록 6개 중 4개가 본문 '삭제' / [D8c] 종속항 0 · 삭제항 4 → 독립/전체 토글 결과 동일(6개) / [D4b] 공개/공고번호 — 인데 공개/공고일(2024-11-15)만 표시,[F1] drawing_count 0 (도면의 설명 1원소 보유) [F2] 도면 설명 1원소에 도 4개 뭉침
KR 10-2730781 B1,B1,등록특허공보,등록공고,차량에 대한 객체를 추적하는 차량트래킹 시스템 및 방법,10,,,10,D1 D3 D7 D2 D5 D6 D12 D8 D8c D4b,[D5] 상세설명에 하위섹션+전문 중복 렌더(섹션 29383자 = 전문 24685 + 하위섹션 5046) / [D6] 도면 미반입인데 패널 노출(서지 도면 수 0건 / 패널 캡션 1개 · 이미지 없음) / [D12] 서지 청구항 수 6개 ↔ 청구범위 목록 7개(삭제 1) 불일치 / [D8] 독립항 목록 7개 중 1개가 본문 '삭제' / [D8c] 종속항 0 · 삭제항 1 → 독립/전체 토글 결과 동일(7개) / [D4b] 공개/공고번호 — 인데 공개/공고일(2024-11-15)만 표시,[F1] drawing_count 0 (도면의 설명 1원소 보유) [F2] 도면 설명 1원소에 도 9개 뭉침
KR 10-2730832 B1,B1,등록특허공보,등록공고,이동통신망 기반 RTK-GPS 측위 방법 및 시스템,10,,,10,D1 D3 D7 D2 D5 D6 D12 D8 D8c D4b,[D5] 상세설명에 하위섹션+전문 중복 렌더(섹션 10229자 = 전문 7723 + 하위섹션 2594) / [D6] 도면 미반입인데 패널 노출(서지 도면 수 0건 / 패널 캡션 1개 · 이미지 없음) / [D12] 서지 청구항 수 10개 ↔ 청구범위 목록 12개(삭제 2) 불일치 / [D8] 독립항 목록 12개 중 2개가 본문 '삭제' / [D8c] 종속항 0 · 삭제항 2 → 독립/전체 토글 결과 동일(12개) / [D4b] 공개/공고번호 — 인데 공개/공고일(2024-11-15)만 표시,[F1] drawing_count 0 (도면의 설명 1원소 보유) [F2] 도면 설명 1원소에 도 5개 뭉침
KR 10-2730899 B1,B1,등록특허공보,등록공고,과산화수소수 정제 방법 및 시스템,10,,,10,D1 D3 D7 D2 D5 D6 D12 D8 D8c D4b,[D5] 상세설명에 하위섹션+전문 중복 렌더(섹션 27552자 = 전문 23241 + 하위섹션 4954) / [D6] 도면 미반입인데 패널 노출(서지 도면 수 0건 / 패널 캡션 1개 · 이미지 없음) / [D12] 서지 청구항 수 22개 ↔ 청구범위 목록 24개(삭제 2) 불일치 / [D8] 독립항 목록 24개 중 2개가 본문 '삭제' / [D8c] 종속항 0 · 삭제항 2 → 독립/전체 토글 결과 동일(24개) / [D4b] 공개/공고번호 — 인데 공개/공고일(2024-11-18)만 표시,[F1] drawing_count 0 (도면의 설명 1원소 보유) [F2] 도면 설명 1원소에 도 4개 뭉침
KR 10-2731005 B1,B1,등록특허공보,등록공고,선회와류를 발생시키는 관로형 자외선 살균장치,10,,,10,D1 D3 D7 D2 D5 D6 D12 D8 D8c D4b,[D5] 상세설명에 하위섹션+전문 중복 렌더(섹션 17319자 = 전문 12682 + 하위섹션 4918) / [D6] 도면 미반입인데 패널 노출(서지 도면 수 0건 / 패널 캡션 1개 · 이미지 없음) / [D12] 서지 청구항 수 1개 ↔ 청구범위 목록 8개(삭제 7) 불일치 / [D8] 독립항 목록 8개 중 7개가 본문 '삭제' / [D8c] 종속항 0 · 삭제항 7 → 독립/전체 토글 결과 동일(8개) / [D4b] 공개/공고번호 — 인데 공개/공고일(2024-11-15)만 표시,[F1] drawing_count 0 (도면의 설명 1원소 보유) [F2] 도면 설명 1원소에 도 8개 뭉침
KR 10-2731014 B1,B1,등록특허공보,등록공고,전기 피부 반응을 이용한 드라마와 영화 시청자의 몰입도를 평가하는 몰입 수준 평가 시스템,10,,,10,D1 D3 D7 D2 D5 D6 D12 D8 D8c D4,[D5] 상세설명에 하위섹션+전문 중복 렌더(섹션 17209자 = 전문 15106 + 하위섹션 2485) / [D6] 도면 미반입인데 패널 노출(서지 도면 수 0건 / 패널 캡션 1개 · 이미지 없음) / [D12] 서지 청구항 수 8개 ↔ 청구범위 목록 10개(삭제 2) 불일치 / [D8] 독립항 목록 10개 중 2개가 본문 '삭제' / [D8c] 종속항 0 · 삭제항 2 → 독립/전체 토글 결과 동일(10개) / [D4] 공개번호(10-2023-0126391)와 표시 일자(2024-11-15) 계열 불일치 · 문헌일 2023-08-30,[F1] drawing_count 0 (도면의 설명 1원소 보유) [F2] 도면 설명 1원소에 도 15개 뭉침
KR 10-2731044 B1,B1,등록특허공보,등록공고,상체 기립형 안마 베드,10,,,10,D1 D3 D7 D2 D5 D6 D12 D8 D8c D4b,[D5] 상세설명에 하위섹션+전문 중복 렌더(섹션 8095자 = 전문 6391 + 하위섹션 1804) / [D6] 도면 미반입인데 패널 노출(서지 도면 수 0건 / 패널 캡션 1개 · 이미지 없음) / [D12] 서지 청구항 수 4개 ↔ 청구범위 목록 5개(삭제 1) 불일치 / [D8] 독립항 목록 5개 중 1개가 본문 '삭제' / [D8c] 종속항 0 · 삭제항 1 → 독립/전체 토글 결과 동일(5개) / [D4b] 공개/공고번호 — 인데 공개/공고일(2024-11-18)만 표시,[F1] drawing_count 0 (도면의 설명 1원소 보유) [F2] 도면 설명 1원소에 도 21개 뭉침
KR 10-2731124 B1,B1,등록특허공보,등록공고,저소음용 공기입 타이어,10,,,10,D1 D3 D7 D2 D5 D6 D12 D8 D8c D4,[D5] 상세설명에 하위섹션+전문 중복 렌더(섹션 6867자 = 전문 5060 + 하위섹션 1865) / [D6] 도면 미반입인데 패널 노출(서지 도면 수 0건 / 패널 캡션 1개 · 이미지 없음) / [D12] 서지 청구항 수 1개 ↔ 청구범위 목록 3개(삭제 2) 불일치 / [D8] 독립항 목록 3개 중 2개가 본문 '삭제' / [D8c] 종속항 0 · 삭제항 2 → 독립/전체 토글 결과 동일(3개) / [D4] 공개번호(10-2024-0017713)와 표시 일자(2024-11-18) 계열 불일치 · 문헌일 2024-02-08,[F1] drawing_count 0 (도면의 설명 1원소 보유) [F2] 도면 설명 1원소에 도 14개 뭉침
KR 10-2731334 B1,B1,등록특허공보,등록공고,슬러리 급속동결수조가 설치되는 원물 냉각 방법,10,,,10,D1 D3 D7 D2 D5 D6 D12 D8 D8c D4b,[D5] 상세설명에 하위섹션+전문 중복 렌더(섹션 11478자 = 전문 9372 + 하위섹션 2569) / [D6] 도면 미반입인데 패널 노출(서지 도면 수 0건 / 패널 캡션 1개 · 이미지 없음) / [D12] 서지 청구항 수 1개 ↔ 청구범위 목록 3개(삭제 2) 불일치 / [D8] 독립항 목록 3개 중 2개가 본문 '삭제' / [D8c] 종속항 0 · 삭제항 2 → 독립/전체 토글 결과 동일(3개) / [D4b] 공개/공고번호 — 인데 공개/공고일(2024-11-18)만 표시,[F1] drawing_count 0 (도면의 설명 1원소 보유) [F2] 도면 설명 1원소에 도 12개 뭉침
KR 10-2731340 B1,B1,등록특허공보,등록공고,케이스 브라켓로드 제조방법,10,,,10,D1 D3 D7 D2 D5 D6 D12 D8 D8c D4b,[D5] 상세설명에 하위섹션+전문 중복 렌더(섹션 6586자 = 전문 5141 + 하위섹션 1618) / [D6] 도면 미반입인데 패널 노출(서지 도면 수 0건 / 패널 캡션 1개 · 이미지 없음) / [D12] 서지 청구항 수 1개 ↔ 청구범위 목록 2개(삭제 1) 불일치 / [D8] 독립항 목록 2개 중 1개가 본문 '삭제' / [D8c] 종속항 0 · 삭제항 1 → 독립/전체 토글 결과 동일(2개) / [D4b] 공개/공고번호 — 인데 공개/공고일(2024-11-18)만 표시,[F1] drawing_count 0 (도면의 설명 1원소 보유) [F2] 도면 설명 1원소에 도 10개 뭉침
KR 10-2731351 B1,B1,등록특허공보,등록공고,심전도 측정 기능을 갖는 생체활성용 심부발열 고주파 발생기,10,,,10,D1 D3 D7 D2 D5 D6 D12 D8 D8c D4,[D5] 상세설명에 하위섹션+전문 중복 렌더(섹션 18544자 = 전문 14252 + 하위섹션 4553) / [D6] 도면 미반입인데 패널 노출(서지 도면 수 0건 / 패널 캡션 1개 · 이미지 없음) / [D12] 서지 청구항 수 1개 ↔ 청구범위 목록 4개(삭제 3) 불일치 / [D8] 독립항 목록 4개 중 3개가 본문 '삭제' / [D8c] 종속항 0 · 삭제항 3 → 독립/전체 토글 결과 동일(4개) / [D4] 공개번호(10-2024-0152483)와 표시 일자(2024-11-18) 계열 불일치 · 문헌일 2024-10-22,[F1] drawing_count 0 (도면의 설명 1원소 보유) [F2] 도면 설명 1원소에 도 5개 뭉침
KR 10-2731414 B1,B1,등록특허공보,등록공고,회절 도광판 및 그의 제조 방법,10,,,10,D1 D3 D7 D2 D5 D6 D12 D8 D8c D4,[D5] 상세설명에 하위섹션+전문 중복 렌더(섹션 11233자 = 전문 9702 + 하위섹션 1712) / [D6] 도면 미반입인데 패널 노출(서지 도면 수 0건 / 패널 캡션 1개 · 이미지 없음) / [D12] 서지 청구항 수 13개 ↔ 청구범위 목록 18개(삭제 5) 불일치 / [D8] 독립항 목록 18개 중 5개가 본문 '삭제' / [D8c] 종속항 0 · 삭제항 5 → 독립/전체 토글 결과 동일(18개) / [D4] 공개번호(10-2021-0032777)와 표시 일자(2024-11-19) 계열 불일치 · 문헌일 2021-03-25,[F1] drawing_count 0 (도면의 설명 1원소 보유)
KR 10-2731427 B1,B1,등록특허공보,등록공고,투명 플라스틱 회로기판 수납 적층 트레이 분리 장치,10,,,10,D1 D3 D7 D2 D5 D6 D12 D8 D8c D4,[D5] 상세설명에 하위섹션+전문 중복 렌더(섹션 10602자 = 전문 7561 + 하위섹션 3135) / [D6] 도면 미반입인데 패널 노출(서지 도면 수 0건 / 패널 캡션 1개 · 이미지 없음) / [D12] 서지 청구항 수 1개 ↔ 청구범위 목록 5개(삭제 4) 불일치 / [D8] 독립항 목록 5개 중 4개가 본문 '삭제' / [D8c] 종속항 0 · 삭제항 4 → 독립/전체 토글 결과 동일(5개) / [D4] 공개번호(10-2024-0153180)와 표시 일자(2024-11-18) 계열 불일치 · 문헌일 2024-10-22,[F1] drawing_count 0 (도면의 설명 1원소 보유) [F2] 도면 설명 1원소에 도 17개 뭉침
KR 10-2731445 B1,B1,등록특허공보,등록공고,소취 장치,10,,,10,D1 D3 D7 D2 D5 D6 D12 D8 D8c D4,[D5] 상세설명에 하위섹션+전문 중복 렌더(섹션 31630자 = 전문 30311 + 하위섹션 1770) / [D6] 도면 미반입인데 패널 노출(서지 도면 수 0건 / 패널 캡션 1개 · 이미지 없음) / [D12] 서지 청구항 수 6개 ↔ 청구범위 목록 7개(삭제 1) 불일치 / [D8] 독립항 목록 7개 중 1개가 본문 '삭제' / [D8c] 종속항 0 · 삭제항 1 → 독립/전체 토글 결과 동일(7개) / [D4] 공개번호(10-2023-0048570)와 표시 일자(2024-11-19) 계열 불일치 · 문헌일 2023-04-11,[F1] drawing_count 0 (도면의 설명 1원소 보유) [F2] 도면 설명 1원소에 도 16개 뭉침
KR 10-2731553 B1,B1,등록특허공보,등록공고,냉각 구조가 구비된 배터리 모듈,10,,,10,D1 D3 D7 D2 D5 D6 D12 D8 D8c D4,[D5] 상세설명에 하위섹션+전문 중복 렌더(섹션 15732자 = 전문 13207 + 하위섹션 3048) / [D6] 도면 미반입인데 패널 노출(서지 도면 수 0건 / 패널 캡션 1개 · 이미지 없음) / [D12] 서지 청구항 수 11개 ↔ 청구범위 목록 15개(삭제 4) 불일치 / [D8] 독립항 목록 15개 중 4개가 본문 '삭제' / [D8c] 종속항 0 · 삭제항 4 → 독립/전체 토글 결과 동일(15개) / [D4] 공개번호(10-2018-0069989)와 표시 일자(2024-11-18) 계열 불일치 · 문헌일 2018-06-26,[F1] drawing_count 0 (도면의 설명 1원소 보유) [F2] 도면 설명 1원소에 도 7개 뭉침
KR 10-2731589 B1,B1,등록특허공보,등록공고,높이 조절이 가능한 반려동물용 후각 자극 식기,10,,,10,D1 D3 D7 D2 D5 D6 D12 D8 D8c D4b,[D5] 상세설명에 하위섹션+전문 중복 렌더(섹션 10936자 = 전문 8041 + 하위섹션 2979) / [D6] 도면 미반입인데 패널 노출(서지 도면 수 0건 / 패널 캡션 1개 · 이미지 없음) / [D12] 서지 청구항 수 1개 ↔ 청구범위 목록 9개(삭제 8) 불일치 / [D8] 독립항 목록 9개 중 8개가 본문 '삭제' / [D8c] 종속항 0 · 삭제항 8 → 독립/전체 토글 결과 동일(9개) / [D4b] 공개/공고번호 — 인데 공개/공고일(2024-11-18)만 표시,[F1] drawing_count 0 (도면의 설명 1원소 보유) [F2] 도면 설명 1원소에 도 5개 뭉침
KR 10-2731680 B1,B1,등록특허공보,등록공고,배열 회수 보일러의 핀 튜브 검사장치,10,,,10,D1 D3 D7 D2 D5 D6 D12 D8 D8c D4,[D5] 상세설명에 하위섹션+전문 중복 렌더(섹션 8973자 = 전문 7106 + 하위섹션 1927) / [D6] 도면 미반입인데 패널 노출(서지 도면 수 0건 / 패널 캡션 1개 · 이미지 없음) / [D12] 서지 청구항 수 1개 ↔ 청구범위 목록 4개(삭제 3) 불일치 / [D8] 독립항 목록 4개 중 3개가 본문 '삭제' / [D8c] 종속항 0 · 삭제항 3 → 독립/전체 토글 결과 동일(4개) / [D4] 공개번호(10-2023-0061330)와 표시 일자(2024-11-18) 계열 불일치 · 문헌일 2023-05-08,[F1] drawing_count 0 (도면의 설명 1원소 보유) [F2] 도면 설명 1원소에 도 5개 뭉침
KR 10-2731779 B1,B1,등록특허공보,등록공고,휴대용 전동공구의 배터리부 진동저감구조,10,,,10,D1 D3 D7 D2 D5 D6 D12 D8 D8c D4,[D5] 상세설명에 하위섹션+전문 중복 렌더(섹션 16787자 = 전문 12867 + 하위섹션 4146) / [D6] 도면 미반입인데 패널 노출(서지 도면 수 0건 / 패널 캡션 1개 · 이미지 없음) / [D12] 서지 청구항 수 6개 ↔ 청구범위 목록 8개(삭제 2) 불일치 / [D8] 독립항 목록 8개 중 2개가 본문 '삭제' / [D8c] 종속항 0 · 삭제항 2 → 독립/전체 토글 결과 동일(8개) / [D4] 공개번호(10-2024-0123958)와 표시 일자(2024-11-19) 계열 불일치 · 문헌일 2024-08-16,[F1] drawing_count 0 (도면의 설명 1원소 보유) [F2] 도면 설명 1원소에 도 12개 뭉침
KR 10-2731839 B1,B1,등록특허공보,등록공고,핵심영역 선택 기반 시각장면 분석 방법,10,,,10,D1 D3 D7 D2 D5 D6 D12 D8 D8c D4,[D5] 상세설명에 하위섹션+전문 중복 렌더(섹션 7295자 = 전문 5555 + 하위섹션 1820) / [D6] 도면 미반입인데 패널 노출(서지 도면 수 0건 / 패널 캡션 1개 · 이미지 없음) / [D12] 서지 청구항 수 6개 ↔ 청구범위 목록 12개(삭제 6) 불일치 / [D8] 독립항 목록 12개 중 6개가 본문 '삭제' / [D8c] 종속항 0 · 삭제항 6 → 독립/전체 토글 결과 동일(12개) / [D4] 공개번호(10-2023-0073499)와 표시 일자(2024-11-19) 계열 불일치 · 문헌일 2023-05-26,[F1] drawing_count 0 (도면의 설명 1원소 보유) [F2] 도면 설명 1원소에 도 7개 뭉침
KR 10-2731893 B1,B1,등록특허공보,등록공고,VIP 서비스를 이용한 드라이빙 커뮤니티 제공 시스템,10,,,10,D1 D3 D7 D2 D5 D6 D12 D8 D8c D4,[D5] 상세설명에 하위섹션+전문 중복 렌더(섹션 14971자 = 전문 11716 + 하위섹션 3409) / [D6] 도면 미반입인데 패널 노출(서지 도면 수 0건 / 패널 캡션 1개 · 이미지 없음) / [D12] 서지 청구항 수 1개 ↔ 청구범위 목록 5개(삭제 4) 불일치 / [D8] 독립항 목록 5개 중 4개가 본문 '삭제' / [D8c] 종속항 0 · 삭제항 4 → 독립/전체 토글 결과 동일(5개) / [D4] 공개번호(10-2022-0140373)와 표시 일자(2024-11-18) 계열 불일치 · 문헌일 2022-10-18,[F1] drawing_count 0 (도면의 설명 1원소 보유) [F2] 도면 설명 1원소에 도 22개 뭉침
KR 10-2731905 B1,B1,등록특허공보,등록공고,박막 형성 방법 및 이를 이용하여 제조되는 트랜지스터 및 커패시터,10,,,10,D1 D3 D7 D2 D5 D6 D12 D8 D8c D4b,[D5] 상세설명에 하위섹션+전문 중복 렌더(섹션 23795자 = 전문 20914 + 하위섹션 3142) / [D6] 도면 미반입인데 패널 노출(서지 도면 수 0건 / 패널 캡션 1개 · 이미지 없음) / [D12] 서지 청구항 수 10개 ↔ 청구범위 목록 13개(삭제 3) 불일치 / [D8] 독립항 목록 13개 중 3개가 본문 '삭제' / [D8c] 종속항 0 · 삭제항 3 → 독립/전체 토글 결과 동일(13개) / [D4b] 공개/공고번호 — 인데 공개/공고일(2024-11-20)만 표시,[F1] drawing_count 0 (도면의 설명 1원소 보유) [F2] 도면 설명 1원소에 도 7개 뭉침
KR 10-2732153 B1,B1,등록특허공보,등록공고,홍삼 추출물을 유효성분으로 함유하는 비알콜성 지방간으로 인한 간암 예방 또는 개선용 조성물 제조방법,10,,,10,D1 D3 D7 D2 D5 D6 D12 D8 D8c D4,[D5] 상세설명에 하위섹션+전문 중복 렌더(섹션 16038자 = 전문 12536 + 하위섹션 3677) / [D6] 도면 미반입인데 패널 노출(서지 도면 수 0건 / 패널 캡션 1개 · 이미지 없음) / [D12] 서지 청구항 수 1개 ↔ 청구범위 목록 3개(삭제 2) 불일치 / [D8] 독립항 목록 3개 중 2개가 본문 '삭제' / [D8c] 종속항 0 · 삭제항 2 → 독립/전체 토글 결과 동일(3개) / [D4] 공개번호(10-2022-0031311)와 표시 일자(2024-11-20) 계열 불일치 · 문헌일 2022-03-11,[F1] drawing_count 0 (도면의 설명 1원소 보유) [F2] 도면 설명 1원소에 도 5개 뭉침
KR 10-2732252 B1,B1,등록특허공보,등록공고,모바일 단말의 3축 가속도 센서 정보를 이용한 터널구간 네비게이션 방법,10,,,10,D1 D3 D7 D2 D5 D6 D12 D8 D8c D4b,[D5] 상세설명에 하위섹션+전문 중복 렌더(섹션 10398자 = 전문 7346 + 하위섹션 3186) / [D6] 도면 미반입인데 패널 노출(서지 도면 수 0건 / 패널 캡션 1개 · 이미지 없음) / [D12] 서지 청구항 수 2개 ↔ 청구범위 목록 3개(삭제 1) 불일치 / [D8] 독립항 목록 3개 중 1개가 본문 '삭제' / [D8c] 종속항 0 · 삭제항 1 → 독립/전체 토글 결과 동일(3개) / [D4b] 공개/공고번호 — 인데 공개/공고일(2024-11-20)만 표시,[F1] drawing_count 0 (도면의 설명 1원소 보유) [F2] 도면 설명 1원소에 도 6개 뭉침
KR 10-2732310 B1,B1,등록특허공보,등록공고,바닥신호등 및 그 작동방법,10,,,10,D1 D3 D7 D2 D5 D6 D12 D8 D8c D4b,[D5] 상세설명에 하위섹션+전문 중복 렌더(섹션 33770자 = 전문 27585 + 하위섹션 7441) / [D6] 도면 미반입인데 패널 노출(서지 도면 수 0건 / 패널 캡션 1개 · 이미지 없음) / [D12] 서지 청구항 수 10개 ↔ 청구범위 목록 28개(삭제 18) 불일치 / [D8] 독립항 목록 28개 중 18개가 본문 '삭제' / [D8c] 종속항 0 · 삭제항 18 → 독립/전체 토글 결과 동일(28개) / [D4b] 공개/공고번호 — 인데 공개/공고일(2024-11-20)만 표시,[F1] drawing_count 0 (도면의 설명 1원소 보유) [F2] 도면 설명 1원소에 도 13개 뭉침
KR 10-2732670 B1,B1,등록특허공보,등록공고,Dual-Phase Shift를 이용한 3포트 DC-DC 컨버터의 Backflow power 제거 시스템,10,,,10,D1 D3 D7 D2 D5 D6 D12 D8 D8c D4,[D5] 상세설명에 하위섹션+전문 중복 렌더(섹션 43035자 = 전문 35686 + 하위섹션 9317) / [D6] 도면 미반입인데 패널 노출(서지 도면 수 0건 / 패널 캡션 1개 · 이미지 없음) / [D12] 서지 청구항 수 10개 ↔ 청구범위 목록 30개(삭제 20) 불일치 / [D8] 독립항 목록 30개 중 20개가 본문 '삭제' / [D8c] 종속항 0 · 삭제항 20 → 독립/전체 토글 결과 동일(30개) / [D4] 공개번호(10-2024-0061748)와 표시 일자(2024-11-20) 계열 불일치 · 문헌일 2024-05-08,[F1] drawing_count 0 (도면의 설명 1원소 보유) [F2] 도면 설명 1원소에 도 38개 뭉침
KR 10-2732728 B1,B1,등록특허공보,등록공고,3축 굴착방식의 흙막이 연속벽체 시공방법,10,,,10,D1 D3 D7 D2 D5 D6 D12 D8 D8c D4b,[D5] 상세설명에 하위섹션+전문 중복 렌더(섹션 15709자 = 전문 12445 + 하위섹션 3471) / [D6] 도면 미반입인데 패널 노출(서지 도면 수 0건 / 패널 캡션 1개 · 이미지 없음) / [D12] 서지 청구항 수 8개 ↔ 청구범위 목록 9개(삭제 1) 불일치 / [D8] 독립항 목록 9개 중 1개가 본문 '삭제' / [D8c] 종속항 0 · 삭제항 1 → 독립/전체 토글 결과 동일(9개) / [D4b] 공개/공고번호 — 인데 공개/공고일(2024-11-25)만 표시,[F1] drawing_count 0 (도면의 설명 1원소 보유) [F2] 도면 설명 1원소에 도 14개 뭉침
KR 10-2732918 B1,B1,등록특허공보,등록공고,리튬 이차전지용 양극 활물질의 제조 방법 및 이에 의하여 제조된 양극 활물질,10,,,10,D1 D3 D7 D2 D5 D6 D12 D8 D8c D4,[D5] 상세설명에 하위섹션+전문 중복 렌더(섹션 22387자 = 전문 20563 + 하위섹션 2256) / [D6] 도면 미반입인데 패널 노출(서지 도면 수 0건 / 패널 캡션 1개 · 이미지 없음) / [D12] 서지 청구항 수 10개 ↔ 청구범위 목록 12개(삭제 2) 불일치 / [D8] 독립항 목록 12개 중 2개가 본문 '삭제' / [D8c] 종속항 0 · 삭제항 2 → 독립/전체 토글 결과 동일(12개) / [D4] 공개번호(10-2023-0076480)와 표시 일자(2024-11-25) 계열 불일치 · 문헌일 2023-05-31,[F1] drawing_count 0 (도면의 설명 1원소 보유)
KR 10-2734007 B1,B1,등록특허공보,등록공고,링 타입의 네일아트용 팔레트,10,,,10,D1 D3 D7 D2 D5 D6 D12 D8 D8c D4,[D5] 상세설명에 하위섹션+전문 중복 렌더(섹션 5827자 = 전문 4493 + 하위섹션 1408) / [D6] 도면 미반입인데 패널 노출(서지 도면 수 0건 / 패널 캡션 1개 · 이미지 없음) / [D12] 서지 청구항 수 1개 ↔ 청구범위 목록 2개(삭제 1) 불일치 / [D8] 독립항 목록 2개 중 1개가 본문 '삭제' / [D8c] 종속항 0 · 삭제항 1 → 독립/전체 토글 결과 동일(2개) / [D4] 공개번호(10-2024-0036970)와 표시 일자(2024-11-25) 계열 불일치 · 문헌일 2024-03-21,[F1] drawing_count 0 (도면의 설명 1원소 보유) [F2] 도면 설명 1원소에 도 4개 뭉침
KR 10-2734033 B1,B1,등록특허공보,등록공고,부채널 공격에 대응하는 PIPO 암호 알고리즘 마스킹 방법,10,,,10,D1 D3 D7 D2 D5 D6 D12 D8 D8c D4,[D5] 상세설명에 하위섹션+전문 중복 렌더(섹션 12984자 = 전문 8823 + 하위섹션 4390) / [D6] 도면 미반입인데 패널 노출(서지 도면 수 0건 / 패널 캡션 1개 · 이미지 없음) / [D12] 서지 청구항 수 7개 ↔ 청구범위 목록 8개(삭제 1) 불일치 / [D8] 독립항 목록 8개 중 1개가 본문 '삭제' / [D8c] 종속항 0 · 삭제항 1 → 독립/전체 토글 결과 동일(8개) / [D4] 공개번호(10-2023-0103271)와 표시 일자(2024-11-25) 계열 불일치 · 문헌일 2023-07-07,[F1] drawing_count 0 (도면의 설명 1원소 보유) [F2] 도면 설명 1원소에 도 8개 뭉침
KR 10-2734070 B1,B1,등록특허공보,등록공고,차량 냉동기용 수소 연료 전지 시스템,10,,,10,D1 D3 D7 D2 D5 D6 D12 D8 D8c D4,[D5] 상세설명에 하위섹션+전문 중복 렌더(섹션 12706자 = 전문 10783 + 하위섹션 1944) / [D6] 도면 미반입인데 패널 노출(서지 도면 수 0건 / 패널 캡션 1개 · 이미지 없음) / [D12] 서지 청구항 수 3개 ↔ 청구범위 목록 4개(삭제 1) 불일치 / [D8] 독립항 목록 4개 중 1개가 본문 '삭제' / [D8c] 종속항 0 · 삭제항 1 → 독립/전체 토글 결과 동일(4개) / [D4] 공개번호(10-2023-0144737)와 표시 일자(2024-11-25) 계열 불일치 · 문헌일 2023-10-17,[F1] drawing_count 0 (도면의 설명 1원소 보유) [F2] 도면 설명 1원소에 도 4개 뭉침
KR 10-2615046 B1,B1,등록특허공보,등록공고,정수기,9,,,9,D1 D3 D7 D2 D5 D6 D12 D8 D4,[D5] 상세설명에 하위섹션+전문 중복 렌더(섹션 13892자 = 전문 10869 + 하위섹션 3227) / [D6] 도면 미반입인데 패널 노출(서지 도면 수 0건 / 패널 캡션 1개 · 이미지 없음) / [D12] 서지 청구항 수 7개 ↔ 청구범위 목록 9개(삭제 2) 불일치 / [D8] 독립항 목록 3개 중 2개가 본문 '삭제' / [D4] 공개번호(10-2020-0035660)와 표시 일자(2024-01-10) 계열 불일치 · 문헌일 2020-04-06,[F1] drawing_count 0 (도면의 설명 1원소 보유) [F2] 도면 설명 1원소에 도 13개 뭉침
KR 10-2618260 B1,B1,등록특허공보,등록공고,"시각장애인, 노약자의 파크골프 진입을 위한 트레이너",9,,,9,D1 D3 D7 D2 D5 D6 D12 D8 D4,[D5] 상세설명에 하위섹션+전문 중복 렌더(섹션 16395자 = 전문 11680 + 하위섹션 4904) / [D6] 도면 미반입인데 패널 노출(서지 도면 수 0건 / 패널 캡션 1개 · 이미지 없음) / [D12] 서지 청구항 수 2개 ↔ 청구범위 목록 4개(삭제 2) 불일치 / [D8] 독립항 목록 3개 중 2개가 본문 '삭제' / [D4] 공개번호(10-2022-0129138)와 표시 일자(2024-01-03) 계열 불일치 · 문헌일 2022-09-23,[F1] drawing_count 0 (도면의 설명 1원소 보유) [F2] 도면 설명 1원소에 도 4개 뭉침
KR 10-2619135 B1,B1,등록특허공보,등록공고,버너 일체형 탄화수소 개질기 및 이를 이용한 탄화수소 개질 시스템,9,,,9,D1 D3 D7 D2 D5 D6 D12 D8 D4b,[D5] 상세설명에 하위섹션+전문 중복 렌더(섹션 17713자 = 전문 14383 + 하위섹션 3582) / [D6] 도면 미반입인데 패널 노출(서지 도면 수 0건 / 패널 캡션 1개 · 이미지 없음) / [D12] 서지 청구항 수 10개 ↔ 청구범위 목록 11개(삭제 1) 불일치 / [D8] 독립항 목록 2개 중 1개가 본문 '삭제' / [D4b] 공개/공고번호 — 인데 공개/공고일(2024-01-02)만 표시,[F1] drawing_count 0 (도면의 설명 1원소 보유) [F2] 도면 설명 1원소에 도 10개 뭉침
KR 10-2619275 B1,B1,등록특허공보,등록공고,객체 검색 모델 및 그 학습 방법,9,,,9,D1 D3 D7 D2 D5 D6 D12 D8 D4,[D5] 상세설명에 하위섹션+전문 중복 렌더(섹션 23215자 = 전문 17925 + 하위섹션 5518) / [D6] 도면 미반입인데 패널 노출(서지 도면 수 0건 / 패널 캡션 1개 · 이미지 없음) / [D12] 서지 청구항 수 19개 ↔ 청구범위 목록 20개(삭제 1) 불일치 / [D8] 독립항 목록 5개 중 1개가 본문 '삭제' / [D4] 공개번호(10-2022-0077439)와 표시 일자(2024-01-02) 계열 불일치 · 문헌일 2022-06-09,[F1] drawing_count 0 (도면의 설명 1원소 보유) [F2] 도면 설명 1원소에 도 6개 뭉침
KR 10-2619423 B1,B1,등록특허공보,등록공고,항공기 유압 퓨즈 다중항목 점검 방법 및 장치,9,,,9,D1 D3 D7 D2 D5 D6 D12 D8 D4,[D5] 상세설명에 하위섹션+전문 중복 렌더(섹션 26802자 = 전문 19029 + 하위섹션 8030) / [D6] 도면 미반입인데 패널 노출(서지 도면 수 0건 / 패널 캡션 1개 · 이미지 없음) / [D12] 서지 청구항 수 12개 ↔ 청구범위 목록 14개(삭제 2) 불일치 / [D8] 독립항 목록 4개 중 2개가 본문 '삭제' / [D4] 공개번호(10-2023-0119834)와 표시 일자(2024-01-03) 계열 불일치 · 문헌일 2023-08-16,[F1] drawing_count 0 (도면의 설명 1원소 보유) [F2] 도면 설명 1원소에 도 3개 뭉침
KR 10-2619608 B1,B1,등록특허공보,등록공고,드론 전원공급 및 원격 이착륙용 고내항성 무인보트,9,,,9,D1 D3 D7 D2 D5 D6 D12 D8 D4,[D5] 상세설명에 하위섹션+전문 중복 렌더(섹션 12414자 = 전문 8984 + 하위섹션 3567) / [D6] 도면 미반입인데 패널 노출(서지 도면 수 0건 / 패널 캡션 1개 · 이미지 없음) / [D12] 서지 청구항 수 3개 ↔ 청구범위 목록 4개(삭제 1) 불일치 / [D8] 독립항 목록 2개 중 1개가 본문 '삭제' / [D4] 공개번호(10-2023-0088581)와 표시 일자(2024-01-02) 계열 불일치 · 문헌일 2023-06-20,[F1] drawing_count 0 (도면의 설명 1원소 보유) [F2] 도면 설명 1원소에 도 4개 뭉침
KR 10-2619698 B1,B1,등록특허공보,등록공고,해상구조물 및 선박 표면의 오염방지 기능이 개선된 방오필름과 이의 제조 방법,9,,,9,D1 D3 D7 D2 D5 D6 D12 D8 D4,[D5] 상세설명에 하위섹션+전문 중복 렌더(섹션 9916자 = 전문 7857 + 하위섹션 2259) / [D6] 도면 미반입인데 패널 노출(서지 도면 수 0건 / 패널 캡션 1개 · 이미지 없음) / [D12] 서지 청구항 수 5개 ↔ 청구범위 목록 6개(삭제 1) 불일치 / [D8] 독립항 목록 2개 중 1개가 본문 '삭제' / [D4] 공개번호(10-2023-0070871)와 표시 일자(2024-01-02) 계열 불일치 · 문헌일 2023-05-23,[F1] drawing_count 0 (도면의 설명 1원소 보유) [F2] 도면 설명 1원소에 도 3개 뭉침
KR 10-2619766 B1,B1,등록특허공보,등록공고,사용자의 스트레스를 해소시키기 위한 마사지 장치 및 방법,9,,,9,D1 D3 D7 D2 D5 D6 D12 D8 D4,[D5] 상세설명에 하위섹션+전문 중복 렌더(섹션 48274자 = 전문 46422 + 하위섹션 2237) / [D6] 도면 미반입인데 패널 노출(서지 도면 수 0건 / 패널 캡션 1개 · 이미지 없음) / [D12] 서지 청구항 수 8개 ↔ 청구범위 목록 11개(삭제 3) 불일치 / [D8] 독립항 목록 4개 중 3개가 본문 '삭제' / [D4] 공개번호(10-2023-0045713)와 표시 일자(2024-01-03) 계열 불일치 · 문헌일 2023-04-05,[F1] drawing_count 0 (도면의 설명 1원소 보유) [F2] 도면 설명 1원소에 도 11개 뭉침
KR 10-2619796 B1,B1,등록특허공보,등록공고,체온측정 장치 및 시스템,9,,,9,D1 D3 D7 D2 D5 D6 D12 D8 D4,[D5] 상세설명에 하위섹션+전문 중복 렌더(섹션 9339자 = 전문 6849 + 하위섹션 2587) / [D6] 도면 미반입인데 패널 노출(서지 도면 수 0건 / 패널 캡션 1개 · 이미지 없음) / [D12] 서지 청구항 수 6개 ↔ 청구범위 목록 7개(삭제 1) 불일치 / [D8] 독립항 목록 2개 중 1개가 본문 '삭제' / [D4] 공개번호(10-2023-0055438)와 표시 일자(2024-01-04) 계열 불일치 · 문헌일 2023-04-26,[F1] drawing_count 0 (도면의 설명 1원소 보유) [F2] 도면 설명 1원소에 도 4개 뭉침
KR 10-2619807 B1,B1,등록특허공보,등록공고,무선 전력 통신 네트워크에서 디바이스의 최소 출력량을 최대화하는 머신러닝 방법 및 시스템,9,,,9,D1 D3 D7 D2 D5 D6 D12 D8 D4,[D5] 상세설명에 하위섹션+전문 중복 렌더(섹션 16618자 = 전문 13165 + 하위섹션 3696) / [D6] 도면 미반입인데 패널 노출(서지 도면 수 0건 / 패널 캡션 1개 · 이미지 없음) / [D12] 서지 청구항 수 13개 ↔ 청구범위 목록 15개(삭제 2) 불일치 / [D8] 독립항 목록 4개 중 2개가 본문 '삭제' / [D4] 공개번호(10-2023-0143052)와 표시 일자(2024-01-02) 계열 불일치 · 문헌일 2023-10-11,[F1] drawing_count 0 (도면의 설명 1원소 보유) [F2] 도면 설명 1원소에 도 7개 뭉침
KR 10-2619815 B1,B1,등록특허공보,등록공고,서양악기와 합주가 가능한 7음계 현소,9,,,9,D1 D3 D7 D2 D5 D6 D12 D8 D4,[D5] 상세설명에 하위섹션+전문 중복 렌더(섹션 7998자 = 전문 5246 + 하위섹션 2776) / [D6] 도면 미반입인데 패널 노출(서지 도면 수 0건 / 패널 캡션 1개 · 이미지 없음) / [D12] 서지 청구항 수 2개 ↔ 청구범위 목록 3개(삭제 1) 불일치 / [D8] 독립항 목록 2개 중 1개가 본문 '삭제' / [D4] 공개번호(10-2023-0146810)와 표시 일자(2024-01-03) 계열 불일치 · 문헌일 2023-10-20,[F1] drawing_count 0 (도면의 설명 1원소 보유) [F2] 도면 설명 1원소에 도 3개 뭉침
KR 10-2619829 B1,B1,등록특허공보,등록공고,"이상 개체 검출 장치 및 방법, 이를 포함하는 촬상 장치",9,,,9,D1 D3 D7 D2 D5 D6 D12 D8 D4,[D5] 상세설명에 하위섹션+전문 중복 렌더(섹션 29436자 = 전문 27077 + 하위섹션 2661) / [D6] 도면 미반입인데 패널 노출(서지 도면 수 0건 / 패널 캡션 1개 · 이미지 없음) / [D12] 서지 청구항 수 15개 ↔ 청구범위 목록 17개(삭제 2) 불일치 / [D8] 독립항 목록 5개 중 2개가 본문 '삭제' / [D4] 공개번호(10-2019-0102760)와 표시 일자(2024-01-02) 계열 불일치 · 문헌일 2019-09-04,[F1] drawing_count 0 (도면의 설명 1원소 보유) [F2] 도면 설명 1원소에 도 7개 뭉침
KR 10-2619835 B1,B1,등록특허공보,등록공고,데이터주체가 주도하고 통제하는 데이터베이스를 기반으로하는 유저 표출 구매 원인 및 욕구 통찰 방식의 정보 운,9,,,9,D1 D3 D7 D2 D5 D6 D12 D8 D4b,[D5] 상세설명에 하위섹션+전문 중복 렌더(섹션 24472자 = 전문 18434 + 하위섹션 6310) / [D6] 도면 미반입인데 패널 노출(서지 도면 수 0건 / 패널 캡션 1개 · 이미지 없음) / [D12] 서지 청구항 수 5개 ↔ 청구범위 목록 7개(삭제 2) 불일치 / [D8] 독립항 목록 3개 중 2개가 본문 '삭제' / [D4b] 공개/공고번호 — 인데 공개/공고일(2024-01-04)만 표시,[F1] drawing_count 0 (도면의 설명 1원소 보유) [F2] 도면 설명 1원소에 도 5개 뭉침
KR 10-2619880 B1,B1,등록특허공보,등록공고,슬라이드 창호,9,,,9,D1 D3 D7 D2 D5 D6 D12 D8 D4b,[D5] 상세설명에 하위섹션+전문 중복 렌더(섹션 39405자 = 전문 32584 + 하위섹션 7099) / [D6] 도면 미반입인데 패널 노출(서지 도면 수 0건 / 패널 캡션 1개 · 이미지 없음) / [D12] 서지 청구항 수 4개 ↔ 청구범위 목록 5개(삭제 1) 불일치 / [D8] 독립항 목록 2개 중 1개가 본문 '삭제' / [D4b] 공개/공고번호 — 인데 공개/공고일(2024-01-04)만 표시,[F1] drawing_count 0 (도면의 설명 1원소 보유) [F2] 도면 설명 1원소에 도 17개 뭉침
KR 10-2619954 B1,B1,등록특허공보,등록공고,데이터를 처리하기 위한 방법 및 이를 지원하는 전자 장치,9,,,9,D1 D3 D7 D2 D5 D6 D12 D8 D4,[D5] 상세설명에 하위섹션+전문 중복 렌더(섹션 50869자 = 전문 48964 + 하위섹션 2379) / [D6] 도면 미반입인데 패널 노출(서지 도면 수 0건 / 패널 캡션 1개 · 이미지 없음) / [D12] 서지 청구항 수 18개 ↔ 청구범위 목록 20개(삭제 2) 불일치 / [D8] 독립항 목록 4개 중 2개가 본문 '삭제' / [D4] 공개번호(10-2019-0114190)와 표시 일자(2024-01-02) 계열 불일치 · 문헌일 2019-10-10,[F1] drawing_count 0 (도면의 설명 1원소 보유) [F2] 도면 설명 1원소에 도 10개 뭉침
KR 10-2620312 B1,B1,등록특허공보,등록공고,카본 블랙 비드 제조 장치,9,,,9,D1 D3 D7 D2 D5 D6 D12 D8 D4,[D5] 상세설명에 하위섹션+전문 중복 렌더(섹션 11344자 = 전문 9289 + 하위섹션 2134) / [D6] 도면 미반입인데 패널 노출(서지 도면 수 0건 / 패널 캡션 1개 · 이미지 없음) / [D12] 서지 청구항 수 7개 ↔ 청구범위 목록 9개(삭제 2) 불일치 / [D8] 독립항 목록 3개 중 2개가 본문 '삭제' / [D4] 공개번호(10-2020-0065691)와 표시 일자(2024-01-03) 계열 불일치 · 문헌일 2020-06-09,[F1] drawing_count 0 (도면의 설명 1원소 보유) [F2] 도면 설명 1원소에 도 6개 뭉침
KR 10-2620335 B1,B1,등록특허공보,등록공고,"레지스트 조성물, 레지스트 패턴 형성 방법, 함불소 고분자 화합물, 및 화합물",9,,,9,D1 D3 D7 D2 D5 D6 D12 D8 D4,[D5] 상세설명에 하위섹션+전문 중복 렌더(섹션 104752자 = 전문 103286 + 하위섹션 5345) / [D6] 도면 미반입인데 패널 노출(서지 도면 수 0건 / 패널 캡션 1개 · 이미지 없음) / [D12] 서지 청구항 수 4개 ↔ 청구범위 목록 7개(삭제 3) 불일치 / [D8] 독립항 목록 6개 중 3개가 본문 '삭제' / [D4] 공개번호(10-2018-0110608)와 표시 일자(2024-01-02) 계열 불일치 · 문헌일 2018-10-10,[F1] drawing_count 0 (도면의 설명 1원소 보유)
KR 10-2620344 B1,B1,등록특허공보,등록공고,발전기용 실링장치,9,,,9,D1 D3 D7 D2 D5 D6 D12 D8 D4,[D5] 상세설명에 하위섹션+전문 중복 렌더(섹션 13709자 = 전문 11311 + 하위섹션 2600) / [D6] 도면 미반입인데 패널 노출(서지 도면 수 0건 / 패널 캡션 1개 · 이미지 없음) / [D12] 서지 청구항 수 12개 ↔ 청구범위 목록 13개(삭제 1) 불일치 / [D8] 독립항 목록 4개 중 1개가 본문 '삭제' / [D4] 공개번호(10-2023-0109405)와 표시 일자(2024-01-03) 계열 불일치 · 문헌일 2023-07-20,[F1] drawing_count 0 (도면의 설명 1원소 보유) [F2] 도면 설명 1원소에 도 7개 뭉침
KR 10-2620532 B1,B1,등록특허공보,등록공고,촬상 광학계,9,,,9,D1 D3 D7 D2 D5 D6 D12 D8 D4,[D5] 상세설명에 하위섹션+전문 중복 렌더(섹션 20772자 = 전문 23093 + 하위섹션 854) / [D6] 도면 미반입인데 패널 노출(서지 도면 수 0건 / 패널 캡션 1개 · 이미지 없음) / [D12] 서지 청구항 수 12개 ↔ 청구범위 목록 16개(삭제 4) 불일치 / [D8] 독립항 목록 6개 중 4개가 본문 '삭제' / [D4] 공개번호(10-2022-0090779)와 표시 일자(2024-01-03) 계열 불일치 · 문헌일 2022-06-30,[F1] drawing_count 0 (도면의 설명 1원소 보유) [F2] 도면 설명 1원소에 도 10개 뭉침
KR 10-2620544 B1,B1,등록특허공보,등록공고,촬상 광학계,9,,,9,D1 D3 D7 D2 D5 D6 D12 D8 D4,[D5] 상세설명에 하위섹션+전문 중복 렌더(섹션 25030자 = 전문 28186 + 하위섹션 1020) / [D6] 도면 미반입인데 패널 노출(서지 도면 수 0건 / 패널 캡션 1개 · 이미지 없음) / [D12] 서지 청구항 수 14개 ↔ 청구범위 목록 15개(삭제 1) 불일치 / [D8] 독립항 목록 3개 중 1개가 본문 '삭제' / [D4] 공개번호(10-2022-0132515)와 표시 일자(2024-01-03) 계열 불일치 · 문헌일 2022-09-30,[F1] drawing_count 0 (도면의 설명 1원소 보유) [F2] 도면 설명 1원소에 도 15개 뭉침
KR 10-2620556 B1,B1,등록특허공보,등록공고,포대의 봉제실 절단 마감장치,9,,,9,D1 D3 D7 D2 D5 D6 D12 D8 D4,[D5] 상세설명에 하위섹션+전문 중복 렌더(섹션 11063자 = 전문 8350 + 하위섹션 2959) / [D6] 도면 미반입인데 패널 노출(서지 도면 수 0건 / 패널 캡션 1개 · 이미지 없음) / [D12] 서지 청구항 수 3개 ↔ 청구범위 목록 5개(삭제 2) 불일치 / [D8] 독립항 목록 3개 중 2개가 본문 '삭제' / [D4] 공개번호(10-2023-0103375)와 표시 일자(2024-01-02) 계열 불일치 · 문헌일 2023-07-07,[F1] drawing_count 0 (도면의 설명 1원소 보유) [F2] 도면 설명 1원소에 도 8개 뭉침
KR 10-2620576 B1,B1,등록특허공보,등록공고,유기발광 표시장치 및 그의 제조방법,9,,,9,D1 D3 D7 D2 D5 D6 D12 D8 D4,[D5] 상세설명에 하위섹션+전문 중복 렌더(섹션 22532자 = 전문 20157 + 하위섹션 2996) / [D6] 도면 미반입인데 패널 노출(서지 도면 수 0건 / 패널 캡션 1개 · 이미지 없음) / [D12] 서지 청구항 수 10개 ↔ 청구범위 목록 12개(삭제 2) 불일치 / [D8] 독립항 목록 4개 중 2개가 본문 '삭제' / [D4] 공개번호(10-2018-0003368)와 표시 일자(2024-01-02) 계열 불일치 · 문헌일 2018-01-09,[F1] drawing_count 0 (도면의 설명 1원소 보유) [F2] 도면 설명 1원소에 도 8개 뭉침
KR 10-2620621 B1,B1,등록특허공보,등록공고,양막 함유 창상피복재 조성물,9,,,9,D1 D3 D7 D2 D5 D6 D12 D8 D4,[D5] 상세설명에 하위섹션+전문 중복 렌더(섹션 14653자 = 전문 11898 + 하위섹션 4123) / [D6] 도면 미반입인데 패널 노출(서지 도면 수 0건 / 패널 캡션 1개 · 이미지 없음) / [D12] 서지 청구항 수 4개 ↔ 청구범위 목록 5개(삭제 1) 불일치 / [D8] 독립항 목록 2개 중 1개가 본문 '삭제' / [D4] 공개번호(10-2023-0039172)와 표시 일자(2024-01-02) 계열 불일치 · 문헌일 2023-03-21,[F1] drawing_count 0 (도면의 설명 1원소 보유) [F2] 도면 설명 1원소에 도 7개 뭉침
KR 10-2620631 B1,B1,등록특허공보,등록공고,교전 수준 조절이 가능한 가상군을 위한 학습 방법및 이를 위한 전자 장치,9,,,9,D1 D3 D7 D2 D5 D6 D12 D8 D4b,[D5] 상세설명에 하위섹션+전문 중복 렌더(섹션 23865자 = 전문 18787 + 하위섹션 5175) / [D6] 도면 미반입인데 패널 노출(서지 도면 수 0건 / 패널 캡션 1개 · 이미지 없음) / [D12] 서지 청구항 수 9개 ↔ 청구범위 목록 10개(삭제 1) 불일치 / [D8] 독립항 목록 5개 중 1개가 본문 '삭제' / [D4b] 공개/공고번호 — 인데 공개/공고일(2024-01-03)만 표시,[F1] drawing_count 0 (도면의 설명 1원소 보유) [F2] 도면 설명 1원소에 도 6개 뭉침
KR 10-2620634 B1,B1,등록특허공보,등록공고,지붕 개폐형 차양시설,9,,,9,D1 D3 D7 D2 D5 D6 D12 D8 D4,[D5] 상세설명에 하위섹션+전문 중복 렌더(섹션 18971자 = 전문 14526 + 하위섹션 4649) / [D6] 도면 미반입인데 패널 노출(서지 도면 수 0건 / 패널 캡션 1개 · 이미지 없음) / [D12] 서지 청구항 수 7개 ↔ 청구범위 목록 8개(삭제 1) 불일치 / [D8] 독립항 목록 2개 중 1개가 본문 '삭제' / [D4] 공개번호(10-2023-0039160)와 표시 일자(2024-01-03) 계열 불일치 · 문헌일 2023-03-21,[F1] drawing_count 0 (도면의 설명 1원소 보유) [F2] 도면 설명 1원소에 도 12개 뭉침
KR 10-2620643 B1,B1,등록특허공보,등록공고,역경매 방식을 통한 연애 상담 서비스 중개 방법 및 서버,9,,,9,D1 D3 D7 D2 D5 D6 D12 D8 D4b,[D5] 상세설명에 하위섹션+전문 중복 렌더(섹션 19557자 = 전문 15423 + 하위섹션 4290) / [D6] 도면 미반입인데 패널 노출(서지 도면 수 0건 / 패널 캡션 1개 · 이미지 없음) / [D12] 서지 청구항 수 5개 ↔ 청구범위 목록 8개(삭제 3) 불일치 / [D8] 독립항 목록 5개 중 3개가 본문 '삭제' / [D4b] 공개/공고번호 — 인데 공개/공고일(2024-01-02)만 표시,[F1] drawing_count 0 (도면의 설명 1원소 보유) [F2] 도면 설명 1원소에 도 4개 뭉침
KR 10-2620656 B1,B1,등록특허공보,등록공고,모터 전류 감지용 전류센서의 오차 보상 장치 및 방법,9,,,9,D1 D3 D7 D2 D5 D6 D12 D8 D4,[D5] 상세설명에 하위섹션+전문 중복 렌더(섹션 14375자 = 전문 10227 + 하위섹션 4314) / [D6] 도면 미반입인데 패널 노출(서지 도면 수 0건 / 패널 캡션 1개 · 이미지 없음) / [D12] 서지 청구항 수 8개 ↔ 청구범위 목록 10개(삭제 2) 불일치 / [D8] 독립항 목록 5개 중 2개가 본문 '삭제' / [D4] 공개번호(10-2020-0059857)와 표시 일자(2024-01-04) 계열 불일치 · 문헌일 2020-05-29,[F1] drawing_count 0 (도면의 설명 1원소 보유) [F2] 도면 설명 1원소에 도 6개 뭉침
KR 10-2620690 B1,B1,등록특허공보,등록공고,사용자의 필요에 따라 커스터마이징이 가능한 무선 충전 장치,9,,,9,D1 D3 D7 D2 D5 D6 D12 D8 D4,[D5] 상세설명에 하위섹션+전문 중복 렌더(섹션 19917자 = 전문 16226 + 하위섹션 3862) / [D6] 도면 미반입인데 패널 노출(서지 도면 수 0건 / 패널 캡션 1개 · 이미지 없음) / [D12] 서지 청구항 수 14개 ↔ 청구범위 목록 15개(삭제 1) 불일치 / [D8] 독립항 목록 2개 중 1개가 본문 '삭제' / [D4] 공개번호(10-2023-0016107)와 표시 일자(2024-01-05) 계열 불일치 · 문헌일 2023-02-01,[F1] drawing_count 0 (도면의 설명 1원소 보유) [F2] 도면 설명 1원소에 도 9개 뭉침
KR 10-2620718 B1,B1,등록특허공보,등록공고,친환경 특수 토양 제조 방법,9,,,9,D1 D3 D7 D2 D5 D6 D12 D8 D4,[D5] 상세설명에 하위섹션+전문 중복 렌더(섹션 13661자 = 전문 10077 + 하위섹션 3755) / [D6] 도면 미반입인데 패널 노출(서지 도면 수 0건 / 패널 캡션 1개 · 이미지 없음) / [D12] 서지 청구항 수 4개 ↔ 청구범위 목록 8개(삭제 4) 불일치 / [D8] 독립항 목록 5개 중 4개가 본문 '삭제' / [D4] 공개번호(10-2023-0057697)와 표시 일자(2024-01-04) 계열 불일치 · 문헌일 2023-05-02,[F1] drawing_count 0 (도면의 설명 1원소 보유) [F2] 도면 설명 1원소에 도 10개 뭉침
KR 10-2620738 B1,B1,등록특허공보,등록공고,가향시트가 적용된 전자식 무연담배,9,,,9,D1 D3 D7 D2 D5 D6 D12 D8 D4,[D5] 상세설명에 하위섹션+전문 중복 렌더(섹션 35162자 = 전문 31751 + 하위섹션 3844) / [D6] 도면 미반입인데 패널 노출(서지 도면 수 0건 / 패널 캡션 1개 · 이미지 없음) / [D12] 서지 청구항 수 9개 ↔ 청구범위 목록 11개(삭제 2) 불일치 / [D8] 독립항 목록 3개 중 2개가 본문 '삭제' / [D4] 공개번호(10-2022-0126615)와 표시 일자(2024-01-04) 계열 불일치 · 문헌일 2022-09-16,[F1] drawing_count 0 (도면의 설명 1원소 보유) [F2] 도면 설명 1원소에 도 7개 뭉침
KR 10-2620744 B1,B1,등록특허공보,등록공고,니코틴 인헤일러,9,,,9,D1 D3 D7 D2 D5 D6 D12 D8 D4,[D5] 상세설명에 하위섹션+전문 중복 렌더(섹션 13838자 = 전문 11061 + 하위섹션 3038) / [D6] 도면 미반입인데 패널 노출(서지 도면 수 0건 / 패널 캡션 1개 · 이미지 없음) / [D12] 서지 청구항 수 10개 ↔ 청구범위 목록 12개(삭제 2) 불일치 / [D8] 독립항 목록 3개 중 2개가 본문 '삭제' / [D4] 공개번호(10-2023-0026666)와 표시 일자(2024-01-02) 계열 불일치 · 문헌일 2023-02-27,[F1] drawing_count 0 (도면의 설명 1원소 보유) [F2] 도면 설명 1원소에 도 14개 뭉침
KR 10-2620746 B1,B1,등록특허공보,등록공고,탈부착형 초음파 및 저주파 핸드피스,9,,,9,D1 D3 D7 D2 D5 D6 D12 D8 D4b,[D5] 상세설명에 하위섹션+전문 중복 렌더(섹션 16454자 = 전문 13576 + 하위섹션 3106) / [D6] 도면 미반입인데 패널 노출(서지 도면 수 0건 / 패널 캡션 1개 · 이미지 없음) / [D12] 서지 청구항 수 11개 ↔ 청구범위 목록 13개(삭제 2) 불일치 / [D8] 독립항 목록 3개 중 2개가 본문 '삭제' / [D4b] 공개/공고번호 — 인데 공개/공고일(2024-01-05)만 표시,[F1] drawing_count 0 (도면의 설명 1원소 보유) [F2] 도면 설명 1원소에 도 14개 뭉침
KR 10-2620762 B1,B1,등록특허공보,등록공고,생성형 AI 음원분리기술을 활용한 사운드 테라피 효과를 제공하는 전자장치 및 그 방법,9,,,9,D1 D3 D7 D2 D5 D6 D12 D8 D4b,[D5] 상세설명에 하위섹션+전문 중복 렌더(섹션 54135자 = 전문 49593 + 하위섹션 5066) / [D6] 도면 미반입인데 패널 노출(서지 도면 수 0건 / 패널 캡션 1개 · 이미지 없음) / [D12] 서지 청구항 수 16개 ↔ 청구범위 목록 20개(삭제 4) 불일치 / [D8] 독립항 목록 6개 중 4개가 본문 '삭제' / [D4b] 공개/공고번호 — 인데 공개/공고일(2024-01-05)만 표시,[F1] drawing_count 0 (도면의 설명 1원소 보유) [F2] 도면 설명 1원소에 도 14개 뭉침
KR 10-2620823 B1,B1,등록특허공보,등록공고,인공지능 기반의 변형가능한 기준 마커 생성 및 인식 방법 및 그 시스템,9,,,9,D1 D3 D7 D2 D5 D6 D12 D8 D4,[D5] 상세설명에 하위섹션+전문 중복 렌더(섹션 28427자 = 전문 23155 + 하위섹션 5699) / [D6] 도면 미반입인데 패널 노출(서지 도면 수 0건 / 패널 캡션 1개 · 이미지 없음) / [D12] 서지 청구항 수 14개 ↔ 청구범위 목록 20개(삭제 6) 불일치 / [D8] 독립항 목록 8개 중 6개가 본문 '삭제' / [D4] 공개번호(10-2023-0007698)와 표시 일자(2024-01-04) 계열 불일치 · 문헌일 2023-01-13,[F1] drawing_count 0 (도면의 설명 1원소 보유) [F2] 도면 설명 1원소에 도 8개 뭉침
KR 10-2620828 B1,B1,등록특허공보,정정공고,"수용성 폴리아믹산, 이의 제조방법, 이를 이용한 폴리이미드 절연막 및 유기박막트랜지스터",9,,,9,D1 D3 D7 D2 D5 D6 D12 D8 D4,[D5] 상세설명에 하위섹션+전문 중복 렌더(섹션 23513자 = 전문 19266 + 하위섹션 4651) / [D6] 도면 미반입인데 패널 노출(서지 도면 수 0건 / 패널 캡션 1개 · 이미지 없음) / [D12] 서지 청구항 수 7개 ↔ 청구범위 목록 15개(삭제 8) 불일치 / [D8] 독립항 목록 9개 중 8개가 본문 '삭제' / [D4] 공개번호(10-2023-0021429)와 표시 일자(2024-01-03) 계열 불일치 · 문헌일 2023-02-14,[F1] drawing_count 0 (도면의 설명 1원소 보유) [F2] 도면 설명 1원소에 도 18개 뭉침
KR 10-2620842 B1,B1,등록특허공보,등록공고,서비스 정보를 제공하는 방법 및 이를 지원하는 전자 장치,9,,,9,D1 D3 D7 D2 D5 D6 D12 D8 D4b,[D5] 상세설명에 하위섹션+전문 중복 렌더(섹션 38848자 = 전문 33635 + 하위섹션 5487) / [D6] 도면 미반입인데 패널 노출(서지 도면 수 0건 / 패널 캡션 1개 · 이미지 없음) / [D12] 서지 청구항 수 11개 ↔ 청구범위 목록 13개(삭제 2) 불일치 / [D8] 독립항 목록 4개 중 2개가 본문 '삭제' / [D4b] 공개/공고번호 — 인데 공개/공고일(2024-01-04)만 표시,[F1] drawing_count 0 (도면의 설명 1원소 보유) [F2] 도면 설명 1원소에 도 18개 뭉침
KR 10-2620877 B1,B1,등록특허공보,등록공고,이미지의 촬영 장소를 추천하는 전자 장치 및 방법,9,,,9,D1 D3 D7 D2 D5 D6 D12 D8 D4,[D5] 상세설명에 하위섹션+전문 중복 렌더(섹션 35568자 = 전문 32341 + 하위섹션 3445) / [D6] 도면 미반입인데 패널 노출(서지 도면 수 0건 / 패널 캡션 1개 · 이미지 없음) / [D12] 서지 청구항 수 19개 ↔ 청구범위 목록 20개(삭제 1) 불일치 / [D8] 독립항 목록 3개 중 1개가 본문 '삭제' / [D4] 공개번호(10-2020-0086570)와 표시 일자(2024-01-05) 계열 불일치 · 문헌일 2020-07-17,[F1] drawing_count 0 (도면의 설명 1원소 보유) [F2] 도면 설명 1원소에 도 23개 뭉침
KR 10-2620887 B1,B1,등록특허공보,등록공고,간접분사 및 MQL 분사용 인서트 절삭 공구 및 이를 포함하는 가공 장치,9,,,9,D1 D3 D7 D2 D5 D6 D12 D8 D4,[D5] 상세설명에 하위섹션+전문 중복 렌더(섹션 18585자 = 전문 14414 + 하위섹션 4631) / [D6] 도면 미반입인데 패널 노출(서지 도면 수 0건 / 패널 캡션 1개 · 이미지 없음) / [D12] 서지 청구항 수 9개 ↔ 청구범위 목록 19개(삭제 10) 불일치 / [D8] 독립항 목록 11개 중 10개가 본문 '삭제' / [D4] 공개번호(10-2023-0028890)와 표시 일자(2024-01-05) 계열 불일치 · 문헌일 2023-03-03,[F1] drawing_count 0 (도면의 설명 1원소 보유) [F2] 도면 설명 1원소에 도 10개 뭉침
KR 10-2620927 B1,B1,등록특허공보,등록공고,반월상 연골판 봉합장치,9,,,9,D1 D3 D7 D2 D5 D6 D12 D8 D4,[D5] 상세설명에 하위섹션+전문 중복 렌더(섹션 15399자 = 전문 12742 + 하위섹션 2786) / [D6] 도면 미반입인데 패널 노출(서지 도면 수 0건 / 패널 캡션 1개 · 이미지 없음) / [D12] 서지 청구항 수 4개 ↔ 청구범위 목록 7개(삭제 3) 불일치 / [D8] 독립항 목록 4개 중 3개가 본문 '삭제' / [D4] 공개번호(10-2020-0042776)와 표시 일자(2024-01-05) 계열 불일치 · 문헌일 2020-04-24,[F1] drawing_count 0 (도면의 설명 1원소 보유) [F2] 도면 설명 1원소에 도 5개 뭉침
KR 10-2620940 B1,B1,등록특허공보,등록공고,무선전력수신장치,9,,,9,D1 D3 D7 D2 D5 D6 D12 D8 D4,[D5] 상세설명에 하위섹션+전문 중복 렌더(섹션 12441자 = 전문 11255 + 하위섹션 1340) / [D6] 도면 미반입인데 패널 노출(서지 도면 수 0건 / 패널 캡션 1개 · 이미지 없음) / [D12] 서지 청구항 수 4개 ↔ 청구범위 목록 11개(삭제 7) 불일치 / [D8] 독립항 목록 9개 중 7개가 본문 '삭제' / [D4] 공개번호(10-2017-0135121)와 표시 일자(2024-01-05) 계열 불일치 · 문헌일 2017-12-08,[F1] drawing_count 0 (도면의 설명 1원소 보유) [F2] 도면 설명 1원소에 도 12개 뭉침
KR 10-2620990 B1,B1,등록특허공보,등록공고,충격방지용 슬라이드 활강매트,9,,,9,D1 D3 D7 D2 D5 D6 D12 D8 D4b,[D5] 상세설명에 하위섹션+전문 중복 렌더(섹션 12720자 = 전문 8788 + 하위섹션 4084) / [D6] 도면 미반입인데 패널 노출(서지 도면 수 0건 / 패널 캡션 1개 · 이미지 없음) / [D12] 서지 청구항 수 3개 ↔ 청구범위 목록 4개(삭제 1) 불일치 / [D8] 독립항 목록 2개 중 1개가 본문 '삭제' / [D4b] 공개/공고번호 — 인데 공개/공고일(2024-01-04)만 표시,[F1] drawing_count 0 (도면의 설명 1원소 보유) [F2] 도면 설명 1원소에 도 11개 뭉침
KR 10-2620991 B1,B1,등록특허공보,등록공고,메쉬펜스용 메쉬망 고정구,9,,,9,D1 D3 D7 D2 D5 D6 D12 D8 D4,[D5] 상세설명에 하위섹션+전문 중복 렌더(섹션 12567자 = 전문 9917 + 하위섹션 2913) / [D6] 도면 미반입인데 패널 노출(서지 도면 수 0건 / 패널 캡션 1개 · 이미지 없음) / [D12] 서지 청구항 수 3개 ↔ 청구범위 목록 6개(삭제 3) 불일치 / [D8] 독립항 목록 4개 중 3개가 본문 '삭제' / [D4] 공개번호(10-2023-0049351)와 표시 일자(2024-01-04) 계열 불일치 · 문헌일 2023-04-13,[F1] drawing_count 0 (도면의 설명 1원소 보유) [F2] 도면 설명 1원소에 도 13개 뭉침
KR 10-2621004 B1,B1,등록특허공보,등록공고,하중 보상 스프링의 작용점을 이동시킬 수 있는 상지 보조 장치,9,,,9,D1 D3 D7 D2 D5 D6 D12 D8 D4,[D5] 상세설명에 하위섹션+전문 중복 렌더(섹션 13589자 = 전문 10848 + 하위섹션 2884) / [D6] 도면 미반입인데 패널 노출(서지 도면 수 0건 / 패널 캡션 1개 · 이미지 없음) / [D12] 서지 청구항 수 6개 ↔ 청구범위 목록 7개(삭제 1) 불일치 / [D8] 독립항 목록 2개 중 1개가 본문 '삭제' / [D4] 공개번호(10-2023-0087893)와 표시 일자(2024-01-04) 계열 불일치 · 문헌일 2023-06-19,[F1] drawing_count 0 (도면의 설명 1원소 보유) [F2] 도면 설명 1원소에 도 10개 뭉침
KR 10-2621048 B1,B1,등록특허공보,등록공고,우울증환자에 대한 항우울제 치료반응 및 급성기예후 예측용 검사방법 및 상기 검사방법에 사용되는 검사키트,9,,,9,D1 D3 D7 D2 D5 D6 D12 D8 D4,[D5] 상세설명에 하위섹션+전문 중복 렌더(섹션 30172자 = 전문 24263 + 하위섹션 6290) / [D6] 도면 미반입인데 패널 노출(서지 도면 수 0건 / 패널 캡션 1개 · 이미지 없음) / [D12] 서지 청구항 수 10개 ↔ 청구범위 목록 16개(삭제 6) 불일치 / [D8] 독립항 목록 7개 중 6개가 본문 '삭제' / [D4] 공개번호(10-2023-0102661)와 표시 일자(2024-01-03) 계열 불일치 · 문헌일 2023-07-07,[F1] drawing_count 0 (도면의 설명 1원소 보유)
KR 10-2621049 B1,B1,등록특허공보,등록공고,우울증환자의 자살행동 예측용 검사방법 및 상기 검사방법에 사용되는 검사키트,9,,,9,D1 D3 D7 D2 D5 D6 D12 D8 D4,[D5] 상세설명에 하위섹션+전문 중복 렌더(섹션 59790자 = 전문 53066 + 하위섹션 9704) / [D6] 도면 미반입인데 패널 노출(서지 도면 수 0건 / 패널 캡션 1개 · 이미지 없음) / [D12] 서지 청구항 수 10개 ↔ 청구범위 목록 30개(삭제 20) 불일치 / [D8] 독립항 목록 21개 중 20개가 본문 '삭제' / [D4] 공개번호(10-2023-0105844)와 표시 일자(2024-01-03) 계열 불일치 · 문헌일 2023-07-12,[F1] drawing_count 0 (도면의 설명 1원소 보유)
KR 10-2621050 B1,B1,등록특허공보,등록공고,경로 손실 정보를 획득하는 전자 장치의 동작 방법 및 이를 지원하는 전자 장치,9,,,9,D1 D3 D7 D2 D5 D6 D12 D8 D4,[D5] 상세설명에 하위섹션+전문 중복 렌더(섹션 27463자 = 전문 24072 + 하위섹션 3582) / [D6] 도면 미반입인데 패널 노출(서지 도면 수 0건 / 패널 캡션 1개 · 이미지 없음) / [D12] 서지 청구항 수 9개 ↔ 청구범위 목록 10개(삭제 1) 불일치 / [D8] 독립항 목록 4개 중 1개가 본문 '삭제' / [D4] 공개번호(10-2023-0112946)와 표시 일자(2024-01-04) 계열 불일치 · 문헌일 2023-07-28,[F1] drawing_count 0 (도면의 설명 1원소 보유) [F2] 도면 설명 1원소에 도 9개 뭉침
KR 10-2621072 B1,B1,등록특허공보,등록공고,지중 배전선로 감시시스템,9,,,9,D1 D3 D7 D2 D5 D6 D12 D8 D4b,[D5] 상세설명에 하위섹션+전문 중복 렌더(섹션 43377자 = 전문 29919 + 하위섹션 13827) / [D6] 도면 미반입인데 패널 노출(서지 도면 수 0건 / 패널 캡션 1개 · 이미지 없음) / [D12] 서지 청구항 수 6개 ↔ 청구범위 목록 7개(삭제 1) 불일치 / [D8] 독립항 목록 2개 중 1개가 본문 '삭제' / [D4b] 공개/공고번호 — 인데 공개/공고일(2024-01-04)만 표시,[F1] drawing_count 0 (도면의 설명 1원소 보유) [F2] 도면 설명 1원소에 도 15개 뭉침
KR 10-2621091 B1,B1,등록특허공보,등록공고,무인비행체(UAV)로부터 획득한 포인트 클라우드를 이용한 하천 단면 추정 방법,9,,,9,D1 D3 D7 D2 D5 D6 D12 D8 D4,[D5] 상세설명에 하위섹션+전문 중복 렌더(섹션 13478자 = 전문 11504 + 하위섹션 2110) / [D6] 도면 미반입인데 패널 노출(서지 도면 수 0건 / 패널 캡션 1개 · 이미지 없음) / [D12] 서지 청구항 수 4개 ↔ 청구범위 목록 5개(삭제 1) 불일치 / [D8] 독립항 목록 2개 중 1개가 본문 '삭제' / [D4] 공개번호(10-2023-0032094)와 표시 일자(2024-01-03) 계열 불일치 · 문헌일 2023-03-07,[F1] drawing_count 0 (도면의 설명 1원소 보유) [F2] 도면 설명 1원소에 도 5개 뭉침
KR 10-2621108 B1,B1,등록특허공보,등록공고,위치 기반의 수렵용 총기 사고 방지방법,9,,,9,D1 D3 D7 D2 D5 D6 D12 D8 D4b,[D5] 상세설명에 하위섹션+전문 중복 렌더(섹션 13912자 = 전문 10223 + 하위섹션 3800) / [D6] 도면 미반입인데 패널 노출(서지 도면 수 0건 / 패널 캡션 1개 · 이미지 없음) / [D12] 서지 청구항 수 2개 ↔ 청구범위 목록 3개(삭제 1) 불일치 / [D8] 독립항 목록 2개 중 1개가 본문 '삭제' / [D4b] 공개/공고번호 — 인데 공개/공고일(2024-01-10)만 표시,[F1] drawing_count 0 (도면의 설명 1원소 보유) [F2] 도면 설명 1원소에 도 3개 뭉침
KR 10-2621153 B1,B1,등록특허공보,등록공고,수중터널의 지반 접속부,9,,,9,D1 D3 D7 D2 D5 D6 D12 D8 D4,[D5] 상세설명에 하위섹션+전문 중복 렌더(섹션 11504자 = 전문 8584 + 하위섹션 2968) / [D6] 도면 미반입인데 패널 노출(서지 도면 수 0건 / 패널 캡션 1개 · 이미지 없음) / [D12] 서지 청구항 수 2개 ↔ 청구범위 목록 9개(삭제 7) 불일치 / [D8] 독립항 목록 8개 중 7개가 본문 '삭제' / [D4] 공개번호(10-2022-0068911)와 표시 일자(2024-01-05) 계열 불일치 · 문헌일 2022-05-26,[F1] drawing_count 0 (도면의 설명 1원소 보유) [F2] 도면 설명 1원소에 도 12개 뭉침
KR 10-2621165 B1,B1,등록특허공보,등록공고,벨마우스,9,,,9,D1 D3 D7 D2 D5 D6 D12 D8 D4,[D5] 상세설명에 하위섹션+전문 중복 렌더(섹션 10654자 = 전문 8454 + 하위섹션 2383) / [D6] 도면 미반입인데 패널 노출(서지 도면 수 0건 / 패널 캡션 1개 · 이미지 없음) / [D12] 서지 청구항 수 5개 ↔ 청구범위 목록 11개(삭제 6) 불일치 / [D8] 독립항 목록 7개 중 6개가 본문 '삭제' / [D4] 공개번호(10-2023-0066766)와 표시 일자(2024-01-05) 계열 불일치 · 문헌일 2023-05-16,[F1] drawing_count 0 (도면의 설명 1원소 보유) [F2] 도면 설명 1원소에 도 8개 뭉침
KR 10-2621181 B1,B1,등록특허공보,등록공고,열전 소자,9,,,9,D1 D3 D7 D2 D5 D6 D12 D8 D4,[D5] 상세설명에 하위섹션+전문 중복 렌더(섹션 21015자 = 전문 19543 + 하위섹션 1758) / [D6] 도면 미반입인데 패널 노출(서지 도면 수 0건 / 패널 캡션 1개 · 이미지 없음) / [D12] 서지 청구항 수 4개 ↔ 청구범위 목록 9개(삭제 5) 불일치 / [D8] 독립항 목록 6개 중 5개가 본문 '삭제' / [D4] 공개번호(10-2018-0078654)와 표시 일자(2024-01-05) 계열 불일치 · 문헌일 2018-07-10,[F1] drawing_count 0 (도면의 설명 1원소 보유) [F2] 도면 설명 1원소에 도 11개 뭉침
KR 10-2621184 B1,B1,등록특허공보,등록공고,화재 감지 및 소화를 위한 소방 시스템 및 이를 사용한 화재 진압 방법,9,,,9,D1 D3 D7 D2 D5 D6 D12 D8 D4b,[D5] 상세설명에 하위섹션+전문 중복 렌더(섹션 18767자 = 전문 12931 + 하위섹션 6226) / [D6] 도면 미반입인데 패널 노출(서지 도면 수 0건 / 패널 캡션 1개 · 이미지 없음) / [D12] 서지 청구항 수 2개 ↔ 청구범위 목록 4개(삭제 2) 불일치 / [D8] 독립항 목록 3개 중 2개가 본문 '삭제' / [D4b] 공개/공고번호 — 인데 공개/공고일(2024-01-04)만 표시,[F1] drawing_count 0 (도면의 설명 1원소 보유) [F2] 도면 설명 1원소에 도 9개 뭉침
KR 10-2621248 B1,B1,등록특허공보,등록공고,음원 생성 기능을 갖는 미끄럼 방지용 도로 포장재 시공방법,9,,,9,D1 D3 D7 D2 D5 D6 D12 D8 D4b,[D5] 상세설명에 하위섹션+전문 중복 렌더(섹션 28670자 = 전문 22946 + 하위섹션 6300) / [D6] 도면 미반입인데 패널 노출(서지 도면 수 0건 / 패널 캡션 1개 · 이미지 없음) / [D12] 서지 청구항 수 5개 ↔ 청구범위 목록 10개(삭제 5) 불일치 / [D8] 독립항 목록 6개 중 5개가 본문 '삭제' / [D4b] 공개/공고번호 — 인데 공개/공고일(2024-01-05)만 표시,[F1] drawing_count 0 (도면의 설명 1원소 보유) [F2] 도면 설명 1원소에 도 6개 뭉침
KR 10-2621278 B1,B1,등록특허공보,등록공고,스마트 문진 정보 생성 장치 및 방법,9,,,9,D1 D3 D7 D2 D5 D6 D12 D8 D4b,[D5] 상세설명에 하위섹션+전문 중복 렌더(섹션 31337자 = 전문 26660 + 하위섹션 4900) / [D6] 도면 미반입인데 패널 노출(서지 도면 수 0건 / 패널 캡션 1개 · 이미지 없음) / [D12] 서지 청구항 수 13개 ↔ 청구범위 목록 15개(삭제 2) 불일치 / [D8] 독립항 목록 6개 중 2개가 본문 '삭제' / [D4b] 공개/공고번호 — 인데 공개/공고일(2024-01-05)만 표시,[F1] drawing_count 0 (도면의 설명 1원소 보유) [F2] 도면 설명 1원소에 도 7개 뭉침
KR 10-2621299 B1,B1,등록특허공보,등록공고,에어 커튼 겸용 오토 셔터,9,,,9,D1 D3 D7 D2 D5 D6 D12 D8 D4,[D5] 상세설명에 하위섹션+전문 중복 렌더(섹션 8513자 = 전문 6674 + 하위섹션 1962) / [D6] 도면 미반입인데 패널 노출(서지 도면 수 0건 / 패널 캡션 1개 · 이미지 없음) / [D12] 서지 청구항 수 7개 ↔ 청구범위 목록 12개(삭제 5) 불일치 / [D8] 독립항 목록 6개 중 5개가 본문 '삭제' / [D4] 공개번호(10-2020-0131449)와 표시 일자(2024-01-08) 계열 불일치 · 문헌일 2020-11-24,[F1] drawing_count 0 (도면의 설명 1원소 보유) [F2] 도면 설명 1원소에 도 3개 뭉침
KR 10-2621349 B1,B1,등록특허공보,등록공고,자갈 여과부를 구비한 친환경 도로 액체분사 시스템,9,,,9,D1 D3 D7 D2 D5 D6 D12 D8 D4b,[D5] 상세설명에 하위섹션+전문 중복 렌더(섹션 25504자 = 전문 19373 + 하위섹션 6688) / [D6] 도면 미반입인데 패널 노출(서지 도면 수 0건 / 패널 캡션 1개 · 이미지 없음) / [D12] 서지 청구항 수 8개 ↔ 청구범위 목록 11개(삭제 3) 불일치 / [D8] 독립항 목록 4개 중 3개가 본문 '삭제' / [D4b] 공개/공고번호 — 인데 공개/공고일(2024-01-04)만 표시,[F1] drawing_count 0 (도면의 설명 1원소 보유) [F2] 도면 설명 1원소에 도 18개 뭉침
KR 10-2621380 B1,B1,등록특허공보,등록공고,간접활선작업용 보조장치,9,,,9,D1 D3 D7 D2 D5 D6 D12 D8 D4,[D5] 상세설명에 하위섹션+전문 중복 렌더(섹션 13574자 = 전문 10545 + 하위섹션 3272) / [D6] 도면 미반입인데 패널 노출(서지 도면 수 0건 / 패널 캡션 1개 · 이미지 없음) / [D12] 서지 청구항 수 8개 ↔ 청구범위 목록 10개(삭제 2) 불일치 / [D8] 독립항 목록 6개 중 2개가 본문 '삭제' / [D4] 공개번호(10-2023-0037883)와 표시 일자(2024-01-08) 계열 불일치 · 문헌일 2023-03-17,[F1] drawing_count 0 (도면의 설명 1원소 보유) [F2] 도면 설명 1원소에 도 17개 뭉침
KR 10-2621385 B1,B1,등록특허공보,등록공고,안전모 장치,9,,,9,D1 D3 D7 D2 D5 D6 D12 D8 D4,[D5] 상세설명에 하위섹션+전문 중복 렌더(섹션 9542자 = 전문 7898 + 하위섹션 1972) / [D6] 도면 미반입인데 패널 노출(서지 도면 수 0건 / 패널 캡션 1개 · 이미지 없음) / [D12] 서지 청구항 수 4개 ↔ 청구범위 목록 6개(삭제 2) 불일치 / [D8] 독립항 목록 3개 중 2개가 본문 '삭제' / [D4] 공개번호(10-2023-0088553)와 표시 일자(2024-01-09) 계열 불일치 · 문헌일 2023-06-20,[F1] drawing_count 0 (도면의 설명 1원소 보유) [F2] 도면 설명 1원소에 도 10개 뭉침
KR 10-2621450 B1,B1,등록특허공보,등록공고,신규 라티락토바실러스 커바투스 M21F011 균주 및 이의용도,9,,,9,D1 D3 D7 D2 D5 D6 D12 D8 D4b,[D5] 상세설명에 하위섹션+전문 중복 렌더(섹션 29297자 = 전문 25142 + 하위섹션 4526) / [D6] 도면 미반입인데 패널 노출(서지 도면 수 0건 / 패널 캡션 1개 · 이미지 없음) / [D12] 서지 청구항 수 13개 ↔ 청구범위 목록 17개(삭제 4) 불일치 / [D8] 독립항 목록 12개 중 4개가 본문 '삭제' / [D4b] 공개/공고번호 — 인데 공개/공고일(2024-01-09)만 표시,[F1] drawing_count 0 (도면의 설명 1원소 보유) [F2] 도면 설명 1원소에 도 5개 뭉침
KR 10-2621535 B1,B1,등록특허공보,등록공고,"송출 신호 관리 방법, 송출 신호 관리 장치 및 상기 방법을 실행시키기 위하여 기록매체에 저장된 컴퓨터 프로",9,,,9,D1 D3 D7 D2 D5 D6 D12 D8 D4,[D5] 상세설명에 하위섹션+전문 중복 렌더(섹션 23306자 = 전문 19161 + 하위섹션 4323) / [D6] 도면 미반입인데 패널 노출(서지 도면 수 0건 / 패널 캡션 1개 · 이미지 없음) / [D12] 서지 청구항 수 15개 ↔ 청구범위 목록 20개(삭제 5) 불일치 / [D8] 독립항 목록 7개 중 5개가 본문 '삭제' / [D4] 공개번호(10-2023-0001783)와 표시 일자(2024-01-05) 계열 불일치 · 문헌일 2023-01-05,[F1] drawing_count 0 (도면의 설명 1원소 보유) [F2] 도면 설명 1원소에 도 6개 뭉침
KR 10-2621592 B1,B1,등록특허공보,등록공고,디스플레이 장치 및 이의 제조 방법,9,,,9,D1 D3 D7 D2 D5 D6 D12 D8 D4,[D5] 상세설명에 하위섹션+전문 중복 렌더(섹션 21225자 = 전문 18207 + 하위섹션 3229) / [D6] 도면 미반입인데 패널 노출(서지 도면 수 0건 / 패널 캡션 1개 · 이미지 없음) / [D12] 서지 청구항 수 19개 ↔ 청구범위 목록 20개(삭제 1) 불일치 / [D8] 독립항 목록 5개 중 1개가 본문 '삭제' / [D4] 공개번호(10-2020-0023571)와 표시 일자(2024-01-08) 계열 불일치 · 문헌일 2020-03-05,[F1] drawing_count 0 (도면의 설명 1원소 보유) [F2] 도면 설명 1원소에 도 12개 뭉침
KR 10-2621594 B1,B1,등록특허공보,등록공고,"기업 맞춤형 직무 개발 및 구직자 맞춤형 직무교육 제공 방법, 장치 및 시스템",9,,,9,D1 D3 D7 D2 D5 D6 D12 D8 D4b,[D5] 상세설명에 하위섹션+전문 중복 렌더(섹션 41704자 = 전문 36691 + 하위섹션 5407) / [D6] 도면 미반입인데 패널 노출(서지 도면 수 0건 / 패널 캡션 1개 · 이미지 없음) / [D12] 서지 청구항 수 2개 ↔ 청구범위 목록 3개(삭제 1) 불일치 / [D8] 독립항 목록 2개 중 1개가 본문 '삭제' / [D4b] 공개/공고번호 — 인데 공개/공고일(2024-01-04)만 표시,[F1] drawing_count 0 (도면의 설명 1원소 보유) [F2] 도면 설명 1원소에 도 9개 뭉침
KR 10-2621595 B1,B1,등록특허공보,등록공고,소화가 잘 되는 옹제비 제조방법,9,,,9,D1 D3 D7 D2 D5 D12 D8 D8c D4b,[D5] 상세설명에 하위섹션+전문 중복 렌더(섹션 12468자 = 전문 9485 + 하위섹션 3187) / [D12] 서지 청구항 수 1개 ↔ 청구범위 목록 5개(삭제 4) 불일치 / [D8] 독립항 목록 5개 중 4개가 본문 '삭제' / [D8c] 종속항 0 · 삭제항 4 → 독립/전체 토글 결과 동일(5개) / [D4b] 공개/공고번호 — 인데 공개/공고일(2024-01-05)만 표시,
KR 10-2621655 B1,B1,등록특허공보,등록공고,화소 및 이를 이용한 유기전계발광 표시장치,9,,,9,D1 D3 D7 D2 D5 D6 D12 D8 D4,[D5] 상세설명에 하위섹션+전문 중복 렌더(섹션 30023자 = 전문 26824 + 하위섹션 3488) / [D6] 도면 미반입인데 패널 노출(서지 도면 수 0건 / 패널 캡션 1개 · 이미지 없음) / [D12] 서지 청구항 수 9개 ↔ 청구범위 목록 12개(삭제 3) 불일치 / [D8] 독립항 목록 5개 중 3개가 본문 '삭제' / [D4] 공개번호(10-2018-0082662)와 표시 일자(2024-01-09) 계열 불일치 · 문헌일 2018-07-19,[F1] drawing_count 0 (도면의 설명 1원소 보유) [F2] 도면 설명 1원소에 도 13개 뭉침
KR 10-2621696 B1,B1,등록특허공보,등록공고,가변 도로교통정보 제공 장치,9,,,9,D1 D3 D7 D2 D5 D6 D12 D8 D4,[D5] 상세설명에 하위섹션+전문 중복 렌더(섹션 15778자 = 전문 12581 + 하위섹션 3299) / [D6] 도면 미반입인데 패널 노출(서지 도면 수 0건 / 패널 캡션 1개 · 이미지 없음) / [D12] 서지 청구항 수 5개 ↔ 청구범위 목록 10개(삭제 5) 불일치 / [D8] 독립항 목록 6개 중 5개가 본문 '삭제' / [D4] 공개번호(10-2023-0031658)와 표시 일자(2024-01-08) 계열 불일치 · 문헌일 2023-03-07,[F1] drawing_count 0 (도면의 설명 1원소 보유) [F2] 도면 설명 1원소에 도 7개 뭉침
KR 10-2621738 B1,B1,등록특허공보,등록공고,식물 재배 장치,9,,,9,D1 D3 D7 D2 D5 D6 D12 D8 D4,[D5] 상세설명에 하위섹션+전문 중복 렌더(섹션 33935자 = 전문 29218 + 하위섹션 5148) / [D6] 도면 미반입인데 패널 노출(서지 도면 수 0건 / 패널 캡션 1개 · 이미지 없음) / [D12] 서지 청구항 수 15개 ↔ 청구범위 목록 16개(삭제 1) 불일치 / [D8] 독립항 목록 2개 중 1개가 본문 '삭제' / [D4] 공개번호(10-2022-0059843)와 표시 일자(2024-01-05) 계열 불일치 · 문헌일 2022-05-10,[F1] drawing_count 0 (도면의 설명 1원소 보유) [F2] 도면 설명 1원소에 도 19개 뭉침
KR 10-2621768 B1,B1,등록특허공보,등록공고,차량 센서 클리닝 장치 및 그 장치의 제어방법,9,,,9,D1 D3 D7 D2 D5 D6 D12 D8 D4b,[D5] 상세설명에 하위섹션+전문 중복 렌더(섹션 17529자 = 전문 15743 + 하위섹션 1913) / [D6] 도면 미반입인데 패널 노출(서지 도면 수 0건 / 패널 캡션 1개 · 이미지 없음) / [D12] 서지 청구항 수 10개 ↔ 청구범위 목록 12개(삭제 2) 불일치 / [D8] 독립항 목록 4개 중 2개가 본문 '삭제' / [D4b] 공개/공고번호 — 인데 공개/공고일(2024-01-09)만 표시,[F1] drawing_count 0 (도면의 설명 1원소 보유) [F2] 도면 설명 1원소에 도 13개 뭉침
KR 10-2621772 B1,B1,등록특허공보,등록공고,무효 전력 제어를 통한 분산형 전원 연계 협조 시스템 및 방법,9,,,9,D1 D3 D7 D2 D5 D6 D12 D8 D4,[D5] 상세설명에 하위섹션+전문 중복 렌더(섹션 16571자 = 전문 12976 + 하위섹션 3794) / [D6] 도면 미반입인데 패널 노출(서지 도면 수 0건 / 패널 캡션 1개 · 이미지 없음) / [D12] 서지 청구항 수 10개 ↔ 청구범위 목록 16개(삭제 6) 불일치 / [D8] 독립항 목록 8개 중 6개가 본문 '삭제' / [D4] 공개번호(10-2022-0144140)와 표시 일자(2024-01-05) 계열 불일치 · 문헌일 2022-10-26,[F1] drawing_count 0 (도면의 설명 1원소 보유) [F2] 도면 설명 1원소에 도 3개 뭉침
KR 10-2621797 B1,B1,등록특허공보,등록공고,부가 장갑 제조방법,9,,,9,D1 D3 D7 D2 D5 D6 D12 D8 D4b,[D5] 상세설명에 하위섹션+전문 중복 렌더(섹션 17482자 = 전문 12449 + 하위섹션 5192) / [D6] 도면 미반입인데 패널 노출(서지 도면 수 0건 / 패널 캡션 1개 · 이미지 없음) / [D12] 서지 청구항 수 2개 ↔ 청구범위 목록 8개(삭제 6) 불일치 / [D8] 독립항 목록 7개 중 6개가 본문 '삭제' / [D4b] 공개/공고번호 — 인데 공개/공고일(2024-01-09)만 표시,[F1] drawing_count 0 (도면의 설명 1원소 보유) [F2] 도면 설명 1원소에 도 9개 뭉침
KR 10-2621892 B1,B1,등록특허공보,등록공고,액상 유체 분사 구조,9,,,9,D1 D3 D7 D2 D5 D6 D12 D8 D4b,[D5] 상세설명에 하위섹션+전문 중복 렌더(섹션 16420자 = 전문 12315 + 하위섹션 4225) / [D6] 도면 미반입인데 패널 노출(서지 도면 수 0건 / 패널 캡션 1개 · 이미지 없음) / [D12] 서지 청구항 수 11개 ↔ 청구범위 목록 15개(삭제 4) 불일치 / [D8] 독립항 목록 6개 중 4개가 본문 '삭제' / [D4b] 공개/공고번호 — 인데 공개/공고일(2024-01-09)만 표시,[F1] drawing_count 0 (도면의 설명 1원소 보유) [F2] 도면 설명 1원소에 도 4개 뭉침
KR 10-2622024 B1,B1,등록특허공보,등록공고,수신 신호의 주파수 대역의 잡음을 감소시키는 전자 장치 및 전자 장치의 동작 방법,9,,,9,D1 D3 D7 D2 D5 D6 D12 D8 D4,[D5] 상세설명에 하위섹션+전문 중복 렌더(섹션 41297자 = 전문 38451 + 하위섹션 3189) / [D6] 도면 미반입인데 패널 노출(서지 도면 수 0건 / 패널 캡션 1개 · 이미지 없음) / [D12] 서지 청구항 수 16개 ↔ 청구범위 목록 20개(삭제 4) 불일치 / [D8] 독립항 목록 6개 중 4개가 본문 '삭제' / [D4] 공개번호(10-2020-0088669)와 표시 일자(2024-01-08) 계열 불일치 · 문헌일 2020-07-23,[F1] drawing_count 0 (도면의 설명 1원소 보유) [F2] 도면 설명 1원소에 도 13개 뭉침
KR 10-2622035 B1,B1,등록특허공보,등록공고,"충전 케이블, 그와 통신하는 통신 장치 및 그 제어 방법",9,,,9,D1 D3 D7 D2 D5 D6 D12 D8 D4,[D5] 상세설명에 하위섹션+전문 중복 렌더(섹션 41374자 = 전문 35795 + 하위섹션 6287) / [D6] 도면 미반입인데 패널 노출(서지 도면 수 0건 / 패널 캡션 1개 · 이미지 없음) / [D12] 서지 청구항 수 22개 ↔ 청구범위 목록 23개(삭제 1) 불일치 / [D8] 독립항 목록 5개 중 1개가 본문 '삭제' / [D4] 공개번호(10-2020-0080405)와 표시 일자(2024-01-09) 계열 불일치 · 문헌일 2020-07-07,[F1] drawing_count 0 (도면의 설명 1원소 보유) [F2] 도면 설명 1원소에 도 12개 뭉침
KR 10-2622039 B1,B1,등록특허공보,등록공고,섬유강화플라스틱 부재의 제조방법,9,,,9,D1 D3 D7 D2 D5 D6 D12 D8 D4b,[D5] 상세설명에 하위섹션+전문 중복 렌더(섹션 9833자 = 전문 7120 + 하위섹션 2840) / [D6] 도면 미반입인데 패널 노출(서지 도면 수 0건 / 패널 캡션 1개 · 이미지 없음) / [D12] 서지 청구항 수 5개 ↔ 청구범위 목록 8개(삭제 3) 불일치 / [D8] 독립항 목록 4개 중 3개가 본문 '삭제' / [D4b] 공개/공고번호 — 인데 공개/공고일(2024-01-08)만 표시,[F1] drawing_count 0 (도면의 설명 1원소 보유)
KR 10-2622046 B1,B1,등록특허공보,등록공고,표시 장치,9,,,9,D1 D3 D7 D2 D5 D6 D12 D8 D4,[D5] 상세설명에 하위섹션+전문 중복 렌더(섹션 15890자 = 전문 13469 + 하위섹션 2652) / [D6] 도면 미반입인데 패널 노출(서지 도면 수 0건 / 패널 캡션 1개 · 이미지 없음) / [D12] 서지 청구항 수 19개 ↔ 청구범위 목록 20개(삭제 1) 불일치 / [D8] 독립항 목록 3개 중 1개가 본문 '삭제' / [D4] 공개번호(10-2020-0041415)와 표시 일자(2024-01-09) 계열 불일치 · 문헌일 2020-04-22,[F1] drawing_count 0 (도면의 설명 1원소 보유) [F2] 도면 설명 1원소에 도 15개 뭉침
KR 10-2622086 B1,B1,등록특허공보,등록공고,토카막 기술이 적용된 플라즈마를 이용한 유해 환경물질 제거 장치 및 방법,9,,,9,D1 D3 D7 D2 D5 D6 D12 D8 D4b,[D5] 상세설명에 하위섹션+전문 중복 렌더(섹션 23957자 = 전문 17253 + 하위섹션 7086) / [D6] 도면 미반입인데 패널 노출(서지 도면 수 0건 / 패널 캡션 1개 · 이미지 없음) / [D12] 서지 청구항 수 8개 ↔ 청구범위 목록 9개(삭제 1) 불일치 / [D8] 독립항 목록 2개 중 1개가 본문 '삭제' / [D4b] 공개/공고번호 — 인데 공개/공고일(2024-01-05)만 표시,[F1] drawing_count 0 (도면의 설명 1원소 보유) [F2] 도면 설명 1원소에 도 7개 뭉침
KR 10-2622128 B1,B1,등록특허공보,등록공고,감광성 수지 조성물 및 이로부터 형성된 광경화성 보호막,9,,,9,D1 D3 D7 D2 D5 D12 D8 D8c D4,[D5] 상세설명에 하위섹션+전문 중복 렌더(섹션 15498자 = 전문 13371 + 하위섹션 2521) / [D12] 서지 청구항 수 12개 ↔ 청구범위 목록 13개(삭제 1) 불일치 / [D8] 독립항 목록 13개 중 1개가 본문 '삭제' / [D8c] 종속항 0 · 삭제항 1 → 독립/전체 토글 결과 동일(13개) / [D4] 공개번호(10-2018-0031112)와 표시 일자(2024-01-09) 계열 불일치 · 문헌일 2018-03-28,
KR 10-2622134 B1,B1,등록특허공보,등록공고,차량의 헤드라이닝에 장착되는 모듈 조립체,9,,,9,D1 D3 D7 D2 D5 D6 D12 D8 D4,[D5] 상세설명에 하위섹션+전문 중복 렌더(섹션 14156자 = 전문 11521 + 하위섹션 2784) / [D6] 도면 미반입인데 패널 노출(서지 도면 수 0건 / 패널 캡션 1개 · 이미지 없음) / [D12] 서지 청구항 수 14개 ↔ 청구범위 목록 17개(삭제 3) 불일치 / [D8] 독립항 목록 6개 중 3개가 본문 '삭제' / [D4] 공개번호(10-2021-0115820)와 표시 일자(2024-01-08) 계열 불일치 · 문헌일 2021-09-27,[F1] drawing_count 0 (도면의 설명 1원소 보유) [F2] 도면 설명 1원소에 도 18개 뭉침
KR 10-2622141 B1,B1,등록특허공보,등록공고,고전압 배터리 서브모듈,9,,,9,D1 D3 D7 D2 D5 D6 D12 D8 D4,[D5] 상세설명에 하위섹션+전문 중복 렌더(섹션 17934자 = 전문 14085 + 하위섹션 4175) / [D6] 도면 미반입인데 패널 노출(서지 도면 수 0건 / 패널 캡션 1개 · 이미지 없음) / [D12] 서지 청구항 수 7개 ↔ 청구범위 목록 9개(삭제 2) 불일치 / [D8] 독립항 목록 3개 중 2개가 본문 '삭제' / [D4] 공개번호(10-2018-0067198)와 표시 일자(2024-01-08) 계열 불일치 · 문헌일 2018-06-20,[F1] drawing_count 0 (도면의 설명 1원소 보유) [F2] 도면 설명 1원소에 도 4개 뭉침
KR 10-2622177 B1,B1,등록특허공보,정정공고,랜덤 또는 블록 폴리이미드 실록산 공중합체 및 이의 제조방법,9,,,9,D1 D3 D7 D2 D5 D6 D12 D8 D4,[D5] 상세설명에 하위섹션+전문 중복 렌더(섹션 34269자 = 전문 28277 + 하위섹션 6949) / [D6] 도면 미반입인데 패널 노출(서지 도면 수 0건 / 패널 캡션 1개 · 이미지 없음) / [D12] 서지 청구항 수 9개 ↔ 청구범위 목록 16개(삭제 7) 불일치 / [D8] 독립항 목록 9개 중 7개가 본문 '삭제' / [D4] 공개번호(10-2022-0154890)와 표시 일자(2024-01-08) 계열 불일치 · 문헌일 2022-11-22,[F1] drawing_count 0 (도면의 설명 1원소 보유) [F2] 도면 설명 1원소에 도 26개 뭉침
KR 10-2622231 B1,B1,등록특허공보,등록공고,iSTab(innovative Stability Technology by antimoisture barrie,9,,,9,D1 D3 D7 D2 D5 D6 D12 D8 D4b,[D5] 상세설명에 하위섹션+전문 중복 렌더(섹션 24692자 = 전문 24597 + 하위섹션 2688) / [D6] 도면 미반입인데 패널 노출(서지 도면 수 0건 / 패널 캡션 1개 · 이미지 없음) / [D12] 서지 청구항 수 10개 ↔ 청구범위 목록 12개(삭제 2) 불일치 / [D8] 독립항 목록 3개 중 2개가 본문 '삭제' / [D4b] 공개/공고번호 — 인데 공개/공고일(2024-01-08)만 표시,[F1] drawing_count 0 (도면의 설명 1원소 보유)
KR 10-2622427 B1,B1,등록특허공보,등록공고,미강 유산균발효물을 이용한 미강 현미밥 분말의 제조방법 및 미강 유산균발효물을 함유한 미강 현미밥 분말,9,,,9,D1 D3 D7 D2 D5 D6 D12 D8 D4b,[D5] 상세설명에 하위섹션+전문 중복 렌더(섹션 11835자 = 전문 10036 + 하위섹션 2178) / [D6] 도면 미반입인데 패널 노출(서지 도면 수 0건 / 패널 캡션 1개 · 이미지 없음) / [D12] 서지 청구항 수 4개 ↔ 청구범위 목록 5개(삭제 1) 불일치 / [D8] 독립항 목록 2개 중 1개가 본문 '삭제' / [D4b] 공개/공고번호 — 인데 공개/공고일(2024-01-09)만 표시,[F1] drawing_count 0 (도면의 설명 1원소 보유)
KR 10-2622438 B1,B1,등록특허공보,등록공고,옵티컬 플로우 추정 방법 및 이를 이용하는 객체 검출 방법,9,,,9,D1 D3 D7 D2 D5 D6 D12 D8 D4,[D5] 상세설명에 하위섹션+전문 중복 렌더(섹션 14277자 = 전문 11773 + 하위섹션 2607) / [D6] 도면 미반입인데 패널 노출(서지 도면 수 0건 / 패널 캡션 1개 · 이미지 없음) / [D12] 서지 청구항 수 8개 ↔ 청구범위 목록 11개(삭제 3) 불일치 / [D8] 독립항 목록 5개 중 3개가 본문 '삭제' / [D4] 공개번호(10-2023-0053235)와 표시 일자(2024-01-05) 계열 불일치 · 문헌일 2023-04-21,[F1] drawing_count 0 (도면의 설명 1원소 보유) [F2] 도면 설명 1원소에 도 5개 뭉침
KR 10-2622454 B1,B1,등록특허공보,등록공고,2차원 코드를 기반으로 농산물이 친환경 인증을 받은 농산물인지 여부에 대한 확인을 수행하는 농산물 친환경 인,9,,,9,D1 D3 D7 D2 D5 D6 D12 D8 D4,[D5] 상세설명에 하위섹션+전문 중복 렌더(섹션 26962자 = 전문 22881 + 하위섹션 4375) / [D6] 도면 미반입인데 패널 노출(서지 도면 수 0건 / 패널 캡션 1개 · 이미지 없음) / [D12] 서지 청구항 수 8개 ↔ 청구범위 목록 12개(삭제 4) 불일치 / [D8] 독립항 목록 6개 중 4개가 본문 '삭제' / [D4] 공개번호(10-2022-0133730)와 표시 일자(2024-01-08) 계열 불일치 · 문헌일 2022-10-05,[F1] drawing_count 0 (도면의 설명 1원소 보유) [F2] 도면 설명 1원소에 도 3개 뭉침
KR 10-2622482 B1,B1,등록특허공보,등록공고,자율 주행 차량을 제어하는 전자 장치 및 시스템,9,,,9,D1 D3 D7 D2 D5 D6 D12 D8 D4,[D5] 상세설명에 하위섹션+전문 중복 렌더(섹션 32049자 = 전문 29820 + 하위섹션 2544) / [D6] 도면 미반입인데 패널 노출(서지 도면 수 0건 / 패널 캡션 1개 · 이미지 없음) / [D12] 서지 청구항 수 4개 ↔ 청구범위 목록 10개(삭제 6) 불일치 / [D8] 독립항 목록 8개 중 6개가 본문 '삭제' / [D4] 공개번호(10-2022-0168881)와 표시 일자(2024-01-09) 계열 불일치 · 문헌일 2022-12-26,[F1] drawing_count 0 (도면의 설명 1원소 보유) [F2] 도면 설명 1원소에 도 7개 뭉침
KR 10-2622553 B1,B1,등록특허공보,등록공고,유무선충전모듈 중 더욱 신속한 충전이 가능한 충전모듈을 선택하여 충전하는 전기자동차,9,,,9,D1 D3 D7 D2 D5 D6 D12 D8 D4,[D5] 상세설명에 하위섹션+전문 중복 렌더(섹션 8108자 = 전문 6281 + 하위섹션 1902) / [D6] 도면 미반입인데 패널 노출(서지 도면 수 0건 / 패널 캡션 1개 · 이미지 없음) / [D12] 서지 청구항 수 3개 ↔ 청구범위 목록 4개(삭제 1) 불일치 / [D8] 독립항 목록 2개 중 1개가 본문 '삭제' / [D4] 공개번호(10-2018-0046527)와 표시 일자(2024-01-08) 계열 불일치 · 문헌일 2018-05-09,[F1] drawing_count 0 (도면의 설명 1원소 보유) [F2] 도면 설명 1원소에 도 4개 뭉침
KR 10-2622575 B1,B1,등록특허공보,등록공고,이중관용 앵커 유니언 및 이를 이용한 폐액 배출관의 설치구조,9,,,9,D1 D3 D7 D2 D5 D6 D12 D8 D4b,[D5] 상세설명에 하위섹션+전문 중복 렌더(섹션 12060자 = 전문 9526 + 하위섹션 2711) / [D6] 도면 미반입인데 패널 노출(서지 도면 수 0건 / 패널 캡션 1개 · 이미지 없음) / [D12] 서지 청구항 수 3개 ↔ 청구범위 목록 10개(삭제 7) 불일치 / [D8] 독립항 목록 8개 중 7개가 본문 '삭제' / [D4b] 공개/공고번호 — 인데 공개/공고일(2024-01-09)만 표시,[F1] drawing_count 0 (도면의 설명 1원소 보유) [F2] 도면 설명 1원소에 도 6개 뭉침
KR 10-2622618 B1,B1,등록특허공보,등록공고,효율이 향상된 광전기화학전지 및 그를 포함하는 수소 발생장치,9,,,9,D1 D3 D7 D2 D5 D6 D12 D8 D4,[D5] 상세설명에 하위섹션+전문 중복 렌더(섹션 14294자 = 전문 11571 + 하위섹션 2845) / [D6] 도면 미반입인데 패널 노출(서지 도면 수 0건 / 패널 캡션 1개 · 이미지 없음) / [D12] 서지 청구항 수 6개 ↔ 청구범위 목록 14개(삭제 8) 불일치 / [D8] 독립항 목록 10개 중 8개가 본문 '삭제' / [D4] 공개번호(10-2022-0144973)와 표시 일자(2024-01-09) 계열 불일치 · 문헌일 2022-10-28,[F1] drawing_count 0 (도면의 설명 1원소 보유) [F2] 도면 설명 1원소에 도 4개 뭉침
KR 10-2622638 B1,B1,등록특허공보,등록공고,일회용 전자담배,9,,,9,D1 D3 D7 D2 D5 D6 D12 D8 D4,[D5] 상세설명에 하위섹션+전문 중복 렌더(섹션 13395자 = 전문 9477 + 하위섹션 4062) / [D6] 도면 미반입인데 패널 노출(서지 도면 수 0건 / 패널 캡션 1개 · 이미지 없음) / [D12] 서지 청구항 수 6개 ↔ 청구범위 목록 7개(삭제 1) 불일치 / [D8] 독립항 목록 2개 중 1개가 본문 '삭제' / [D4] 공개번호(10-2023-0097442)와 표시 일자(2024-01-08) 계열 불일치 · 문헌일 2023-07-03,[F1] drawing_count 0 (도면의 설명 1원소 보유) [F2] 도면 설명 1원소에 도 7개 뭉침
KR 10-2622659 B1,B1,등록특허공보,등록공고,리니어 압축기,9,,,9,D1 D3 D7 D2 D5 D6 D12 D8 D4,[D5] 상세설명에 하위섹션+전문 중복 렌더(섹션 53449자 = 전문 48490 + 하위섹션 5689) / [D6] 도면 미반입인데 패널 노출(서지 도면 수 0건 / 패널 캡션 1개 · 이미지 없음) / [D12] 서지 청구항 수 15개 ↔ 청구범위 목록 20개(삭제 5) 불일치 / [D8] 독립항 목록 6개 중 5개가 본문 '삭제' / [D4] 공개번호(10-2022-0149479)와 표시 일자(2024-01-10) 계열 불일치 · 문헌일 2022-11-08,[F1] drawing_count 0 (도면의 설명 1원소 보유) [F2] 도면 설명 1원소에 도 12개 뭉침
KR 10-2622704 B1,B1,등록특허공보,등록공고,활어회 등급 판독 시스템,9,,,9,D1 D3 D7 D2 D5 D6 D12 D8 D4b,[D5] 상세설명에 하위섹션+전문 중복 렌더(섹션 15685자 = 전문 11684 + 하위섹션 4163) / [D6] 도면 미반입인데 패널 노출(서지 도면 수 0건 / 패널 캡션 1개 · 이미지 없음) / [D12] 서지 청구항 수 4개 ↔ 청구범위 목록 5개(삭제 1) 불일치 / [D8] 독립항 목록 2개 중 1개가 본문 '삭제' / [D4b] 공개/공고번호 — 인데 공개/공고일(2024-01-09)만 표시,[F1] drawing_count 0 (도면의 설명 1원소 보유) [F2] 도면 설명 1원소에 도 13개 뭉침
KR 10-2622766 B1,B1,등록특허공보,등록공고,내용물 토출용기,9,,,9,D1 D3 D7 D2 D5 D6 D12 D8 D4,[D5] 상세설명에 하위섹션+전문 중복 렌더(섹션 13884자 = 전문 11681 + 하위섹션 2394) / [D6] 도면 미반입인데 패널 노출(서지 도면 수 0건 / 패널 캡션 1개 · 이미지 없음) / [D12] 서지 청구항 수 8개 ↔ 청구범위 목록 9개(삭제 1) 불일치 / [D8] 독립항 목록 2개 중 1개가 본문 '삭제' / [D4] 공개번호(10-2019-0142588)와 표시 일자(2024-01-10) 계열 불일치 · 문헌일 2019-12-27,[F1] drawing_count 0 (도면의 설명 1원소 보유) [F2] 도면 설명 1원소에 도 9개 뭉침
KR 10-2622846 B1,B1,등록특허공보,등록공고,마그네슘 다이캐스팅 합금,9,,,9,D1 D3 D7 D2 D5 D6 D12 D8 D4,[D5] 상세설명에 하위섹션+전문 중복 렌더(섹션 8488자 = 전문 7957 + 하위섹션 1315) / [D6] 도면 미반입인데 패널 노출(서지 도면 수 0건 / 패널 캡션 1개 · 이미지 없음) / [D12] 서지 청구항 수 3개 ↔ 청구범위 목록 6개(삭제 3) 불일치 / [D8] 독립항 목록 4개 중 3개가 본문 '삭제' / [D4] 공개번호(10-2020-0069982)와 표시 일자(2024-01-10) 계열 불일치 · 문헌일 2020-06-17,[F1] drawing_count 0 (도면의 설명 1원소 보유) [F2] 도면 설명 1원소에 도 3개 뭉침
KR 10-2622874 B1,B1,등록특허공보,등록공고,도장 노즐 세척장치 및 그 제어방법,9,,,9,D1 D3 D7 D2 D5 D6 D12 D8 D4b,[D5] 상세설명에 하위섹션+전문 중복 렌더(섹션 13805자 = 전문 10121 + 하위섹션 3867) / [D6] 도면 미반입인데 패널 노출(서지 도면 수 0건 / 패널 캡션 1개 · 이미지 없음) / [D12] 서지 청구항 수 9개 ↔ 청구범위 목록 10개(삭제 1) 불일치 / [D8] 독립항 목록 3개 중 1개가 본문 '삭제' / [D4b] 공개/공고번호 — 인데 공개/공고일(2024-01-10)만 표시,[F1] drawing_count 0 (도면의 설명 1원소 보유) [F2] 도면 설명 1원소에 도 8개 뭉침
KR 10-2622878 B1,B1,등록특허공보,등록공고,냉장고,9,,,9,D1 D3 D7 D2 D5 D6 D12 D8 D4,[D5] 상세설명에 하위섹션+전문 중복 렌더(섹션 21005자 = 전문 17776 + 하위섹션 3514) / [D6] 도면 미반입인데 패널 노출(서지 도면 수 0건 / 패널 캡션 1개 · 이미지 없음) / [D12] 서지 청구항 수 14개 ↔ 청구범위 목록 19개(삭제 5) 불일치 / [D8] 독립항 목록 6개 중 5개가 본문 '삭제' / [D4] 공개번호(10-2017-0085336)와 표시 일자(2024-01-09) 계열 불일치 · 문헌일 2017-07-24,[F1] drawing_count 0 (도면의 설명 1원소 보유) [F2] 도면 설명 1원소에 도 8개 뭉침
KR 10-2622916 B1,B1,등록특허공보,등록공고,복합기능을 갖는 비접촉식 커플러 및 이를 이용한 통신선로의 통신 및 상태진단장치,9,,,9,D1 D3 D7 D2 D5 D6 D12 D8 D4,[D5] 상세설명에 하위섹션+전문 중복 렌더(섹션 21355자 = 전문 16088 + 하위섹션 5557) / [D6] 도면 미반입인데 패널 노출(서지 도면 수 0건 / 패널 캡션 1개 · 이미지 없음) / [D12] 서지 청구항 수 13개 ↔ 청구범위 목록 21개(삭제 8) 불일치 / [D8] 독립항 목록 9개 중 8개가 본문 '삭제' / [D4] 공개번호(10-2021-0039087)와 표시 일자(2024-01-10) 계열 불일치 · 문헌일 2021-04-09,[F1] drawing_count 0 (도면의 설명 1원소 보유) [F2] 도면 설명 1원소에 도 7개 뭉침
KR 10-2622934 B1,B1,등록특허공보,등록공고,적층세라믹 전자부품 제조방법 및 이를 통해 구현된 적층세라믹 전자부품,9,,,9,D1 D3 D7 D2 D5 D6 D12 D8 D4,[D5] 상세설명에 하위섹션+전문 중복 렌더(섹션 36723자 = 전문 33332 + 하위섹션 4472) / [D6] 도면 미반입인데 패널 노출(서지 도면 수 0건 / 패널 캡션 1개 · 이미지 없음) / [D12] 서지 청구항 수 14개 ↔ 청구범위 목록 15개(삭제 1) 불일치 / [D8] 독립항 목록 3개 중 1개가 본문 '삭제' / [D4] 공개번호(10-2022-0145787)와 표시 일자(2024-01-09) 계열 불일치 · 문헌일 2022-10-31,[F1] drawing_count 0 (도면의 설명 1원소 보유) [F2] 도면 설명 1원소에 도 15개 뭉침
KR 10-2622977 B1,B1,등록특허공보,등록공고,브래지어,9,,,9,D1 D3 D7 D2 D5 D6 D12 D8 D4,[D5] 상세설명에 하위섹션+전문 중복 렌더(섹션 5712자 = 전문 4496 + 하위섹션 1299) / [D6] 도면 미반입인데 패널 노출(서지 도면 수 0건 / 패널 캡션 1개 · 이미지 없음) / [D12] 서지 청구항 수 3개 ↔ 청구범위 목록 4개(삭제 1) 불일치 / [D8] 독립항 목록 2개 중 1개가 본문 '삭제' / [D4] 공개번호(10-2023-0036690)와 표시 일자(2024-01-08) 계열 불일치 · 문헌일 2023-03-15,[F1] drawing_count 0 (도면의 설명 1원소 보유)
KR 10-2622982 B1,B1,등록특허공보,등록공고,유기 박막 트랜지스터 및 제조방법,9,,,9,D1 D3 D7 D2 D5 D6 D12 D8 D4b,[D5] 상세설명에 하위섹션+전문 중복 렌더(섹션 33037자 = 전문 27459 + 하위섹션 6048) / [D6] 도면 미반입인데 패널 노출(서지 도면 수 0건 / 패널 캡션 1개 · 이미지 없음) / [D12] 서지 청구항 수 7개 ↔ 청구범위 목록 18개(삭제 11) 불일치 / [D8] 독립항 목록 13개 중 11개가 본문 '삭제' / [D4b] 공개/공고번호 — 인데 공개/공고일(2024-01-10)만 표시,[F1] drawing_count 0 (도면의 설명 1원소 보유) [F2] 도면 설명 1원소에 도 4개 뭉침
KR 10-2622997 B1,B1,등록특허공보,등록공고,손톱 미용 장치,9,,,9,D1 D3 D7 D2 D5 D6 D12 D8 D4,[D5] 상세설명에 하위섹션+전문 중복 렌더(섹션 17337자 = 전문 12921 + 하위섹션 4642) / [D6] 도면 미반입인데 패널 노출(서지 도면 수 0건 / 패널 캡션 1개 · 이미지 없음) / [D12] 서지 청구항 수 2개 ↔ 청구범위 목록 10개(삭제 8) 불일치 / [D8] 독립항 목록 9개 중 8개가 본문 '삭제' / [D4] 공개번호(10-2023-0061664)와 표시 일자(2024-01-11) 계열 불일치 · 문헌일 2023-05-09,[F1] drawing_count 0 (도면의 설명 1원소 보유) [F2] 도면 설명 1원소에 도 6개 뭉침
KR 10-2623103 B1,B1,등록특허공보,등록공고,열전모듈이 구비된 발판,9,,,9,D1 D3 D7 D2 D5 D6 D12 D8 D4,[D5] 상세설명에 하위섹션+전문 중복 렌더(섹션 20851자 = 전문 16878 + 하위섹션 4344) / [D6] 도면 미반입인데 패널 노출(서지 도면 수 0건 / 패널 캡션 1개 · 이미지 없음) / [D12] 서지 청구항 수 13개 ↔ 청구범위 목록 19개(삭제 6) 불일치 / [D8] 독립항 목록 7개 중 6개가 본문 '삭제' / [D4] 공개번호(10-2020-0058828)와 표시 일자(2024-01-09) 계열 불일치 · 문헌일 2020-05-28,[F1] drawing_count 0 (도면의 설명 1원소 보유) [F2] 도면 설명 1원소에 도 15개 뭉침
KR 10-2623171 B1,B1,등록특허공보,등록공고,"음원 분류 모델을 생성하기 위한 방법, 서버 및 컴퓨터프로그램",9,,,9,D1 D3 D7 D2 D5 D6 D12 D8 D4,[D5] 상세설명에 하위섹션+전문 중복 렌더(섹션 71952자 = 전문 67589 + 하위섹션 4808) / [D6] 도면 미반입인데 패널 노출(서지 도면 수 0건 / 패널 캡션 1개 · 이미지 없음) / [D12] 서지 청구항 수 4개 ↔ 청구범위 목록 10개(삭제 6) 불일치 / [D8] 독립항 목록 7개 중 6개가 본문 '삭제' / [D4] 공개번호(10-2023-0137272)와 표시 일자(2024-01-11) 계열 불일치 · 문헌일 2023-10-04,[F1] drawing_count 0 (도면의 설명 1원소 보유) [F2] 도면 설명 1원소에 도 12개 뭉침
KR 10-2623181 B1,B1,등록특허공보,등록공고,무선 디바이스 및 무선 시스템,9,,,9,D1 D3 D7 D2 D5 D6 D12 D8 D4,[D5] 상세설명에 하위섹션+전문 중복 렌더(섹션 55989자 = 전문 52993 + 하위섹션 3643) / [D6] 도면 미반입인데 패널 노출(서지 도면 수 0건 / 패널 캡션 1개 · 이미지 없음) / [D12] 서지 청구항 수 8개 ↔ 청구범위 목록 15개(삭제 7) 불일치 / [D8] 독립항 목록 9개 중 7개가 본문 '삭제' / [D4] 공개번호(10-2018-0037715)와 표시 일자(2024-01-11) 계열 불일치 · 문헌일 2018-04-13,[F1] drawing_count 0 (도면의 설명 1원소 보유) [F2] 도면 설명 1원소에 도 15개 뭉침
KR 10-2623205 B1,B1,등록특허공보,등록공고,중수소화 방향족 화합물의 제조 방법,9,,,9,D1 D3 D7 D2 D5 D12 D8 D8c D4,[D5] 상세설명에 하위섹션+전문 중복 렌더(섹션 22476자 = 전문 22584 + 하위섹션 893) / [D12] 서지 청구항 수 8개 ↔ 청구범위 목록 10개(삭제 2) 불일치 / [D8] 독립항 목록 10개 중 2개가 본문 '삭제' / [D8c] 종속항 0 · 삭제항 2 → 독립/전체 토글 결과 동일(10개) / [D4] 공개번호(10-2021-0071545)와 표시 일자(2024-01-09) 계열 불일치 · 문헌일 2021-06-16,
KR 10-2623274 B1,B1,등록특허공보,등록공고,지관을 이용한 건축물 시공방법 및 구조,9,,,9,D1 D3 D7 D2 D5 D6 D12 D8 D4,[D5] 상세설명에 하위섹션+전문 중복 렌더(섹션 14696자 = 전문 10440 + 하위섹션 4418) / [D6] 도면 미반입인데 패널 노출(서지 도면 수 0건 / 패널 캡션 1개 · 이미지 없음) / [D12] 서지 청구항 수 4개 ↔ 청구범위 목록 8개(삭제 4) 불일치 / [D8] 독립항 목록 6개 중 4개가 본문 '삭제' / [D4] 공개번호(10-2022-0084600)와 표시 일자(2024-01-11) 계열 불일치 · 문헌일 2022-06-21,[F1] drawing_count 0 (도면의 설명 1원소 보유) [F2] 도면 설명 1원소에 도 7개 뭉침
KR 10-2623339 B1,B1,등록특허공보,등록공고,화소 및 그것을 포함하는 유기 발광 표시 장치,9,,,9,D1 D3 D7 D2 D5 D6 D12 D8 D4,[D5] 상세설명에 하위섹션+전문 중복 렌더(섹션 39130자 = 전문 34431 + 하위섹션 5047) / [D6] 도면 미반입인데 패널 노출(서지 도면 수 0건 / 패널 캡션 1개 · 이미지 없음) / [D12] 서지 청구항 수 19개 ↔ 청구범위 목록 20개(삭제 1) 불일치 / [D8] 독립항 목록 4개 중 1개가 본문 '삭제' / [D4] 공개번호(10-2020-0009171)와 표시 일자(2024-01-11) 계열 불일치 · 문헌일 2020-01-30,[F1] drawing_count 0 (도면의 설명 1원소 보유) [F2] 도면 설명 1원소에 도 20개 뭉침
KR 10-2623406 B1,B1,등록특허공보,등록공고,저저항 NTC 서미스터 후막 제조용 조성물 및 그 제조방법,9,,,9,D1 D3 D7 D2 D5 D6 D12 D8 D4,[D5] 상세설명에 하위섹션+전문 중복 렌더(섹션 14145자 = 전문 11453 + 하위섹션 3279) / [D6] 도면 미반입인데 패널 노출(서지 도면 수 0건 / 패널 캡션 1개 · 이미지 없음) / [D12] 서지 청구항 수 6개 ↔ 청구범위 목록 7개(삭제 1) 불일치 / [D8] 독립항 목록 3개 중 1개가 본문 '삭제' / [D4] 공개번호(10-2023-0090901)와 표시 일자(2024-01-11) 계열 불일치 · 문헌일 2023-06-22,[F1] drawing_count 0 (도면의 설명 1원소 보유)
KR 10-2623409 B1,B1,등록특허공보,등록공고,약액 검사 장치 및 이를 포함하는 기판 처리 장치,9,,,9,D1 D3 D7 D2 D5 D6 D12 D8 D4,[D5] 상세설명에 하위섹션+전문 중복 렌더(섹션 22678자 = 전문 19617 + 하위섹션 3285) / [D6] 도면 미반입인데 패널 노출(서지 도면 수 0건 / 패널 캡션 1개 · 이미지 없음) / [D12] 서지 청구항 수 9개 ↔ 청구범위 목록 10개(삭제 1) 불일치 / [D8] 독립항 목록 2개 중 1개가 본문 '삭제' / [D4] 공개번호(10-2023-0099065)와 표시 일자(2024-01-10) 계열 불일치 · 문헌일 2023-07-04,[F1] drawing_count 0 (도면의 설명 1원소 보유) [F2] 도면 설명 1원소에 도 14개 뭉침
KR 10-2623411 B1,B1,등록특허공보,등록공고,반도체 장치 및 전자 기기,9,,,9,D1 D3 D7 D2 D5 D6 D12 D8 D4,[D5] 상세설명에 하위섹션+전문 중복 렌더(섹션 96093자 = 전문 92507 + 하위섹션 5388) / [D6] 도면 미반입인데 패널 노출(서지 도면 수 0건 / 패널 캡션 1개 · 이미지 없음) / [D12] 서지 청구항 수 12개 ↔ 청구범위 목록 17개(삭제 5) 불일치 / [D8] 독립항 목록 8개 중 5개가 본문 '삭제' / [D4] 공개번호(10-2017-0051296)와 표시 일자(2024-01-11) 계열 불일치 · 문헌일 2017-05-11,[F1] drawing_count 0 (도면의 설명 1원소 보유) [F2] 도면 설명 1원소에 도 38개 뭉침
KR 10-2623424 B1,B1,등록특허공보,등록공고,사용자 맞춤형 보컬 평가 보고서 제공 방법,9,,,9,D1 D3 D7 D2 D5 D6 D12 D8 D4b,[D5] 상세설명에 하위섹션+전문 중복 렌더(섹션 78047자 = 전문 69097 + 하위섹션 9564) / [D6] 도면 미반입인데 패널 노출(서지 도면 수 0건 / 패널 캡션 1개 · 이미지 없음) / [D12] 서지 청구항 수 2개 ↔ 청구범위 목록 3개(삭제 1) 불일치 / [D8] 독립항 목록 2개 중 1개가 본문 '삭제' / [D4b] 공개/공고번호 — 인데 공개/공고일(2024-01-10)만 표시,[F1] drawing_count 0 (도면의 설명 1원소 보유) [F2] 도면 설명 1원소에 도 17개 뭉침
KR 10-2623430 B1,B1,등록특허공보,등록공고,광범위 소독이 가능한 소독장치,9,,,9,D1 D3 D7 D2 D5 D6 D12 D8 D4,[D5] 상세설명에 하위섹션+전문 중복 렌더(섹션 14165자 = 전문 11105 + 하위섹션 3249) / [D6] 도면 미반입인데 패널 노출(서지 도면 수 0건 / 패널 캡션 1개 · 이미지 없음) / [D12] 서지 청구항 수 4개 ↔ 청구범위 목록 7개(삭제 3) 불일치 / [D8] 독립항 목록 4개 중 3개가 본문 '삭제' / [D4] 공개번호(10-2023-0083658)와 표시 일자(2024-01-09) 계열 불일치 · 문헌일 2023-06-12,[F1] drawing_count 0 (도면의 설명 1원소 보유) [F2] 도면 설명 1원소에 도 9개 뭉침
KR 10-2623483 B1,B1,등록특허공보,등록공고,패류 양식망 이물질 제거 장치,9,,,9,D1 D3 D7 D2 D5 D6 D12 D8 D4b,[D5] 상세설명에 하위섹션+전문 중복 렌더(섹션 13101자 = 전문 10054 + 하위섹션 3229) / [D6] 도면 미반입인데 패널 노출(서지 도면 수 0건 / 패널 캡션 1개 · 이미지 없음) / [D12] 서지 청구항 수 5개 ↔ 청구범위 목록 6개(삭제 1) 불일치 / [D8] 독립항 목록 2개 중 1개가 본문 '삭제' / [D4b] 공개/공고번호 — 인데 공개/공고일(2024-01-09)만 표시,[F1] drawing_count 0 (도면의 설명 1원소 보유) [F2] 도면 설명 1원소에 도 9개 뭉침
KR 10-2623490 B1,B1,등록특허공보,등록공고,모니터 차광장치,9,,,9,D1 D3 D7 D2 D5 D6 D12 D8 D4b,[D5] 상세설명에 하위섹션+전문 중복 렌더(섹션 17469자 = 전문 13820 + 하위섹션 3963) / [D6] 도면 미반입인데 패널 노출(서지 도면 수 0건 / 패널 캡션 1개 · 이미지 없음) / [D12] 서지 청구항 수 6개 ↔ 청구범위 목록 10개(삭제 4) 불일치 / [D8] 독립항 목록 5개 중 4개가 본문 '삭제' / [D4b] 공개/공고번호 — 인데 공개/공고일(2024-01-09)만 표시,[F1] drawing_count 0 (도면의 설명 1원소 보유) [F2] 도면 설명 1원소에 도 19개 뭉침
KR 10-2623514 B1,B1,등록특허공보,등록공고,음성신호 처리장치 및 그 동작방법,9,,,9,D1 D3 D7 D2 D5 D6 D12 D8 D4,[D5] 상세설명에 하위섹션+전문 중복 렌더(섹션 14469자 = 전문 11473 + 하위섹션 3195) / [D6] 도면 미반입인데 패널 노출(서지 도면 수 0건 / 패널 캡션 1개 · 이미지 없음) / [D12] 서지 청구항 수 15개 ↔ 청구범위 목록 20개(삭제 5) 불일치 / [D8] 독립항 목록 7개 중 5개가 본문 '삭제' / [D4] 공개번호(10-2019-0045429)와 표시 일자(2024-01-11) 계열 불일치 · 문헌일 2019-05-03,[F1] drawing_count 0 (도면의 설명 1원소 보유) [F2] 도면 설명 1원소에 도 10개 뭉침
KR 10-2623517 B1,B1,등록특허공보,등록공고,대상물의 변형과 관련된 기계적 특성을 측정하는 장치 및 방법,9,,,9,D1 D3 D7 D2 D5 D6 D12 D8 D4,[D5] 상세설명에 하위섹션+전문 중복 렌더(섹션 22389자 = 전문 18666 + 하위섹션 4147) / [D6] 도면 미반입인데 패널 노출(서지 도면 수 0건 / 패널 캡션 1개 · 이미지 없음) / [D12] 서지 청구항 수 16개 ↔ 청구범위 목록 17개(삭제 1) 불일치 / [D8] 독립항 목록 3개 중 1개가 본문 '삭제' / [D4] 공개번호(10-2020-0047194)와 표시 일자(2024-01-10) 계열 불일치 · 문헌일 2020-05-07,[F1] drawing_count 0 (도면의 설명 1원소 보유) [F2] 도면 설명 1원소에 도 25개 뭉침
KR 10-2623521 B1,B1,등록특허공보,등록공고,"이온 선택적 차단층을 구비한 전극, 이의 제조방법 및 용도",9,,,9,D1 D3 D7 D2 D5 D6 D12 D8 D4,[D5] 상세설명에 하위섹션+전문 중복 렌더(섹션 28227자 = 전문 16166 + 하위섹션 12357) / [D6] 도면 미반입인데 패널 노출(서지 도면 수 0건 / 패널 캡션 1개 · 이미지 없음) / [D12] 서지 청구항 수 12개 ↔ 청구범위 목록 15개(삭제 3) 불일치 / [D8] 독립항 목록 5개 중 3개가 본문 '삭제' / [D4] 공개번호(10-2022-0170162)와 표시 일자(2024-01-11) 계열 불일치 · 문헌일 2022-12-29,[F1] drawing_count 0 (도면의 설명 1원소 보유) [F2] 도면 설명 1원소에 도 5개 뭉침
KR 10-2623528 B1,B1,등록특허공보,등록공고,치형 전자 클러치 장치,9,,,9,D1 D3 D7 D2 D5 D6 D12 D8 D4,[D5] 상세설명에 하위섹션+전문 중복 렌더(섹션 13033자 = 전문 10852 + 하위섹션 2579) / [D6] 도면 미반입인데 패널 노출(서지 도면 수 0건 / 패널 캡션 1개 · 이미지 없음) / [D12] 서지 청구항 수 3개 ↔ 청구범위 목록 4개(삭제 1) 불일치 / [D8] 독립항 목록 2개 중 1개가 본문 '삭제' / [D4] 공개번호(10-2023-0044083)와 표시 일자(2024-01-11) 계열 불일치 · 문헌일 2023-04-03,[F1] drawing_count 0 (도면의 설명 1원소 보유) [F2] 도면 설명 1원소에 도 6개 뭉침
KR 10-2623549 B1,B1,등록특허공보,등록공고,프로브 카드 및 이를 포함하는 테스트 장치,9,,,9,D1 D3 D7 D2 D5 D6 D12 D8 D4,[D5] 상세설명에 하위섹션+전문 중복 렌더(섹션 34488자 = 전문 32318 + 하위섹션 2445) / [D6] 도면 미반입인데 패널 노출(서지 도면 수 0건 / 패널 캡션 1개 · 이미지 없음) / [D12] 서지 청구항 수 18개 ↔ 청구범위 목록 20개(삭제 2) 불일치 / [D8] 독립항 목록 5개 중 2개가 본문 '삭제' / [D4] 공개번호(10-2018-0065422)와 표시 일자(2024-01-10) 계열 불일치 · 문헌일 2018-06-18,[F1] drawing_count 0 (도면의 설명 1원소 보유) [F2] 도면 설명 1원소에 도 17개 뭉침
KR 10-2623578 B1,B1,등록특허공보,등록공고,집열배출 자동제어 시스템,9,,,9,D1 D3 D7 D2 D5 D6 D12 D8 D4,[D5] 상세설명에 하위섹션+전문 중복 렌더(섹션 15507자 = 전문 12271 + 하위섹션 3395) / [D6] 도면 미반입인데 패널 노출(서지 도면 수 0건 / 패널 캡션 1개 · 이미지 없음) / [D12] 서지 청구항 수 8개 ↔ 청구범위 목록 14개(삭제 6) 불일치 / [D8] 독립항 목록 7개 중 6개가 본문 '삭제' / [D4] 공개번호(10-2020-0037649)와 표시 일자(2024-01-11) 계열 불일치 · 문헌일 2020-04-09,[F1] drawing_count 0 (도면의 설명 1원소 보유) [F2] 도면 설명 1원소에 도 5개 뭉침
KR 10-2623609 B1,B1,등록특허공보,등록공고,유전 정보 분석 결과 제공 방법 및 시스템,9,,,9,D1 D3 D7 D2 D5 D6 D12 D8 D4b,[D5] 상세설명에 하위섹션+전문 중복 렌더(섹션 79296자 = 전문 71807 + 하위섹션 8721) / [D6] 도면 미반입인데 패널 노출(서지 도면 수 0건 / 패널 캡션 1개 · 이미지 없음) / [D12] 서지 청구항 수 16개 ↔ 청구범위 목록 18개(삭제 2) 불일치 / [D8] 독립항 목록 4개 중 2개가 본문 '삭제' / [D4b] 공개/공고번호 — 인데 공개/공고일(2024-01-10)만 표시,[F1] drawing_count 0 (도면의 설명 1원소 보유) [F2] 도면 설명 1원소에 도 36개 뭉침
KR 10-2623674 B1,B1,등록특허공보,등록공고,코팅 갭 자동 조절 기능을 갖는 슬롯 다이 코터,9,,,9,D1 D3 D7 D2 D5 D6 D12 D8 D4,[D5] 상세설명에 하위섹션+전문 중복 렌더(섹션 15996자 = 전문 11487 + 하위섹션 4620) / [D6] 도면 미반입인데 패널 노출(서지 도면 수 0건 / 패널 캡션 1개 · 이미지 없음) / [D12] 서지 청구항 수 6개 ↔ 청구범위 목록 7개(삭제 1) 불일치 / [D8] 독립항 목록 2개 중 1개가 본문 '삭제' / [D4] 공개번호(10-2023-0149483)와 표시 일자(2024-01-10) 계열 불일치 · 문헌일 2023-10-27,[F1] drawing_count 0 (도면의 설명 1원소 보유) [F2] 도면 설명 1원소에 도 8개 뭉침
KR 10-2623703 B1,B1,등록특허공보,등록공고,바이오 프린터 및 제어방법,9,,,9,D1 D3 D7 D2 D5 D6 D12 D8 D4b,[D5] 상세설명에 하위섹션+전문 중복 렌더(섹션 33537자 = 전문 26493 + 하위섹션 7640) / [D6] 도면 미반입인데 패널 노출(서지 도면 수 0건 / 패널 캡션 1개 · 이미지 없음) / [D12] 서지 청구항 수 8개 ↔ 청구범위 목록 13개(삭제 5) 불일치 / [D8] 독립항 목록 7개 중 5개가 본문 '삭제' / [D4b] 공개/공고번호 — 인데 공개/공고일(2024-01-12)만 표시,[F1] drawing_count 0 (도면의 설명 1원소 보유) [F2] 도면 설명 1원소에 도 22개 뭉침
KR 10-2623722 B1,B1,등록특허공보,등록공고,딥러닝 기반의 망막 질환 진단 장치 및 방법,9,,,9,D1 D3 D7 D2 D5 D6 D12 D8 D4,[D5] 상세설명에 하위섹션+전문 중복 렌더(섹션 10230자 = 전문 8707 + 하위섹션 1648) / [D6] 도면 미반입인데 패널 노출(서지 도면 수 0건 / 패널 캡션 1개 · 이미지 없음) / [D12] 서지 청구항 수 4개 ↔ 청구범위 목록 9개(삭제 5) 불일치 / [D8] 독립항 목록 6개 중 5개가 본문 '삭제' / [D4] 공개번호(10-2023-0041867)와 표시 일자(2024-01-11) 계열 불일치 · 문헌일 2023-03-27,[F1] drawing_count 0 (도면의 설명 1원소 보유) [F2] 도면 설명 1원소에 도 5개 뭉침
KR 10-2623749 B1,B1,등록특허공보,등록공고,갭충전 구조물 및 그 제조 방법,9,,,9,D1 D3 D7 D2 D5 D6 D12 D8 D4,[D5] 상세설명에 하위섹션+전문 중복 렌더(섹션 38632자 = 전문 34956 + 하위섹션 3974) / [D6] 도면 미반입인데 패널 노출(서지 도면 수 0건 / 패널 캡션 1개 · 이미지 없음) / [D12] 서지 청구항 수 7개 ↔ 청구범위 목록 10개(삭제 3) 불일치 / [D8] 독립항 목록 5개 중 3개가 본문 '삭제' / [D4] 공개번호(10-2022-0020761)와 표시 일자(2024-01-10) 계열 불일치 · 문헌일 2022-02-21,[F1] drawing_count 0 (도면의 설명 1원소 보유) [F2] 도면 설명 1원소에 도 51개 뭉침
KR 10-2623775 B1,B1,등록특허공보,등록공고,차량의 암레스트 잠금장치,9,,,9,D1 D3 D7 D2 D5 D6 D12 D8 D4,[D5] 상세설명에 하위섹션+전문 중복 렌더(섹션 14432자 = 전문 11649 + 하위섹션 2924) / [D6] 도면 미반입인데 패널 노출(서지 도면 수 0건 / 패널 캡션 1개 · 이미지 없음) / [D12] 서지 청구항 수 2개 ↔ 청구범위 목록 9개(삭제 7) 불일치 / [D8] 독립항 목록 8개 중 7개가 본문 '삭제' / [D4] 공개번호(10-2023-0060705)와 표시 일자(2024-01-11) 계열 불일치 · 문헌일 2023-05-08,[F1] drawing_count 0 (도면의 설명 1원소 보유) [F2] 도면 설명 1원소에 도 9개 뭉침
KR 10-2623840 B1,B1,등록특허공보,등록공고,필터의 교체시기 판단 방법 및 필터의 교체시기를 판단하는 공기 조화기,9,,,9,D1 D3 D7 D2 D5 D6 D12 D8 D4,[D5] 상세설명에 하위섹션+전문 중복 렌더(섹션 33130자 = 전문 26972 + 하위섹션 6692) / [D6] 도면 미반입인데 패널 노출(서지 도면 수 0건 / 패널 캡션 1개 · 이미지 없음) / [D12] 서지 청구항 수 12개 ↔ 청구범위 목록 16개(삭제 4) 불일치 / [D8] 독립항 목록 6개 중 4개가 본문 '삭제' / [D4] 공개번호(10-2019-0110966)와 표시 일자(2024-01-12) 계열 불일치 · 문헌일 2019-10-01,[F1] drawing_count 0 (도면의 설명 1원소 보유) [F2] 도면 설명 1원소에 도 7개 뭉침
KR 10-2623861 B1,B1,등록특허공보,등록공고,족부 스캐닝 데이터와 사상체질 데이터 매칭 방법 및 이에 구동되는 지압장치,9,,,9,D1 D3 D7 D2 D5 D6 D12 D8 D4,[D5] 상세설명에 하위섹션+전문 중복 렌더(섹션 10851자 = 전문 8119 + 하위섹션 3047) / [D6] 도면 미반입인데 패널 노출(서지 도면 수 0건 / 패널 캡션 1개 · 이미지 없음) / [D12] 서지 청구항 수 3개 ↔ 청구범위 목록 8개(삭제 5) 불일치 / [D8] 독립항 목록 6개 중 5개가 본문 '삭제' / [D4] 공개번호(10-2018-0012969)와 표시 일자(2024-01-12) 계열 불일치 · 문헌일 2018-02-07,[F1] drawing_count 0 (도면의 설명 1원소 보유) [F2] 도면 설명 1원소에 도 5개 뭉침
KR 10-2623868 B1,B1,등록특허공보,등록공고,솔레노이드 전원단 감시 제어 방법 및 시스템,9,,,9,D1 D3 D7 D2 D5 D6 D12 D8 D4,[D5] 상세설명에 하위섹션+전문 중복 렌더(섹션 18271자 = 전문 13563 + 하위섹션 4925) / [D6] 도면 미반입인데 패널 노출(서지 도면 수 0건 / 패널 캡션 1개 · 이미지 없음) / [D12] 서지 청구항 수 11개 ↔ 청구범위 목록 14개(삭제 3) 불일치 / [D8] 독립항 목록 5개 중 3개가 본문 '삭제' / [D4] 공개번호(10-2023-0099304)와 표시 일자(2024-01-12) 계열 불일치 · 문헌일 2023-07-04,[F1] drawing_count 0 (도면의 설명 1원소 보유) [F2] 도면 설명 1원소에 도 13개 뭉침
KR 10-2623974 B1,B1,등록특허공보,등록공고,엘리베이터 시스템 벨트,9,,,9,D1 D3 D7 D2 D5 D6 D12 D8 D4,[D5] 상세설명에 하위섹션+전문 중복 렌더(섹션 10133자 = 전문 7410 + 하위섹션 2788) / [D6] 도면 미반입인데 패널 노출(서지 도면 수 0건 / 패널 캡션 1개 · 이미지 없음) / [D12] 서지 청구항 수 9개 ↔ 청구범위 목록 17개(삭제 8) 불일치 / [D8] 독립항 목록 10개 중 8개가 본문 '삭제' / [D4] 공개번호(10-2019-0053804)와 표시 일자(2024-01-11) 계열 불일치 · 문헌일 2019-05-20,[F1] drawing_count 0 (도면의 설명 1원소 보유) [F2] 도면 설명 1원소에 도 7개 뭉침
KR 10-2623979 B1,B1,등록특허공보,등록공고,마스킹 기반 딥러닝 이미지 분류 시스템 및 그 방법,9,,,9,D1 D3 D7 D2 D5 D6 D12 D8 D4,[D5] 상세설명에 하위섹션+전문 중복 렌더(섹션 21788자 = 전문 15674 + 하위섹션 6369) / [D6] 도면 미반입인데 패널 노출(서지 도면 수 0건 / 패널 캡션 1개 · 이미지 없음) / [D12] 서지 청구항 수 10개 ↔ 청구범위 목록 20개(삭제 10) 불일치 / [D8] 독립항 목록 11개 중 10개가 본문 '삭제' / [D4] 공개번호(10-2023-0058743)와 표시 일자(2024-01-11) 계열 불일치 · 문헌일 2023-05-03,[F1] drawing_count 0 (도면의 설명 1원소 보유) [F2] 도면 설명 1원소에 도 9개 뭉침
KR 10-2623988 B1,B1,등록특허공보,등록공고,전자 디바이스들과 통신하는 액세서리 디바이스들,9,,,9,D1 D3 D7 D2 D5 D6 D12 D8 D4,[D5] 상세설명에 하위섹션+전문 중복 렌더(섹션 43415자 = 전문 41452 + 하위섹션 2489) / [D6] 도면 미반입인데 패널 노출(서지 도면 수 0건 / 패널 캡션 1개 · 이미지 없음) / [D12] 서지 청구항 수 17개 ↔ 청구범위 목록 20개(삭제 3) 불일치 / [D8] 독립항 목록 6개 중 3개가 본문 '삭제' / [D4] 공개번호(10-2022-0047530)와 표시 일자(2024-01-11) 계열 불일치 · 문헌일 2022-04-18,[F1] drawing_count 0 (도면의 설명 1원소 보유) [F2] 도면 설명 1원소에 도 21개 뭉침
KR 10-2624021 B1,B1,등록특허공보,등록공고,부분 프리플렉션 합성 거더와 기둥의 연결구조 시공방법 및 이에 의해 시공된 거더와 기둥의 연결구조,9,,,9,D1 D3 D7 D2 D5 D6 D12 D8 D4b,[D5] 상세설명에 하위섹션+전문 중복 렌더(섹션 12253자 = 전문 9311 + 하위섹션 3038) / [D6] 도면 미반입인데 패널 노출(서지 도면 수 0건 / 패널 캡션 1개 · 이미지 없음) / [D12] 서지 청구항 수 2개 ↔ 청구범위 목록 10개(삭제 8) 불일치 / [D8] 독립항 목록 9개 중 8개가 본문 '삭제' / [D4b] 공개/공고번호 — 인데 공개/공고일(2024-01-11)만 표시,[F1] drawing_count 0 (도면의 설명 1원소 보유) [F2] 도면 설명 1원소에 도 13개 뭉침
KR 10-2624028 B1,B1,등록특허공보,등록공고,"서로 다른 통신 프로토콜을 갖는 복수의 장치들의 원격제어를 위한 통신 방법, 장치, 및 시스템",9,,,9,D1 D3 D7 D2 D5 D6 D12 D8 D4b,[D5] 상세설명에 하위섹션+전문 중복 렌더(섹션 18491자 = 전문 15510 + 하위섹션 3210) / [D6] 도면 미반입인데 패널 노출(서지 도면 수 0건 / 패널 캡션 1개 · 이미지 없음) / [D12] 서지 청구항 수 9개 ↔ 청구범위 목록 11개(삭제 2) 불일치 / [D8] 독립항 목록 5개 중 2개가 본문 '삭제' / [D4b] 공개/공고번호 — 인데 공개/공고일(2024-01-12)만 표시,[F1] drawing_count 0 (도면의 설명 1원소 보유) [F2] 도면 설명 1원소에 도 8개 뭉침
KR 10-2624035 B1,B1,등록특허공보,등록공고,비트 및 양배추 추출물의 발효물을 포함하는 항암 조성물,9,,,9,D1 D3 D7 D2 D5 D6 D12 D8 D4b,[D5] 상세설명에 하위섹션+전문 중복 렌더(섹션 13859자 = 전문 11720 + 하위섹션 2345) / [D6] 도면 미반입인데 패널 노출(서지 도면 수 0건 / 패널 캡션 1개 · 이미지 없음) / [D12] 서지 청구항 수 4개 ↔ 청구범위 목록 8개(삭제 4) 불일치 / [D8] 독립항 목록 5개 중 4개가 본문 '삭제' / [D4b] 공개/공고번호 — 인데 공개/공고일(2024-01-11)만 표시,[F1] drawing_count 0 (도면의 설명 1원소 보유) [F2] 도면 설명 1원소에 도 7개 뭉침
KR 10-2624085 B1,B1,등록특허공보,등록공고,간이화장실 관리방법,9,,,9,D1 D3 D7 D2 D5 D6 D12 D8 D4,[D5] 상세설명에 하위섹션+전문 중복 렌더(섹션 13721자 = 전문 11116 + 하위섹션 2869) / [D6] 도면 미반입인데 패널 노출(서지 도면 수 0건 / 패널 캡션 1개 · 이미지 없음) / [D12] 서지 청구항 수 3개 ↔ 청구범위 목록 8개(삭제 5) 불일치 / [D8] 독립항 목록 6개 중 5개가 본문 '삭제' / [D4] 공개번호(10-2022-0147211)와 표시 일자(2024-01-12) 계열 불일치 · 문헌일 2022-11-03,[F1] drawing_count 0 (도면의 설명 1원소 보유) [F2] 도면 설명 1원소에 도 7개 뭉침
KR 10-2624091 B1,B1,등록특허공보,등록공고,펌프식 분사용 화장료 조성물,9,,,9,D1 D3 D7 D2 D5 D6 D12 D8 D4,[D5] 상세설명에 하위섹션+전문 중복 렌더(섹션 9080자 = 전문 7649 + 하위섹션 1804) / [D6] 도면 미반입인데 패널 노출(서지 도면 수 0건 / 패널 캡션 1개 · 이미지 없음) / [D12] 서지 청구항 수 4개 ↔ 청구범위 목록 13개(삭제 9) 불일치 / [D8] 독립항 목록 11개 중 9개가 본문 '삭제' / [D4] 공개번호(10-2017-0100305)와 표시 일자(2024-01-12) 계열 불일치 · 문헌일 2017-09-04,[F1] drawing_count 0 (도면의 설명 1원소 보유) [F2] 도면 설명 1원소에 도 3개 뭉침
KR 10-2624161 B1,B1,등록특허공보,등록공고,DC 마이크로그리드(microgrid) 내 드룹 제어 방법 및 이를 수행하는 장치,9,,,9,D1 D3 D7 D2 D5 D6 D12 D8 D4,[D5] 상세설명에 하위섹션+전문 중복 렌더(섹션 13245자 = 전문 11316 + 하위섹션 2137) / [D6] 도면 미반입인데 패널 노출(서지 도면 수 0건 / 패널 캡션 1개 · 이미지 없음) / [D12] 서지 청구항 수 3개 ↔ 청구범위 목록 5개(삭제 2) 불일치 / [D8] 독립항 목록 4개 중 2개가 본문 '삭제' / [D4] 공개번호(10-2023-0102310)와 표시 일자(2024-01-11) 계열 불일치 · 문헌일 2023-07-07,[F1] drawing_count 0 (도면의 설명 1원소 보유) [F2] 도면 설명 1원소에 도 9개 뭉침
KR 10-2624165 B1,B1,등록특허공보,등록공고,표시장치 및 그 제조방법,9,,,9,D1 D3 D7 D2 D5 D6 D12 D8 D4,[D5] 상세설명에 하위섹션+전문 중복 렌더(섹션 30438자 = 전문 26258 + 하위섹션 4579) / [D6] 도면 미반입인데 패널 노출(서지 도면 수 0건 / 패널 캡션 1개 · 이미지 없음) / [D12] 서지 청구항 수 17개 ↔ 청구범위 목록 20개(삭제 3) 불일치 / [D8] 독립항 목록 6개 중 3개가 본문 '삭제' / [D4] 공개번호(10-2020-0042063)와 표시 일자(2024-01-12) 계열 불일치 · 문헌일 2020-04-23,[F1] drawing_count 0 (도면의 설명 1원소 보유) [F2] 도면 설명 1원소에 도 25개 뭉침
KR 10-2624170 B1,B1,등록특허공보,등록공고,3차원 반도체 메모리 장치,9,,,9,D1 D3 D7 D2 D5 D6 D12 D8 D4,[D5] 상세설명에 하위섹션+전문 중복 렌더(섹션 36167자 = 전문 33989 + 하위섹션 2485) / [D6] 도면 미반입인데 패널 노출(서지 도면 수 0건 / 패널 캡션 1개 · 이미지 없음) / [D12] 서지 청구항 수 19개 ↔ 청구범위 목록 20개(삭제 1) 불일치 / [D8] 독립항 목록 3개 중 1개가 본문 '삭제' / [D4] 공개번호(10-2019-0125811)와 표시 일자(2024-01-12) 계열 불일치 · 문헌일 2019-11-07,[F1] drawing_count 0 (도면의 설명 1원소 보유) [F2] 도면 설명 1원소에 도 25개 뭉침
KR 10-2624175 B1,B1,등록특허공보,등록공고,확장형 프로젝트 창,9,,,9,D1 D3 D7 D2 D5 D6 D12 D8 D4b,[D5] 상세설명에 하위섹션+전문 중복 렌더(섹션 10254자 = 전문 8253 + 하위섹션 2270) / [D6] 도면 미반입인데 패널 노출(서지 도면 수 0건 / 패널 캡션 1개 · 이미지 없음) / [D12] 서지 청구항 수 3개 ↔ 청구범위 목록 4개(삭제 1) 불일치 / [D8] 독립항 목록 2개 중 1개가 본문 '삭제' / [D4b] 공개/공고번호 — 인데 공개/공고일(2024-01-10)만 표시,[F1] drawing_count 0 (도면의 설명 1원소 보유) [F2] 도면 설명 1원소에 도 6개 뭉침
KR 10-2624179 B1,B1,등록특허공보,등록공고,흄 포집기,9,,,9,D1 D3 D7 D2 D5 D6 D12 D8 D4,[D5] 상세설명에 하위섹션+전문 중복 렌더(섹션 13847자 = 전문 11242 + 하위섹션 2716) / [D6] 도면 미반입인데 패널 노출(서지 도면 수 0건 / 패널 캡션 1개 · 이미지 없음) / [D12] 서지 청구항 수 6개 ↔ 청구범위 목록 10개(삭제 4) 불일치 / [D8] 독립항 목록 5개 중 4개가 본문 '삭제' / [D4] 공개번호(10-2022-0127976)와 표시 일자(2024-01-12) 계열 불일치 · 문헌일 2022-09-20,[F1] drawing_count 0 (도면의 설명 1원소 보유) [F2] 도면 설명 1원소에 도 4개 뭉침
KR 10-2624268 B1,B1,등록특허공보,등록공고,하반신 근육운동 기능을 갖는 전동 휠체어용 장치,9,,,9,D1 D3 D7 D2 D5 D6 D12 D8 D4,[D5] 상세설명에 하위섹션+전문 중복 렌더(섹션 24042자 = 전문 17760 + 하위섹션 6527) / [D6] 도면 미반입인데 패널 노출(서지 도면 수 0건 / 패널 캡션 1개 · 이미지 없음) / [D12] 서지 청구항 수 8개 ↔ 청구범위 목록 10개(삭제 2) 불일치 / [D8] 독립항 목록 3개 중 2개가 본문 '삭제' / [D4] 공개번호(10-2022-0105191)와 표시 일자(2024-01-12) 계열 불일치 · 문헌일 2022-07-27,[F1] drawing_count 0 (도면의 설명 1원소 보유) [F2] 도면 설명 1원소에 도 10개 뭉침
KR 10-2624293 B1,B1,등록특허공보,등록공고,어지럼증 진단 치료 서비스 시스템 및 방법,9,,,9,D1 D3 D7 D2 D5 D6 D12 D8 D4b,[D5] 상세설명에 하위섹션+전문 중복 렌더(섹션 54611자 = 전문 41767 + 하위섹션 13226) / [D6] 도면 미반입인데 패널 노출(서지 도면 수 0건 / 패널 캡션 1개 · 이미지 없음) / [D12] 서지 청구항 수 3개 ↔ 청구범위 목록 5개(삭제 2) 불일치 / [D8] 독립항 목록 3개 중 2개가 본문 '삭제' / [D4b] 공개/공고번호 — 인데 공개/공고일(2024-01-12)만 표시,[F1] drawing_count 0 (도면의 설명 1원소 보유) [F2] 도면 설명 1원소에 도 10개 뭉침
KR 10-2624324 B1,B1,등록특허공보,등록공고,무선 전력 송신 장치,9,,,9,D1 D3 D7 D2 D5 D6 D12 D8 D4,[D5] 상세설명에 하위섹션+전문 중복 렌더(섹션 10930자 = 전문 9239 + 하위섹션 1868) / [D6] 도면 미반입인데 패널 노출(서지 도면 수 0건 / 패널 캡션 1개 · 이미지 없음) / [D12] 서지 청구항 수 11개 ↔ 청구범위 목록 15개(삭제 4) 불일치 / [D8] 독립항 목록 6개 중 4개가 본문 '삭제' / [D4] 공개번호(10-2018-0077599)와 표시 일자(2024-01-12) 계열 불일치 · 문헌일 2018-07-09,[F1] drawing_count 0 (도면의 설명 1원소 보유) [F2] 도면 설명 1원소에 도 14개 뭉침
KR 10-2624375 B1,B1,등록특허공보,등록공고,이중 페로브스카이트 자기열량합금 및 이의 제조방법,9,,,9,D1 D3 D7 D2 D5 D6 D12 D8 D4,[D5] 상세설명에 하위섹션+전문 중복 렌더(섹션 13203자 = 전문 9829 + 하위섹션 3710) / [D6] 도면 미반입인데 패널 노출(서지 도면 수 0건 / 패널 캡션 1개 · 이미지 없음) / [D12] 서지 청구항 수 6개 ↔ 청구범위 목록 12개(삭제 6) 불일치 / [D8] 독립항 목록 8개 중 6개가 본문 '삭제' / [D4] 공개번호(10-2023-0090623)와 표시 일자(2024-01-12) 계열 불일치 · 문헌일 2023-06-22,[F1] drawing_count 0 (도면의 설명 1원소 보유) [F2] 도면 설명 1원소에 도 18개 뭉침
KR 10-2624413 B1,B1,등록특허공보,등록공고,어류 건조장치,9,,,9,D1 D3 D7 D2 D5 D6 D12 D8 D4b,[D5] 상세설명에 하위섹션+전문 중복 렌더(섹션 17938자 = 전문 13676 + 하위섹션 4488) / [D6] 도면 미반입인데 패널 노출(서지 도면 수 0건 / 패널 캡션 1개 · 이미지 없음) / [D12] 서지 청구항 수 7개 ↔ 청구범위 목록 9개(삭제 2) 불일치 / [D8] 독립항 목록 3개 중 2개가 본문 '삭제' / [D4b] 공개/공고번호 — 인데 공개/공고일(2024-01-12)만 표시,[F1] drawing_count 0 (도면의 설명 1원소 보유) [F2] 도면 설명 1원소에 도 9개 뭉침
KR 10-2624414 B1,B1,등록특허공보,등록공고,지게차용 팔레트,9,,,9,D1 D3 D7 D2 D5 D6 D12 D8 D4b,[D5] 상세설명에 하위섹션+전문 중복 렌더(섹션 16629자 = 전문 12344 + 하위섹션 4516) / [D6] 도면 미반입인데 패널 노출(서지 도면 수 0건 / 패널 캡션 1개 · 이미지 없음) / [D12] 서지 청구항 수 5개 ↔ 청구범위 목록 8개(삭제 3) 불일치 / [D8] 독립항 목록 4개 중 3개가 본문 '삭제' / [D4b] 공개/공고번호 — 인데 공개/공고일(2024-01-12)만 표시,[F1] drawing_count 0 (도면의 설명 1원소 보유) [F2] 도면 설명 1원소에 도 9개 뭉침
KR 10-2624474 B1,B1,등록특허공보,등록공고,창호의 여밈대 기밀유지 장치,9,,,9,D1 D3 D7 D2 D5 D6 D12 D8 D4,[D5] 상세설명에 하위섹션+전문 중복 렌더(섹션 14610자 = 전문 10948 + 하위섹션 3863) / [D6] 도면 미반입인데 패널 노출(서지 도면 수 0건 / 패널 캡션 1개 · 이미지 없음) / [D12] 서지 청구항 수 9개 ↔ 청구범위 목록 12개(삭제 3) 불일치 / [D8] 독립항 목록 4개 중 3개가 본문 '삭제' / [D4] 공개번호(10-2020-0134365)와 표시 일자(2024-01-16) 계열 불일치 · 문헌일 2020-12-02,[F1] drawing_count 0 (도면의 설명 1원소 보유) [F2] 도면 설명 1원소에 도 11개 뭉침
KR 10-2624476 B1,B1,등록특허공보,등록공고,초분광 분석을 이용한 석유화합물 오염토양 탐지 방법,9,,,9,D1 D3 D7 D2 D5 D6 D12 D8 D4,[D5] 상세설명에 하위섹션+전문 중복 렌더(섹션 12347자 = 전문 10375 + 하위섹션 2165) / [D6] 도면 미반입인데 패널 노출(서지 도면 수 0건 / 패널 캡션 1개 · 이미지 없음) / [D12] 서지 청구항 수 3개 ↔ 청구범위 목록 4개(삭제 1) 불일치 / [D8] 독립항 목록 2개 중 1개가 본문 '삭제' / [D4] 공개번호(10-2023-0097342)와 표시 일자(2024-01-12) 계열 불일치 · 문헌일 2023-07-03,[F1] drawing_count 0 (도면의 설명 1원소 보유) [F2] 도면 설명 1원소에 도 7개 뭉침
KR 10-2624485 B1,B1,등록특허공보,등록공고,"환자 맞춤형 가이던스를 설계하는 방법, 이를 위한 프로그램 및 서버",9,,,9,D1 D3 D7 D2 D5 D6 D12 D8 D4b,[D5] 상세설명에 하위섹션+전문 중복 렌더(섹션 20506자 = 전문 15986 + 하위섹션 4840) / [D6] 도면 미반입인데 패널 노출(서지 도면 수 0건 / 패널 캡션 1개 · 이미지 없음) / [D12] 서지 청구항 수 13개 ↔ 청구범위 목록 15개(삭제 2) 불일치 / [D8] 독립항 목록 4개 중 2개가 본문 '삭제' / [D4b] 공개/공고번호 — 인데 공개/공고일(2024-01-15)만 표시,[F1] drawing_count 0 (도면의 설명 1원소 보유) [F2] 도면 설명 1원소에 도 9개 뭉침
KR 10-2624553 B1,B1,등록특허공보,등록공고,향기나는 도어락시스템,9,,,9,D1 D3 D7 D2 D5 D6 D12 D8 D4b,[D5] 상세설명에 하위섹션+전문 중복 렌더(섹션 8195자 = 전문 5621 + 하위섹션 2643) / [D6] 도면 미반입인데 패널 노출(서지 도면 수 0건 / 패널 캡션 1개 · 이미지 없음) / [D12] 서지 청구항 수 4개 ↔ 청구범위 목록 5개(삭제 1) 불일치 / [D8] 독립항 목록 2개 중 1개가 본문 '삭제' / [D4b] 공개/공고번호 — 인데 공개/공고일(2024-01-12)만 표시,[F1] drawing_count 0 (도면의 설명 1원소 보유) [F2] 도면 설명 1원소에 도 4개 뭉침
KR 10-2624707 B1,B1,등록특허공보,등록공고,만화콘텐츠 재생성방법 및 이를 위한 만화콘텐츠 재생성시스템,9,,,9,D1 D3 D7 D2 D5 D6 D12 D8 D4,[D5] 상세설명에 하위섹션+전문 중복 렌더(섹션 18976자 = 전문 17023 + 하위섹션 2228) / [D6] 도면 미반입인데 패널 노출(서지 도면 수 0건 / 패널 캡션 1개 · 이미지 없음) / [D12] 서지 청구항 수 10개 ↔ 청구범위 목록 12개(삭제 2) 불일치 / [D8] 독립항 목록 3개 중 2개가 본문 '삭제' / [D4] 공개번호(10-2022-0057416)와 표시 일자(2024-01-15) 계열 불일치 · 문헌일 2022-05-09,[F1] drawing_count 0 (도면의 설명 1원소 보유) [F2] 도면 설명 1원소에 도 10개 뭉침
KR 10-2624713 B1,B1,등록특허공보,등록공고,냉각 단계를 포함하는 다기능 수납 시스템에서의 공기 순환 방법,9,,,9,D1 D3 D7 D2 D5 D6 D12 D8 D4,[D5] 상세설명에 하위섹션+전문 중복 렌더(섹션 9028자 = 전문 6267 + 하위섹션 2958) / [D6] 도면 미반입인데 패널 노출(서지 도면 수 0건 / 패널 캡션 1개 · 이미지 없음) / [D12] 서지 청구항 수 3개 ↔ 청구범위 목록 9개(삭제 6) 불일치 / [D8] 독립항 목록 7개 중 6개가 본문 '삭제' / [D4] 공개번호(10-2018-0124351)와 표시 일자(2024-01-12) 계열 불일치 · 문헌일 2018-11-21,[F1] drawing_count 0 (도면의 설명 1원소 보유)
KR 10-2624989 B1,B1,등록특허공보,등록공고,세척수단이 구비된 취출구,9,,,9,D1 D3 D7 D2 D5 D6 D12 D8 D4,[D5] 상세설명에 하위섹션+전문 중복 렌더(섹션 16006자 = 전문 11889 + 하위섹션 4297) / [D6] 도면 미반입인데 패널 노출(서지 도면 수 0건 / 패널 캡션 1개 · 이미지 없음) / [D12] 서지 청구항 수 2개 ↔ 청구범위 목록 12개(삭제 10) 불일치 / [D8] 독립항 목록 11개 중 10개가 본문 '삭제' / [D4] 공개번호(10-2023-0001973)와 표시 일자(2024-01-15) 계열 불일치 · 문헌일 2023-01-05,[F1] drawing_count 0 (도면의 설명 1원소 보유) [F2] 도면 설명 1원소에 도 6개 뭉침
KR 10-2625096 B1,B1,등록특허공보,등록공고,인공지능 합성 데이터를 이용한 가상 공간 시각화 시스템,9,,,9,D1 D3 D7 D2 D5 D6 D12 D8 D4b,[D5] 상세설명에 하위섹션+전문 중복 렌더(섹션 25014자 = 전문 18465 + 하위섹션 6762) / [D6] 도면 미반입인데 패널 노출(서지 도면 수 0건 / 패널 캡션 1개 · 이미지 없음) / [D12] 서지 청구항 수 6개 ↔ 청구범위 목록 8개(삭제 2) 불일치 / [D8] 독립항 목록 3개 중 2개가 본문 '삭제' / [D4b] 공개/공고번호 — 인데 공개/공고일(2024-01-12)만 표시,[F1] drawing_count 0 (도면의 설명 1원소 보유) [F2] 도면 설명 1원소에 도 18개 뭉침
KR 10-2625205 B1,B1,등록특허공보,등록공고,액적 토출 장치,9,,,9,D1 D3 D7 D2 D5 D6 D12 D8 D4,[D5] 상세설명에 하위섹션+전문 중복 렌더(섹션 9522자 = 전문 7629 + 하위섹션 1957) / [D6] 도면 미반입인데 패널 노출(서지 도면 수 0건 / 패널 캡션 1개 · 이미지 없음) / [D12] 서지 청구항 수 8개 ↔ 청구범위 목록 9개(삭제 1) 불일치 / [D8] 독립항 목록 3개 중 1개가 본문 '삭제' / [D4] 공개번호(10-2018-0051859)와 표시 일자(2024-01-15) 계열 불일치 · 문헌일 2018-05-17,[F1] drawing_count 0 (도면의 설명 1원소 보유)
KR 10-2625266 B1,B1,등록특허공보,등록공고,냉장고,9,,,9,D1 D3 D7 D2 D5 D6 D12 D8 D4,[D5] 상세설명에 하위섹션+전문 중복 렌더(섹션 78269자 = 전문 70868 + 하위섹션 8441) / [D6] 도면 미반입인데 패널 노출(서지 도면 수 0건 / 패널 캡션 1개 · 이미지 없음) / [D12] 서지 청구항 수 13개 ↔ 청구범위 목록 20개(삭제 7) 불일치 / [D8] 독립항 목록 9개 중 7개가 본문 '삭제' / [D4] 공개번호(10-2023-0084458)와 표시 일자(2024-01-12) 계열 불일치 · 문헌일 2023-06-13,[F1] drawing_count 0 (도면의 설명 1원소 보유) [F2] 도면 설명 1원소에 도 36개 뭉침
KR 10-2625409 B1,B1,등록특허공보,정정공고,트레이 및 이를 사용한 기판처리장치,9,,,9,D1 D3 D7 D2 D5 D6 D12 D8 D4,[D5] 상세설명에 하위섹션+전문 중복 렌더(섹션 15372자 = 전문 11685 + 하위섹션 3843) / [D6] 도면 미반입인데 패널 노출(서지 도면 수 0건 / 패널 캡션 1개 · 이미지 없음) / [D12] 서지 청구항 수 4개 ↔ 청구범위 목록 9개(삭제 5) 불일치 / [D8] 독립항 목록 6개 중 5개가 본문 '삭제' / [D4] 공개번호(10-2017-0130750)와 표시 일자(2024-01-16) 계열 불일치 · 문헌일 2017-11-29,[F1] drawing_count 0 (도면의 설명 1원소 보유) [F2] 도면 설명 1원소에 도 14개 뭉침
KR 10-2625442 B1,B1,등록특허공보,등록공고,아날로그 필기를 이용한 인지 진단 수행 장치 및 방법,9,,,9,D1 D3 D7 D2 D5 D6 D12 D8 D4,[D5] 상세설명에 하위섹션+전문 중복 렌더(섹션 21856자 = 전문 19804 + 하위섹션 2377) / [D6] 도면 미반입인데 패널 노출(서지 도면 수 0건 / 패널 캡션 1개 · 이미지 없음) / [D12] 서지 청구항 수 9개 ↔ 청구범위 목록 10개(삭제 1) 불일치 / [D8] 독립항 목록 2개 중 1개가 본문 '삭제' / [D4] 공개번호(10-2023-0127024)와 표시 일자(2024-01-16) 계열 불일치 · 문헌일 2023-08-31,[F1] drawing_count 0 (도면의 설명 1원소 보유) [F2] 도면 설명 1원소에 도 9개 뭉침
KR 10-2625828 B1,B1,등록특허공보,등록공고,수중터널 지반 접속부의 설계 방법,9,,,9,D1 D3 D7 D2 D5 D6 D12 D8 D4,[D5] 상세설명에 하위섹션+전문 중복 렌더(섹션 11239자 = 전문 8911 + 하위섹션 2412) / [D6] 도면 미반입인데 패널 노출(서지 도면 수 0건 / 패널 캡션 1개 · 이미지 없음) / [D12] 서지 청구항 수 6개 ↔ 청구범위 목록 9개(삭제 3) 불일치 / [D8] 독립항 목록 4개 중 3개가 본문 '삭제' / [D4] 공개번호(10-2023-0057028)와 표시 일자(2024-01-15) 계열 불일치 · 문헌일 2023-04-28,[F1] drawing_count 0 (도면의 설명 1원소 보유) [F2] 도면 설명 1원소에 도 8개 뭉침
KR 10-2625953 B1,B1,등록특허공보,등록공고,고주파 전력 케이블용 커넥터 구조체 및 이를 이용하여 접속된 고주파 전력 케이블,9,,,9,D1 D3 D7 D2 D5 D6 D12 D8 D4,[D5] 상세설명에 하위섹션+전문 중복 렌더(섹션 21967자 = 전문 17863 + 하위섹션 4390) / [D6] 도면 미반입인데 패널 노출(서지 도면 수 0건 / 패널 캡션 1개 · 이미지 없음) / [D12] 서지 청구항 수 13개 ↔ 청구범위 목록 20개(삭제 7) 불일치 / [D8] 독립항 목록 8개 중 7개가 본문 '삭제' / [D4] 공개번호(10-2017-0122413)와 표시 일자(2024-01-16) 계열 불일치 · 문헌일 2017-11-06,[F1] drawing_count 0 (도면의 설명 1원소 보유) [F2] 도면 설명 1원소에 도 9개 뭉침
KR 10-2625954 B1,B1,등록특허공보,등록공고,"도체 슬리브, 도체 접속장치 및 전력 케이블의 중간접속함",9,,,9,D1 D3 D7 D2 D5 D6 D12 D8 D4,[D5] 상세설명에 하위섹션+전문 중복 렌더(섹션 21232자 = 전문 15064 + 하위섹션 6322) / [D6] 도면 미반입인데 패널 노출(서지 도면 수 0건 / 패널 캡션 1개 · 이미지 없음) / [D12] 서지 청구항 수 12개 ↔ 청구범위 목록 13개(삭제 1) 불일치 / [D8] 독립항 목록 2개 중 1개가 본문 '삭제' / [D4] 공개번호(10-2020-0068784)와 표시 일자(2024-01-17) 계열 불일치 · 문헌일 2020-06-16,[F1] drawing_count 0 (도면의 설명 1원소 보유) [F2] 도면 설명 1원소에 도 5개 뭉침
KR 10-2625962 B1,B1,등록특허공보,등록공고,자동차 부품 판매 플랫폼 및 이를 운용하는 방법,9,,,9,D1 D3 D7 D2 D5 D6 D12 D8 D4,[D5] 상세설명에 하위섹션+전문 중복 렌더(섹션 28052자 = 전문 23918 + 하위섹션 4279) / [D6] 도면 미반입인데 패널 노출(서지 도면 수 0건 / 패널 캡션 1개 · 이미지 없음) / [D12] 서지 청구항 수 6개 ↔ 청구범위 목록 9개(삭제 3) 불일치 / [D8] 독립항 목록 4개 중 3개가 본문 '삭제' / [D4] 공개번호(10-2023-0144880)와 표시 일자(2024-01-16) 계열 불일치 · 문헌일 2023-10-17,[F1] drawing_count 0 (도면의 설명 1원소 보유) [F2] 도면 설명 1원소에 도 8개 뭉침
KR 10-2626004 B1,B1,등록특허공보,등록공고,전해액 제어를 통해 안전성을 향상시킨 원통형 리튬이차전지,9,,,9,D1 D3 D7 D2 D5 D6 D12 D8 D4,[D5] 상세설명에 하위섹션+전문 중복 렌더(섹션 12755자 = 전문 10196 + 하위섹션 2743) / [D6] 도면 미반입인데 패널 노출(서지 도면 수 0건 / 패널 캡션 1개 · 이미지 없음) / [D12] 서지 청구항 수 3개 ↔ 청구범위 목록 5개(삭제 2) 불일치 / [D8] 독립항 목록 3개 중 2개가 본문 '삭제' / [D4] 공개번호(10-2023-0040518)와 표시 일자(2024-01-17) 계열 불일치 · 문헌일 2023-03-23,[F1] drawing_count 0 (도면의 설명 1원소 보유) [F2] 도면 설명 1원소에 도 8개 뭉침
KR 10-2626049 B1,B1,등록특허공보,등록공고,광케이블을 이용한 원전용 안전 모니터링 시스템,9,,,9,D1 D3 D7 D2 D5 D6 D12 D8 D4b,[D5] 상세설명에 하위섹션+전문 중복 렌더(섹션 14129자 = 전문 11298 + 하위섹션 2978) / [D6] 도면 미반입인데 패널 노출(서지 도면 수 0건 / 패널 캡션 1개 · 이미지 없음) / [D12] 서지 청구항 수 7개 ↔ 청구범위 목록 9개(삭제 2) 불일치 / [D8] 독립항 목록 3개 중 2개가 본문 '삭제' / [D4b] 공개/공고번호 — 인데 공개/공고일(2024-01-17)만 표시,[F1] drawing_count 0 (도면의 설명 1원소 보유) [F2] 도면 설명 1원소에 도 6개 뭉침
KR 10-2626355 B1,B1,등록특허공보,등록공고,가스 절연 개폐 장치의 가스 차단기,9,,,9,D1 D3 D7 D2 D5 D6 D12 D8 D4,[D5] 상세설명에 하위섹션+전문 중복 렌더(섹션 13679자 = 전문 10349 + 하위섹션 3482) / [D6] 도면 미반입인데 패널 노출(서지 도면 수 0건 / 패널 캡션 1개 · 이미지 없음) / [D12] 서지 청구항 수 6개 ↔ 청구범위 목록 7개(삭제 1) 불일치 / [D8] 독립항 목록 2개 중 1개가 본문 '삭제' / [D4] 공개번호(10-2020-0107644)와 표시 일자(2024-01-16) 계열 불일치 · 문헌일 2020-09-16,[F1] drawing_count 0 (도면의 설명 1원소 보유) [F2] 도면 설명 1원소에 도 7개 뭉침
KR 10-2626431 B1,B1,등록특허공보,등록공고,가이드브라켓과 천공경 하단부 지반앵커를 이용한 엄지말뚝 및 이를 이용한 흙막이 가시설 시공방법,9,,,9,D1 D3 D7 D2 D5 D6 D12 D8 D4,[D5] 상세설명에 하위섹션+전문 중복 렌더(섹션 13293자 = 전문 10239 + 하위섹션 3361) / [D6] 도면 미반입인데 패널 노출(서지 도면 수 0건 / 패널 캡션 1개 · 이미지 없음) / [D12] 서지 청구항 수 6개 ↔ 청구범위 목록 7개(삭제 1) 불일치 / [D8] 독립항 목록 3개 중 1개가 본문 '삭제' / [D4] 공개번호(10-2023-0030558)와 표시 일자(2024-01-16) 계열 불일치 · 문헌일 2023-03-06,[F1] drawing_count 0 (도면의 설명 1원소 보유) [F2] 도면 설명 1원소에 도 10개 뭉침
KR 10-2634410 B1,B1,등록특허공보,등록공고,고내열성 아크릴 탄성소재 조성물,9,,,9,D1 D3 D7 D2 D5 D6 D12 D8 D8c,[D5] 상세설명에 하위섹션+전문 중복 렌더(섹션 12229자 = 전문 10859 + 하위섹션 3255) / [D6] 도면 미반입인데 패널 노출(서지 도면 수 0건 / 패널 캡션 1개 · 이미지 없음) / [D12] 서지 청구항 수 1개 ↔ 청구범위 목록 8개(삭제 7) 불일치 / [D8] 독립항 목록 8개 중 7개가 본문 '삭제' / [D8c] 종속항 0 · 삭제항 7 → 독립/전체 토글 결과 동일(8개),[F1] drawing_count 0 (도면의 설명 1원소 보유) [F2] 도면 설명 1원소에 도 6개 뭉침
KR 10-2635413 B1,B1,등록특허공보,등록공고,디스플레이부를 구비한 공기청정기에 멀티미디어 콘텐츠를 제공하는 시스템,9,,,9,D1 D3 D7 D2 D5 D6 D12 D8 D8c,[D5] 상세설명에 하위섹션+전문 중복 렌더(섹션 18418자 = 전문 17582 + 하위섹션 3369) / [D6] 도면 미반입인데 패널 노출(서지 도면 수 0건 / 패널 캡션 1개 · 이미지 없음) / [D12] 서지 청구항 수 1개 ↔ 청구범위 목록 4개(삭제 3) 불일치 / [D8] 독립항 목록 4개 중 3개가 본문 '삭제' / [D8c] 종속항 0 · 삭제항 3 → 독립/전체 토글 결과 동일(4개),[F1] drawing_count 0 (도면의 설명 1원소 보유) [F2] 도면 설명 1원소에 도 8개 뭉침
KR 10-2636207 B1,B1,등록특허공보,등록공고,이중 로만쉐이드 블라인드,9,,,9,D1 D3 D7 D2 D5 D6 D12 D8 D8c,[D5] 상세설명에 하위섹션+전문 중복 렌더(섹션 12107자 = 전문 11013 + 하위섹션 2253) / [D6] 도면 미반입인데 패널 노출(서지 도면 수 0건 / 패널 캡션 1개 · 이미지 없음) / [D12] 서지 청구항 수 5개 ↔ 청구범위 목록 6개(삭제 1) 불일치 / [D8] 독립항 목록 6개 중 1개가 본문 '삭제' / [D8c] 종속항 0 · 삭제항 1 → 독립/전체 토글 결과 동일(6개),[F1] drawing_count 0 (도면의 설명 1원소 보유) [F2] 도면 설명 1원소에 도 6개 뭉침
KR 10-2636522 B1,B1,등록특허공보,등록공고,침수 감지 재난예방 자동 알림 시스템,9,,,9,D1 D3 D7 D2 D5 D6 D12 D8 D8c,[D5] 상세설명에 하위섹션+전문 중복 렌더(섹션 13127자 = 전문 10658 + 하위섹션 4639) / [D6] 도면 미반입인데 패널 노출(서지 도면 수 0건 / 패널 캡션 1개 · 이미지 없음) / [D12] 서지 청구항 수 5개 ↔ 청구범위 목록 7개(삭제 2) 불일치 / [D8] 독립항 목록 7개 중 2개가 본문 '삭제' / [D8c] 종속항 0 · 삭제항 2 → 독립/전체 토글 결과 동일(7개),[F1] drawing_count 0 (도면의 설명 1원소 보유) [F2] 도면 설명 1원소에 도 5개 뭉침
KR 10-2636677 B1,B1,등록특허공보,등록공고,피규어상품 판매 관리 시스템 및 방법,9,,,9,D1 D3 D7 D2 D5 D6 D12 D8 D8c,[D5] 상세설명에 하위섹션+전문 중복 렌더(섹션 12552자 = 전문 12247 + 하위섹션 2217) / [D6] 도면 미반입인데 패널 노출(서지 도면 수 0건 / 패널 캡션 1개 · 이미지 없음) / [D12] 서지 청구항 수 1개 ↔ 청구범위 목록 8개(삭제 7) 불일치 / [D8] 독립항 목록 8개 중 7개가 본문 '삭제' / [D8c] 종속항 0 · 삭제항 7 → 독립/전체 토글 결과 동일(8개),[F1] drawing_count 0 (도면의 설명 1원소 보유) [F2] 도면 설명 1원소에 도 17개 뭉침
KR 10-2636917 B1,B1,등록특허공보,등록공고,강화 열가소성 표면 층과 코어 층을 포함하는 다층 조립체,9,,,9,D1 D3 D7 D2 D5 D6 D12 D8 D8c,[D5] 상세설명에 하위섹션+전문 중복 렌더(섹션 96734자 = 전문 87732 + 하위섹션 11973) / [D6] 도면 미반입인데 패널 노출(서지 도면 수 0건 / 패널 캡션 1개 · 이미지 없음) / [D12] 서지 청구항 수 20개 ↔ 청구범위 목록 98개(삭제 78) 불일치 / [D8] 독립항 목록 98개 중 78개가 본문 '삭제' / [D8c] 종속항 0 · 삭제항 78 → 독립/전체 토글 결과 동일(98개),[F1] drawing_count 0 (도면의 설명 1원소 보유) [F2] 도면 설명 1원소에 도 20개 뭉침
KR 10-2637022 B1,B1,등록특허공보,등록공고,진동부의 상하 운동을 통해 케겔 운동을 보조하는 마사지기,9,,,9,D1 D3 D7 D2 D5 D6 D12 D8 D8c,[D5] 상세설명에 하위섹션+전문 중복 렌더(섹션 22423자 = 전문 21825 + 하위섹션 3123) / [D6] 도면 미반입인데 패널 노출(서지 도면 수 0건 / 패널 캡션 1개 · 이미지 없음) / [D12] 서지 청구항 수 1개 ↔ 청구범위 목록 6개(삭제 5) 불일치 / [D8] 독립항 목록 6개 중 5개가 본문 '삭제' / [D8c] 종속항 0 · 삭제항 5 → 독립/전체 토글 결과 동일(6개),[F1] drawing_count 0 (도면의 설명 1원소 보유) [F2] 도면 설명 1원소에 도 8개 뭉침
KR 10-2637307 B1,B1,등록특허공보,등록공고,배터리 팩의 발열원 분석방법 및 이를 적용한 시스템,9,,,9,D1 D3 D7 D2 D5 D6 D12 D8 D8c,[D5] 상세설명에 하위섹션+전문 중복 렌더(섹션 29387자 = 전문 28148 + 하위섹션 5343) / [D6] 도면 미반입인데 패널 노출(서지 도면 수 0건 / 패널 캡션 1개 · 이미지 없음) / [D12] 서지 청구항 수 12개 ↔ 청구범위 목록 18개(삭제 6) 불일치 / [D8] 독립항 목록 18개 중 6개가 본문 '삭제' / [D8c] 종속항 0 · 삭제항 6 → 독립/전체 토글 결과 동일(18개),[F1] drawing_count 0 (도면의 설명 1원소 보유) [F2] 도면 설명 1원소에 도 8개 뭉침
KR 10-2637364 B1,B1,등록특허공보,등록공고,자율 이동 로봇 기반의 안면 및 동작 인식을 이용한 공사장 안전 관리시스템,9,,,9,D1 D3 D7 D2 D5 D6 D12 D8 D8c,[D5] 상세설명에 하위섹션+전문 중복 렌더(섹션 21270자 = 전문 20650 + 하위섹션 3487) / [D6] 도면 미반입인데 패널 노출(서지 도면 수 0건 / 패널 캡션 1개 · 이미지 없음) / [D12] 서지 청구항 수 1개 ↔ 청구범위 목록 5개(삭제 4) 불일치 / [D8] 독립항 목록 5개 중 4개가 본문 '삭제' / [D8c] 종속항 0 · 삭제항 4 → 독립/전체 토글 결과 동일(5개),[F1] drawing_count 0 (도면의 설명 1원소 보유) [F2] 도면 설명 1원소에 도 6개 뭉침
KR 10-2637442 B1,B1,등록특허공보,등록공고,튜브형 화장품 용기,9,,,9,D1 D3 D7 D2 D5 D6 D12 D8 D8c,[D5] 상세설명에 하위섹션+전문 중복 렌더(섹션 19317자 = 전문 16040 + 하위섹션 5291) / [D6] 도면 미반입인데 패널 노출(서지 도면 수 0건 / 패널 캡션 1개 · 이미지 없음) / [D12] 서지 청구항 수 1개 ↔ 청구범위 목록 3개(삭제 2) 불일치 / [D8] 독립항 목록 3개 중 2개가 본문 '삭제' / [D8c] 종속항 0 · 삭제항 2 → 독립/전체 토글 결과 동일(3개),[F1] drawing_count 0 (도면의 설명 1원소 보유) [F2] 도면 설명 1원소에 도 12개 뭉침
KR 10-2637507 B1,B1,등록특허공보,등록공고,차량용 에어벤트의 노브부싱 제조방법 및 그 제조방법에 의해 제조된 노브부싱,9,,,9,D1 D3 D7 D2 D5 D6 D12 D8 D8c,[D5] 상세설명에 하위섹션+전문 중복 렌더(섹션 11683자 = 전문 9863 + 하위섹션 3624) / [D6] 도면 미반입인데 패널 노출(서지 도면 수 0건 / 패널 캡션 1개 · 이미지 없음) / [D12] 서지 청구항 수 1개 ↔ 청구범위 목록 4개(삭제 3) 불일치 / [D8] 독립항 목록 4개 중 3개가 본문 '삭제' / [D8c] 종속항 0 · 삭제항 3 → 독립/전체 토글 결과 동일(4개),[F1] drawing_count 0 (도면의 설명 1원소 보유) [F2] 도면 설명 1원소에 도 4개 뭉침
KR 10-2637549 B1,B1,등록특허공보,정정공고,이송용 체어 장치,9,,,9,D1 D3 D7 D2 D5 D6 D12 D8 D8c,[D5] 상세설명에 하위섹션+전문 중복 렌더(섹션 18431자 = 전문 16845 + 하위섹션 3924) / [D6] 도면 미반입인데 패널 노출(서지 도면 수 0건 / 패널 캡션 1개 · 이미지 없음) / [D12] 서지 청구항 수 9개 ↔ 청구범위 목록 11개(삭제 2) 불일치 / [D8] 독립항 목록 11개 중 2개가 본문 '삭제' / [D8c] 종속항 0 · 삭제항 2 → 독립/전체 토글 결과 동일(11개),[F1] drawing_count 0 (도면의 설명 1원소 보유) [F2] 도면 설명 1원소에 도 20개 뭉침
KR 10-2637712 B1,B1,등록특허공보,등록공고,프리캐스트 방폭 패널,9,,,9,D1 D3 D7 D2 D5 D6 D12 D8 D8c,[D5] 상세설명에 하위섹션+전문 중복 렌더(섹션 17212자 = 전문 14690 + 하위섹션 5221) / [D6] 도면 미반입인데 패널 노출(서지 도면 수 0건 / 패널 캡션 1개 · 이미지 없음) / [D12] 서지 청구항 수 8개 ↔ 청구범위 목록 9개(삭제 1) 불일치 / [D8] 독립항 목록 9개 중 1개가 본문 '삭제' / [D8c] 종속항 0 · 삭제항 1 → 독립/전체 토글 결과 동일(9개),[F1] drawing_count 0 (도면의 설명 1원소 보유) [F2] 도면 설명 1원소에 도 7개 뭉침
KR 10-2637926 B1,B1,등록특허공보,등록공고,차량 정비소용 전기차 소화 시스템,9,,,9,D1 D3 D7 D2 D5 D6 D12 D8 D8c,[D5] 상세설명에 하위섹션+전문 중복 렌더(섹션 10819자 = 전문 9025 + 하위섹션 3247) / [D6] 도면 미반입인데 패널 노출(서지 도면 수 0건 / 패널 캡션 1개 · 이미지 없음) / [D12] 서지 청구항 수 1개 ↔ 청구범위 목록 7개(삭제 6) 불일치 / [D8] 독립항 목록 7개 중 6개가 본문 '삭제' / [D8c] 종속항 0 · 삭제항 6 → 독립/전체 토글 결과 동일(7개),[F1] drawing_count 0 (도면의 설명 1원소 보유) [F2] 도면 설명 1원소에 도 7개 뭉침
KR 10-2637948 B1,B1,등록특허공보,등록공고,"정책기반 가변적 영상분석 아키택쳐 생성방법, 장치 및 이에 대한 컴퓨터 프로그램",9,,,9,D1 D3 D7 D2 D5 D6 D12 D8 D8c,[D5] 상세설명에 하위섹션+전문 중복 렌더(섹션 26029자 = 전문 22408 + 하위섹션 6268) / [D6] 도면 미반입인데 패널 노출(서지 도면 수 0건 / 패널 캡션 1개 · 이미지 없음) / [D12] 서지 청구항 수 7개 ↔ 청구범위 목록 8개(삭제 1) 불일치 / [D8] 독립항 목록 8개 중 1개가 본문 '삭제' / [D8c] 종속항 0 · 삭제항 1 → 독립/전체 토글 결과 동일(8개),[F1] drawing_count 0 (도면의 설명 1원소 보유) [F2] 도면 설명 1원소에 도 7개 뭉침
KR 10-2637955 B1,B1,등록특허공보,등록공고,단백질 강화 돈스테이크 및 이의 제조방법,9,,,9,D1 D3 D7 D2 D5 D6 D12 D8 D8c,[D5] 상세설명에 하위섹션+전문 중복 렌더(섹션 16961자 = 전문 15892 + 하위섹션 3807) / [D6] 도면 미반입인데 패널 노출(서지 도면 수 0건 / 패널 캡션 1개 · 이미지 없음) / [D12] 서지 청구항 수 1개 ↔ 청구범위 목록 3개(삭제 2) 불일치 / [D8] 독립항 목록 3개 중 2개가 본문 '삭제' / [D8c] 종속항 0 · 삭제항 2 → 독립/전체 토글 결과 동일(3개),[F1] drawing_count 0 (도면의 설명 1원소 보유)
KR 10-2637963 B1,B1,등록특허공보,등록공고,배전함 구조체,9,,,9,D1 D3 D7 D2 D5 D6 D12 D8 D8c,[D5] 상세설명에 하위섹션+전문 중복 렌더(섹션 25375자 = 전문 24305 + 하위섹션 5423) / [D6] 도면 미반입인데 패널 노출(서지 도면 수 0건 / 패널 캡션 1개 · 이미지 없음) / [D12] 서지 청구항 수 1개 ↔ 청구범위 목록 3개(삭제 2) 불일치 / [D8] 독립항 목록 3개 중 2개가 본문 '삭제' / [D8c] 종속항 0 · 삭제항 2 → 독립/전체 토글 결과 동일(3개),[F1] drawing_count 0 (도면의 설명 1원소 보유) [F2] 도면 설명 1원소에 도 7개 뭉침
KR 10-2638034 B1,B1,등록특허공보,등록공고,온라인 제품 판매용 상세 페이지 자동 생성 플랫폼운영 서버 및 방법,9,,,9,D1 D3 D7 D2 D5 D6 D12 D8 D8c,[D5] 상세설명에 하위섹션+전문 중복 렌더(섹션 36518자 = 전문 35548 + 하위섹션 4849) / [D6] 도면 미반입인데 패널 노출(서지 도면 수 0건 / 패널 캡션 1개 · 이미지 없음) / [D12] 서지 청구항 수 3개 ↔ 청구범위 목록 5개(삭제 2) 불일치 / [D8] 독립항 목록 5개 중 2개가 본문 '삭제' / [D8c] 종속항 0 · 삭제항 2 → 독립/전체 토글 결과 동일(5개),[F1] drawing_count 0 (도면의 설명 1원소 보유) [F2] 도면 설명 1원소에 도 5개 뭉침
KR 10-2638043 B1,B1,등록특허공보,등록공고,가스 확산 시뮬레이션 방법 및 장치,9,,,9,D1 D3 D7 D2 D5 D6 D12 D8 D8c,[D5] 상세설명에 하위섹션+전문 중복 렌더(섹션 18479자 = 전문 19187 + 하위섹션 1691) / [D6] 도면 미반입인데 패널 노출(서지 도면 수 0건 / 패널 캡션 1개 · 이미지 없음) / [D12] 서지 청구항 수 4개 ↔ 청구범위 목록 7개(삭제 3) 불일치 / [D8] 독립항 목록 7개 중 3개가 본문 '삭제' / [D8c] 종속항 0 · 삭제항 3 → 독립/전체 토글 결과 동일(7개),[F1] drawing_count 0 (도면의 설명 1원소 보유) [F2] 도면 설명 1원소에 도 4개 뭉침
KR 10-2638102 B1,B1,등록특허공보,등록공고,해양 경계감시를 위한 선박 인식 방법 및 모바일 단말,9,,,9,D1 D3 D7 D2 D5 D6 D12 D8 D8c,[D5] 상세설명에 하위섹션+전문 중복 렌더(섹션 9869자 = 전문 7988 + 하위섹션 3237) / [D6] 도면 미반입인데 패널 노출(서지 도면 수 0건 / 패널 캡션 1개 · 이미지 없음) / [D12] 서지 청구항 수 2개 ↔ 청구범위 목록 6개(삭제 4) 불일치 / [D8] 독립항 목록 6개 중 4개가 본문 '삭제' / [D8c] 종속항 0 · 삭제항 4 → 독립/전체 토글 결과 동일(6개),[F1] drawing_count 0 (도면의 설명 1원소 보유) [F2] 도면 설명 1원소에 도 6개 뭉침
KR 10-2638198 B1,B1,등록특허공보,등록공고,항공등화 전원 듀얼 시스템,9,,,9,D1 D3 D7 D2 D5 D6 D12 D8 D8c,[D5] 상세설명에 하위섹션+전문 중복 렌더(섹션 20305자 = 전문 17087 + 하위섹션 5544) / [D6] 도면 미반입인데 패널 노출(서지 도면 수 0건 / 패널 캡션 1개 · 이미지 없음) / [D12] 서지 청구항 수 2개 ↔ 청구범위 목록 4개(삭제 2) 불일치 / [D8] 독립항 목록 4개 중 2개가 본문 '삭제' / [D8c] 종속항 0 · 삭제항 2 → 독립/전체 토글 결과 동일(4개),[F1] drawing_count 0 (도면의 설명 1원소 보유) [F2] 도면 설명 1원소에 도 4개 뭉침
KR 10-2638282 B1,B1,등록특허공보,등록공고,액화천연가스 저장탱크의 단열구조,9,,,9,D1 D3 D7 D2 D5 D6 D12 D8 D8c,[D5] 상세설명에 하위섹션+전문 중복 렌더(섹션 16815자 = 전문 14459 + 하위섹션 4418) / [D6] 도면 미반입인데 패널 노출(서지 도면 수 0건 / 패널 캡션 1개 · 이미지 없음) / [D12] 서지 청구항 수 4개 ↔ 청구범위 목록 7개(삭제 3) 불일치 / [D8] 독립항 목록 7개 중 3개가 본문 '삭제' / [D8c] 종속항 0 · 삭제항 3 → 독립/전체 토글 결과 동일(7개),[F1] drawing_count 0 (도면의 설명 1원소 보유) [F2] 도면 설명 1원소에 도 7개 뭉침
KR 10-2638432 B1,B1,등록특허공보,등록공고,"제지공정에서 발생된 부산물의 활성화 방법, 이를 통해 제조된 활성화된 라임 머드, 무시멘트 바인더 제조 방법",9,,,9,D1 D3 D7 D2 D5 D6 D12 D8 D8c,[D5] 상세설명에 하위섹션+전문 중복 렌더(섹션 23338자 = 전문 20815 + 하위섹션 5942) / [D6] 도면 미반입인데 패널 노출(서지 도면 수 0건 / 패널 캡션 1개 · 이미지 없음) / [D12] 서지 청구항 수 18개 ↔ 청구범위 목록 21개(삭제 3) 불일치 / [D8] 독립항 목록 21개 중 3개가 본문 '삭제' / [D8c] 종속항 0 · 삭제항 3 → 독립/전체 토글 결과 동일(21개),[F1] drawing_count 0 (도면의 설명 1원소 보유) [F2] 도면 설명 1원소에 도 10개 뭉침
KR 10-2638441 B1,B1,등록특허공보,등록공고,휴대용 안경 세척기,9,,,9,D1 D3 D7 D2 D5 D6 D12 D8 D8c,[D5] 상세설명에 하위섹션+전문 중복 렌더(섹션 9915자 = 전문 9156 + 하위섹션 2247) / [D6] 도면 미반입인데 패널 노출(서지 도면 수 0건 / 패널 캡션 1개 · 이미지 없음) / [D12] 서지 청구항 수 4개 ↔ 청구범위 목록 6개(삭제 2) 불일치 / [D8] 독립항 목록 6개 중 2개가 본문 '삭제' / [D8c] 종속항 0 · 삭제항 2 → 독립/전체 토글 결과 동일(6개),[F1] drawing_count 0 (도면의 설명 1원소 보유) [F2] 도면 설명 1원소에 도 3개 뭉침
KR 10-2639123 B1,B1,등록특허공보,등록공고,목 운동 안마용 교정기,9,,,9,D1 D3 D7 D2 D5 D6 D12 D8 D8c,[D5] 상세설명에 하위섹션+전문 중복 렌더(섹션 38490자 = 전문 33618 + 하위섹션 8636) / [D6] 도면 미반입인데 패널 노출(서지 도면 수 0건 / 패널 캡션 1개 · 이미지 없음) / [D12] 서지 청구항 수 5개 ↔ 청구범위 목록 7개(삭제 2) 불일치 / [D8] 독립항 목록 7개 중 2개가 본문 '삭제' / [D8c] 종속항 0 · 삭제항 2 → 독립/전체 토글 결과 동일(7개),[F1] drawing_count 0 (도면의 설명 1원소 보유) [F2] 도면 설명 1원소에 도 14개 뭉침
KR 10-2639490 B1,B1,등록특허공보,등록공고,친환경 과수 살균제 조성물의 제조방법,9,,,9,D1 D3 D7 D2 D5 D6 D12 D8 D8c,[D5] 상세설명에 하위섹션+전문 중복 렌더(섹션 9908자 = 전문 8673 + 하위섹션 2856) / [D6] 도면 미반입인데 패널 노출(서지 도면 수 0건 / 패널 캡션 1개 · 이미지 없음) / [D12] 서지 청구항 수 6개 ↔ 청구범위 목록 8개(삭제 2) 불일치 / [D8] 독립항 목록 8개 중 2개가 본문 '삭제' / [D8c] 종속항 0 · 삭제항 2 → 독립/전체 토글 결과 동일(8개),[F1] drawing_count 0 (도면의 설명 1원소 보유) [F2] 도면 설명 1원소에 도 3개 뭉침
KR 10-2639681 B1,B1,등록특허공보,등록공고,로테이팅 클램핑 시스템,9,,,9,D1 D3 D7 D2 D5 D6 D12 D8 D8c,[D5] 상세설명에 하위섹션+전문 중복 렌더(섹션 28264자 = 전문 25331 + 하위섹션 7391) / [D6] 도면 미반입인데 패널 노출(서지 도면 수 0건 / 패널 캡션 1개 · 이미지 없음) / [D12] 서지 청구항 수 1개 ↔ 청구범위 목록 2개(삭제 1) 불일치 / [D8] 독립항 목록 2개 중 1개가 본문 '삭제' / [D8c] 종속항 0 · 삭제항 1 → 독립/전체 토글 결과 동일(2개),[F1] drawing_count 0 (도면의 설명 1원소 보유) [F2] 도면 설명 1원소에 도 9개 뭉침
KR 10-2648501 B1,B1,등록특허공보,등록공고,네트워크 환경 동기화 장치 및 방법,9,,,9,D1 D3 D7 D2 D5 D6 D12 D8 D8c,[D5] 상세설명에 하위섹션+전문 중복 렌더(섹션 22989자 = 전문 22025 + 하위섹션 4539) / [D6] 도면 미반입인데 패널 노출(서지 도면 수 0건 / 패널 캡션 1개 · 이미지 없음) / [D12] 서지 청구항 수 12개 ↔ 청구범위 목록 14개(삭제 2) 불일치 / [D8] 독립항 목록 14개 중 2개가 본문 '삭제' / [D8c] 종속항 0 · 삭제항 2 → 독립/전체 토글 결과 동일(14개),[F1] drawing_count 0 (도면의 설명 1원소 보유) [F2] 도면 설명 1원소에 도 12개 뭉침
KR 10-2648933 B1,B1,등록특허공보,등록공고,프레스 제품 추출 장치,9,,,9,D1 D3 D7 D2 D5 D6 D12 D8 D8c,[D5] 상세설명에 하위섹션+전문 중복 렌더(섹션 16943자 = 전문 13068 + 하위섹션 5473) / [D6] 도면 미반입인데 패널 노출(서지 도면 수 0건 / 패널 캡션 1개 · 이미지 없음) / [D12] 서지 청구항 수 1개 ↔ 청구범위 목록 3개(삭제 2) 불일치 / [D8] 독립항 목록 3개 중 2개가 본문 '삭제' / [D8c] 종속항 0 · 삭제항 2 → 독립/전체 토글 결과 동일(3개),[F1] drawing_count 0 (도면의 설명 1원소 보유) [F2] 도면 설명 1원소에 도 7개 뭉침
KR 10-2649134 B1,B1,등록특허공보,등록공고,지중 구조물의 시공을 위한 세미쉴드 추진 공법 및 지반에 따른 비트 제어형 추진체,9,,,9,D1 D3 D7 D2 D5 D6 D12 D8 D8c,[D5] 상세설명에 하위섹션+전문 중복 렌더(섹션 15808자 = 전문 13799 + 하위섹션 4052) / [D6] 도면 미반입인데 패널 노출(서지 도면 수 0건 / 패널 캡션 1개 · 이미지 없음) / [D12] 서지 청구항 수 9개 ↔ 청구범위 목록 12개(삭제 3) 불일치 / [D8] 독립항 목록 12개 중 3개가 본문 '삭제' / [D8c] 종속항 0 · 삭제항 3 → 독립/전체 토글 결과 동일(12개),[F1] drawing_count 0 (도면의 설명 1원소 보유) [F2] 도면 설명 1원소에 도 9개 뭉침
KR 10-2649282 B1,B1,등록특허공보,등록공고,이차전지의 리드탭 필름 접합장치,9,,,9,D1 D3 D7 D2 D5 D6 D12 D8 D8c,[D5] 상세설명에 하위섹션+전문 중복 렌더(섹션 9393자 = 전문 7417 + 하위섹션 3293) / [D6] 도면 미반입인데 패널 노출(서지 도면 수 0건 / 패널 캡션 1개 · 이미지 없음) / [D12] 서지 청구항 수 2개 ↔ 청구범위 목록 4개(삭제 2) 불일치 / [D8] 독립항 목록 4개 중 2개가 본문 '삭제' / [D8c] 종속항 0 · 삭제항 2 → 독립/전체 토글 결과 동일(4개),[F1] drawing_count 0 (도면의 설명 1원소 보유) [F2] 도면 설명 1원소에 도 4개 뭉침
KR 10-2649595 B1,B1,등록특허공보,등록공고,상악골 확장 기능을 포함한 치열교정용 지지부재,9,,,9,D1 D3 D7 D2 D5 D6 D12 D8 D8c,[D5] 상세설명에 하위섹션+전문 중복 렌더(섹션 15026자 = 전문 13698 + 하위섹션 3400) / [D6] 도면 미반입인데 패널 노출(서지 도면 수 0건 / 패널 캡션 1개 · 이미지 없음) / [D12] 서지 청구항 수 1개 ↔ 청구범위 목록 4개(삭제 3) 불일치 / [D8] 독립항 목록 4개 중 3개가 본문 '삭제' / [D8c] 종속항 0 · 삭제항 3 → 독립/전체 토글 결과 동일(4개),[F1] drawing_count 0 (도면의 설명 1원소 보유) [F2] 도면 설명 1원소에 도 11개 뭉침
KR 10-2649648 B1,B1,등록특허공보,등록공고,"방화벽 정책적용 자동화서버, 이를 포함하는 자동화시스템 및 이를 이용한 방화벽 정책적용 자동화방법",9,,,9,D1 D3 D7 D2 D5 D6 D12 D8 D8c,[D5] 상세설명에 하위섹션+전문 중복 렌더(섹션 14968자 = 전문 13094 + 하위섹션 4129) / [D6] 도면 미반입인데 패널 노출(서지 도면 수 0건 / 패널 캡션 1개 · 이미지 없음) / [D12] 서지 청구항 수 9개 ↔ 청구범위 목록 11개(삭제 2) 불일치 / [D8] 독립항 목록 11개 중 2개가 본문 '삭제' / [D8c] 종속항 0 · 삭제항 2 → 독립/전체 토글 결과 동일(11개),[F1] drawing_count 0 (도면의 설명 1원소 보유) [F2] 도면 설명 1원소에 도 7개 뭉침
KR 10-2649816 B1,B1,등록특허공보,등록공고,들로네 삼각분할법을 사용한 실내궤적 데이터 생성방법,9,,,9,D1 D3 D7 D2 D5 D6 D12 D8 D8c,[D5] 상세설명에 하위섹션+전문 중복 렌더(섹션 11150자 = 전문 9754 + 하위섹션 2567) / [D6] 도면 미반입인데 패널 노출(서지 도면 수 0건 / 패널 캡션 1개 · 이미지 없음) / [D12] 서지 청구항 수 1개 ↔ 청구범위 목록 5개(삭제 4) 불일치 / [D8] 독립항 목록 5개 중 4개가 본문 '삭제' / [D8c] 종속항 0 · 삭제항 4 → 독립/전체 토글 결과 동일(5개),[F1] drawing_count 0 (도면의 설명 1원소 보유) [F2] 도면 설명 1원소에 도 5개 뭉침
KR 10-2649918 B1,B1,등록특허공보,등록공고,대규모 언어 모델 기반 맞춤형 복지 정책 추천 시스템,9,,,9,D1 D3 D7 D2 D5 D6 D12 D8 D8c,[D5] 상세설명에 하위섹션+전문 중복 렌더(섹션 15437자 = 전문 14262 + 하위섹션 2759) / [D6] 도면 미반입인데 패널 노출(서지 도면 수 0건 / 패널 캡션 1개 · 이미지 없음) / [D12] 서지 청구항 수 1개 ↔ 청구범위 목록 3개(삭제 2) 불일치 / [D8] 독립항 목록 3개 중 2개가 본문 '삭제' / [D8c] 종속항 0 · 삭제항 2 → 독립/전체 토글 결과 동일(3개),[F1] drawing_count 0 (도면의 설명 1원소 보유)
KR 10-2649953 B1,B1,등록특허공보,등록공고,전자파 차단 파형관 및 그 제조방법,9,,,9,D1 D3 D7 D2 D5 D6 D12 D8 D8c,[D5] 상세설명에 하위섹션+전문 중복 렌더(섹션 16055자 = 전문 13381 + 하위섹션 5273) / [D6] 도면 미반입인데 패널 노출(서지 도면 수 0건 / 패널 캡션 1개 · 이미지 없음) / [D12] 서지 청구항 수 1개 ↔ 청구범위 목록 5개(삭제 4) 불일치 / [D8] 독립항 목록 5개 중 4개가 본문 '삭제' / [D8c] 종속항 0 · 삭제항 4 → 독립/전체 토글 결과 동일(5개),[F1] drawing_count 0 (도면의 설명 1원소 보유)
KR 10-2650095 B1,B1,등록특허공보,등록공고,이차전지의 불량 검출 방법 및 장치,9,,,9,D1 D3 D7 D2 D5 D6 D12 D8 D8c,[D5] 상세설명에 하위섹션+전문 중복 렌더(섹션 19412자 = 전문 15303 + 하위섹션 6337) / [D6] 도면 미반입인데 패널 노출(서지 도면 수 0건 / 패널 캡션 1개 · 이미지 없음) / [D12] 서지 청구항 수 20개 ↔ 청구범위 목록 22개(삭제 2) 불일치 / [D8] 독립항 목록 22개 중 2개가 본문 '삭제' / [D8c] 종속항 0 · 삭제항 2 → 독립/전체 토글 결과 동일(22개),[F1] drawing_count 0 (도면의 설명 1원소 보유) [F2] 도면 설명 1원소에 도 18개 뭉침
KR 10-2650137 B1,B1,등록특허공보,등록공고,소셜 트레이딩 서비스 제공 시스템 및 이의 실행 방법,9,,,9,D1 D3 D7 D2 D5 D6 D12 D8 D8c,[D5] 상세설명에 하위섹션+전문 중복 렌더(섹션 17889자 = 전문 16824 + 하위섹션 3401) / [D6] 도면 미반입인데 패널 노출(서지 도면 수 0건 / 패널 캡션 1개 · 이미지 없음) / [D12] 서지 청구항 수 2개 ↔ 청구범위 목록 4개(삭제 2) 불일치 / [D8] 독립항 목록 4개 중 2개가 본문 '삭제' / [D8c] 종속항 0 · 삭제항 2 → 독립/전체 토글 결과 동일(4개),[F1] drawing_count 0 (도면의 설명 1원소 보유) [F2] 도면 설명 1원소에 도 4개 뭉침
KR 10-2650184 B1,B1,등록특허공보,등록공고,빨래건조대 부품 자동 비닐포장 장치,9,,,9,D1 D3 D7 D2 D5 D6 D12 D8 D8c,[D5] 상세설명에 하위섹션+전문 중복 렌더(섹션 9311자 = 전문 8392 + 하위섹션 2229) / [D6] 도면 미반입인데 패널 노출(서지 도면 수 0건 / 패널 캡션 1개 · 이미지 없음) / [D12] 서지 청구항 수 2개 ↔ 청구범위 목록 5개(삭제 3) 불일치 / [D8] 독립항 목록 5개 중 3개가 본문 '삭제' / [D8c] 종속항 0 · 삭제항 3 → 독립/전체 토글 결과 동일(5개),[F1] drawing_count 0 (도면의 설명 1원소 보유) [F2] 도면 설명 1원소에 도 5개 뭉침
KR 10-2650246 B1,B1,등록특허공보,등록공고,미세유체소자,9,,,9,D1 D3 D7 D2 D5 D6 D12 D8 D4,[D5] 상세설명에 하위섹션+전문 중복 렌더(섹션 9786자 = 전문 7800 + 하위섹션 2164) / [D6] 도면 미반입인데 패널 노출(서지 도면 수 0건 / 패널 캡션 1개 · 이미지 없음) / [D12] 서지 청구항 수 14개 ↔ 청구범위 목록 15개(삭제 1) 불일치 / [D8] 독립항 목록 2개 중 1개가 본문 '삭제' / [D4] 공개번호(10-2022-0160152)와 표시 일자(2024-03-27) 계열 불일치 · 문헌일 2022-12-06,[F1] drawing_count 0 (도면의 설명 1원소 보유) [F2] 도면 설명 1원소에 도 8개 뭉침
KR 10-2650403 B1,B1,등록특허공보,등록공고,지피에스 측정값을 이용한 수치지도 제작시스템,9,,,9,D1 D3 D7 D2 D5 D6 D12 D8 D8c,[D5] 상세설명에 하위섹션+전문 중복 렌더(섹션 14026자 = 전문 12175 + 하위섹션 3645) / [D6] 도면 미반입인데 패널 노출(서지 도면 수 0건 / 패널 캡션 1개 · 이미지 없음) / [D12] 서지 청구항 수 1개 ↔ 청구범위 목록 2개(삭제 1) 불일치 / [D8] 독립항 목록 2개 중 1개가 본문 '삭제' / [D8c] 종속항 0 · 삭제항 1 → 독립/전체 토글 결과 동일(2개),[F1] drawing_count 0 (도면의 설명 1원소 보유) [F2] 도면 설명 1원소에 도 11개 뭉침
KR 10-2650602 B1,B1,등록특허공보,등록공고,자동 판재 절단 스마트팩토리 시스템,9,,,9,D1 D3 D7 D2 D5 D6 D12 D8 D8c,[D5] 상세설명에 하위섹션+전문 중복 렌더(섹션 30401자 = 전문 26923 + 하위섹션 7867) / [D6] 도면 미반입인데 패널 노출(서지 도면 수 0건 / 패널 캡션 1개 · 이미지 없음) / [D12] 서지 청구항 수 1개 ↔ 청구범위 목록 3개(삭제 2) 불일치 / [D8] 독립항 목록 3개 중 2개가 본문 '삭제' / [D8c] 종속항 0 · 삭제항 2 → 독립/전체 토글 결과 동일(3개),[F1] drawing_count 0 (도면의 설명 1원소 보유) [F2] 도면 설명 1원소에 도 10개 뭉침
KR 10-2650665 B1,B1,등록특허공보,등록공고,스크린 골프장용 부스,9,,,9,D1 D3 D7 D2 D5 D6 D12 D8 D8c,[D5] 상세설명에 하위섹션+전문 중복 렌더(섹션 9564자 = 전문 8568 + 하위섹션 2534) / [D6] 도면 미반입인데 패널 노출(서지 도면 수 0건 / 패널 캡션 1개 · 이미지 없음) / [D12] 서지 청구항 수 1개 ↔ 청구범위 목록 3개(삭제 2) 불일치 / [D8] 독립항 목록 3개 중 2개가 본문 '삭제' / [D8c] 종속항 0 · 삭제항 2 → 독립/전체 토글 결과 동일(3개),[F1] drawing_count 0 (도면의 설명 1원소 보유) [F2] 도면 설명 1원소에 도 5개 뭉침
KR 10-2650706 B1,B1,등록특허공보,등록공고,커넥터용 방수씰,9,,,9,D1 D3 D7 D2 D5 D6 D12 D8 D8c,[D5] 상세설명에 하위섹션+전문 중복 렌더(섹션 7763자 = 전문 6837 + 하위섹션 2203) / [D6] 도면 미반입인데 패널 노출(서지 도면 수 0건 / 패널 캡션 1개 · 이미지 없음) / [D12] 서지 청구항 수 3개 ↔ 청구범위 목록 5개(삭제 2) 불일치 / [D8] 독립항 목록 5개 중 2개가 본문 '삭제' / [D8c] 종속항 0 · 삭제항 2 → 독립/전체 토글 결과 동일(5개),[F1] drawing_count 0 (도면의 설명 1원소 보유) [F2] 도면 설명 1원소에 도 6개 뭉침
KR 10-2650764 B1,B1,등록특허공보,등록공고,텍스트를 활용한 이미지 초해상화 방법 및 시스템,9,,,9,D1 D3 D7 D2 D5 D6 D12 D8 D8c,[D5] 상세설명에 하위섹션+전문 중복 렌더(섹션 17121자 = 전문 14417 + 하위섹션 4391) / [D6] 도면 미반입인데 패널 노출(서지 도면 수 0건 / 패널 캡션 1개 · 이미지 없음) / [D12] 서지 청구항 수 3개 ↔ 청구범위 목록 9개(삭제 6) 불일치 / [D8] 독립항 목록 9개 중 6개가 본문 '삭제' / [D8c] 종속항 0 · 삭제항 6 → 독립/전체 토글 결과 동일(9개),[F1] drawing_count 0 (도면의 설명 1원소 보유) [F2] 도면 설명 1원소에 도 4개 뭉침
KR 10-2650952 B1,B1,등록특허공보,등록공고,전화 번호 패턴에 기초한 통화 기록 분류 방법,9,,,9,D1 D3 D7 D2 D5 D6 D12 D8 D8c,[D5] 상세설명에 하위섹션+전문 중복 렌더(섹션 13577자 = 전문 14263 + 하위섹션 716) / [D6] 도면 미반입인데 패널 노출(서지 도면 수 0건 / 패널 캡션 1개 · 이미지 없음) / [D12] 서지 청구항 수 3개 ↔ 청구범위 목록 10개(삭제 7) 불일치 / [D8] 독립항 목록 10개 중 7개가 본문 '삭제' / [D8c] 종속항 0 · 삭제항 7 → 독립/전체 토글 결과 동일(10개),[F1] drawing_count 0 (도면의 설명 1원소 보유) [F2] 도면 설명 1원소에 도 8개 뭉침
KR 10-2651092 B1,B1,등록특허공보,등록공고,액화천연가스 연료 선박의 연료 공급 시스템 및 방법,9,,,9,D1 D3 D7 D2 D5 D6 D12 D8 D8c,[D5] 상세설명에 하위섹션+전문 중복 렌더(섹션 29975자 = 전문 23472 + 하위섹션 10196) / [D6] 도면 미반입인데 패널 노출(서지 도면 수 0건 / 패널 캡션 1개 · 이미지 없음) / [D12] 서지 청구항 수 13개 ↔ 청구범위 목록 17개(삭제 4) 불일치 / [D8] 독립항 목록 17개 중 4개가 본문 '삭제' / [D8c] 종속항 0 · 삭제항 4 → 독립/전체 토글 결과 동일(17개),[F1] drawing_count 0 (도면의 설명 1원소 보유)
KR 10-2651107 B1,B1,등록특허공보,등록공고,엘리베이터 이상 검출 시스템 및 방법,9,,,9,D1 D3 D7 D2 D5 D6 D12 D8 D8c,[D5] 상세설명에 하위섹션+전문 중복 렌더(섹션 20582자 = 전문 17108 + 하위섹션 5708) / [D6] 도면 미반입인데 패널 노출(서지 도면 수 0건 / 패널 캡션 1개 · 이미지 없음) / [D12] 서지 청구항 수 11개 ↔ 청구범위 목록 13개(삭제 2) 불일치 / [D8] 독립항 목록 13개 중 2개가 본문 '삭제' / [D8c] 종속항 0 · 삭제항 2 → 독립/전체 토글 결과 동일(13개),[F1] drawing_count 0 (도면의 설명 1원소 보유) [F2] 도면 설명 1원소에 도 3개 뭉침
KR 10-2651123 B1,B1,등록특허공보,등록공고,굳지 않는 떡 제조방법 및 굳지 않는 떡,9,,,9,D1 D3 D7 D2 D5 D6 D12 D8 D8c,[D5] 상세설명에 하위섹션+전문 중복 렌더(섹션 15896자 = 전문 14089 + 하위섹션 3875) / [D6] 도면 미반입인데 패널 노출(서지 도면 수 0건 / 패널 캡션 1개 · 이미지 없음) / [D12] 서지 청구항 수 5개 ↔ 청구범위 목록 8개(삭제 3) 불일치 / [D8] 독립항 목록 8개 중 3개가 본문 '삭제' / [D8c] 종속항 0 · 삭제항 3 → 독립/전체 토글 결과 동일(8개),[F1] drawing_count 0 (도면의 설명 1원소 보유) [F2] 도면 설명 1원소에 도 5개 뭉침
KR 10-2651160 B1,B1,등록특허공보,등록공고,도구 스위칭이 가능한 내시경 장치,9,,,9,D1 D3 D7 D2 D5 D6 D12 D8 D4,[D5] 상세설명에 하위섹션+전문 중복 렌더(섹션 11957자 = 전문 9427 + 하위섹션 2664) / [D6] 도면 미반입인데 패널 노출(서지 도면 수 0건 / 패널 캡션 1개 · 이미지 없음) / [D12] 서지 청구항 수 7개 ↔ 청구범위 목록 9개(삭제 2) 불일치 / [D8] 독립항 목록 3개 중 2개가 본문 '삭제' / [D4] 공개번호(10-2023-0072521)와 표시 일자(2024-03-28) 계열 불일치 · 문헌일 2023-05-25,[F1] drawing_count 0 (도면의 설명 1원소 보유) [F2] 도면 설명 1원소에 도 7개 뭉침
KR 10-2651470 B1,B1,등록특허공보,등록공고,스카이빙 가공용 커터,9,,,9,D1 D3 D7 D2 D5 D6 D12 D8 D8c,[D5] 상세설명에 하위섹션+전문 중복 렌더(섹션 13467자 = 전문 12288 + 하위섹션 3349) / [D6] 도면 미반입인데 패널 노출(서지 도면 수 0건 / 패널 캡션 1개 · 이미지 없음) / [D12] 서지 청구항 수 10개 ↔ 청구범위 목록 12개(삭제 2) 불일치 / [D8] 독립항 목록 12개 중 2개가 본문 '삭제' / [D8c] 종속항 0 · 삭제항 2 → 독립/전체 토글 결과 동일(12개),[F1] drawing_count 0 (도면의 설명 1원소 보유) [F2] 도면 설명 1원소에 도 9개 뭉침
KR 10-2651611 B1,B1,등록특허공보,등록공고,"양극재, 이를 포함하는 양극 및 리튬 이차 전지",9,,,9,D1 D3 D7 D2 D5 D12 D8 D8c D4,[D5] 상세설명에 하위섹션+전문 중복 렌더(섹션 25553자 = 전문 24463 + 하위섹션 1908) / [D12] 서지 청구항 수 13개 ↔ 청구범위 목록 14개(삭제 1) 불일치 / [D8] 독립항 목록 14개 중 1개가 본문 '삭제' / [D8c] 종속항 0 · 삭제항 1 → 독립/전체 토글 결과 동일(14개) / [D4] 공개번호(10-2023-0140433)와 표시 일자(2024-03-27) 계열 불일치 · 문헌일 2023-10-06,
KR 10-2651689 B1,B1,등록특허공보,등록공고,로터 조립체 및 이를 포함하는 모터,9,,,9,D1 D3 D7 D2 D5 D6 D12 D8 D4,[D5] 상세설명에 하위섹션+전문 중복 렌더(섹션 16740자 = 전문 13724 + 하위섹션 3551) / [D6] 도면 미반입인데 패널 노출(서지 도면 수 0건 / 패널 캡션 1개 · 이미지 없음) / [D12] 서지 청구항 수 10개 ↔ 청구범위 목록 11개(삭제 1) 불일치 / [D8] 독립항 목록 3개 중 1개가 본문 '삭제' / [D4] 공개번호(10-2020-0031366)와 표시 일자(2024-03-27) 계열 불일치 · 문헌일 2020-03-24,[F1] drawing_count 0 (도면의 설명 1원소 보유) [F2] 도면 설명 1원소에 도 12개 뭉침
KR 10-2651994 B1,B1,등록특허공보,등록공고,비주얼 로컬라이제이션을 이용하여 전술 훈련을 지원하기 위한 방법 및 장치,9,,,9,D1 D3 D7 D2 D5 D6 D12 D8 D4,[D5] 상세설명에 하위섹션+전문 중복 렌더(섹션 77589자 = 전문 72484 + 하위섹션 5683) / [D6] 도면 미반입인데 패널 노출(서지 도면 수 0건 / 패널 캡션 1개 · 이미지 없음) / [D12] 서지 청구항 수 11개 ↔ 청구범위 목록 15개(삭제 4) 불일치 / [D8] 독립항 목록 7개 중 4개가 본문 '삭제' / [D4] 공개번호(10-2024-0024685)와 표시 일자(2024-03-27) 계열 불일치 · 문헌일 2024-02-26,[F1] drawing_count 0 (도면의 설명 1원소 보유) [F2] 도면 설명 1원소에 도 10개 뭉침
KR 10-2652072 B1,B1,등록특허공보,등록공고,합성보,9,,,9,D1 D3 D7 D2 D5 D6 D12 D8 D4b,[D5] 상세설명에 하위섹션+전문 중복 렌더(섹션 20967자 = 전문 16681 + 하위섹션 4559) / [D6] 도면 미반입인데 패널 노출(서지 도면 수 0건 / 패널 캡션 1개 · 이미지 없음) / [D12] 서지 청구항 수 13개 ↔ 청구범위 목록 14개(삭제 1) 불일치 / [D8] 독립항 목록 2개 중 1개가 본문 '삭제' / [D4b] 공개/공고번호 — 인데 공개/공고일(2024-03-27)만 표시,[F1] drawing_count 0 (도면의 설명 1원소 보유) [F2] 도면 설명 1원소에 도 11개 뭉침
KR 10-2652176 B1,B1,등록특허공보,등록공고,"액 처리 방법, 기판 처리 장치 및 기억 매체",9,,,9,D1 D3 D7 D2 D5 D6 D12 D8 D4,[D5] 상세설명에 하위섹션+전문 중복 렌더(섹션 31736자 = 전문 29467 + 하위섹션 2622) / [D6] 도면 미반입인데 패널 노출(서지 도면 수 0건 / 패널 캡션 1개 · 이미지 없음) / [D12] 서지 청구항 수 13개 ↔ 청구범위 목록 16개(삭제 3) 불일치 / [D8] 독립항 목록 5개 중 3개가 본문 '삭제' / [D4] 공개번호(10-2017-0095757)와 표시 일자(2024-03-27) 계열 불일치 · 문헌일 2017-08-23,[F1] drawing_count 0 (도면의 설명 1원소 보유) [F2] 도면 설명 1원소에 도 21개 뭉침
KR 10-2652229 B1,B1,등록특허공보,등록공고,패스츄리 형태의 전복 가공식품의 제조방법,9,,,9,D1 D3 D7 D2 D5 D12 D8 D8c D4b,[D5] 상세설명에 하위섹션+전문 중복 렌더(섹션 7494자 = 전문 6310 + 하위섹션 1313) / [D12] 서지 청구항 수 1개 ↔ 청구범위 목록 7개(삭제 6) 불일치 / [D8] 독립항 목록 7개 중 6개가 본문 '삭제' / [D8c] 종속항 0 · 삭제항 6 → 독립/전체 토글 결과 동일(7개) / [D4b] 공개/공고번호 — 인데 공개/공고일(2024-03-29)만 표시,
KR 10-2652453 B1,B1,등록특허공보,등록공고,데크 플레이트를 이용한 합성 보-데크 및 그 제조 방법,9,,,9,D1 D3 D7 D2 D5 D6 D12 D8 D4,[D5] 상세설명에 하위섹션+전문 중복 렌더(섹션 24038자 = 전문 17112 + 하위섹션 7130) / [D6] 도면 미반입인데 패널 노출(서지 도면 수 0건 / 패널 캡션 1개 · 이미지 없음) / [D12] 서지 청구항 수 9개 ↔ 청구범위 목록 23개(삭제 14) 불일치 / [D8] 독립항 목록 15개 중 14개가 본문 '삭제' / [D4] 공개번호(10-2023-0075094)와 표시 일자(2024-03-29) 계열 불일치 · 문헌일 2023-05-31,[F1] drawing_count 0 (도면의 설명 1원소 보유) [F2] 도면 설명 1원소에 도 11개 뭉침
KR 10-2652681 B1,B1,등록특허공보,등록공고,볼 조인트 유닛의 볼 이탈 방지 보호구,9,,,9,D1 D3 D7 D2 D5 D6 D12 D8 D4b,[D5] 상세설명에 하위섹션+전문 중복 렌더(섹션 7691자 = 전문 5873 + 하위섹션 1952) / [D6] 도면 미반입인데 패널 노출(서지 도면 수 0건 / 패널 캡션 1개 · 이미지 없음) / [D12] 서지 청구항 수 5개 ↔ 청구범위 목록 6개(삭제 1) 불일치 / [D8] 독립항 목록 3개 중 1개가 본문 '삭제' / [D4b] 공개/공고번호 — 인데 공개/공고일(2024-03-29)만 표시,[F1] drawing_count 0 (도면의 설명 1원소 보유) [F2] 도면 설명 1원소에 도 7개 뭉침
KR 10-2652897 B1,B1,등록특허공보,등록공고,이중관 연결구조,9,,,9,D1 D3 D7 D2 D5 D6 D12 D8 D4,[D5] 상세설명에 하위섹션+전문 중복 렌더(섹션 6173자 = 전문 5024 + 하위섹션 1274) / [D6] 도면 미반입인데 패널 노출(서지 도면 수 0건 / 패널 캡션 1개 · 이미지 없음) / [D12] 서지 청구항 수 4개 ↔ 청구범위 목록 5개(삭제 1) 불일치 / [D8] 독립항 목록 2개 중 1개가 본문 '삭제' / [D4] 공개번호(10-2022-0146181)와 표시 일자(2024-04-01) 계열 불일치 · 문헌일 2022-11-01,[F1] drawing_count 0 (도면의 설명 1원소 보유) [F2] 도면 설명 1원소에 도 4개 뭉침
KR 10-2652999 B1,B1,등록특허공보,등록공고,박막트랜지스터 기판 및 이를 구비한 디스플레이 장치,9,,,9,D1 D3 D7 D2 D5 D6 D12 D8 D4,[D5] 상세설명에 하위섹션+전문 중복 렌더(섹션 22067자 = 전문 18498 + 하위섹션 3786) / [D6] 도면 미반입인데 패널 노출(서지 도면 수 0건 / 패널 캡션 1개 · 이미지 없음) / [D12] 서지 청구항 수 18개 ↔ 청구범위 목록 20개(삭제 2) 불일치 / [D8] 독립항 목록 4개 중 2개가 본문 '삭제' / [D4] 공개번호(10-2017-0122358)와 표시 일자(2024-04-01) 계열 불일치 · 문헌일 2017-11-06,[F1] drawing_count 0 (도면의 설명 1원소 보유) [F2] 도면 설명 1원소에 도 9개 뭉침
KR 10-2653103 B1,B1,등록특허공보,등록공고,수납용 홈부가 형성된 몸체를 포함하는 카라반,9,,,9,D1 D3 D7 D2 D5 D6 D12 D8 D4b,[D5] 상세설명에 하위섹션+전문 중복 렌더(섹션 11884자 = 전문 9391 + 하위섹션 2688) / [D6] 도면 미반입인데 패널 노출(서지 도면 수 0건 / 패널 캡션 1개 · 이미지 없음) / [D12] 서지 청구항 수 5개 ↔ 청구범위 목록 6개(삭제 1) 불일치 / [D8] 독립항 목록 2개 중 1개가 본문 '삭제' / [D4b] 공개/공고번호 — 인데 공개/공고일(2024-04-01)만 표시,[F1] drawing_count 0 (도면의 설명 1원소 보유) [F2] 도면 설명 1원소에 도 10개 뭉침
KR 10-2653592 B1,B1,등록특허공보,등록공고,도어 닫힘 방지 경첩,9,,,9,D1 D3 D7 D2 D5 D6 D12 D8 D4b,[D5] 상세설명에 하위섹션+전문 중복 렌더(섹션 22601자 = 전문 17595 + 하위섹션 5344) / [D6] 도면 미반입인데 패널 노출(서지 도면 수 0건 / 패널 캡션 1개 · 이미지 없음) / [D12] 서지 청구항 수 5개 ↔ 청구범위 목록 6개(삭제 1) 불일치 / [D8] 독립항 목록 2개 중 1개가 본문 '삭제' / [D4b] 공개/공고번호 — 인데 공개/공고일(2024-04-01)만 표시,[F1] drawing_count 0 (도면의 설명 1원소 보유) [F2] 도면 설명 1원소에 도 7개 뭉침
KR 10-2653638 B1,B1,등록특허공보,등록공고,패시브형 항온 컨테이너의 개폐도어의 구조,9,,,9,D1 D3 D7 D2 D5 D6 D12 D8 D4,[D5] 상세설명에 하위섹션+전문 중복 렌더(섹션 6963자 = 전문 5015 + 하위섹션 2049) / [D6] 도면 미반입인데 패널 노출(서지 도면 수 0건 / 패널 캡션 1개 · 이미지 없음) / [D12] 서지 청구항 수 4개 ↔ 청구범위 목록 5개(삭제 1) 불일치 / [D8] 독립항 목록 2개 중 1개가 본문 '삭제' / [D4] 공개번호(10-2022-0141093)와 표시 일자(2024-04-01) 계열 불일치 · 문헌일 2022-10-19,[F1] drawing_count 0 (도면의 설명 1원소 보유) [F2] 도면 설명 1원소에 도 8개 뭉침
KR 10-2662098 B1,B1,등록특허공보,등록공고,스트랩의 웰딩 정보의 선택적 센싱을 통한 코일 포장용 스트래핑 헤드 모니터링 시스템,9,,,9,D1 D3 D7 D2 D5 D6 D12 D8 D4,[D5] 상세설명에 하위섹션+전문 중복 렌더(섹션 25610자 = 전문 19218 + 하위섹션 6666) / [D6] 도면 미반입인데 패널 노출(서지 도면 수 0건 / 패널 캡션 1개 · 이미지 없음) / [D12] 서지 청구항 수 3개 ↔ 청구범위 목록 10개(삭제 7) 불일치 / [D8] 독립항 목록 8개 중 7개가 본문 '삭제' / [D4] 공개번호(10-2023-0049884)와 표시 일자(2024-05-08) 계열 불일치 · 문헌일 2023-04-14,[F1] drawing_count 0 (도면의 설명 1원소 보유) [F2] 도면 설명 1원소에 도 10개 뭉침
KR 10-2662869 B1,B1,등록특허공보,등록공고,변동 저저항 라인 비휘발성 메모리 소자 및 이의 동작 방법,9,,,9,D1 D3 D7 D2 D5 D6 D12 D8 D4,[D5] 상세설명에 하위섹션+전문 중복 렌더(섹션 35521자 = 전문 31264 + 하위섹션 4738) / [D6] 도면 미반입인데 패널 노출(서지 도면 수 0건 / 패널 캡션 1개 · 이미지 없음) / [D12] 서지 청구항 수 12개 ↔ 청구범위 목록 13개(삭제 1) 불일치 / [D8] 독립항 목록 3개 중 1개가 본문 '삭제' / [D4] 공개번호(10-2020-0083385)와 표시 일자(2024-05-10) 계열 불일치 · 문헌일 2020-07-08,[F1] drawing_count 0 (도면의 설명 1원소 보유) [F2] 도면 설명 1원소에 도 30개 뭉침
KR 10-2662948 B1,B1,등록특허공보,등록공고,"카메라, 및 이를 구비하는 단말기",9,,,9,D1 D3 D7 D2 D5 D6 D12 D8 D4,[D5] 상세설명에 하위섹션+전문 중복 렌더(섹션 45153자 = 전문 38669 + 하위섹션 7150) / [D6] 도면 미반입인데 패널 노출(서지 도면 수 0건 / 패널 캡션 1개 · 이미지 없음) / [D12] 서지 청구항 수 8개 ↔ 청구범위 목록 17개(삭제 9) 불일치 / [D8] 독립항 목록 10개 중 9개가 본문 '삭제' / [D4] 공개번호(10-2019-0132908)와 표시 일자(2024-05-07) 계열 불일치 · 문헌일 2019-11-29,[F1] drawing_count 0 (도면의 설명 1원소 보유) [F2] 도면 설명 1원소에 도 29개 뭉침
KR 10-2662987 B1,B1,등록특허공보,등록공고,손톱주름 모세혈관 속 백혈구의 수를 산출하기 위한 뉴로모픽 컴퓨팅 장치,9,,,9,D1 D3 D7 D2 D5 D6 D12 D8 D4,[D5] 상세설명에 하위섹션+전문 중복 렌더(섹션 36391자 = 전문 31349 + 하위섹션 5394) / [D6] 도면 미반입인데 패널 노출(서지 도면 수 0건 / 패널 캡션 1개 · 이미지 없음) / [D12] 서지 청구항 수 5개 ↔ 청구범위 목록 12개(삭제 7) 불일치 / [D8] 독립항 목록 9개 중 7개가 본문 '삭제' / [D4] 공개번호(10-2023-0100842)와 표시 일자(2024-05-08) 계열 불일치 · 문헌일 2023-07-06,[F1] drawing_count 0 (도면의 설명 1원소 보유) [F2] 도면 설명 1원소에 도 10개 뭉침
KR 10-2663090 B1,B1,등록특허공보,등록공고,치과용 타구대,9,,,9,D1 D3 D7 D2 D5 D6 D12 D8 D4,[D5] 상세설명에 하위섹션+전문 중복 렌더(섹션 10277자 = 전문 8585 + 하위섹션 1779) / [D6] 도면 미반입인데 패널 노출(서지 도면 수 0건 / 패널 캡션 1개 · 이미지 없음) / [D12] 서지 청구항 수 5개 ↔ 청구범위 목록 6개(삭제 1) 불일치 / [D8] 독립항 목록 2개 중 1개가 본문 '삭제' / [D4] 공개번호(10-2023-0100791)와 표시 일자(2024-05-14) 계열 불일치 · 문헌일 2023-07-06,[F1] drawing_count 0 (도면의 설명 1원소 보유) [F2] 도면 설명 1원소에 도 9개 뭉침
KR 10-2663256 B1,B1,등록특허공보,등록공고,커넥터의 부식을 방지하는 전자 장치 및 방법,9,,,9,D1 D3 D7 D2 D5 D6 D12 D8 D4,[D5] 상세설명에 하위섹션+전문 중복 렌더(섹션 55428자 = 전문 53562 + 하위섹션 2361) / [D6] 도면 미반입인데 패널 노출(서지 도면 수 0건 / 패널 캡션 1개 · 이미지 없음) / [D12] 서지 청구항 수 17개 ↔ 청구범위 목록 20개(삭제 3) 불일치 / [D8] 독립항 목록 6개 중 3개가 본문 '삭제' / [D4] 공개번호(10-2018-0074370)와 표시 일자(2024-05-07) 계열 불일치 · 문헌일 2018-07-03,[F1] drawing_count 0 (도면의 설명 1원소 보유) [F2] 도면 설명 1원소에 도 10개 뭉침
KR 10-2663449 B1,B1,등록특허공보,정정공고,방사선 영상에서 척추 전위 정량화 방법 및 장치,9,,,9,D1 D3 D7 D2 D5 D6 D12 D8 D4,[D5] 상세설명에 하위섹션+전문 중복 렌더(섹션 18583자 = 전문 16659 + 하위섹션 2184) / [D6] 도면 미반입인데 패널 노출(서지 도면 수 0건 / 패널 캡션 1개 · 이미지 없음) / [D12] 서지 청구항 수 13개 ↔ 청구범위 목록 17개(삭제 4) 불일치 / [D8] 독립항 목록 6개 중 4개가 본문 '삭제' / [D4] 공개번호(10-2023-0063665)와 표시 일자(2024-05-09) 계열 불일치 · 문헌일 2023-05-09,[F1] drawing_count 0 (도면의 설명 1원소 보유) [F2] 도면 설명 1원소에 도 7개 뭉침
KR 10-2663537 B1,B1,등록특허공보,등록공고,전자 장치 및 이미지 처리 방법,9,,,9,D1 D3 D7 D2 D5 D6 D12 D8 D4,[D5] 상세설명에 하위섹션+전문 중복 렌더(섹션 39120자 = 전문 36716 + 하위섹션 2685) / [D6] 도면 미반입인데 패널 노출(서지 도면 수 0건 / 패널 캡션 1개 · 이미지 없음) / [D12] 서지 청구항 수 18개 ↔ 청구범위 목록 20개(삭제 2) 불일치 / [D8] 독립항 목록 4개 중 2개가 본문 '삭제' / [D4] 공개번호(10-2020-0095106)와 표시 일자(2024-05-08) 계열 불일치 · 문헌일 2020-08-10,[F1] drawing_count 0 (도면의 설명 1원소 보유) [F2] 도면 설명 1원소에 도 11개 뭉침
KR 10-2663554 B1,B1,등록특허공보,등록공고,식각액 조성물 및 이를 이용한 박막 트랜지스터 표시판의 제조 방법,9,,,9,D1 D3 D7 D2 D5 D6 D12 D8 D4,[D5] 상세설명에 하위섹션+전문 중복 렌더(섹션 15195자 = 전문 13174 + 하위섹션 2708) / [D6] 도면 미반입인데 패널 노출(서지 도면 수 0건 / 패널 캡션 1개 · 이미지 없음) / [D12] 서지 청구항 수 16개 ↔ 청구범위 목록 20개(삭제 4) 불일치 / [D8] 독립항 목록 6개 중 4개가 본문 '삭제' / [D4] 공개번호(10-2017-0140463)와 표시 일자(2024-05-08) 계열 불일치 · 문헌일 2017-12-21,[F1] drawing_count 0 (도면의 설명 1원소 보유) [F2] 도면 설명 1원소에 도 5개 뭉침
KR 10-2663619 B1,B1,등록특허공보,등록공고,"내부 전기장을 포함하는 압전 단결정, 그 제조방법 및 그를 이용한 압전 및 유전 응용 부품",9,,,9,D1 D3 D7 D2 D5 D6 D12 D8 D4,[D5] 상세설명에 하위섹션+전문 중복 렌더(섹션 38252자 = 전문 30152 + 하위섹션 8863) / [D6] 도면 미반입인데 패널 노출(서지 도면 수 0건 / 패널 캡션 1개 · 이미지 없음) / [D12] 서지 청구항 수 17개 ↔ 청구범위 목록 18개(삭제 1) 불일치 / [D8] 독립항 목록 2개 중 1개가 본문 '삭제' / [D4] 공개번호(10-2022-0083604)와 표시 일자(2024-05-10) 계열 불일치 · 문헌일 2022-06-20,[F1] drawing_count 0 (도면의 설명 1원소 보유) [F2] 도면 설명 1원소에 도 6개 뭉침
KR 10-2663749 B1,B1,등록특허공보,등록공고,"옵티칼 렌즈 어셈블리, 장치, 및 이미지 형성 방법",9,,,9,D1 D3 D7 D2 D5 D6 D12 D8 D4,[D5] 상세설명에 하위섹션+전문 중복 렌더(섹션 58384자 = 전문 54751 + 하위섹션 4552) / [D6] 도면 미반입인데 패널 노출(서지 도면 수 0건 / 패널 캡션 1개 · 이미지 없음) / [D12] 서지 청구항 수 10개 ↔ 청구범위 목록 29개(삭제 19) 불일치 / [D8] 독립항 목록 23개 중 19개가 본문 '삭제' / [D4] 공개번호(10-2017-0096778)와 표시 일자(2024-05-08) 계열 불일치 · 문헌일 2017-08-25,[F1] drawing_count 0 (도면의 설명 1원소 보유) [F2] 도면 설명 1원소에 도 22개 뭉침
KR 10-2663771 B1,B1,등록특허공보,등록공고,저주파 마사지기,9,,,9,D1 D3 D7 D2 D5 D6 D12 D8 D4b,[D5] 상세설명에 하위섹션+전문 중복 렌더(섹션 14391자 = 전문 11638 + 하위섹션 2928) / [D6] 도면 미반입인데 패널 노출(서지 도면 수 0건 / 패널 캡션 1개 · 이미지 없음) / [D12] 서지 청구항 수 13개 ↔ 청구범위 목록 18개(삭제 5) 불일치 / [D8] 독립항 목록 7개 중 5개가 본문 '삭제' / [D4b] 공개/공고번호 — 인데 공개/공고일(2024-05-08)만 표시,[F1] drawing_count 0 (도면의 설명 1원소 보유) [F2] 도면 설명 1원소에 도 15개 뭉침
KR 10-2663782 B1,B1,등록특허공보,등록공고,마스크 장치,9,,,9,D1 D3 D7 D2 D5 D6 D12 D8 D4,[D5] 상세설명에 하위섹션+전문 중복 렌더(섹션 14482자 = 전문 11532 + 하위섹션 3106) / [D6] 도면 미반입인데 패널 노출(서지 도면 수 0건 / 패널 캡션 1개 · 이미지 없음) / [D12] 서지 청구항 수 11개 ↔ 청구범위 목록 18개(삭제 7) 불일치 / [D8] 독립항 목록 8개 중 7개가 본문 '삭제' / [D4] 공개번호(10-2023-0033779)와 표시 일자(2024-05-08) 계열 불일치 · 문헌일 2023-03-09,[F1] drawing_count 0 (도면의 설명 1원소 보유) [F2] 도면 설명 1원소에 도 11개 뭉침
KR 10-2663822 B1,B1,등록특허공보,등록공고,"인공지능을 통한 대형 상가 내 상점 입주 가이드 방법, 장치 및 컴퓨터-판독가능 기록매체",9,,,9,D1 D3 D7 D2 D5 D6 D12 D8 D4,[D5] 상세설명에 하위섹션+전문 중복 렌더(섹션 27035자 = 전문 22253 + 하위섹션 4988) / [D6] 도면 미반입인데 패널 노출(서지 도면 수 0건 / 패널 캡션 1개 · 이미지 없음) / [D12] 서지 청구항 수 7개 ↔ 청구범위 목록 10개(삭제 3) 불일치 / [D8] 독립항 목록 6개 중 3개가 본문 '삭제' / [D4] 공개번호(10-2023-0049436)와 표시 일자(2024-05-07) 계열 불일치 · 문헌일 2023-04-13,[F1] drawing_count 0 (도면의 설명 1원소 보유) [F2] 도면 설명 1원소에 도 5개 뭉침
KR 10-2663876 B1,B1,등록특허공보,등록공고,관객 위치데이터 기반 음향 출력 장치,9,,,9,D1 D3 D7 D2 D5 D6 D12 D8 D4b,[D5] 상세설명에 하위섹션+전문 중복 렌더(섹션 15642자 = 전문 12783 + 하위섹션 3290) / [D6] 도면 미반입인데 패널 노출(서지 도면 수 0건 / 패널 캡션 1개 · 이미지 없음) / [D12] 서지 청구항 수 3개 ↔ 청구범위 목록 4개(삭제 1) 불일치 / [D8] 독립항 목록 2개 중 1개가 본문 '삭제' / [D4b] 공개/공고번호 — 인데 공개/공고일(2024-05-10)만 표시,[F1] drawing_count 0 (도면의 설명 1원소 보유) [F2] 도면 설명 1원소에 도 11개 뭉침
KR 10-2663907 B1,B1,등록특허공보,등록공고,계기용 변류기 2차개방 설치적용형 감시시스템,9,,,9,D1 D3 D7 D2 D5 D6 D12 D8 D4b,[D5] 상세설명에 하위섹션+전문 중복 렌더(섹션 23705자 = 전문 17306 + 하위섹션 6483) / [D6] 도면 미반입인데 패널 노출(서지 도면 수 0건 / 패널 캡션 1개 · 이미지 없음) / [D12] 서지 청구항 수 2개 ↔ 청구범위 목록 3개(삭제 1) 불일치 / [D8] 독립항 목록 2개 중 1개가 본문 '삭제' / [D4b] 공개/공고번호 — 인데 공개/공고일(2024-05-10)만 표시,[F1] drawing_count 0 (도면의 설명 1원소 보유) [F2] 도면 설명 1원소에 도 10개 뭉침
KR 10-2663921 B1,B1,등록특허공보,등록공고,공기덕트 일체형 액세스플로어 패널과 그 시공방법,9,,,9,D1 D3 D7 D2 D5 D6 D12 D8 D4,[D5] 상세설명에 하위섹션+전문 중복 렌더(섹션 10061자 = 전문 6724 + 하위섹션 3408) / [D6] 도면 미반입인데 패널 노출(서지 도면 수 0건 / 패널 캡션 1개 · 이미지 없음) / [D12] 서지 청구항 수 4개 ↔ 청구범위 목록 8개(삭제 4) 불일치 / [D8] 독립항 목록 6개 중 4개가 본문 '삭제' / [D4] 공개번호(10-2024-0002082)와 표시 일자(2024-05-08) 계열 불일치 · 문헌일 2024-01-04,[F1] drawing_count 0 (도면의 설명 1원소 보유) [F2] 도면 설명 1원소에 도 6개 뭉침
KR 10-2663940 B1,B1,등록특허공보,등록공고,물의 사용량을 알 수 있는 스마트 필터,9,,,9,D1 D3 D7 D2 D5 D6 D12 D8 D4,[D5] 상세설명에 하위섹션+전문 중복 렌더(섹션 11458자 = 전문 8907 + 하위섹션 2694) / [D6] 도면 미반입인데 패널 노출(서지 도면 수 0건 / 패널 캡션 1개 · 이미지 없음) / [D12] 서지 청구항 수 4개 ↔ 청구범위 목록 7개(삭제 3) 불일치 / [D8] 독립항 목록 4개 중 3개가 본문 '삭제' / [D4] 공개번호(10-2023-0000743)와 표시 일자(2024-05-07) 계열 불일치 · 문헌일 2023-01-03,[F1] drawing_count 0 (도면의 설명 1원소 보유) [F2] 도면 설명 1원소에 도 5개 뭉침
KR 10-2664010 B1,B1,등록특허공보,등록공고,폭포수 타입 토수구를 갖는 수전,9,,,9,D1 D3 D7 D2 D5 D6 D12 D8 D4b,[D5] 상세설명에 하위섹션+전문 중복 렌더(섹션 16132자 = 전문 12867 + 하위섹션 3552) / [D6] 도면 미반입인데 패널 노출(서지 도면 수 0건 / 패널 캡션 1개 · 이미지 없음) / [D12] 서지 청구항 수 3개 ↔ 청구범위 목록 4개(삭제 1) 불일치 / [D8] 독립항 목록 2개 중 1개가 본문 '삭제' / [D4b] 공개/공고번호 — 인데 공개/공고일(2024-05-10)만 표시,[F1] drawing_count 0 (도면의 설명 1원소 보유) [F2] 도면 설명 1원소에 도 11개 뭉침
KR 10-2664092 B1,B1,등록특허공보,등록공고,중간엽 줄기세포 증식 및/또는 이동 촉진용 조성물,9,,,9,D1 D3 D7 D2 D5 D6 D12 D8 D4,[D5] 상세설명에 하위섹션+전문 중복 렌더(섹션 23679자 = 전문 18182 + 하위섹션 6221) / [D6] 도면 미반입인데 패널 노출(서지 도면 수 0건 / 패널 캡션 1개 · 이미지 없음) / [D12] 서지 청구항 수 4개 ↔ 청구범위 목록 7개(삭제 3) 불일치 / [D8] 독립항 목록 5개 중 3개가 본문 '삭제' / [D4] 공개번호(10-2023-0126692)와 표시 일자(2024-05-08) 계열 불일치 · 문헌일 2023-08-30,[F1] drawing_count 0 (도면의 설명 1원소 보유) [F2] 도면 설명 1원소에 도 3개 뭉침
KR 10-2664113 B1,B1,등록특허공보,등록공고,차량 위치 추정 장치 및 방법,9,,,9,D1 D3 D7 D2 D5 D6 D12 D8 D4,[D5] 상세설명에 하위섹션+전문 중복 렌더(섹션 13899자 = 전문 11204 + 하위섹션 2819) / [D6] 도면 미반입인데 패널 노출(서지 도면 수 0건 / 패널 캡션 1개 · 이미지 없음) / [D12] 서지 청구항 수 18개 ↔ 청구범위 목록 20개(삭제 2) 불일치 / [D8] 독립항 목록 4개 중 2개가 본문 '삭제' / [D4] 공개번호(10-2020-0057513)와 표시 일자(2024-05-10) 계열 불일치 · 문헌일 2020-05-26,[F1] drawing_count 0 (도면의 설명 1원소 보유) [F2] 도면 설명 1원소에 도 4개 뭉침
KR 10-2664134 B1,B1,등록특허공보,등록공고,히알루론산 및 이의 유도체를 포함하는 화장료 조성물,9,,,9,D1 D3 D7 D2 D5 D6 D12 D8 D4b,[D5] 상세설명에 하위섹션+전문 중복 렌더(섹션 23495자 = 전문 22319 + 하위섹션 2728) / [D6] 도면 미반입인데 패널 노출(서지 도면 수 0건 / 패널 캡션 1개 · 이미지 없음) / [D12] 서지 청구항 수 9개 ↔ 청구범위 목록 11개(삭제 2) 불일치 / [D8] 독립항 목록 4개 중 2개가 본문 '삭제' / [D4b] 공개/공고번호 — 인데 공개/공고일(2024-05-10)만 표시,[F1] drawing_count 0 (도면의 설명 1원소 보유) [F2] 도면 설명 1원소에 도 4개 뭉침
KR 10-2664141 B1,B1,등록특허공보,등록공고,메타버스 환경에서 사용 가능한 아이템에 대한 대여를 가능하게 하는 메타버스 서비스를 제공하는 메타버스 서비스,9,,,9,D1 D3 D7 D2 D5 D6 D12 D8 D4,[D5] 상세설명에 하위섹션+전문 중복 렌더(섹션 23565자 = 전문 19282 + 하위섹션 4488) / [D6] 도면 미반입인데 패널 노출(서지 도면 수 0건 / 패널 캡션 1개 · 이미지 없음) / [D12] 서지 청구항 수 10개 ↔ 청구범위 목록 12개(삭제 2) 불일치 / [D8] 독립항 목록 4개 중 2개가 본문 '삭제' / [D4] 공개번호(10-2023-0067475)와 표시 일자(2024-05-08) 계열 불일치 · 문헌일 2023-05-16,[F1] drawing_count 0 (도면의 설명 1원소 보유) [F2] 도면 설명 1원소에 도 3개 뭉침
KR 10-2664190 B1,B1,등록특허공보,등록공고,클라우드 렌더링 서비스,9,,,9,D1 D3 D7 D2 D5 D6 D12 D8 D4,[D5] 상세설명에 하위섹션+전문 중복 렌더(섹션 17272자 = 전문 14460 + 하위섹션 2911) / [D6] 도면 미반입인데 패널 노출(서지 도면 수 0건 / 패널 캡션 1개 · 이미지 없음) / [D12] 서지 청구항 수 12개 ↔ 청구범위 목록 13개(삭제 1) 불일치 / [D8] 독립항 목록 3개 중 1개가 본문 '삭제' / [D4] 공개번호(10-2022-0130391)와 표시 일자(2024-05-07) 계열 불일치 · 문헌일 2022-09-27,[F1] drawing_count 0 (도면의 설명 1원소 보유) [F2] 도면 설명 1원소에 도 3개 뭉침
KR 10-2664348 B1,B1,등록특허공보,등록공고,암호화폐 지갑 주소를 클러스터링하는 방법 및 이를 위한 장치,9,,,9,D1 D3 D7 D2 D5 D6 D12 D8 D4,[D5] 상세설명에 하위섹션+전문 중복 렌더(섹션 30444자 = 전문 25088 + 하위섹션 5734) / [D6] 도면 미반입인데 패널 노출(서지 도면 수 0건 / 패널 캡션 1개 · 이미지 없음) / [D12] 서지 청구항 수 11개 ↔ 청구범위 목록 12개(삭제 1) 불일치 / [D8] 독립항 목록 4개 중 1개가 본문 '삭제' / [D4] 공개번호(10-2023-0111788)와 표시 일자(2024-05-09) 계열 불일치 · 문헌일 2023-07-26,[F1] drawing_count 0 (도면의 설명 1원소 보유) [F2] 도면 설명 1원소에 도 11개 뭉침
KR 10-2664394 B1,B1,등록특허공보,등록공고,이차원 물질을 포함하는 초격자 구조 및 이를 구비한 소자,9,,,9,D1 D3 D7 D2 D5 D6 D12 D8 D4,[D5] 상세설명에 하위섹션+전문 중복 렌더(섹션 26354자 = 전문 21680 + 하위섹션 5187) / [D6] 도면 미반입인데 패널 노출(서지 도면 수 0건 / 패널 캡션 1개 · 이미지 없음) / [D12] 서지 청구항 수 19개 ↔ 청구범위 목록 22개(삭제 3) 불일치 / [D8] 독립항 목록 4개 중 3개가 본문 '삭제' / [D4] 공개번호(10-2019-0137721)와 표시 일자(2024-05-08) 계열 불일치 · 문헌일 2019-12-11,[F1] drawing_count 0 (도면의 설명 1원소 보유) [F2] 도면 설명 1원소에 도 30개 뭉침
KR 10-2664402 B1,B1,등록특허공보,등록공고,표시장치에 포함된 광학요소에 의한 노이즈를 보정하기 위한 보정패턴 획득장치와 이를 이용한 노이즈 보정패턴 획,9,,,9,D1 D3 D7 D2 D5 D6 D12 D8 D4,[D5] 상세설명에 하위섹션+전문 중복 렌더(섹션 18689자 = 전문 14907 + 하위섹션 4045) / [D6] 도면 미반입인데 패널 노출(서지 도면 수 0건 / 패널 캡션 1개 · 이미지 없음) / [D12] 서지 청구항 수 37개 ↔ 청구범위 목록 38개(삭제 1) 불일치 / [D8] 독립항 목록 4개 중 1개가 본문 '삭제' / [D4] 공개번호(10-2020-0109766)와 표시 일자(2024-05-08) 계열 불일치 · 문헌일 2020-09-23,[F1] drawing_count 0 (도면의 설명 1원소 보유) [F2] 도면 설명 1원소에 도 16개 뭉침
KR 10-2664413 B1,B1,등록특허공보,등록공고,배터리 장치 및 전원 관리 방법,9,,,9,D1 D3 D7 D2 D5 D6 D12 D8 D4,[D5] 상세설명에 하위섹션+전문 중복 렌더(섹션 20033자 = 전문 17203 + 하위섹션 3034) / [D6] 도면 미반입인데 패널 노출(서지 도면 수 0건 / 패널 캡션 1개 · 이미지 없음) / [D12] 서지 청구항 수 8개 ↔ 청구범위 목록 10개(삭제 2) 불일치 / [D8] 독립항 목록 4개 중 2개가 본문 '삭제' / [D4] 공개번호(10-2020-0070605)와 표시 일자(2024-05-09) 계열 불일치 · 문헌일 2020-06-18,[F1] drawing_count 0 (도면의 설명 1원소 보유) [F2] 도면 설명 1원소에 도 8개 뭉침
KR 10-2664473 B1,B1,등록특허공보,등록공고,전동기 코어의 슬롯 내부에 코일을 삽입하는 장치,9,,,9,D1 D3 D7 D2 D5 D6 D12 D8 D4,[D5] 상세설명에 하위섹션+전문 중복 렌더(섹션 10995자 = 전문 8034 + 하위섹션 3075) / [D6] 도면 미반입인데 패널 노출(서지 도면 수 0건 / 패널 캡션 1개 · 이미지 없음) / [D12] 서지 청구항 수 2개 ↔ 청구범위 목록 3개(삭제 1) 불일치 / [D8] 독립항 목록 2개 중 1개가 본문 '삭제' / [D4] 공개번호(10-2023-0045644)와 표시 일자(2024-05-14) 계열 불일치 · 문헌일 2023-04-05,[F1] drawing_count 0 (도면의 설명 1원소 보유) [F2] 도면 설명 1원소에 도 8개 뭉침
KR 10-2664479 B1,B1,등록특허공보,등록공고,본인 인증 방법 및 장치,9,,,9,D1 D3 D7 D2 D5 D6 D12 D8 D4,[D5] 상세설명에 하위섹션+전문 중복 렌더(섹션 21973자 = 전문 19125 + 하위섹션 3232) / [D6] 도면 미반입인데 패널 노출(서지 도면 수 0건 / 패널 캡션 1개 · 이미지 없음) / [D12] 서지 청구항 수 8개 ↔ 청구범위 목록 14개(삭제 6) 불일치 / [D8] 독립항 목록 8개 중 6개가 본문 '삭제' / [D4] 공개번호(10-2019-0027486)와 표시 일자(2024-05-07) 계열 불일치 · 문헌일 2019-03-15,[F1] drawing_count 0 (도면의 설명 1원소 보유) [F2] 도면 설명 1원소에 도 5개 뭉침
KR 10-2664482 B1,B1,등록특허공보,등록공고,블레이드의 위치가 조정된 인서트 툴,9,,,9,D1 D3 D7 D2 D5 D6 D12 D8 D4,[D5] 상세설명에 하위섹션+전문 중복 렌더(섹션 9008자 = 전문 6672 + 하위섹션 2414) / [D6] 도면 미반입인데 패널 노출(서지 도면 수 0건 / 패널 캡션 1개 · 이미지 없음) / [D12] 서지 청구항 수 2개 ↔ 청구범위 목록 3개(삭제 1) 불일치 / [D8] 독립항 목록 2개 중 1개가 본문 '삭제' / [D4] 공개번호(10-2023-0054524)와 표시 일자(2024-05-14) 계열 불일치 · 문헌일 2023-04-25,[F1] drawing_count 0 (도면의 설명 1원소 보유) [F2] 도면 설명 1원소에 도 3개 뭉침
KR 10-2664484 B1,B1,등록특허공보,등록공고,코일 간격이 유지되는 모터 코일 권선 장치,9,,,9,D1 D3 D7 D2 D5 D6 D12 D8 D4,[D5] 상세설명에 하위섹션+전문 중복 렌더(섹션 11915자 = 전문 8819 + 하위섹션 3218) / [D6] 도면 미반입인데 패널 노출(서지 도면 수 0건 / 패널 캡션 1개 · 이미지 없음) / [D12] 서지 청구항 수 3개 ↔ 청구범위 목록 5개(삭제 2) 불일치 / [D8] 독립항 목록 3개 중 2개가 본문 '삭제' / [D4] 공개번호(10-2023-0083361)와 표시 일자(2024-05-14) 계열 불일치 · 문헌일 2023-06-12,[F1] drawing_count 0 (도면의 설명 1원소 보유)
KR 10-2664501 B1,B1,등록특허공보,등록공고,적층코어의 제조방법,9,,,9,D1 D3 D7 D2 D5 D6 D12 D8 D4,[D5] 상세설명에 하위섹션+전문 중복 렌더(섹션 21151자 = 전문 18080 + 하위섹션 3446) / [D6] 도면 미반입인데 패널 노출(서지 도면 수 0건 / 패널 캡션 1개 · 이미지 없음) / [D12] 서지 청구항 수 7개 ↔ 청구범위 목록 8개(삭제 1) 불일치 / [D8] 독립항 목록 2개 중 1개가 본문 '삭제' / [D4] 공개번호(10-2023-0135915)와 표시 일자(2024-05-09) 계열 불일치 · 문헌일 2023-09-26,[F1] drawing_count 0 (도면의 설명 1원소 보유) [F2] 도면 설명 1원소에 도 10개 뭉침
KR 10-2664601 B1,B1,등록특허공보,등록공고,차량 센서 장치 및 그가 적용된 시트벨트 리트랙터,9,,,9,D1 D3 D7 D2 D5 D6 D12 D8 D4,[D5] 상세설명에 하위섹션+전문 중복 렌더(섹션 30672자 = 전문 27543 + 하위섹션 3839) / [D6] 도면 미반입인데 패널 노출(서지 도면 수 0건 / 패널 캡션 1개 · 이미지 없음) / [D12] 서지 청구항 수 6개 ↔ 청구범위 목록 7개(삭제 1) 불일치 / [D8] 독립항 목록 2개 중 1개가 본문 '삭제' / [D4] 공개번호(10-2024-0010901)와 표시 일자(2024-05-10) 계열 불일치 · 문헌일 2024-01-25,[F1] drawing_count 0 (도면의 설명 1원소 보유) [F2] 도면 설명 1원소에 도 14개 뭉침
KR 10-2664638 B1,B1,등록특허공보,등록공고,커넥터용 와이어링 고정장치,9,,,9,D1 D3 D7 D2 D5 D6 D12 D8 D4,[D5] 상세설명에 하위섹션+전문 중복 렌더(섹션 11224자 = 전문 8504 + 하위섹션 2992) / [D6] 도면 미반입인데 패널 노출(서지 도면 수 0건 / 패널 캡션 1개 · 이미지 없음) / [D12] 서지 청구항 수 7개 ↔ 청구범위 목록 8개(삭제 1) 불일치 / [D8] 독립항 목록 2개 중 1개가 본문 '삭제' / [D4] 공개번호(10-2023-0150158)와 표시 일자(2024-05-10) 계열 불일치 · 문헌일 2023-10-30,[F1] drawing_count 0 (도면의 설명 1원소 보유) [F2] 도면 설명 1원소에 도 8개 뭉침
KR 10-2664678 B1,B1,등록특허공보,등록공고,이동형 멸균 처리 시스템을 이용한 의료폐기물 멸균 처리 방법,9,,,9,D1 D3 D7 D2 D5 D6 D12 D8 D4,[D5] 상세설명에 하위섹션+전문 중복 렌더(섹션 23703자 = 전문 19133 + 하위섹션 4718) / [D6] 도면 미반입인데 패널 노출(서지 도면 수 0건 / 패널 캡션 1개 · 이미지 없음) / [D12] 서지 청구항 수 7개 ↔ 청구범위 목록 9개(삭제 2) 불일치 / [D8] 독립항 목록 3개 중 2개가 본문 '삭제' / [D4] 공개번호(10-2023-0136588)와 표시 일자(2024-05-10) 계열 불일치 · 문헌일 2023-09-26,[F1] drawing_count 0 (도면의 설명 1원소 보유) [F2] 도면 설명 1원소에 도 13개 뭉침
KR 10-2664709 B1,B1,등록특허공보,등록공고,헤드업 디스플레이 장치에서의 백라이트 유닛,9,,,9,D1 D3 D7 D2 D5 D6 D12 D8 D4,[D5] 상세설명에 하위섹션+전문 중복 렌더(섹션 15477자 = 전문 12780 + 하위섹션 2909) / [D6] 도면 미반입인데 패널 노출(서지 도면 수 0건 / 패널 캡션 1개 · 이미지 없음) / [D12] 서지 청구항 수 8개 ↔ 청구범위 목록 9개(삭제 1) 불일치 / [D8] 독립항 목록 2개 중 1개가 본문 '삭제' / [D4] 공개번호(10-2018-0006694)와 표시 일자(2024-05-09) 계열 불일치 · 문헌일 2018-01-19,[F1] drawing_count 0 (도면의 설명 1원소 보유) [F2] 도면 설명 1원소에 도 15개 뭉침
KR 10-2664753 B1,B1,등록특허공보,등록공고,데이터기반 건강기능식품 추천 매칭 서비스 제공 방법 및 시스템,9,,,9,D1 D3 D7 D2 D5 D6 D12 D8 D4b,[D5] 상세설명에 하위섹션+전문 중복 렌더(섹션 22952자 = 전문 19063 + 하위섹션 4099) / [D6] 도면 미반입인데 패널 노출(서지 도면 수 0건 / 패널 캡션 1개 · 이미지 없음) / [D12] 서지 청구항 수 7개 ↔ 청구범위 목록 15개(삭제 8) 불일치 / [D8] 독립항 목록 11개 중 8개가 본문 '삭제' / [D4b] 공개/공고번호 — 인데 공개/공고일(2024-05-09)만 표시,[F1] drawing_count 0 (도면의 설명 1원소 보유) [F2] 도면 설명 1원소에 도 16개 뭉침
KR 10-2664798 B1,B1,등록특허공보,등록공고,"아로니아 복합추출물을 함유하는 항산화, 모공개선 및 소취용 화장료 조성물",9,,,9,D1 D3 D7 D2 D5 D6 D12 D8 D4b,[D5] 상세설명에 하위섹션+전문 중복 렌더(섹션 14291자 = 전문 12915 + 하위섹션 2236) / [D6] 도면 미반입인데 패널 노출(서지 도면 수 0건 / 패널 캡션 1개 · 이미지 없음) / [D12] 서지 청구항 수 10개 ↔ 청구범위 목록 13개(삭제 3) 불일치 / [D8] 독립항 목록 5개 중 3개가 본문 '삭제' / [D4b] 공개/공고번호 — 인데 공개/공고일(2024-05-10)만 표시,[F1] drawing_count 0 (도면의 설명 1원소 보유)
KR 10-2664818 B1,B1,등록특허공보,등록공고,프리휠링 다이오드 오픈 고장 진단 시스템 및 오픈 고장 진단 방법,9,,,9,D1 D3 D7 D2 D5 D6 D12 D8 D4,[D5] 상세설명에 하위섹션+전문 중복 렌더(섹션 15618자 = 전문 12313 + 하위섹션 3456) / [D6] 도면 미반입인데 패널 노출(서지 도면 수 0건 / 패널 캡션 1개 · 이미지 없음) / [D12] 서지 청구항 수 7개 ↔ 청구범위 목록 14개(삭제 7) 불일치 / [D8] 독립항 목록 8개 중 7개가 본문 '삭제' / [D4] 공개번호(10-2023-0065718)와 표시 일자(2024-05-08) 계열 불일치 · 문헌일 2023-05-12,[F1] drawing_count 0 (도면의 설명 1원소 보유) [F2] 도면 설명 1원소에 도 8개 뭉침
KR 10-2664833 B1,B1,등록특허공보,등록공고,나파모스타트 또는 카모스타트를 포함하는 흡입용 제제,9,,,9,D1 D3 D7 D2 D5 D6 D12 D8 D4,[D5] 상세설명에 하위섹션+전문 중복 렌더(섹션 30683자 = 전문 22516 + 하위섹션 8447) / [D6] 도면 미반입인데 패널 노출(서지 도면 수 0건 / 패널 캡션 1개 · 이미지 없음) / [D12] 서지 청구항 수 17개 ↔ 청구범위 목록 21개(삭제 4) 불일치 / [D8] 독립항 목록 5개 중 4개가 본문 '삭제' / [D4] 공개번호(10-2022-0041744)와 표시 일자(2024-05-14) 계열 불일치 · 문헌일 2022-04-01,[F1] drawing_count 0 (도면의 설명 1원소 보유) [F2] 도면 설명 1원소에 도 8개 뭉침
KR 10-2664896 B1,B1,등록특허공보,등록공고,디스플레이 공정용 보호필름,9,,,9,D1 D3 D7 D2 D5 D6 D12 D8 D4,[D5] 상세설명에 하위섹션+전문 중복 렌더(섹션 21485자 = 전문 18648 + 하위섹션 3281) / [D6] 도면 미반입인데 패널 노출(서지 도면 수 0건 / 패널 캡션 1개 · 이미지 없음) / [D12] 서지 청구항 수 11개 ↔ 청구범위 목록 12개(삭제 1) 불일치 / [D8] 독립항 목록 2개 중 1개가 본문 '삭제' / [D4] 공개번호(10-2020-0034264)와 표시 일자(2024-05-08) 계열 불일치 · 문헌일 2020-03-31,[F1] drawing_count 0 (도면의 설명 1원소 보유)
KR 10-2664948 B1,B1,등록특허공보,등록공고,인공 지능 모델에 대한 입력 데이터를 전처리하기 위한 장치 및 이를 위한 방법,9,,,9,D1 D3 D7 D2 D5 D6 D12 D8 D4b,[D5] 상세설명에 하위섹션+전문 중복 렌더(섹션 23706자 = 전문 19788 + 하위섹션 4396) / [D6] 도면 미반입인데 패널 노출(서지 도면 수 0건 / 패널 캡션 1개 · 이미지 없음) / [D12] 서지 청구항 수 14개 ↔ 청구범위 목록 20개(삭제 6) 불일치 / [D8] 독립항 목록 8개 중 6개가 본문 '삭제' / [D4b] 공개/공고번호 — 인데 공개/공고일(2024-05-10)만 표시,[F1] drawing_count 0 (도면의 설명 1원소 보유) [F2] 도면 설명 1원소에 도 14개 뭉침
KR 10-2665026 B1,B1,등록특허공보,등록공고,"디지털 트윈 기반의 가상 인솔을 이용한 맞춤형 인솔 설계 방법, 가상 인솔의 설계 방법 및 설계 단말",9,,,9,D1 D3 D7 D2 D5 D6 D12 D8 D4,[D5] 상세설명에 하위섹션+전문 중복 렌더(섹션 30155자 = 전문 24396 + 하위섹션 6101) / [D6] 도면 미반입인데 패널 노출(서지 도면 수 0건 / 패널 캡션 1개 · 이미지 없음) / [D12] 서지 청구항 수 8개 ↔ 청구범위 목록 10개(삭제 2) 불일치 / [D8] 독립항 목록 4개 중 2개가 본문 '삭제' / [D4] 공개번호(10-2023-0055313)와 표시 일자(2024-05-13) 계열 불일치 · 문헌일 2023-04-25,[F1] drawing_count 0 (도면의 설명 1원소 보유) [F2] 도면 설명 1원소에 도 30개 뭉침
KR 10-2665101 B1,B1,등록특허공보,등록공고,주름관리더,9,,,9,D1 D3 D7 D2 D5 D6 D12 D8 D4,[D5] 상세설명에 하위섹션+전문 중복 렌더(섹션 8747자 = 전문 7132 + 하위섹션 1696) / [D6] 도면 미반입인데 패널 노출(서지 도면 수 0건 / 패널 캡션 1개 · 이미지 없음) / [D12] 서지 청구항 수 7개 ↔ 청구범위 목록 8개(삭제 1) 불일치 / [D8] 독립항 목록 2개 중 1개가 본문 '삭제' / [D4] 공개번호(10-2023-0120279)와 표시 일자(2024-05-09) 계열 불일치 · 문헌일 2023-08-17,[F1] drawing_count 0 (도면의 설명 1원소 보유) [F2] 도면 설명 1원소에 도 12개 뭉침
KR 10-2665112 B1,B1,등록특허공보,등록공고,분리막 및 이를 포함하는 전기화학소자,9,,,9,D1 D3 D7 D2 D5 D6 D12 D8 D4,[D5] 상세설명에 하위섹션+전문 중복 렌더(섹션 20596자 = 전문 16926 + 하위섹션 4295) / [D6] 도면 미반입인데 패널 노출(서지 도면 수 0건 / 패널 캡션 1개 · 이미지 없음) / [D12] 서지 청구항 수 7개 ↔ 청구범위 목록 9개(삭제 2) 불일치 / [D8] 독립항 목록 3개 중 2개가 본문 '삭제' / [D4] 공개번호(10-2023-0140442)와 표시 일자(2024-05-14) 계열 불일치 · 문헌일 2023-10-06,[F1] drawing_count 0 (도면의 설명 1원소 보유)
KR 10-2665168 B1,B1,등록특허공보,등록공고,수족 온열치료기,9,,,9,D1 D3 D7 D2 D5 D6 D12 D8 D4b,[D5] 상세설명에 하위섹션+전문 중복 렌더(섹션 20522자 = 전문 15934 + 하위섹션 4830) / [D6] 도면 미반입인데 패널 노출(서지 도면 수 0건 / 패널 캡션 1개 · 이미지 없음) / [D12] 서지 청구항 수 6개 ↔ 청구범위 목록 9개(삭제 3) 불일치 / [D8] 독립항 목록 4개 중 3개가 본문 '삭제' / [D4b] 공개/공고번호 — 인데 공개/공고일(2024-05-10)만 표시,[F1] drawing_count 0 (도면의 설명 1원소 보유) [F2] 도면 설명 1원소에 도 6개 뭉침
KR 10-2665174 B1,B1,등록특허공보,등록공고,이상 탐지를 위한 전자 장치,9,,,9,D1 D3 D7 D2 D5 D6 D12 D8 D4b,[D5] 상세설명에 하위섹션+전문 중복 렌더(섹션 23090자 = 전문 19834 + 하위섹션 3445) / [D6] 도면 미반입인데 패널 노출(서지 도면 수 0건 / 패널 캡션 1개 · 이미지 없음) / [D12] 서지 청구항 수 9개 ↔ 청구범위 목록 10개(삭제 1) 불일치 / [D8] 독립항 목록 2개 중 1개가 본문 '삭제' / [D4b] 공개/공고번호 — 인데 공개/공고일(2024-05-13)만 표시,[F1] drawing_count 0 (도면의 설명 1원소 보유) [F2] 도면 설명 1원소에 도 9개 뭉침
KR 10-2665259 B1,B1,등록특허공보,등록공고,반도체 장치 및 반도체 장치의 테스트 방법,9,,,9,D1 D3 D7 D2 D5 D6 D12 D8 D4,[D5] 상세설명에 하위섹션+전문 중복 렌더(섹션 16804자 = 전문 14949 + 하위섹션 2011) / [D6] 도면 미반입인데 패널 노출(서지 도면 수 0건 / 패널 캡션 1개 · 이미지 없음) / [D12] 서지 청구항 수 17개 ↔ 청구범위 목록 20개(삭제 3) 불일치 / [D8] 독립항 목록 6개 중 3개가 본문 '삭제' / [D4] 공개번호(10-2018-0089632)와 표시 일자(2024-05-09) 계열 불일치 · 문헌일 2018-08-09,[F1] drawing_count 0 (도면의 설명 1원소 보유) [F2] 도면 설명 1원소에 도 6개 뭉침
KR 10-2665262 B1,B1,등록특허공보,등록공고,폴리실리콘 슬러지 및 제철분진을 포함하는 연약지반용 고화제 조성물 및 이를 이용한 시공방법,9,,,9,D1 D3 D7 D2 D5 D12 D8 D8c D4b,[D5] 상세설명에 하위섹션+전문 중복 렌더(섹션 29242자 = 전문 26372 + 하위섹션 3974) / [D12] 서지 청구항 수 2개 ↔ 청구범위 목록 5개(삭제 3) 불일치 / [D8] 독립항 목록 5개 중 3개가 본문 '삭제' / [D8c] 종속항 0 · 삭제항 3 → 독립/전체 토글 결과 동일(5개) / [D4b] 공개/공고번호 — 인데 공개/공고일(2024-05-10)만 표시,
KR 10-2665266 B1,B1,등록특허공보,등록공고,옥외 광고용 컨텐츠를 송출하기 위한 사이니지 및 방법,9,,,9,D1 D3 D7 D2 D5 D6 D12 D8 D4b,[D5] 상세설명에 하위섹션+전문 중복 렌더(섹션 64923자 = 전문 58064 + 하위섹션 7235) / [D6] 도면 미반입인데 패널 노출(서지 도면 수 0건 / 패널 캡션 1개 · 이미지 없음) / [D12] 서지 청구항 수 16개 ↔ 청구범위 목록 18개(삭제 2) 불일치 / [D8] 독립항 목록 5개 중 2개가 본문 '삭제' / [D4b] 공개/공고번호 — 인데 공개/공고일(2024-05-10)만 표시,[F1] drawing_count 0 (도면의 설명 1원소 보유) [F2] 도면 설명 1원소에 도 9개 뭉침
KR 10-2665288 B1,B1,등록특허공보,등록공고,온라인 경매 진행 서버 및 이를 이용한 온라인 경매 방법,9,,,9,D1 D3 D7 D2 D5 D6 D12 D8 D4,[D5] 상세설명에 하위섹션+전문 중복 렌더(섹션 19176자 = 전문 16038 + 하위섹션 3323) / [D6] 도면 미반입인데 패널 노출(서지 도면 수 0건 / 패널 캡션 1개 · 이미지 없음) / [D12] 서지 청구항 수 5개 ↔ 청구범위 목록 12개(삭제 7) 불일치 / [D8] 독립항 목록 8개 중 7개가 본문 '삭제' / [D4] 공개번호(10-2023-0041166)와 표시 일자(2024-05-09) 계열 불일치 · 문헌일 2023-03-24,[F1] drawing_count 0 (도면의 설명 1원소 보유) [F2] 도면 설명 1원소에 도 5개 뭉침
KR 10-2665344 B1,B1,등록특허공보,등록공고,광물질 및 축산뇨를 활용한 액상 타입의 탈취제 및 그 제조 방법,9,,,9,D1 D3 D7 D2 D5 D6 D12 D8 D4b,[D5] 상세설명에 하위섹션+전문 중복 렌더(섹션 19777자 = 전문 16711 + 하위섹션 3549) / [D6] 도면 미반입인데 패널 노출(서지 도면 수 0건 / 패널 캡션 1개 · 이미지 없음) / [D12] 서지 청구항 수 4개 ↔ 청구범위 목록 7개(삭제 3) 불일치 / [D8] 독립항 목록 4개 중 3개가 본문 '삭제' / [D4b] 공개/공고번호 — 인데 공개/공고일(2024-05-10)만 표시,[F1] drawing_count 0 (도면의 설명 1원소 보유)
KR 10-2665358 B1,B1,등록특허공보,등록공고,다중 물질 전달 마이크로 시스템,9,,,9,D1 D3 D7 D2 D5 D6 D12 D8 D4,[D5] 상세설명에 하위섹션+전문 중복 렌더(섹션 27178자 = 전문 22467 + 하위섹션 5046) / [D6] 도면 미반입인데 패널 노출(서지 도면 수 0건 / 패널 캡션 1개 · 이미지 없음) / [D12] 서지 청구항 수 13개 ↔ 청구범위 목록 14개(삭제 1) 불일치 / [D8] 독립항 목록 2개 중 1개가 본문 '삭제' / [D4] 공개번호(10-2022-0060470)와 표시 일자(2024-05-10) 계열 불일치 · 문헌일 2022-05-11,[F1] drawing_count 0 (도면의 설명 1원소 보유) [F2] 도면 설명 1원소에 도 42개 뭉침
KR 10-2665410 B1,B1,등록특허공보,등록공고,메모리 장치의 내부 프로세싱 동작 방법,9,,,9,D1 D3 D7 D2 D5 D6 D12 D8 D4,[D5] 상세설명에 하위섹션+전문 중복 렌더(섹션 33569자 = 전문 30316 + 하위섹션 3621) / [D6] 도면 미반입인데 패널 노출(서지 도면 수 0건 / 패널 캡션 1개 · 이미지 없음) / [D12] 서지 청구항 수 19개 ↔ 청구범위 목록 20개(삭제 1) 불일치 / [D8] 독립항 목록 3개 중 1개가 본문 '삭제' / [D4] 공개번호(10-2020-0013461)와 표시 일자(2024-05-13) 계열 불일치 · 문헌일 2020-02-07,[F1] drawing_count 0 (도면의 설명 1원소 보유) [F2] 도면 설명 1원소에 도 9개 뭉침
KR 10-2665412 B1,B1,등록특허공보,등록공고,멀티-랭크들의 온-다이 터미네이션(ODT) 셋팅을 최적화하는 방법 및 메모리 시스템,9,,,9,D1 D3 D7 D2 D5 D6 D12 D8 D4,[D5] 상세설명에 하위섹션+전문 중복 렌더(섹션 25655자 = 전문 22908 + 하위섹션 3017) / [D6] 도면 미반입인데 패널 노출(서지 도면 수 0건 / 패널 캡션 1개 · 이미지 없음) / [D12] 서지 청구항 수 16개 ↔ 청구범위 목록 20개(삭제 4) 불일치 / [D8] 독립항 목록 8개 중 4개가 본문 '삭제' / [D4] 공개번호(10-2019-0113507)와 표시 일자(2024-05-20) 계열 불일치 · 문헌일 2019-10-08,[F1] drawing_count 0 (도면의 설명 1원소 보유) [F2] 도면 설명 1원소에 도 18개 뭉침
KR 10-2665428 B1,B1,등록특허공보,등록공고,개질 반응기 및 이를 포함하는 개질 반응 시스템,9,,,9,D1 D3 D7 D2 D5 D6 D12 D8 D4,[D5] 상세설명에 하위섹션+전문 중복 렌더(섹션 18486자 = 전문 14940 + 하위섹션 3735) / [D6] 도면 미반입인데 패널 노출(서지 도면 수 0건 / 패널 캡션 1개 · 이미지 없음) / [D12] 서지 청구항 수 15개 ↔ 청구범위 목록 16개(삭제 1) 불일치 / [D8] 독립항 목록 2개 중 1개가 본문 '삭제' / [D4] 공개번호(10-2023-0082935)와 표시 일자(2024-05-09) 계열 불일치 · 문헌일 2023-06-09,[F1] drawing_count 0 (도면의 설명 1원소 보유) [F2] 도면 설명 1원소에 도 13개 뭉침
KR 10-2665433 B1,B1,등록특허공보,등록공고,비상 시 선박의 전력 제어 방법 및 그 장치,9,,,9,D1 D3 D7 D2 D5 D6 D12 D8 D4,[D5] 상세설명에 하위섹션+전문 중복 렌더(섹션 11286자 = 전문 9040 + 하위섹션 2339) / [D6] 도면 미반입인데 패널 노출(서지 도면 수 0건 / 패널 캡션 1개 · 이미지 없음) / [D12] 서지 청구항 수 4개 ↔ 청구범위 목록 8개(삭제 4) 불일치 / [D8] 독립항 목록 6개 중 4개가 본문 '삭제' / [D4] 공개번호(10-2023-0101494)와 표시 일자(2024-05-09) 계열 불일치 · 문헌일 2023-07-06,[F1] drawing_count 0 (도면의 설명 1원소 보유)
KR 10-2665466 B1,B1,등록특허공보,등록공고,모터 다이나모미터의 축 정렬 장치 및 방법,9,,,9,D1 D3 D7 D2 D5 D6 D12 D8 D4,[D5] 상세설명에 하위섹션+전문 중복 렌더(섹션 18068자 = 전문 13227 + 하위섹션 4985) / [D6] 도면 미반입인데 패널 노출(서지 도면 수 0건 / 패널 캡션 1개 · 이미지 없음) / [D12] 서지 청구항 수 6개 ↔ 청구범위 목록 11개(삭제 5) 불일치 / [D8] 독립항 목록 7개 중 5개가 본문 '삭제' / [D4] 공개번호(10-2023-0076283)와 표시 일자(2024-05-10) 계열 불일치 · 문헌일 2023-05-31,[F1] drawing_count 0 (도면의 설명 1원소 보유) [F2] 도면 설명 1원소에 도 7개 뭉침
KR 10-2665633 B1,B1,등록특허공보,등록공고,스마트 키오스크 시스템,9,,,9,D1 D3 D7 D2 D5 D6 D12 D8 D4b,[D5] 상세설명에 하위섹션+전문 중복 렌더(섹션 18641자 = 전문 14846 + 하위섹션 4035) / [D6] 도면 미반입인데 패널 노출(서지 도면 수 0건 / 패널 캡션 1개 · 이미지 없음) / [D12] 서지 청구항 수 9개 ↔ 청구범위 목록 10개(삭제 1) 불일치 / [D8] 독립항 목록 2개 중 1개가 본문 '삭제' / [D4b] 공개/공고번호 — 인데 공개/공고일(2024-05-13)만 표시,[F1] drawing_count 0 (도면의 설명 1원소 보유) [F2] 도면 설명 1원소에 도 6개 뭉침
KR 10-2665693 B1,B1,등록특허공보,등록공고,의약품 자동 조제 장치,9,,,9,D1 D3 D7 D2 D5 D6 D12 D8 D4b,[D5] 상세설명에 하위섹션+전문 중복 렌더(섹션 32008자 = 전문 29538 + 하위섹션 2671) / [D6] 도면 미반입인데 패널 노출(서지 도면 수 0건 / 패널 캡션 1개 · 이미지 없음) / [D12] 서지 청구항 수 4개 ↔ 청구범위 목록 5개(삭제 1) 불일치 / [D8] 독립항 목록 2개 중 1개가 본문 '삭제' / [D4b] 공개/공고번호 — 인데 공개/공고일(2024-05-10)만 표시,[F1] drawing_count 0 (도면의 설명 1원소 보유) [F2] 도면 설명 1원소에 도 7개 뭉침
KR 10-2665695 B1,B1,등록특허공보,등록공고,"메틸설포닐메테인을 포함하는 상처치유 또는 피부재생용 조성물, 이를 이용한 상처치유 또는 피부재생 촉진제 및 ",9,,,9,D1 D3 D7 D2 D5 D6 D12 D8 D4,[D5] 상세설명에 하위섹션+전문 중복 렌더(섹션 12059자 = 전문 9855 + 하위섹션 2519) / [D6] 도면 미반입인데 패널 노출(서지 도면 수 0건 / 패널 캡션 1개 · 이미지 없음) / [D12] 서지 청구항 수 5개 ↔ 청구범위 목록 10개(삭제 5) 불일치 / [D8] 독립항 목록 7개 중 5개가 본문 '삭제' / [D4] 공개번호(10-2022-0009911)와 표시 일자(2024-05-14) 계열 불일치 · 문헌일 2022-01-25,[F1] drawing_count 0 (도면의 설명 1원소 보유) [F2] 도면 설명 1원소에 도 3개 뭉침
KR 10-2665697 B1,B1,등록특허공보,등록공고,사이버 공격에 의한 임무 체계 피해 산출 장치 및 방법,9,,,9,D1 D3 D7 D2 D5 D6 D12 D8 D4b,[D5] 상세설명에 하위섹션+전문 중복 렌더(섹션 11815자 = 전문 10111 + 하위섹션 1831) / [D6] 도면 미반입인데 패널 노출(서지 도면 수 0건 / 패널 캡션 1개 · 이미지 없음) / [D12] 서지 청구항 수 5개 ↔ 청구범위 목록 7개(삭제 2) 불일치 / [D8] 독립항 목록 4개 중 2개가 본문 '삭제' / [D4b] 공개/공고번호 — 인데 공개/공고일(2024-05-10)만 표시,[F1] drawing_count 0 (도면의 설명 1원소 보유) [F2] 도면 설명 1원소에 도 5개 뭉침
KR 10-2665716 B1,B1,등록특허공보,등록공고,처리액 분사 노즐,9,,,9,D1 D3 D7 D2 D5 D6 D12 D8 D4b,[D5] 상세설명에 하위섹션+전문 중복 렌더(섹션 15857자 = 전문 11310 + 하위섹션 4765) / [D6] 도면 미반입인데 패널 노출(서지 도면 수 0건 / 패널 캡션 1개 · 이미지 없음) / [D12] 서지 청구항 수 5개 ↔ 청구범위 목록 11개(삭제 6) 불일치 / [D8] 독립항 목록 7개 중 6개가 본문 '삭제' / [D4b] 공개/공고번호 — 인데 공개/공고일(2024-05-13)만 표시,[F1] drawing_count 0 (도면의 설명 1원소 보유) [F2] 도면 설명 1원소에 도 5개 뭉침
KR 10-2665732 B1,B1,등록특허공보,등록공고,일라이트를 포함하는 토양 개량제,9,,,9,D1 D3 D7 D2 D5 D6 D12 D8 D4,[D5] 상세설명에 하위섹션+전문 중복 렌더(섹션 14841자 = 전문 13279 + 하위섹션 2321) / [D6] 도면 미반입인데 패널 노출(서지 도면 수 0건 / 패널 캡션 1개 · 이미지 없음) / [D12] 서지 청구항 수 6개 ↔ 청구범위 목록 10개(삭제 4) 불일치 / [D8] 독립항 목록 5개 중 4개가 본문 '삭제' / [D4] 공개번호(10-2023-0150521)와 표시 일자(2024-05-10) 계열 불일치 · 문헌일 2023-10-31,[F1] drawing_count 0 (도면의 설명 1원소 보유) [F2] 도면 설명 1원소에 도 7개 뭉침
KR 10-2665766 B1,B1,등록특허공보,등록공고,디지털 표시장치 및 그 구동방법,9,,,9,D1 D3 D7 D2 D5 D6 D12 D8 D4,[D5] 상세설명에 하위섹션+전문 중복 렌더(섹션 28436자 = 전문 24261 + 하위섹션 4548) / [D6] 도면 미반입인데 패널 노출(서지 도면 수 0건 / 패널 캡션 1개 · 이미지 없음) / [D12] 서지 청구항 수 9개 ↔ 청구범위 목록 10개(삭제 1) 불일치 / [D8] 독립항 목록 3개 중 1개가 본문 '삭제' / [D4] 공개번호(10-2023-0129676)와 표시 일자(2024-05-14) 계열 불일치 · 문헌일 2023-09-11,[F1] drawing_count 0 (도면의 설명 1원소 보유) [F2] 도면 설명 1원소에 도 12개 뭉침
KR 10-2665774 B1,B1,등록특허공보,등록공고,쉴드캔 구조를 포함하는 전자 장치,9,,,9,D1 D3 D7 D2 D5 D6 D12 D8 D4,[D5] 상세설명에 하위섹션+전문 중복 렌더(섹션 43474자 = 전문 39412 + 하위섹션 4455) / [D6] 도면 미반입인데 패널 노출(서지 도면 수 0건 / 패널 캡션 1개 · 이미지 없음) / [D12] 서지 청구항 수 10개 ↔ 청구범위 목록 20개(삭제 10) 불일치 / [D8] 독립항 목록 12개 중 10개가 본문 '삭제' / [D4] 공개번호(10-2021-0017233)와 표시 일자(2024-05-14) 계열 불일치 · 문헌일 2021-02-17,[F1] drawing_count 0 (도면의 설명 1원소 보유) [F2] 도면 설명 1원소에 도 21개 뭉침
KR 10-2665831 B1,B1,등록특허공보,등록공고,사람 추종 모드로 이동하는 방법 및 이를 구현하는 로봇,9,,,9,D1 D3 D7 D2 D5 D6 D12 D8 D4b,[D5] 상세설명에 하위섹션+전문 중복 렌더(섹션 18521자 = 전문 16012 + 하위섹션 2629) / [D6] 도면 미반입인데 패널 노출(서지 도면 수 0건 / 패널 캡션 1개 · 이미지 없음) / [D12] 서지 청구항 수 3개 ↔ 청구범위 목록 5개(삭제 2) 불일치 / [D8] 독립항 목록 4개 중 2개가 본문 '삭제' / [D4b] 공개/공고번호 — 인데 공개/공고일(2024-05-13)만 표시,[F1] drawing_count 0 (도면의 설명 1원소 보유) [F2] 도면 설명 1원소에 도 17개 뭉침
KR 10-2665918 B1,B1,등록특허공보,등록공고,카운터웨이트용 중량조절물 충진장치 및 충진방법,9,,,9,D1 D3 D7 D2 D5 D6 D12 D8 D4,[D5] 상세설명에 하위섹션+전문 중복 렌더(섹션 16630자 = 전문 12323 + 하위섹션 4555) / [D6] 도면 미반입인데 패널 노출(서지 도면 수 0건 / 패널 캡션 1개 · 이미지 없음) / [D12] 서지 청구항 수 5개 ↔ 청구범위 목록 6개(삭제 1) 불일치 / [D8] 독립항 목록 2개 중 1개가 본문 '삭제' / [D4] 공개번호(10-2023-0093670)와 표시 일자(2024-05-13) 계열 불일치 · 문헌일 2023-06-27,[F1] drawing_count 0 (도면의 설명 1원소 보유) [F2] 도면 설명 1원소에 도 10개 뭉침
KR 10-2665939 B1,B1,등록특허공보,등록공고,무단 변속기용 커버 하우징의 유압관로 검사장치,9,,,9,D1 D3 D7 D2 D5 D6 D12 D8 D4,[D5] 상세설명에 하위섹션+전문 중복 렌더(섹션 19343자 = 전문 14462 + 하위섹션 5119) / [D6] 도면 미반입인데 패널 노출(서지 도면 수 0건 / 패널 캡션 1개 · 이미지 없음) / [D12] 서지 청구항 수 8개 ↔ 청구범위 목록 9개(삭제 1) 불일치 / [D8] 독립항 목록 2개 중 1개가 본문 '삭제' / [D4] 공개번호(10-2022-0135142)와 표시 일자(2024-05-14) 계열 불일치 · 문헌일 2022-10-06,[F1] drawing_count 0 (도면의 설명 1원소 보유) [F2] 도면 설명 1원소에 도 9개 뭉침
KR 10-2665944 B1,B1,등록특허공보,등록공고,천공 가능 여부를 알려주는 스마트 천공기,9,,,9,D1 D3 D7 D2 D5 D6 D12 D8 D4b,[D5] 상세설명에 하위섹션+전문 중복 렌더(섹션 23320자 = 전문 18979 + 하위섹션 4664) / [D6] 도면 미반입인데 패널 노출(서지 도면 수 0건 / 패널 캡션 1개 · 이미지 없음) / [D12] 서지 청구항 수 8개 ↔ 청구범위 목록 10개(삭제 2) 불일치 / [D8] 독립항 목록 3개 중 2개가 본문 '삭제' / [D4b] 공개/공고번호 — 인데 공개/공고일(2024-05-14)만 표시,[F1] drawing_count 0 (도면의 설명 1원소 보유) [F2] 도면 설명 1원소에 도 21개 뭉침
KR 10-2666047 B1,B1,등록특허공보,등록공고,비휘발성 메모리 장치,9,,,9,D1 D3 D7 D2 D5 D6 D12 D8 D4,[D5] 상세설명에 하위섹션+전문 중복 렌더(섹션 19668자 = 전문 17716 + 하위섹션 2114) / [D6] 도면 미반입인데 패널 노출(서지 도면 수 0건 / 패널 캡션 1개 · 이미지 없음) / [D12] 서지 청구항 수 18개 ↔ 청구범위 목록 20개(삭제 2) 불일치 / [D8] 독립항 목록 5개 중 2개가 본문 '삭제' / [D4] 공개번호(10-2020-0114987)와 표시 일자(2024-05-14) 계열 불일치 · 문헌일 2020-10-07,[F1] drawing_count 0 (도면의 설명 1원소 보유) [F2] 도면 설명 1원소에 도 11개 뭉침
KR 10-2666076 B1,B1,등록특허공보,등록공고,이상 진단 기능을 구비한 이동체 스테이션 장치,9,,,9,D1 D3 D7 D2 D5 D6 D12 D8 D4,[D5] 상세설명에 하위섹션+전문 중복 렌더(섹션 11907자 = 전문 9516 + 하위섹션 2551) / [D6] 도면 미반입인데 패널 노출(서지 도면 수 0건 / 패널 캡션 1개 · 이미지 없음) / [D12] 서지 청구항 수 5개 ↔ 청구범위 목록 7개(삭제 2) 불일치 / [D8] 독립항 목록 3개 중 2개가 본문 '삭제' / [D4] 공개번호(10-2023-0035160)와 표시 일자(2024-05-14) 계열 불일치 · 문헌일 2023-03-13,[F1] drawing_count 0 (도면의 설명 1원소 보유)
KR 10-2666090 B1,B1,등록특허공보,등록공고,감지기선로 인가전압에 따라 경보를 발생시키는 화재감지기 및 경보발생장치,9,,,9,D1 D3 D7 D2 D5 D6 D12 D8 D4,[D5] 상세설명에 하위섹션+전문 중복 렌더(섹션 66141자 = 전문 46859 + 하위섹션 19766) / [D6] 도면 미반입인데 패널 노출(서지 도면 수 0건 / 패널 캡션 1개 · 이미지 없음) / [D12] 서지 청구항 수 18개 ↔ 청구범위 목록 24개(삭제 6) 불일치 / [D8] 독립항 목록 19개 중 6개가 본문 '삭제' / [D4] 공개번호(10-2024-0034554)와 표시 일자(2024-05-14) 계열 불일치 · 문헌일 2024-03-14,[F1] drawing_count 0 (도면의 설명 1원소 보유) [F2] 도면 설명 1원소에 도 25개 뭉침
KR 10-2666184 B1,B1,등록특허공보,등록공고,재생에너지를 활용한 수소 열교환 시스템,9,,,9,D1 D3 D7 D2 D5 D6 D12 D8 D4b,[D5] 상세설명에 하위섹션+전문 중복 렌더(섹션 46956자 = 전문 41912 + 하위섹션 6548) / [D6] 도면 미반입인데 패널 노출(서지 도면 수 0건 / 패널 캡션 1개 · 이미지 없음) / [D12] 서지 청구항 수 5개 ↔ 청구범위 목록 8개(삭제 3) 불일치 / [D8] 독립항 목록 4개 중 3개가 본문 '삭제' / [D4b] 공개/공고번호 — 인데 공개/공고일(2024-05-17)만 표시,[F1] drawing_count 0 (도면의 설명 1원소 보유) [F2] 도면 설명 1원소에 도 8개 뭉침
KR 10-2666247 B1,B1,등록특허공보,등록공고,프롬프트 자동 생성을 통한 생성형 딥러닝 모델 학습 데이터 생성 방법,9,,,9,D1 D3 D7 D2 D5 D6 D12 D8 D4b,[D5] 상세설명에 하위섹션+전문 중복 렌더(섹션 17228자 = 전문 14129 + 하위섹션 3327) / [D6] 도면 미반입인데 패널 노출(서지 도면 수 0건 / 패널 캡션 1개 · 이미지 없음) / [D12] 서지 청구항 수 6개 ↔ 청구범위 목록 7개(삭제 1) 불일치 / [D8] 독립항 목록 2개 중 1개가 본문 '삭제' / [D4b] 공개/공고번호 — 인데 공개/공고일(2024-05-16)만 표시,[F1] drawing_count 0 (도면의 설명 1원소 보유) [F2] 도면 설명 1원소에 도 8개 뭉침
KR 10-2666315 B1,B1,등록특허공보,등록공고,"ADAS를 위한 카메라 시스템과, 교차로 충돌 방지 시스템 및 방법",9,,,9,D1 D3 D7 D2 D5 D6 D12 D8 D4,[D5] 상세설명에 하위섹션+전문 중복 렌더(섹션 41285자 = 전문 36315 + 하위섹션 5242) / [D6] 도면 미반입인데 패널 노출(서지 도면 수 0건 / 패널 캡션 1개 · 이미지 없음) / [D12] 서지 청구항 수 14개 ↔ 청구범위 목록 15개(삭제 1) 불일치 / [D8] 독립항 목록 2개 중 1개가 본문 '삭제' / [D4] 공개번호(10-2018-0085546)와 표시 일자(2024-05-16) 계열 불일치 · 문헌일 2018-07-27,[F1] drawing_count 0 (도면의 설명 1원소 보유) [F2] 도면 설명 1원소에 도 11개 뭉침
KR 10-2666374 B1,B1,등록특허공보,등록공고,배터리 시스템용 수동 서비스 분리 장치,9,,,9,D1 D3 D7 D2 D5 D6 D12 D8 D4,[D5] 상세설명에 하위섹션+전문 중복 렌더(섹션 15432자 = 전문 12602 + 하위섹션 3036) / [D6] 도면 미반입인데 패널 노출(서지 도면 수 0건 / 패널 캡션 1개 · 이미지 없음) / [D12] 서지 청구항 수 7개 ↔ 청구범위 목록 8개(삭제 1) 불일치 / [D8] 독립항 목록 2개 중 1개가 본문 '삭제' / [D4] 공개번호(10-2018-0086769)와 표시 일자(2024-05-17) 계열 불일치 · 문헌일 2018-08-01,[F1] drawing_count 0 (도면의 설명 1원소 보유) [F2] 도면 설명 1원소에 도 19개 뭉침
KR 10-2666376 B1,B1,등록특허공보,등록공고,차량용 제동장치,9,,,9,D1 D3 D7 D2 D5 D6 D12 D8 D4,[D5] 상세설명에 하위섹션+전문 중복 렌더(섹션 17496자 = 전문 13873 + 하위섹션 3839) / [D6] 도면 미반입인데 패널 노출(서지 도면 수 0건 / 패널 캡션 1개 · 이미지 없음) / [D12] 서지 청구항 수 5개 ↔ 청구범위 목록 12개(삭제 7) 불일치 / [D8] 독립항 목록 8개 중 7개가 본문 '삭제' / [D4] 공개번호(10-2020-0142983)와 표시 일자(2024-05-17) 계열 불일치 · 문헌일 2020-12-23,[F1] drawing_count 0 (도면의 설명 1원소 보유) [F2] 도면 설명 1원소에 도 10개 뭉침
KR 10-2666446 B1,B1,등록특허공보,등록공고,심층 인공 신경망을 이용한 이미지 생성 시스템 및 이미지 생성 방법,9,,,9,D1 D3 D7 D2 D5 D6 D12 D8 D4,[D5] 상세설명에 하위섹션+전문 중복 렌더(섹션 48173자 = 전문 39189 + 하위섹션 9599) / [D6] 도면 미반입인데 패널 노출(서지 도면 수 0건 / 패널 캡션 1개 · 이미지 없음) / [D12] 서지 청구항 수 10개 ↔ 청구범위 목록 12개(삭제 2) 불일치 / [D8] 독립항 목록 4개 중 2개가 본문 '삭제' / [D4] 공개번호(10-2022-0106330)와 표시 일자(2024-05-14) 계열 불일치 · 문헌일 2022-07-29,[F1] drawing_count 0 (도면의 설명 1원소 보유) [F2] 도면 설명 1원소에 도 31개 뭉침
KR 10-2666452 B1,B1,등록특허공보,등록공고,취성 멤브레인의 필터 성능 측정 장치,9,,,9,D1 D3 D7 D2 D5 D6 D12 D8 D4,[D5] 상세설명에 하위섹션+전문 중복 렌더(섹션 17382자 = 전문 13970 + 하위섹션 3563) / [D6] 도면 미반입인데 패널 노출(서지 도면 수 0건 / 패널 캡션 1개 · 이미지 없음) / [D12] 서지 청구항 수 6개 ↔ 청구범위 목록 8개(삭제 2) 불일치 / [D8] 독립항 목록 3개 중 2개가 본문 '삭제' / [D4] 공개번호(10-2023-0105945)와 표시 일자(2024-05-14) 계열 불일치 · 문헌일 2023-07-12,[F1] drawing_count 0 (도면의 설명 1원소 보유) [F2] 도면 설명 1원소에 도 8개 뭉침
KR 10-2666522 B1,B1,등록특허공보,등록공고,황화 리튬의 제조방법,9,,,9,D1 D3 D7 D2 D5 D6 D12 D8 D4b,[D5] 상세설명에 하위섹션+전문 중복 렌더(섹션 19779자 = 전문 13392 + 하위섹션 6678) / [D6] 도면 미반입인데 패널 노출(서지 도면 수 0건 / 패널 캡션 1개 · 이미지 없음) / [D12] 서지 청구항 수 6개 ↔ 청구범위 목록 9개(삭제 3) 불일치 / [D8] 독립항 목록 4개 중 3개가 본문 '삭제' / [D4b] 공개/공고번호 — 인데 공개/공고일(2024-05-16)만 표시,[F1] drawing_count 0 (도면의 설명 1원소 보유) [F2] 도면 설명 1원소에 도 6개 뭉침
KR 10-2666559 B1,B1,등록특허공보,등록공고,선박 손상 검사용 로봇 시스템 및 그 제어방법,9,,,9,D1 D3 D7 D2 D5 D6 D12 D8 D4,[D5] 상세설명에 하위섹션+전문 중복 렌더(섹션 15694자 = 전문 12608 + 하위섹션 3207) / [D6] 도면 미반입인데 패널 노출(서지 도면 수 0건 / 패널 캡션 1개 · 이미지 없음) / [D12] 서지 청구항 수 8개 ↔ 청구범위 목록 10개(삭제 2) 불일치 / [D8] 독립항 목록 3개 중 2개가 본문 '삭제' / [D4] 공개번호(10-2023-0090939)와 표시 일자(2024-05-14) 계열 불일치 · 문헌일 2023-06-22,[F1] drawing_count 0 (도면의 설명 1원소 보유) [F2] 도면 설명 1원소에 도 9개 뭉침
KR 10-2666577 B1,B1,등록특허공보,등록공고,인공지능 기반 인테리어 시공 발주 주문 시스템,9,,,9,D1 D3 D7 D2 D5 D6 D12 D8 D4b,[D5] 상세설명에 하위섹션+전문 중복 렌더(섹션 20917자 = 전문 14996 + 하위섹션 6103) / [D6] 도면 미반입인데 패널 노출(서지 도면 수 0건 / 패널 캡션 1개 · 이미지 없음) / [D12] 서지 청구항 수 2개 ↔ 청구범위 목록 3개(삭제 1) 불일치 / [D8] 독립항 목록 2개 중 1개가 본문 '삭제' / [D4b] 공개/공고번호 — 인데 공개/공고일(2024-05-20)만 표시,[F1] drawing_count 0 (도면의 설명 1원소 보유) [F2] 도면 설명 1원소에 도 13개 뭉침
KR 10-2666580 B1,B1,등록특허공보,등록공고,스마트 태그 제조 방법,9,,,9,D1 D3 D7 D2 D5 D6 D12 D8 D4b,[D5] 상세설명에 하위섹션+전문 중복 렌더(섹션 11761자 = 전문 8566 + 하위섹션 3313) / [D6] 도면 미반입인데 패널 노출(서지 도면 수 0건 / 패널 캡션 1개 · 이미지 없음) / [D12] 서지 청구항 수 2개 ↔ 청구범위 목록 3개(삭제 1) 불일치 / [D8] 독립항 목록 2개 중 1개가 본문 '삭제' / [D4b] 공개/공고번호 — 인데 공개/공고일(2024-05-16)만 표시,[F1] drawing_count 0 (도면의 설명 1원소 보유) [F2] 도면 설명 1원소에 도 14개 뭉침
KR 10-2666701 B1,B1,등록특허공보,등록공고,디스플레이 디바이스,9,,,9,D1 D3 D7 D2 D5 D6 D12 D8 D4,[D5] 상세설명에 하위섹션+전문 중복 렌더(섹션 32053자 = 전문 30123 + 하위섹션 2198) / [D6] 도면 미반입인데 패널 노출(서지 도면 수 0건 / 패널 캡션 1개 · 이미지 없음) / [D12] 서지 청구항 수 13개 ↔ 청구범위 목록 15개(삭제 2) 불일치 / [D8] 독립항 목록 4개 중 2개가 본문 '삭제' / [D4] 공개번호(10-2024-0040269)와 표시 일자(2024-05-16) 계열 불일치 · 문헌일 2024-03-28,[F1] drawing_count 0 (도면의 설명 1원소 보유)
KR 10-2666874 B1,B1,등록특허공보,등록공고,게이트 드라이버와 이를 포함한 유기발광 표시장치,9,,,9,D1 D3 D7 D2 D5 D6 D12 D8 D4,[D5] 상세설명에 하위섹션+전문 중복 렌더(섹션 30857자 = 전문 28584 + 하위섹션 2534) / [D6] 도면 미반입인데 패널 노출(서지 도면 수 0건 / 패널 캡션 1개 · 이미지 없음) / [D12] 서지 청구항 수 15개 ↔ 청구범위 목록 16개(삭제 1) 불일치 / [D8] 독립항 목록 2개 중 1개가 본문 '삭제' / [D4] 공개번호(10-2020-0025882)와 표시 일자(2024-05-20) 계열 불일치 · 문헌일 2020-03-10,[F1] drawing_count 0 (도면의 설명 1원소 보유) [F2] 도면 설명 1원소에 도 24개 뭉침
KR 10-2667458 B1,B1,등록특허공보,등록공고,근력 보조 장치,9,,,9,D1 D3 D7 D2 D5 D6 D12 D8 D4,[D5] 상세설명에 하위섹션+전문 중복 렌더(섹션 10163자 = 전문 8344 + 하위섹션 1959) / [D6] 도면 미반입인데 패널 노출(서지 도면 수 0건 / 패널 캡션 1개 · 이미지 없음) / [D12] 서지 청구항 수 5개 ↔ 청구범위 목록 7개(삭제 2) 불일치 / [D8] 독립항 목록 3개 중 2개가 본문 '삭제' / [D4] 공개번호(10-2023-0141036)와 표시 일자(2024-05-17) 계열 불일치 · 문헌일 2023-10-10,[F1] drawing_count 0 (도면의 설명 1원소 보유) [F2] 도면 설명 1원소에 도 6개 뭉침
KR 10-2687489 B1,B1,등록특허공보,등록공고,"저융점 유리, 그 제조방법, 상기 저융점 유리를 이용한 PiG 색변환 소재 및 그 제조방법",9,,,9,D1 D3 D7 D2 D5 D6 D12 D8 D4,[D5] 상세설명에 하위섹션+전문 중복 렌더(섹션 26194자 = 전문 21833 + 하위섹션 4815) / [D6] 도면 미반입인데 패널 노출(서지 도면 수 0건 / 패널 캡션 1개 · 이미지 없음) / [D12] 서지 청구항 수 17개 ↔ 청구범위 목록 26개(삭제 9) 불일치 / [D8] 독립항 목록 11개 중 9개가 본문 '삭제' / [D4] 공개번호(10-2024-0103228)와 표시 일자(2024-07-29) 계열 불일치 · 문헌일 2024-07-04,[F1] drawing_count 0 (도면의 설명 1원소 보유) [F2] 도면 설명 1원소에 도 17개 뭉침
KR 10-2688653 B1,B1,등록특허공보,등록공고,"연약 지반 보강용 개량형 혼합 골재 및 이의 제조 방법, 그리고 이를 이용한 연약 지반 개량 방법",9,,,9,D1 D3 D7 D2 D5 D6 D12 D8 D4b,[D5] 상세설명에 하위섹션+전문 중복 렌더(섹션 19217자 = 전문 14589 + 하위섹션 5174) / [D6] 도면 미반입인데 패널 노출(서지 도면 수 0건 / 패널 캡션 1개 · 이미지 없음) / [D12] 서지 청구항 수 4개 ↔ 청구범위 목록 5개(삭제 1) 불일치 / [D8] 독립항 목록 2개 중 1개가 본문 '삭제' / [D4b] 공개/공고번호 — 인데 공개/공고일(2024-07-26)만 표시,[F1] drawing_count 0 (도면의 설명 1원소 보유) [F2] 도면 설명 1원소에 도 13개 뭉침
KR 10-2688654 B1,B1,등록특허공보,등록공고,사용자의 조작 데이터를 참조로 하여 사용자별 어플리케이션 가이딩 구성을 조정하는 방법 및 이를 이용한 컴퓨팅,9,,,9,D1 D3 D7 D2 D5 D6 D12 D8 D4b,[D5] 상세설명에 하위섹션+전문 중복 렌더(섹션 56008자 = 전문 39658 + 하위섹션 16583) / [D6] 도면 미반입인데 패널 노출(서지 도면 수 0건 / 패널 캡션 1개 · 이미지 없음) / [D12] 서지 청구항 수 18개 ↔ 청구범위 목록 20개(삭제 2) 불일치 / [D8] 독립항 목록 4개 중 2개가 본문 '삭제' / [D4b] 공개/공고번호 — 인데 공개/공고일(2024-07-26)만 표시,[F1] drawing_count 0 (도면의 설명 1원소 보유) [F2] 도면 설명 1원소에 도 3개 뭉침
KR 10-2688671 B1,B1,등록특허공보,등록공고,스크롤 압축기,9,,,9,D1 D3 D7 D2 D5 D6 D12 D8 D4,[D5] 상세설명에 하위섹션+전문 중복 렌더(섹션 41339자 = 전문 36337 + 하위섹션 5624) / [D6] 도면 미반입인데 패널 노출(서지 도면 수 0건 / 패널 캡션 1개 · 이미지 없음) / [D12] 서지 청구항 수 8개 ↔ 청구범위 목록 17개(삭제 9) 불일치 / [D8] 독립항 목록 10개 중 9개가 본문 '삭제' / [D4] 공개번호(10-2021-0012293)와 표시 일자(2024-07-26) 계열 불일치 · 문헌일 2021-02-03,[F1] drawing_count 0 (도면의 설명 1원소 보유) [F2] 도면 설명 1원소에 도 45개 뭉침
KR 10-2688924 B1,B1,등록특허공보,등록공고,전기차량의 액슬용 오일 가이드장치,9,,,9,D1 D3 D7 D2 D5 D6 D12 D8 D4,[D5] 상세설명에 하위섹션+전문 중복 렌더(섹션 11942자 = 전문 9639 + 하위섹션 2418) / [D6] 도면 미반입인데 패널 노출(서지 도면 수 0건 / 패널 캡션 1개 · 이미지 없음) / [D12] 서지 청구항 수 3개 ↔ 청구범위 목록 6개(삭제 3) 불일치 / [D8] 독립항 목록 4개 중 3개가 본문 '삭제' / [D4] 공개번호(10-2023-0173290)와 표시 일자(2024-07-29) 계열 불일치 · 문헌일 2023-12-27,[F1] drawing_count 0 (도면의 설명 1원소 보유) [F2] 도면 설명 1원소에 도 9개 뭉침
KR 10-2688944 B1,B1,등록특허공보,등록공고,스핀-전하 변환 제어 소자 및 이의 제조 방법,9,,,9,D1 D3 D7 D2 D5 D6 D12 D8 D4,[D5] 상세설명에 하위섹션+전문 중복 렌더(섹션 25858자 = 전문 21476 + 하위섹션 4659) / [D6] 도면 미반입인데 패널 노출(서지 도면 수 0건 / 패널 캡션 1개 · 이미지 없음) / [D12] 서지 청구항 수 14개 ↔ 청구범위 목록 15개(삭제 1) 불일치 / [D8] 독립항 목록 3개 중 1개가 본문 '삭제' / [D4] 공개번호(10-2024-0044257)와 표시 일자(2024-07-29) 계열 불일치 · 문헌일 2024-04-04,[F1] drawing_count 0 (도면의 설명 1원소 보유) [F2] 도면 설명 1원소에 도 13개 뭉침
KR 10-2688996 B1,B1,등록특허공보,등록공고,공유 배터리용 충전 스테이션 장치,9,,,9,D1 D3 D7 D2 D5 D6 D12 D8 D4,[D5] 상세설명에 하위섹션+전문 중복 렌더(섹션 10627자 = 전문 8327 + 하위섹션 2373) / [D6] 도면 미반입인데 패널 노출(서지 도면 수 0건 / 패널 캡션 1개 · 이미지 없음) / [D12] 서지 청구항 수 4개 ↔ 청구범위 목록 5개(삭제 1) 불일치 / [D8] 독립항 목록 2개 중 1개가 본문 '삭제' / [D4] 공개번호(10-2023-0111680)와 표시 일자(2024-07-30) 계열 불일치 · 문헌일 2023-07-26,[F1] drawing_count 0 (도면의 설명 1원소 보유) [F2] 도면 설명 1원소에 도 4개 뭉침
KR 10-2689032 B1,B1,등록특허공보,등록공고,전자 장치의 사이버 공격 경로 추천 방법,9,,,9,D1 D3 D7 D2 D5 D6 D12 D8 D4,[D5] 상세설명에 하위섹션+전문 중복 렌더(섹션 24070자 = 전문 22996 + 하위섹션 2041) / [D6] 도면 미반입인데 패널 노출(서지 도면 수 0건 / 패널 캡션 1개 · 이미지 없음) / [D12] 서지 청구항 수 6개 ↔ 청구범위 목록 10개(삭제 4) 불일치 / [D8] 독립항 목록 7개 중 4개가 본문 '삭제' / [D4] 공개번호(10-2024-0016765)와 표시 일자(2024-07-29) 계열 불일치 · 문헌일 2024-02-06,[F1] drawing_count 0 (도면의 설명 1원소 보유) [F2] 도면 설명 1원소에 도 7개 뭉침
KR 10-2689064 B1,B1,등록특허공보,등록공고,전자문서 형태의 보험약관에서 지급조건을 분석하여 지급조건표를 생성하는 시스템 및 방법,9,,,9,D1 D3 D7 D2 D5 D6 D12 D8 D4b,[D5] 상세설명에 하위섹션+전문 중복 렌더(섹션 35023자 = 전문 25629 + 하위섹션 9743) / [D6] 도면 미반입인데 패널 노출(서지 도면 수 0건 / 패널 캡션 1개 · 이미지 없음) / [D12] 서지 청구항 수 21개 ↔ 청구범위 목록 25개(삭제 4) 불일치 / [D8] 독립항 목록 5개 중 4개가 본문 '삭제' / [D4b] 공개/공고번호 — 인데 공개/공고일(2024-07-29)만 표시,[F1] drawing_count 0 (도면의 설명 1원소 보유) [F2] 도면 설명 1원소에 도 11개 뭉침
KR 10-2689190 B1,B1,등록특허공보,등록공고,백모를 이용한 펄나비의 제조방법 및 이에 의해 제조된 백모 펄나비 브로치,9,,,9,D1 D3 D7 D2 D5 D6 D12 D8 D4b,[D5] 상세설명에 하위섹션+전문 중복 렌더(섹션 15186자 = 전문 10484 + 하위섹션 4905) / [D6] 도면 미반입인데 패널 노출(서지 도면 수 0건 / 패널 캡션 1개 · 이미지 없음) / [D12] 서지 청구항 수 7개 ↔ 청구범위 목록 14개(삭제 7) 불일치 / [D8] 독립항 목록 8개 중 7개가 본문 '삭제' / [D4b] 공개/공고번호 — 인데 공개/공고일(2024-07-29)만 표시,[F1] drawing_count 0 (도면의 설명 1원소 보유)
KR 10-2689231 B1,B1,등록특허공보,등록공고,"암의 예방, 개선 또는 치료용 조성물",9,,,9,D1 D3 D7 D2 D5 D6 D12 D8 D4,[D5] 상세설명에 하위섹션+전문 중복 렌더(섹션 17360자 = 전문 10617 + 하위섹션 6931) / [D6] 도면 미반입인데 패널 노출(서지 도면 수 0건 / 패널 캡션 1개 · 이미지 없음) / [D12] 서지 청구항 수 6개 ↔ 청구범위 목록 10개(삭제 4) 불일치 / [D8] 독립항 목록 6개 중 4개가 본문 '삭제' / [D4] 공개번호(10-2022-0156177)와 표시 일자(2024-07-30) 계열 불일치 · 문헌일 2022-11-25,[F1] drawing_count 0 (도면의 설명 1원소 보유) [F2] 도면 설명 1원소에 도 3개 뭉침
KR 10-2689233 B1,B1,등록특허공보,등록공고,디지털 홀로그래픽 장치,9,,,9,D1 D3 D7 D2 D5 D6 D12 D8 D4,[D5] 상세설명에 하위섹션+전문 중복 렌더(섹션 16677자 = 전문 14564 + 하위섹션 2208) / [D6] 도면 미반입인데 패널 노출(서지 도면 수 0건 / 패널 캡션 1개 · 이미지 없음) / [D12] 서지 청구항 수 3개 ↔ 청구범위 목록 7개(삭제 4) 불일치 / [D8] 독립항 목록 5개 중 4개가 본문 '삭제' / [D4] 공개번호(10-2024-0077384)와 표시 일자(2024-07-29) 계열 불일치 · 문헌일 2024-05-31,[F1] drawing_count 0 (도면의 설명 1원소 보유) [F2] 도면 설명 1원소에 도 5개 뭉침
KR 10-2689248 B1,B1,등록특허공보,등록공고,가상 복셀과 관심 영역 기반 스킵핑을 활용한 대규모 포인트 클라우드 신경망 가속 프로세서,9,,,9,D1 D3 D7 D2 D5 D6 D12 D8 D4b,[D5] 상세설명에 하위섹션+전문 중복 렌더(섹션 17922자 = 전문 14166 + 하위섹션 3893) / [D6] 도면 미반입인데 패널 노출(서지 도면 수 0건 / 패널 캡션 1개 · 이미지 없음) / [D12] 서지 청구항 수 13개 ↔ 청구범위 목록 15개(삭제 2) 불일치 / [D8] 독립항 목록 5개 중 2개가 본문 '삭제' / [D4b] 공개/공고번호 — 인데 공개/공고일(2024-07-30)만 표시,[F1] drawing_count 0 (도면의 설명 1원소 보유) [F2] 도면 설명 1원소에 도 6개 뭉침
KR 10-2689278 B1,B1,등록특허공보,등록공고,성막 방법,9,,,9,D1 D3 D7 D2 D5 D6 D12 D8 D4,[D5] 상세설명에 하위섹션+전문 중복 렌더(섹션 15835자 = 전문 15236 + 하위섹션 873) / [D6] 도면 미반입인데 패널 노출(서지 도면 수 0건 / 패널 캡션 1개 · 이미지 없음) / [D12] 서지 청구항 수 8개 ↔ 청구범위 목록 10개(삭제 2) 불일치 / [D8] 독립항 목록 3개 중 2개가 본문 '삭제' / [D4] 공개번호(10-2021-0082079)와 표시 일자(2024-07-30) 계열 불일치 · 문헌일 2021-07-02,[F1] drawing_count 0 (도면의 설명 1원소 보유) [F2] 도면 설명 1원소에 도 9개 뭉침
KR 10-2689320 B1,B1,등록특허공보,등록공고,가상 유체와의 상호작용에 기반한 촉각 피드백 제공 방법 및 이를 수행하는 장치,9,,,9,D1 D3 D7 D2 D5 D6 D12 D8 D4,[D5] 상세설명에 하위섹션+전문 중복 렌더(섹션 21089자 = 전문 18098 + 하위섹션 3323) / [D6] 도면 미반입인데 패널 노출(서지 도면 수 0건 / 패널 캡션 1개 · 이미지 없음) / [D12] 서지 청구항 수 15개 ↔ 청구범위 목록 19개(삭제 4) 불일치 / [D8] 독립항 목록 6개 중 4개가 본문 '삭제' / [D4] 공개번호(10-2022-0086495)와 표시 일자(2024-07-30) 계열 불일치 · 문헌일 2022-06-23,[F1] drawing_count 0 (도면의 설명 1원소 보유) [F2] 도면 설명 1원소에 도 12개 뭉침
KR 10-2689341 B1,B1,등록특허공보,등록공고,수의사를 위한 집단지성 기반의 진단 및 처방 추천 프로그램 및 그 동작 방법,9,,,9,D1 D3 D7 D2 D5 D6 D12 D8 D4b,[D5] 상세설명에 하위섹션+전문 중복 렌더(섹션 16679자 = 전문 13179 + 하위섹션 3583) / [D6] 도면 미반입인데 패널 노출(서지 도면 수 0건 / 패널 캡션 1개 · 이미지 없음) / [D12] 서지 청구항 수 3개 ↔ 청구범위 목록 7개(삭제 4) 불일치 / [D8] 독립항 목록 5개 중 4개가 본문 '삭제' / [D4b] 공개/공고번호 — 인데 공개/공고일(2024-07-29)만 표시,[F1] drawing_count 0 (도면의 설명 1원소 보유) [F2] 도면 설명 1원소에 도 4개 뭉침
KR 10-2689386 B1,B1,등록특허공보,등록공고,수위 조절형 다단식 식물재배 장치,9,,,9,D1 D3 D7 D2 D5 D6 D12 D8 D4,[D5] 상세설명에 하위섹션+전문 중복 렌더(섹션 16908자 = 전문 13480 + 하위섹션 3815) / [D6] 도면 미반입인데 패널 노출(서지 도면 수 0건 / 패널 캡션 1개 · 이미지 없음) / [D12] 서지 청구항 수 8개 ↔ 청구범위 목록 9개(삭제 1) 불일치 / [D8] 독립항 목록 2개 중 1개가 본문 '삭제' / [D4] 공개번호(10-2023-0036586)와 표시 일자(2024-07-31) 계열 불일치 · 문헌일 2023-03-15,[F1] drawing_count 0 (도면의 설명 1원소 보유) [F2] 도면 설명 1원소에 도 7개 뭉침
KR 10-2689414 B1,B1,등록특허공보,등록공고,데이터 링크 계층의 다중 프로토콜을 지원하는 ARIA 기반 고속 MACsec 보안 장치 및 방법,9,,,9,D1 D3 D7 D2 D5 D6 D12 D8 D4b,[D5] 상세설명에 하위섹션+전문 중복 렌더(섹션 27941자 = 전문 20001 + 하위섹션 8266) / [D6] 도면 미반입인데 패널 노출(서지 도면 수 0건 / 패널 캡션 1개 · 이미지 없음) / [D12] 서지 청구항 수 19개 ↔ 청구범위 목록 20개(삭제 1) 불일치 / [D8] 독립항 목록 4개 중 1개가 본문 '삭제' / [D4b] 공개/공고번호 — 인데 공개/공고일(2024-07-30)만 표시,[F1] drawing_count 0 (도면의 설명 1원소 보유) [F2] 도면 설명 1원소에 도 13개 뭉침
KR 10-2689475 B1,B1,등록특허공보,등록공고,리튬금속 전극과 그 제조방법 및 이를 포함하는 리튬이온 배터리,9,,,9,D1 D3 D7 D2 D5 D6 D12 D8 D4,[D5] 상세설명에 하위섹션+전문 중복 렌더(섹션 37263자 = 전문 28418 + 하위섹션 9233) / [D6] 도면 미반입인데 패널 노출(서지 도면 수 0건 / 패널 캡션 1개 · 이미지 없음) / [D12] 서지 청구항 수 11개 ↔ 청구범위 목록 14개(삭제 3) 불일치 / [D8] 독립항 목록 5개 중 3개가 본문 '삭제' / [D4] 공개번호(10-2023-0013788)와 표시 일자(2024-07-29) 계열 불일치 · 문헌일 2023-01-27,[F1] drawing_count 0 (도면의 설명 1원소 보유) [F2] 도면 설명 1원소에 도 20개 뭉침
KR 10-2689511 B1,B1,등록특허공보,등록공고,"가발 제조 장치와 방법, 및 이를 이용하여 제조된 가발",9,,,9,D1 D3 D7 D2 D5 D6 D12 D8 D4b,[D5] 상세설명에 하위섹션+전문 중복 렌더(섹션 15734자 = 전문 11932 + 하위섹션 3943) / [D6] 도면 미반입인데 패널 노출(서지 도면 수 0건 / 패널 캡션 1개 · 이미지 없음) / [D12] 서지 청구항 수 9개 ↔ 청구범위 목록 13개(삭제 4) 불일치 / [D8] 독립항 목록 6개 중 4개가 본문 '삭제' / [D4b] 공개/공고번호 — 인데 공개/공고일(2024-07-29)만 표시,[F1] drawing_count 0 (도면의 설명 1원소 보유) [F2] 도면 설명 1원소에 도 12개 뭉침
KR 10-2689533 B1,B1,등록특허공보,등록공고,변동식 열적증기재압축 장치의 실시간 작동상태 및 성능평가 시스템,9,,,9,D1 D3 D7 D2 D5 D6 D12 D8 D4,[D5] 상세설명에 하위섹션+전문 중복 렌더(섹션 24452자 = 전문 20171 + 하위섹션 4823) / [D6] 도면 미반입인데 패널 노출(서지 도면 수 0건 / 패널 캡션 1개 · 이미지 없음) / [D12] 서지 청구항 수 6개 ↔ 청구범위 목록 7개(삭제 1) 불일치 / [D8] 독립항 목록 2개 중 1개가 본문 '삭제' / [D4] 공개번호(10-2023-0166666)와 표시 일자(2024-07-29) 계열 불일치 · 문헌일 2023-12-07,[F1] drawing_count 0 (도면의 설명 1원소 보유) [F2] 도면 설명 1원소에 도 12개 뭉침
KR 10-2689589 B1,B1,등록특허공보,등록공고,항공 전자장비 다중 진단분석 시험기,9,,,9,D1 D3 D7 D2 D5 D6 D12 D8 D4,[D5] 상세설명에 하위섹션+전문 중복 렌더(섹션 10602자 = 전문 7986 + 하위섹션 2886) / [D6] 도면 미반입인데 패널 노출(서지 도면 수 0건 / 패널 캡션 1개 · 이미지 없음) / [D12] 서지 청구항 수 7개 ↔ 청구범위 목록 8개(삭제 1) 불일치 / [D8] 독립항 목록 2개 중 1개가 본문 '삭제' / [D4] 공개번호(10-2024-0010259)와 표시 일자(2024-07-29) 계열 불일치 · 문헌일 2024-01-23,[F1] drawing_count 0 (도면의 설명 1원소 보유) [F2] 도면 설명 1원소에 도 5개 뭉침
KR 10-2689595 B1,B1,등록특허공보,등록공고,조류 또는 두더지 퇴치기,9,,,9,D1 D3 D7 D2 D5 D6 D12 D8 D4,[D5] 상세설명에 하위섹션+전문 중복 렌더(섹션 13174자 = 전문 8563 + 하위섹션 4705) / [D6] 도면 미반입인데 패널 노출(서지 도면 수 0건 / 패널 캡션 1개 · 이미지 없음) / [D12] 서지 청구항 수 5개 ↔ 청구범위 목록 6개(삭제 1) 불일치 / [D8] 독립항 목록 2개 중 1개가 본문 '삭제' / [D4] 공개번호(10-2023-0092037)와 표시 일자(2024-07-31) 계열 불일치 · 문헌일 2023-06-26,[F1] drawing_count 0 (도면의 설명 1원소 보유) [F2] 도면 설명 1원소에 도 5개 뭉침
KR 10-2689621 B1,B1,등록특허공보,등록공고,왕복 직선 장치,9,,,9,D1 D3 D7 D2 D5 D6 D12 D8 D4b,[D5] 상세설명에 하위섹션+전문 중복 렌더(섹션 9918자 = 전문 8086 + 하위섹션 1935) / [D6] 도면 미반입인데 패널 노출(서지 도면 수 0건 / 패널 캡션 1개 · 이미지 없음) / [D12] 서지 청구항 수 5개 ↔ 청구범위 목록 7개(삭제 2) 불일치 / [D8] 독립항 목록 3개 중 2개가 본문 '삭제' / [D4b] 공개/공고번호 — 인데 공개/공고일(2024-08-01)만 표시,[F1] drawing_count 0 (도면의 설명 1원소 보유) [F2] 도면 설명 1원소에 도 4개 뭉침
KR 10-2689632 B1,B1,등록특허공보,등록공고,오픈소스 프로젝트 코드 평가 방법 및 장치,9,,,9,D1 D3 D7 D2 D5 D6 D12 D8 D4,[D5] 상세설명에 하위섹션+전문 중복 렌더(섹션 15338자 = 전문 12119 + 하위섹션 3285) / [D6] 도면 미반입인데 패널 노출(서지 도면 수 0건 / 패널 캡션 1개 · 이미지 없음) / [D12] 서지 청구항 수 9개 ↔ 청구범위 목록 13개(삭제 4) 불일치 / [D8] 독립항 목록 6개 중 4개가 본문 '삭제' / [D4] 공개번호(10-2023-0090112)와 표시 일자(2024-07-31) 계열 불일치 · 문헌일 2023-06-21,[F1] drawing_count 0 (도면의 설명 1원소 보유) [F2] 도면 설명 1원소에 도 7개 뭉침
KR 10-2689633 B1,B1,등록특허공보,등록공고,모발 갈변 및 개선을 위한 천연물질을 함유한 화장료 조성물 및 그 제조방법,9,,,9,D1 D3 D7 D2 D5 D6 D12 D8 D4,[D5] 상세설명에 하위섹션+전문 중복 렌더(섹션 22830자 = 전문 18174 + 하위섹션 4836) / [D6] 도면 미반입인데 패널 노출(서지 도면 수 0건 / 패널 캡션 1개 · 이미지 없음) / [D12] 서지 청구항 수 5개 ↔ 청구범위 목록 8개(삭제 3) 불일치 / [D8] 독립항 목록 4개 중 3개가 본문 '삭제' / [D4] 공개번호(10-2023-0076297)와 표시 일자(2024-07-29) 계열 불일치 · 문헌일 2023-05-31,[F1] drawing_count 0 (도면의 설명 1원소 보유) [F2] 도면 설명 1원소에 도 4개 뭉침
KR 10-2689636 B1,B1,등록특허공보,등록공고,이산화탄소 포집용 담체 및 이를 포함하는 인공토 조성물,9,,,9,D1 D3 D7 D2 D5 D6 D12 D8 D4b,[D5] 상세설명에 하위섹션+전문 중복 렌더(섹션 8905자 = 전문 7352 + 하위섹션 1872) / [D6] 도면 미반입인데 패널 노출(서지 도면 수 0건 / 패널 캡션 1개 · 이미지 없음) / [D12] 서지 청구항 수 2개 ↔ 청구범위 목록 4개(삭제 2) 불일치 / [D8] 독립항 목록 3개 중 2개가 본문 '삭제' / [D4b] 공개/공고번호 — 인데 공개/공고일(2024-07-30)만 표시,[F1] drawing_count 0 (도면의 설명 1원소 보유) [F2] 도면 설명 1원소에 도 3개 뭉침
KR 10-2689651 B1,B1,등록특허공보,등록공고,반도체 패키지,9,,,9,D1 D3 D7 D2 D5 D6 D12 D8 D4,[D5] 상세설명에 하위섹션+전문 중복 렌더(섹션 30432자 = 전문 28642 + 하위섹션 2251) / [D6] 도면 미반입인데 패널 노출(서지 도면 수 0건 / 패널 캡션 1개 · 이미지 없음) / [D12] 서지 청구항 수 9개 ↔ 청구범위 목록 15개(삭제 6) 불일치 / [D8] 독립항 목록 8개 중 6개가 본문 '삭제' / [D4] 공개번호(10-2020-0114313)와 표시 일자(2024-07-30) 계열 불일치 · 문헌일 2020-10-07,[F1] drawing_count 0 (도면의 설명 1원소 보유) [F2] 도면 설명 1원소에 도 19개 뭉침
KR 10-2689706 B1,B1,등록특허공보,등록공고,표시장치,9,,,9,D1 D3 D7 D2 D5 D6 D12 D8 D4,[D5] 상세설명에 하위섹션+전문 중복 렌더(섹션 57385자 = 전문 53610 + 하위섹션 4300) / [D6] 도면 미반입인데 패널 노출(서지 도면 수 0건 / 패널 캡션 1개 · 이미지 없음) / [D12] 서지 청구항 수 20개 ↔ 청구범위 목록 21개(삭제 1) 불일치 / [D8] 독립항 목록 3개 중 1개가 본문 '삭제' / [D4] 공개번호(10-2023-0033696)와 표시 일자(2024-07-29) 계열 불일치 · 문헌일 2023-03-08,[F1] drawing_count 0 (도면의 설명 1원소 보유) [F2] 도면 설명 1원소에 도 21개 뭉침
KR 10-2689725 B1,B1,등록특허공보,등록공고,디스플레이 장치 및 이를 포함하는 차량,9,,,9,D1 D3 D7 D2 D5 D6 D12 D8 D4,[D5] 상세설명에 하위섹션+전문 중복 렌더(섹션 70296자 = 전문 67422 + 하위섹션 3861) / [D6] 도면 미반입인데 패널 노출(서지 도면 수 0건 / 패널 캡션 1개 · 이미지 없음) / [D12] 서지 청구항 수 24개 ↔ 청구범위 목록 26개(삭제 2) 불일치 / [D8] 독립항 목록 5개 중 2개가 본문 '삭제' / [D4] 공개번호(10-2021-0011305)와 표시 일자(2024-07-29) 계열 불일치 · 문헌일 2021-02-01,[F1] drawing_count 0 (도면의 설명 1원소 보유) [F2] 도면 설명 1원소에 도 29개 뭉침
KR 10-2689741 B1,B1,등록특허공보,등록공고,광고 제공 방법 및 이를 위한 장치,9,,,9,D1 D3 D7 D2 D5 D6 D12 D8 D4,[D5] 상세설명에 하위섹션+전문 중복 렌더(섹션 46307자 = 전문 41577 + 하위섹션 5493) / [D6] 도면 미반입인데 패널 노출(서지 도면 수 0건 / 패널 캡션 1개 · 이미지 없음) / [D12] 서지 청구항 수 12개 ↔ 청구범위 목록 13개(삭제 1) 불일치 / [D8] 독립항 목록 5개 중 1개가 본문 '삭제' / [D4] 공개번호(10-2017-0097547)와 표시 일자(2024-07-30) 계열 불일치 · 문헌일 2017-08-28,[F1] drawing_count 0 (도면의 설명 1원소 보유) [F2] 도면 설명 1원소에 도 14개 뭉침
KR 10-2689799 B1,B1,등록특허공보,등록공고,"기판 회전 장치, 기판 세정 장치 및 기판 처리 장치, 그리고 기판 회전 장치의 제어 방법",9,,,9,D1 D3 D7 D2 D5 D6 D12 D8 D4,[D5] 상세설명에 하위섹션+전문 중복 렌더(섹션 20872자 = 전문 19886 + 하위섹션 1088) / [D6] 도면 미반입인데 패널 노출(서지 도면 수 0건 / 패널 캡션 1개 · 이미지 없음) / [D12] 서지 청구항 수 11개 ↔ 청구범위 목록 12개(삭제 1) 불일치 / [D8] 독립항 목록 4개 중 1개가 본문 '삭제' / [D4] 공개번호(10-2020-0018317)와 표시 일자(2024-07-29) 계열 불일치 · 문헌일 2020-02-19,[F1] drawing_count 0 (도면의 설명 1원소 보유) [F2] 도면 설명 1원소에 도 8개 뭉침
KR 10-2689804 B1,B1,등록특허공보,등록공고,천연 추출물을 포함하는 화장료 조성물 및 이의 제조방법,9,,,9,D1 D3 D7 D2 D5 D12 D8 D8c D4b,[D5] 상세설명에 하위섹션+전문 중복 렌더(섹션 28322자 = 전문 16641 + 하위섹션 12275) / [D12] 서지 청구항 수 1개 ↔ 청구범위 목록 5개(삭제 4) 불일치 / [D8] 독립항 목록 5개 중 4개가 본문 '삭제' / [D8c] 종속항 0 · 삭제항 4 → 독립/전체 토글 결과 동일(5개) / [D4b] 공개/공고번호 — 인데 공개/공고일(2024-07-31)만 표시,
KR 10-2689806 B1,B1,등록특허공보,등록공고,챔버 도어 어셈블리,9,,,9,D1 D3 D7 D2 D5 D6 D12 D8 D4,[D5] 상세설명에 하위섹션+전문 중복 렌더(섹션 12157자 = 전문 10072 + 하위섹션 2204) / [D6] 도면 미반입인데 패널 노출(서지 도면 수 0건 / 패널 캡션 1개 · 이미지 없음) / [D12] 서지 청구항 수 3개 ↔ 청구범위 목록 7개(삭제 4) 불일치 / [D8] 독립항 목록 5개 중 4개가 본문 '삭제' / [D4] 공개번호(10-2022-0162261)와 표시 일자(2024-07-30) 계열 불일치 · 문헌일 2022-12-08,[F1] drawing_count 0 (도면의 설명 1원소 보유) [F2] 도면 설명 1원소에 도 8개 뭉침
KR 10-2689840 B1,B1,등록특허공보,등록공고,중량 추정 오차를 감소시키는 가축 개체군의 중량 추정 장치 및 방법,9,,,9,D1 D3 D7 D2 D5 D6 D12 D8 D4b,[D5] 상세설명에 하위섹션+전문 중복 렌더(섹션 23245자 = 전문 20380 + 하위섹션 3371) / [D6] 도면 미반입인데 패널 노출(서지 도면 수 0건 / 패널 캡션 1개 · 이미지 없음) / [D12] 서지 청구항 수 11개 ↔ 청구범위 목록 14개(삭제 3) 불일치 / [D8] 독립항 목록 6개 중 3개가 본문 '삭제' / [D4b] 공개/공고번호 — 인데 공개/공고일(2024-07-31)만 표시,[F1] drawing_count 0 (도면의 설명 1원소 보유) [F2] 도면 설명 1원소에 도 10개 뭉침
KR 10-2689887 B1,B1,등록특허공보,등록공고,연어 부산물을 이용한 강아지 간식 제조 방법 및 그에 의해 제조된 강아지 간식,9,,,9,D1 D3 D7 D2 D5 D6 D12 D8 D4b,[D5] 상세설명에 하위섹션+전문 중복 렌더(섹션 22407자 = 전문 15917 + 하위섹션 6639) / [D6] 도면 미반입인데 패널 노출(서지 도면 수 0건 / 패널 캡션 1개 · 이미지 없음) / [D12] 서지 청구항 수 4개 ↔ 청구범위 목록 5개(삭제 1) 불일치 / [D8] 독립항 목록 3개 중 1개가 본문 '삭제' / [D4b] 공개/공고번호 — 인데 공개/공고일(2024-07-30)만 표시,[F1] drawing_count 0 (도면의 설명 1원소 보유)
KR 10-2689939 B1,B1,등록특허공보,등록공고,"아파트 및 빌딩의 슬라브, 주차장, 옥상, 배수로 또는 지붕 아스팔트 싱글의 보수 대상면 주입 접착 방수 표",9,,,9,D1 D3 D7 D2 D5 D12 D8 D8c D4b,[D5] 상세설명에 하위섹션+전문 중복 렌더(섹션 22549자 = 전문 17950 + 하위섹션 5075) / [D12] 서지 청구항 수 4개 ↔ 청구범위 목록 7개(삭제 3) 불일치 / [D8] 독립항 목록 7개 중 3개가 본문 '삭제' / [D8c] 종속항 0 · 삭제항 3 → 독립/전체 토글 결과 동일(7개) / [D4b] 공개/공고번호 — 인데 공개/공고일(2024-07-31)만 표시,
KR 10-2689962 B1,B1,등록특허공보,등록공고,아기 울음소리를 검출할 수 있는 디지털 헬스케어 장치,9,,,9,D1 D3 D7 D2 D5 D6 D12 D8 D4b,[D5] 상세설명에 하위섹션+전문 중복 렌더(섹션 21200자 = 전문 17021 + 하위섹션 4375) / [D6] 도면 미반입인데 패널 노출(서지 도면 수 0건 / 패널 캡션 1개 · 이미지 없음) / [D12] 서지 청구항 수 9개 ↔ 청구범위 목록 14개(삭제 5) 불일치 / [D8] 독립항 목록 7개 중 5개가 본문 '삭제' / [D4b] 공개/공고번호 — 인데 공개/공고일(2024-07-30)만 표시,[F1] drawing_count 0 (도면의 설명 1원소 보유) [F2] 도면 설명 1원소에 도 7개 뭉침
KR 10-2690017 B1,B1,등록특허공보,등록공고,패들보드를 이용한 패들링 운동기구,9,,,9,D1 D3 D7 D2 D5 D6 D12 D8 D4,[D5] 상세설명에 하위섹션+전문 중복 렌더(섹션 15135자 = 전문 10423 + 하위섹션 4841) / [D6] 도면 미반입인데 패널 노출(서지 도면 수 0건 / 패널 캡션 1개 · 이미지 없음) / [D12] 서지 청구항 수 4개 ↔ 청구범위 목록 6개(삭제 2) 불일치 / [D8] 독립항 목록 3개 중 2개가 본문 '삭제' / [D4] 공개번호(10-2024-0068823)와 표시 일자(2024-07-30) 계열 불일치 · 문헌일 2024-05-20,[F1] drawing_count 0 (도면의 설명 1원소 보유) [F2] 도면 설명 1원소에 도 7개 뭉침
KR 10-2690049 B1,B1,등록특허공보,등록공고,소비자 평가 데이터를 이용한 제품개발 지원장치 및 방법,9,,,9,D1 D3 D7 D2 D5 D6 D12 D8 D4,[D5] 상세설명에 하위섹션+전문 중복 렌더(섹션 24810자 = 전문 20120 + 하위섹션 5016) / [D6] 도면 미반입인데 패널 노출(서지 도면 수 0건 / 패널 캡션 1개 · 이미지 없음) / [D12] 서지 청구항 수 20개 ↔ 청구범위 목록 26개(삭제 6) 불일치 / [D8] 독립항 목록 8개 중 6개가 본문 '삭제' / [D4] 공개번호(10-2023-0099539)와 표시 일자(2024-07-30) 계열 불일치 · 문헌일 2023-07-04,[F1] drawing_count 0 (도면의 설명 1원소 보유) [F2] 도면 설명 1원소에 도 6개 뭉침
KR 10-2690058 B1,B1,등록특허공보,등록공고,냉장고 도어용 우레탄패드 발포금형의 표면처리방법 및 그 발포금형,9,,,9,D1 D3 D7 D2 D5 D6 D12 D8 D4b,[D5] 상세설명에 하위섹션+전문 중복 렌더(섹션 18264자 = 전문 15300 + 하위섹션 3384) / [D6] 도면 미반입인데 패널 노출(서지 도면 수 0건 / 패널 캡션 1개 · 이미지 없음) / [D12] 서지 청구항 수 4개 ↔ 청구범위 목록 5개(삭제 1) 불일치 / [D8] 독립항 목록 2개 중 1개가 본문 '삭제' / [D4b] 공개/공고번호 — 인데 공개/공고일(2024-07-31)만 표시,[F1] drawing_count 0 (도면의 설명 1원소 보유)
KR 10-2690065 B1,B1,등록특허공보,등록공고,스마트 아동 보육 서비스를 제공하는 보육 관리 시스템 및 이의 동작 방법,9,,,9,D1 D3 D7 D2 D5 D6 D12 D8 D4,[D5] 상세설명에 하위섹션+전문 중복 렌더(섹션 34645자 = 전문 31224 + 하위섹션 3695) / [D6] 도면 미반입인데 패널 노출(서지 도면 수 0건 / 패널 캡션 1개 · 이미지 없음) / [D12] 서지 청구항 수 13개 ↔ 청구범위 목록 16개(삭제 3) 불일치 / [D8] 독립항 목록 6개 중 3개가 본문 '삭제' / [D4] 공개번호(10-2023-0101144)와 표시 일자(2024-07-30) 계열 불일치 · 문헌일 2023-07-06,[F1] drawing_count 0 (도면의 설명 1원소 보유) [F2] 도면 설명 1원소에 도 18개 뭉침
KR 10-2690165 B1,B1,등록특허공보,등록공고,라인 조명 시스템,9,,,9,D1 D3 D7 D2 D5 D6 D12 D8 D4b,[D5] 상세설명에 하위섹션+전문 중복 렌더(섹션 8362자 = 전문 6074 + 하위섹션 2422) / [D6] 도면 미반입인데 패널 노출(서지 도면 수 0건 / 패널 캡션 1개 · 이미지 없음) / [D12] 서지 청구항 수 3개 ↔ 청구범위 목록 5개(삭제 2) 불일치 / [D8] 독립항 목록 3개 중 2개가 본문 '삭제' / [D4b] 공개/공고번호 — 인데 공개/공고일(2024-07-31)만 표시,[F1] drawing_count 0 (도면의 설명 1원소 보유) [F2] 도면 설명 1원소에 도 4개 뭉침
KR 10-2690233 B1,B1,등록특허공보,등록공고,해상 풍력 발전기를 구비하는 부유식 구조물,9,,,9,D1 D3 D7 D2 D5 D6 D12 D8 D4,[D5] 상세설명에 하위섹션+전문 중복 렌더(섹션 13283자 = 전문 10907 + 하위섹션 2704) / [D6] 도면 미반입인데 패널 노출(서지 도면 수 0건 / 패널 캡션 1개 · 이미지 없음) / [D12] 서지 청구항 수 3개 ↔ 청구범위 목록 5개(삭제 2) 불일치 / [D8] 독립항 목록 3개 중 2개가 본문 '삭제' / [D4] 공개번호(10-2021-0036010)와 표시 일자(2024-07-30) 계열 불일치 · 문헌일 2021-04-02,[F1] drawing_count 0 (도면의 설명 1원소 보유) [F2] 도면 설명 1원소에 도 8개 뭉침
KR 10-2690250 B1,B1,등록특허공보,등록공고,고체 고분자 전해질 조성물 및 이를 포함하는 고체 고분자 전해질,9,,,9,D1 D3 D7 D2 D5 D6 D12 D8 D4,[D5] 상세설명에 하위섹션+전문 중복 렌더(섹션 22943자 = 전문 19374 + 하위섹션 4142) / [D6] 도면 미반입인데 패널 노출(서지 도면 수 0건 / 패널 캡션 1개 · 이미지 없음) / [D12] 서지 청구항 수 13개 ↔ 청구범위 목록 14개(삭제 1) 불일치 / [D8] 독립항 목록 2개 중 1개가 본문 '삭제' / [D4] 공개번호(10-2020-0033607)와 표시 일자(2024-07-30) 계열 불일치 · 문헌일 2020-03-30,[F1] drawing_count 0 (도면의 설명 1원소 보유) [F2] 도면 설명 1원소에 도 6개 뭉침
KR 10-2690260 B1,B1,등록특허공보,등록공고,황-탄소 복합체 및 이를 포함하는 리튬-황 전지,9,,,9,D1 D3 D7 D2 D5 D6 D12 D8 D4,[D5] 상세설명에 하위섹션+전문 중복 렌더(섹션 26181자 = 전문 23344 + 하위섹션 3207) / [D6] 도면 미반입인데 패널 노출(서지 도면 수 0건 / 패널 캡션 1개 · 이미지 없음) / [D12] 서지 청구항 수 12개 ↔ 청구범위 목록 13개(삭제 1) 불일치 / [D8] 독립항 목록 2개 중 1개가 본문 '삭제' / [D4] 공개번호(10-2020-0132248)와 표시 일자(2024-07-30) 계열 불일치 · 문헌일 2020-11-25,[F1] drawing_count 0 (도면의 설명 1원소 보유)
KR 10-2690270 B1,B1,등록특허공보,등록공고,투명창이 형성된 샤워기의 제작방법,9,,,9,D1 D3 D7 D2 D5 D6 D12 D8 D4b,[D5] 상세설명에 하위섹션+전문 중복 렌더(섹션 11868자 = 전문 7931 + 하위섹션 4117) / [D6] 도면 미반입인데 패널 노출(서지 도면 수 0건 / 패널 캡션 1개 · 이미지 없음) / [D12] 서지 청구항 수 2개 ↔ 청구범위 목록 4개(삭제 2) 불일치 / [D8] 독립항 목록 3개 중 2개가 본문 '삭제' / [D4b] 공개/공고번호 — 인데 공개/공고일(2024-07-30)만 표시,[F1] drawing_count 0 (도면의 설명 1원소 보유) [F2] 도면 설명 1원소에 도 6개 뭉침
KR 10-2690297 B1,B1,등록특허공보,등록공고,프론트 엔드 모듈,9,,,9,D1 D3 D7 D2 D5 D6 D12 D8 D4,[D5] 상세설명에 하위섹션+전문 중복 렌더(섹션 11959자 = 전문 10750 + 하위섹션 1353) / [D6] 도면 미반입인데 패널 노출(서지 도면 수 0건 / 패널 캡션 1개 · 이미지 없음) / [D12] 서지 청구항 수 9개 ↔ 청구범위 목록 16개(삭제 7) 불일치 / [D8] 독립항 목록 8개 중 7개가 본문 '삭제' / [D4] 공개번호(10-2020-0060844)와 표시 일자(2024-07-30) 계열 불일치 · 문헌일 2020-06-02,[F1] drawing_count 0 (도면의 설명 1원소 보유) [F2] 도면 설명 1원소에 도 10개 뭉침
KR 10-2690322 B1,B1,등록특허공보,등록공고,수식 입력장치 및 그 방법,9,,,9,D1 D3 D7 D2 D5 D6 D12 D8 D4b,[D5] 상세설명에 하위섹션+전문 중복 렌더(섹션 21513자 = 전문 18873 + 하위섹션 3626) / [D6] 도면 미반입인데 패널 노출(서지 도면 수 0건 / 패널 캡션 1개 · 이미지 없음) / [D12] 서지 청구항 수 10개 ↔ 청구범위 목록 11개(삭제 1) 불일치 / [D8] 독립항 목록 5개 중 1개가 본문 '삭제' / [D4b] 공개/공고번호 — 인데 공개/공고일(2024-08-05)만 표시,[F1] drawing_count 0 (도면의 설명 1원소 보유) [F2] 도면 설명 1원소에 도 8개 뭉침
KR 10-2690330 B1,B1,등록특허공보,등록공고,끈 없는 마스크,9,,,9,D1 D3 D7 D2 D5 D6 D12 D8 D4,[D5] 상세설명에 하위섹션+전문 중복 렌더(섹션 6135자 = 전문 4567 + 하위섹션 1614) / [D6] 도면 미반입인데 패널 노출(서지 도면 수 0건 / 패널 캡션 1개 · 이미지 없음) / [D12] 서지 청구항 수 2개 ↔ 청구범위 목록 3개(삭제 1) 불일치 / [D8] 독립항 목록 2개 중 1개가 본문 '삭제' / [D4] 공개번호(10-2023-0115798)와 표시 일자(2024-07-30) 계열 불일치 · 문헌일 2023-08-03,[F1] drawing_count 0 (도면의 설명 1원소 보유) [F2] 도면 설명 1원소에 도 3개 뭉침
KR 10-2690359 B1,B1,등록특허공보,등록공고,보안 프로토콜 기반의 인증 방법,9,,,9,D1 D3 D7 D2 D5 D6 D12 D8 D4b,[D5] 상세설명에 하위섹션+전문 중복 렌더(섹션 11799자 = 전문 8335 + 하위섹션 3516) / [D6] 도면 미반입인데 패널 노출(서지 도면 수 0건 / 패널 캡션 1개 · 이미지 없음) / [D12] 서지 청구항 수 5개 ↔ 청구범위 목록 6개(삭제 1) 불일치 / [D8] 독립항 목록 4개 중 1개가 본문 '삭제' / [D4b] 공개/공고번호 — 인데 공개/공고일(2024-08-05)만 표시,[F1] drawing_count 0 (도면의 설명 1원소 보유)
KR 10-2690391 B1,B1,등록특허공보,등록공고,복합생체신호 측정 전극용 점착성 PDMS 복합체와 제조 공정,9,,,9,D1 D3 D7 D2 D5 D6 D12 D8 D4,[D5] 상세설명에 하위섹션+전문 중복 렌더(섹션 13904자 = 전문 10859 + 하위섹션 3234) / [D6] 도면 미반입인데 패널 노출(서지 도면 수 0건 / 패널 캡션 1개 · 이미지 없음) / [D12] 서지 청구항 수 5개 ↔ 청구범위 목록 9개(삭제 4) 불일치 / [D8] 독립항 목록 5개 중 4개가 본문 '삭제' / [D4] 공개번호(10-2023-0101626)와 표시 일자(2024-07-31) 계열 불일치 · 문헌일 2023-07-06,[F1] drawing_count 0 (도면의 설명 1원소 보유) [F2] 도면 설명 1원소에 도 7개 뭉침
KR 10-2690392 B1,B1,등록특허공보,등록공고,유기발광 표시패널 및 이를 포함하는 유기발광 표시장치,9,,,9,D1 D3 D7 D2 D5 D6 D12 D8 D4,[D5] 상세설명에 하위섹션+전문 중복 렌더(섹션 35988자 = 전문 34045 + 하위섹션 2533) / [D6] 도면 미반입인데 패널 노출(서지 도면 수 0건 / 패널 캡션 1개 · 이미지 없음) / [D12] 서지 청구항 수 18개 ↔ 청구범위 목록 19개(삭제 1) 불일치 / [D8] 독립항 목록 3개 중 1개가 본문 '삭제' / [D4] 공개번호(10-2021-0031099)와 표시 일자(2024-08-01) 계열 불일치 · 문헌일 2021-03-19,[F1] drawing_count 0 (도면의 설명 1원소 보유) [F2] 도면 설명 1원소에 도 16개 뭉침
KR 10-2690399 B1,B1,등록특허공보,등록공고,코일 권취기,9,,,9,D1 D3 D7 D2 D5 D6 D12 D8 D4b,[D5] 상세설명에 하위섹션+전문 중복 렌더(섹션 24413자 = 전문 19712 + 하위섹션 4959) / [D6] 도면 미반입인데 패널 노출(서지 도면 수 0건 / 패널 캡션 1개 · 이미지 없음) / [D12] 서지 청구항 수 8개 ↔ 청구범위 목록 11개(삭제 3) 불일치 / [D8] 독립항 목록 4개 중 3개가 본문 '삭제' / [D4b] 공개/공고번호 — 인데 공개/공고일(2024-07-31)만 표시,[F1] drawing_count 0 (도면의 설명 1원소 보유) [F2] 도면 설명 1원소에 도 5개 뭉침
KR 10-2690497 B1,B1,등록특허공보,등록공고,유무기나노세공체에서 유도된 다공성 탄소 구조체 제조방법 및 이에 의해 제조된 다공성 탄소 구조체,9,,,9,D1 D3 D7 D2 D5 D6 D12 D8 D4b,[D5] 상세설명에 하위섹션+전문 중복 렌더(섹션 27445자 = 전문 23088 + 하위섹션 4965) / [D6] 도면 미반입인데 패널 노출(서지 도면 수 0건 / 패널 캡션 1개 · 이미지 없음) / [D12] 서지 청구항 수 9개 ↔ 청구범위 목록 14개(삭제 5) 불일치 / [D8] 독립항 목록 6개 중 5개가 본문 '삭제' / [D4b] 공개/공고번호 — 인데 공개/공고일(2024-08-05)만 표시,[F1] drawing_count 0 (도면의 설명 1원소 보유) [F2] 도면 설명 1원소에 도 12개 뭉침
KR 10-2690498 B1,B1,등록특허공보,등록공고,"단위 지역 내 소상공인을 위한 물품 판매 중개 방법, 장치 및 컴퓨터-판독 가능 기록 매체",9,,,9,D1 D3 D7 D2 D5 D6 D12 D8 D4,[D5] 상세설명에 하위섹션+전문 중복 렌더(섹션 31840자 = 전문 25774 + 하위섹션 6316) / [D6] 도면 미반입인데 패널 노출(서지 도면 수 0건 / 패널 캡션 1개 · 이미지 없음) / [D12] 서지 청구항 수 9개 ↔ 청구범위 목록 12개(삭제 3) 불일치 / [D8] 독립항 목록 9개 중 3개가 본문 '삭제' / [D4] 공개번호(10-2023-0049437)와 표시 일자(2024-07-31) 계열 불일치 · 문헌일 2023-04-13,[F1] drawing_count 0 (도면의 설명 1원소 보유) [F2] 도면 설명 1원소에 도 12개 뭉침
KR 10-2690545 B1,B1,등록특허공보,등록공고,자동차 조향장치용 구동모터 검사장치,9,,,9,D1 D3 D7 D2 D5 D6 D12 D8 D4,[D5] 상세설명에 하위섹션+전문 중복 렌더(섹션 15420자 = 전문 12886 + 하위섹션 2773) / [D6] 도면 미반입인데 패널 노출(서지 도면 수 0건 / 패널 캡션 1개 · 이미지 없음) / [D12] 서지 청구항 수 4개 ↔ 청구범위 목록 5개(삭제 1) 불일치 / [D8] 독립항 목록 2개 중 1개가 본문 '삭제' / [D4] 공개번호(10-2023-0150585)와 표시 일자(2024-07-31) 계열 불일치 · 문헌일 2023-10-31,[F1] drawing_count 0 (도면의 설명 1원소 보유) [F2] 도면 설명 1원소에 도 7개 뭉침
KR 10-2690556 B1,B1,등록특허공보,등록공고,반도체 포토레지스트용 조성물 및 이를 이용한 패턴 형성 방법,9,,,9,D1 D3 D7 D2 D5 D6 D12 D8 D4,[D5] 상세설명에 하위섹션+전문 중복 렌더(섹션 26692자 = 전문 22652 + 하위섹션 4819) / [D6] 도면 미반입인데 패널 노출(서지 도면 수 0건 / 패널 캡션 1개 · 이미지 없음) / [D12] 서지 청구항 수 15개 ↔ 청구범위 목록 17개(삭제 2) 불일치 / [D8] 독립항 목록 3개 중 2개가 본문 '삭제' / [D4] 공개번호(10-2022-0060853)와 표시 일자(2024-07-30) 계열 불일치 · 문헌일 2022-05-12,[F1] drawing_count 0 (도면의 설명 1원소 보유)
KR 10-2690563 B1,B1,등록특허공보,등록공고,방전극 다중 배열 생산성 향상을 위한 금속 스트립 장치,9,,,9,D1 D3 D7 D2 D5 D6 D12 D8 D4b,[D5] 상세설명에 하위섹션+전문 중복 렌더(섹션 9420자 = 전문 6789 + 하위섹션 2696) / [D6] 도면 미반입인데 패널 노출(서지 도면 수 0건 / 패널 캡션 1개 · 이미지 없음) / [D12] 서지 청구항 수 2개 ↔ 청구범위 목록 4개(삭제 2) 불일치 / [D8] 독립항 목록 3개 중 2개가 본문 '삭제' / [D4b] 공개/공고번호 — 인데 공개/공고일(2024-08-05)만 표시,[F1] drawing_count 0 (도면의 설명 1원소 보유) [F2] 도면 설명 1원소에 도 5개 뭉침
KR 10-2690569 B1,B1,등록특허공보,등록공고,광학적 동기화 방식을 이용하는 라이다 장치 및 이의 운용 방법,9,,,9,D1 D3 D7 D2 D5 D6 D12 D8 D4,[D5] 상세설명에 하위섹션+전문 중복 렌더(섹션 29571자 = 전문 25488 + 하위섹션 4428) / [D6] 도면 미반입인데 패널 노출(서지 도면 수 0건 / 패널 캡션 1개 · 이미지 없음) / [D12] 서지 청구항 수 10개 ↔ 청구범위 목록 13개(삭제 3) 불일치 / [D8] 독립항 목록 5개 중 3개가 본문 '삭제' / [D4] 공개번호(10-2023-0119381)와 표시 일자(2024-07-31) 계열 불일치 · 문헌일 2023-08-16,[F1] drawing_count 0 (도면의 설명 1원소 보유) [F2] 도면 설명 1원소에 도 7개 뭉침
KR 10-2690586 B1,B1,등록특허공보,등록공고,캡슐형 손 소독제를 보관하는 장치 및 이를 이용하여 사용자의 손 소독 여부를 인증하는 시스템,9,,,9,D1 D3 D7 D2 D5 D6 D12 D8 D4,[D5] 상세설명에 하위섹션+전문 중복 렌더(섹션 26868자 = 전문 22996 + 하위섹션 4290) / [D6] 도면 미반입인데 패널 노출(서지 도면 수 0건 / 패널 캡션 1개 · 이미지 없음) / [D12] 서지 청구항 수 5개 ↔ 청구범위 목록 9개(삭제 4) 불일치 / [D8] 독립항 목록 5개 중 4개가 본문 '삭제' / [D4] 공개번호(10-2023-0125488)와 표시 일자(2024-07-30) 계열 불일치 · 문헌일 2023-08-29,[F1] drawing_count 0 (도면의 설명 1원소 보유) [F2] 도면 설명 1원소에 도 9개 뭉침
KR 10-2690615 B1,B1,등록특허공보,등록공고,욕창 방지 매트 시스템 및 이에 사용되는 욕창 방지 매트,9,,,9,D1 D3 D7 D2 D5 D6 D12 D8 D4b,[D5] 상세설명에 하위섹션+전문 중복 렌더(섹션 10189자 = 전문 8251 + 하위섹션 2047) / [D6] 도면 미반입인데 패널 노출(서지 도면 수 0건 / 패널 캡션 1개 · 이미지 없음) / [D12] 서지 청구항 수 11개 ↔ 청구범위 목록 12개(삭제 1) 불일치 / [D8] 독립항 목록 4개 중 1개가 본문 '삭제' / [D4b] 공개/공고번호 — 인데 공개/공고일(2024-07-31)만 표시,[F1] drawing_count 0 (도면의 설명 1원소 보유) [F2] 도면 설명 1원소에 도 5개 뭉침
KR 10-2690635 B1,B1,등록특허공보,등록공고,촉매 카트리지 삽입형 PrOx 반응기,9,,,9,D1 D3 D7 D2 D5 D6 D12 D8 D4b,[D5] 상세설명에 하위섹션+전문 중복 렌더(섹션 8835자 = 전문 7212 + 하위섹션 1887) / [D6] 도면 미반입인데 패널 노출(서지 도면 수 0건 / 패널 캡션 1개 · 이미지 없음) / [D12] 서지 청구항 수 3개 ↔ 청구범위 목록 4개(삭제 1) 불일치 / [D8] 독립항 목록 2개 중 1개가 본문 '삭제' / [D4b] 공개/공고번호 — 인데 공개/공고일(2024-08-05)만 표시,[F1] drawing_count 0 (도면의 설명 1원소 보유) [F2] 도면 설명 1원소에 도 5개 뭉침
KR 10-2690637 B1,B1,등록특허공보,등록공고,에어로졸 발생 물품 및 에어로졸 발생 시스템,9,,,9,D1 D3 D7 D2 D5 D6 D12 D8 D4b,[D5] 상세설명에 하위섹션+전문 중복 렌더(섹션 25090자 = 전문 23294 + 하위섹션 2389) / [D6] 도면 미반입인데 패널 노출(서지 도면 수 0건 / 패널 캡션 1개 · 이미지 없음) / [D12] 서지 청구항 수 11개 ↔ 청구범위 목록 13개(삭제 2) 불일치 / [D8] 독립항 목록 4개 중 2개가 본문 '삭제' / [D4b] 공개/공고번호 — 인데 공개/공고일(2024-08-05)만 표시,[F1] drawing_count 0 (도면의 설명 1원소 보유) [F2] 도면 설명 1원소에 도 5개 뭉침
KR 10-2690684 B1,B1,등록특허공보,등록공고,창호용 나사 체결 장치,9,,,9,D1 D3 D7 D2 D5 D6 D12 D8 D4,[D5] 상세설명에 하위섹션+전문 중복 렌더(섹션 8620자 = 전문 7109 + 하위섹션 1762) / [D6] 도면 미반입인데 패널 노출(서지 도면 수 0건 / 패널 캡션 1개 · 이미지 없음) / [D12] 서지 청구항 수 8개 ↔ 청구범위 목록 9개(삭제 1) 불일치 / [D8] 독립항 목록 4개 중 1개가 본문 '삭제' / [D4] 공개번호(10-2023-0135893)와 표시 일자(2024-07-31) 계열 불일치 · 문헌일 2023-09-26,[F1] drawing_count 0 (도면의 설명 1원소 보유) [F2] 도면 설명 1원소에 도 5개 뭉침
KR 10-2690814 B1,B1,등록특허공보,등록공고,술폰계 화합물 및 포스페이트계 화합물을 포함하는 전해질 및 이를 포함하는 리튬이차전지,9,,,9,D1 D3 D7 D2 D5 D6 D12 D8 D4,[D5] 상세설명에 하위섹션+전문 중복 렌더(섹션 35569자 = 전문 34590 + 하위섹션 2010) / [D6] 도면 미반입인데 패널 노출(서지 도면 수 0건 / 패널 캡션 1개 · 이미지 없음) / [D12] 서지 청구항 수 19개 ↔ 청구범위 목록 20개(삭제 1) 불일치 / [D8] 독립항 목록 2개 중 1개가 본문 '삭제' / [D4] 공개번호(10-2020-0056873)와 표시 일자(2024-08-02) 계열 불일치 · 문헌일 2020-05-25,[F1] drawing_count 0 (도면의 설명 1원소 보유) [F2] 도면 설명 1원소에 도 3개 뭉침
KR 10-2690853 B1,B1,등록특허공보,등록공고,자동 청소 시스템이 구비된 창호,9,,,9,D1 D3 D7 D2 D5 D6 D12 D8 D4,[D5] 상세설명에 하위섹션+전문 중복 렌더(섹션 17032자 = 전문 13888 + 하위섹션 3382) / [D6] 도면 미반입인데 패널 노출(서지 도면 수 0건 / 패널 캡션 1개 · 이미지 없음) / [D12] 서지 청구항 수 4개 ↔ 청구범위 목록 9개(삭제 5) 불일치 / [D8] 독립항 목록 6개 중 5개가 본문 '삭제' / [D4] 공개번호(10-2021-0033616)와 표시 일자(2024-08-02) 계열 불일치 · 문헌일 2021-03-29,[F1] drawing_count 0 (도면의 설명 1원소 보유) [F2] 도면 설명 1원소에 도 7개 뭉침
KR 10-2690944 B1,B1,등록특허공보,등록공고,차량용 주차 브레이크 장치,9,,,9,D1 D3 D7 D2 D5 D6 D12 D8 D4,[D5] 상세설명에 하위섹션+전문 중복 렌더(섹션 22265자 = 전문 19423 + 하위섹션 3306) / [D6] 도면 미반입인데 패널 노출(서지 도면 수 0건 / 패널 캡션 1개 · 이미지 없음) / [D12] 서지 청구항 수 19개 ↔ 청구범위 목록 21개(삭제 2) 불일치 / [D8] 독립항 목록 3개 중 2개가 본문 '삭제' / [D4] 공개번호(10-2021-0009237)와 표시 일자(2024-08-01) 계열 불일치 · 문헌일 2021-01-26,[F1] drawing_count 0 (도면의 설명 1원소 보유) [F2] 도면 설명 1원소에 도 8개 뭉침
KR 10-2690970 B1,B1,등록특허공보,등록공고,"신경망 액티베이션의 채널별 크기를 감소시키고 채널의 총 개수를 증가시키는 액티베이션 변환방법, 및 이를 위한",9,,,9,D1 D3 D7 D2 D5 D6 D12 D8 D4b,[D5] 상세설명에 하위섹션+전문 중복 렌더(섹션 40169자 = 전문 32769 + 하위섹션 7949) / [D6] 도면 미반입인데 패널 노출(서지 도면 수 0건 / 패널 캡션 1개 · 이미지 없음) / [D12] 서지 청구항 수 8개 ↔ 청구범위 목록 10개(삭제 2) 불일치 / [D8] 독립항 목록 4개 중 2개가 본문 '삭제' / [D4b] 공개/공고번호 — 인데 공개/공고일(2024-08-05)만 표시,[F1] drawing_count 0 (도면의 설명 1원소 보유) [F2] 도면 설명 1원소에 도 37개 뭉침
KR 10-2691013 B1,B1,등록특허공보,등록공고,차량용 테스트 시스템 및 그 제어 방법,9,,,9,D1 D3 D7 D2 D5 D6 D12 D8 D4,[D5] 상세설명에 하위섹션+전문 중복 렌더(섹션 13439자 = 전문 10267 + 하위섹션 3249) / [D6] 도면 미반입인데 패널 노출(서지 도면 수 0건 / 패널 캡션 1개 · 이미지 없음) / [D12] 서지 청구항 수 17개 ↔ 청구범위 목록 19개(삭제 2) 불일치 / [D8] 독립항 목록 4개 중 2개가 본문 '삭제' / [D4] 공개번호(10-2020-0044407)와 표시 일자(2024-08-02) 계열 불일치 · 문헌일 2020-04-29,[F1] drawing_count 0 (도면의 설명 1원소 보유) [F2] 도면 설명 1원소에 도 6개 뭉침
KR 10-2691021 B1,B1,등록특허공보,등록공고,의약품 식별 시스템 및 의약품 식별 방법,9,,,9,D1 D3 D7 D2 D5 D6 D12 D8 D4b,[D5] 상세설명에 하위섹션+전문 중복 렌더(섹션 29015자 = 전문 26134 + 하위섹션 3451) / [D6] 도면 미반입인데 패널 노출(서지 도면 수 0건 / 패널 캡션 1개 · 이미지 없음) / [D12] 서지 청구항 수 7개 ↔ 청구범위 목록 10개(삭제 3) 불일치 / [D8] 독립항 목록 5개 중 3개가 본문 '삭제' / [D4b] 공개/공고번호 — 인데 공개/공고일(2024-08-01)만 표시,[F1] drawing_count 0 (도면의 설명 1원소 보유) [F2] 도면 설명 1원소에 도 10개 뭉침
KR 10-2691036 B1,B1,등록특허공보,등록공고,전력 변환 장치의 전력 제어 시스템 및 방법,9,,,9,D1 D3 D7 D2 D5 D6 D12 D8 D4b,[D5] 상세설명에 하위섹션+전문 중복 렌더(섹션 17701자 = 전문 13575 + 하위섹션 4334) / [D6] 도면 미반입인데 패널 노출(서지 도면 수 0건 / 패널 캡션 1개 · 이미지 없음) / [D12] 서지 청구항 수 12개 ↔ 청구범위 목록 20개(삭제 8) 불일치 / [D8] 독립항 목록 10개 중 8개가 본문 '삭제' / [D4b] 공개/공고번호 — 인데 공개/공고일(2024-08-05)만 표시,[F1] drawing_count 0 (도면의 설명 1원소 보유) [F2] 도면 설명 1원소에 도 7개 뭉침
KR 10-2691060 B1,B1,등록특허공보,등록공고,조리기기,9,,,9,D1 D3 D7 D2 D5 D6 D12 D8 D4,[D5] 상세설명에 하위섹션+전문 중복 렌더(섹션 75087자 = 전문 61174 + 하위섹션 14987) / [D6] 도면 미반입인데 패널 노출(서지 도면 수 0건 / 패널 캡션 1개 · 이미지 없음) / [D12] 서지 청구항 수 19개 ↔ 청구범위 목록 22개(삭제 3) 불일치 / [D8] 독립항 목록 4개 중 3개가 본문 '삭제' / [D4] 공개번호(10-2020-0087653)와 표시 일자(2024-08-01) 계열 불일치 · 문헌일 2020-07-21,[F1] drawing_count 0 (도면의 설명 1원소 보유) [F2] 도면 설명 1원소에 도 53개 뭉침
KR 10-2691079 B1,B1,등록특허공보,등록공고,능동형 스위치를 이용한 스위칭 방식 위상 변화기,9,,,9,D1 D3 D7 D2 D5 D6 D12 D8 D4b,[D5] 상세설명에 하위섹션+전문 중복 렌더(섹션 11384자 = 전문 7330 + 하위섹션 4197) / [D6] 도면 미반입인데 패널 노출(서지 도면 수 0건 / 패널 캡션 1개 · 이미지 없음) / [D12] 서지 청구항 수 5개 ↔ 청구범위 목록 7개(삭제 2) 불일치 / [D8] 독립항 목록 3개 중 2개가 본문 '삭제' / [D4b] 공개/공고번호 — 인데 공개/공고일(2024-08-05)만 표시,[F1] drawing_count 0 (도면의 설명 1원소 보유) [F2] 도면 설명 1원소에 도 8개 뭉침
KR 10-2691156 B1,B1,등록특허공보,등록공고,건설 기계,9,,,9,D1 D3 D7 D2 D5 D6 D12 D8 D4,[D5] 상세설명에 하위섹션+전문 중복 렌더(섹션 18996자 = 전문 15351 + 하위섹션 3905) / [D6] 도면 미반입인데 패널 노출(서지 도면 수 0건 / 패널 캡션 1개 · 이미지 없음) / [D12] 서지 청구항 수 8개 ↔ 청구범위 목록 9개(삭제 1) 불일치 / [D8] 독립항 목록 2개 중 1개가 본문 '삭제' / [D4] 공개번호(10-2021-0001268)와 표시 일자(2024-08-01) 계열 불일치 · 문헌일 2021-01-06,[F1] drawing_count 0 (도면의 설명 1원소 보유) [F2] 도면 설명 1원소에 도 8개 뭉침
KR 10-2691282 B1,B1,등록특허공보,등록공고,일회용 카트리지를 포함하는 전기천공용 분배기,9,,,9,D1 D3 D7 D2 D5 D6 D12 D8 D4b,[D5] 상세설명에 하위섹션+전문 중복 렌더(섹션 21596자 = 전문 14958 + 하위섹션 6837) / [D6] 도면 미반입인데 패널 노출(서지 도면 수 0건 / 패널 캡션 1개 · 이미지 없음) / [D12] 서지 청구항 수 8개 ↔ 청구범위 목록 10개(삭제 2) 불일치 / [D8] 독립항 목록 3개 중 2개가 본문 '삭제' / [D4b] 공개/공고번호 — 인데 공개/공고일(2024-08-05)만 표시,[F1] drawing_count 0 (도면의 설명 1원소 보유) [F2] 도면 설명 1원소에 도 4개 뭉침
KR 10-2691307 B1,B1,등록특허공보,등록공고,카메라 모듈,9,,,9,D1 D3 D7 D2 D5 D6 D12 D8 D4,[D5] 상세설명에 하위섹션+전문 중복 렌더(섹션 35679자 = 전문 34419 + 하위섹션 1801) / [D6] 도면 미반입인데 패널 노출(서지 도면 수 0건 / 패널 캡션 1개 · 이미지 없음) / [D12] 서지 청구항 수 14개 ↔ 청구범위 목록 15개(삭제 1) 불일치 / [D8] 독립항 목록 2개 중 1개가 본문 '삭제' / [D4] 공개번호(10-2023-0065634)와 표시 일자(2024-08-05) 계열 불일치 · 문헌일 2023-05-12,[F1] drawing_count 0 (도면의 설명 1원소 보유) [F2] 도면 설명 1원소에 도 29개 뭉침
KR 10-2691342 B1,B1,등록특허공보,등록공고,스턱 고장 진단 기능이 구비된 릴레이 및 이의 고장 진단 방법,9,,,9,D1 D3 D7 D2 D5 D6 D12 D8 D4,[D5] 상세설명에 하위섹션+전문 중복 렌더(섹션 18414자 = 전문 12758 + 하위섹션 5941) / [D6] 도면 미반입인데 패널 노출(서지 도면 수 0건 / 패널 캡션 1개 · 이미지 없음) / [D12] 서지 청구항 수 16개 ↔ 청구범위 목록 17개(삭제 1) 불일치 / [D8] 독립항 목록 2개 중 1개가 본문 '삭제' / [D4] 공개번호(10-2021-0051173)와 표시 일자(2024-08-01) 계열 불일치 · 문헌일 2021-05-10,[F1] drawing_count 0 (도면의 설명 1원소 보유) [F2] 도면 설명 1원소에 도 7개 뭉침
KR 10-2691351 B1,B1,등록특허공보,등록공고,자일리톨 및 프로폴리스를 활용한 치과용 및 토탈 의료용 3D 프린팅 레진 제조 방법,9,,,9,D1 D3 D7 D2 D5 D6 D12 D8 D4b,[D5] 상세설명에 하위섹션+전문 중복 렌더(섹션 21690자 = 전문 18812 + 하위섹션 3890) / [D6] 도면 미반입인데 패널 노출(서지 도면 수 0건 / 패널 캡션 1개 · 이미지 없음) / [D12] 서지 청구항 수 8개 ↔ 청구범위 목록 9개(삭제 1) 불일치 / [D8] 독립항 목록 2개 중 1개가 본문 '삭제' / [D4b] 공개/공고번호 — 인데 공개/공고일(2024-08-05)만 표시,[F1] drawing_count 0 (도면의 설명 1원소 보유)
KR 10-2691366 B1,B1,등록특허공보,등록공고,"점착 시트 및 그 제조 방법, 그리고 화상 표시 장치의 제조 방법",9,,,9,D1 D3 D7 D2 D5 D6 D12 D8 D4,[D5] 상세설명에 하위섹션+전문 중복 렌더(섹션 39784자 = 전문 36625 + 하위섹션 3825) / [D6] 도면 미반입인데 패널 노출(서지 도면 수 0건 / 패널 캡션 1개 · 이미지 없음) / [D12] 서지 청구항 수 11개 ↔ 청구범위 목록 16개(삭제 5) 불일치 / [D8] 독립항 목록 6개 중 5개가 본문 '삭제' / [D4] 공개번호(10-2020-0060235)와 표시 일자(2024-08-05) 계열 불일치 · 문헌일 2020-05-29,[F1] drawing_count 0 (도면의 설명 1원소 보유) [F2] 도면 설명 1원소에 도 7개 뭉침
KR 10-2691403 B1,B1,등록특허공보,등록공고,터널 소화용 스프레이 노즐,9,,,9,D1 D3 D7 D2 D5 D6 D12 D8 D4b,[D5] 상세설명에 하위섹션+전문 중복 렌더(섹션 12352자 = 전문 8426 + 하위섹션 4060) / [D6] 도면 미반입인데 패널 노출(서지 도면 수 0건 / 패널 캡션 1개 · 이미지 없음) / [D12] 서지 청구항 수 3개 ↔ 청구범위 목록 4개(삭제 1) 불일치 / [D8] 독립항 목록 2개 중 1개가 본문 '삭제' / [D4b] 공개/공고번호 — 인데 공개/공고일(2024-08-05)만 표시,[F1] drawing_count 0 (도면의 설명 1원소 보유) [F2] 도면 설명 1원소에 도 7개 뭉침
KR 10-2691417 B1,B1,등록특허공보,등록공고,게임 콘텐츠를 제공하는 케어 로봇,9,,,9,D1 D3 D7 D2 D5 D6 D12 D8 D4b,[D5] 상세설명에 하위섹션+전문 중복 렌더(섹션 26623자 = 전문 24280 + 하위섹션 2609) / [D6] 도면 미반입인데 패널 노출(서지 도면 수 0건 / 패널 캡션 1개 · 이미지 없음) / [D12] 서지 청구항 수 13개 ↔ 청구범위 목록 14개(삭제 1) 불일치 / [D8] 독립항 목록 8개 중 1개가 본문 '삭제' / [D4b] 공개/공고번호 — 인데 공개/공고일(2024-08-06)만 표시,[F1] drawing_count 0 (도면의 설명 1원소 보유) [F2] 도면 설명 1원소에 도 11개 뭉침
KR 10-2691425 B1,B1,등록특허공보,등록공고,조적벽체 보강 구조체를 이용한 벽체 내진 공법,9,,,9,D1 D3 D7 D2 D5 D6 D12 D8 D4b,[D5] 상세설명에 하위섹션+전문 중복 렌더(섹션 17720자 = 전문 12783 + 하위섹션 5044) / [D6] 도면 미반입인데 패널 노출(서지 도면 수 0건 / 패널 캡션 1개 · 이미지 없음) / [D12] 서지 청구항 수 2개 ↔ 청구범위 목록 8개(삭제 6) 불일치 / [D8] 독립항 목록 7개 중 6개가 본문 '삭제' / [D4b] 공개/공고번호 — 인데 공개/공고일(2024-08-05)만 표시,[F1] drawing_count 0 (도면의 설명 1원소 보유) [F2] 도면 설명 1원소에 도 9개 뭉침
KR 10-2691471 B1,B1,등록특허공보,등록공고,조작기,9,,,9,D1 D3 D7 D2 D5 D6 D12 D8 D4b,[D5] 상세설명에 하위섹션+전문 중복 렌더(섹션 12487자 = 전문 9357 + 하위섹션 3304) / [D6] 도면 미반입인데 패널 노출(서지 도면 수 0건 / 패널 캡션 1개 · 이미지 없음) / [D12] 서지 청구항 수 7개 ↔ 청구범위 목록 8개(삭제 1) 불일치 / [D8] 독립항 목록 2개 중 1개가 본문 '삭제' / [D4b] 공개/공고번호 — 인데 공개/공고일(2024-08-05)만 표시,[F1] drawing_count 0 (도면의 설명 1원소 보유) [F2] 도면 설명 1원소에 도 10개 뭉침
KR 10-2691496 B1,B1,등록특허공보,등록공고,반도체 장치,9,,,9,D1 D3 D7 D2 D5 D6 D12 D8 D4,[D5] 상세설명에 하위섹션+전문 중복 렌더(섹션 24100자 = 전문 22217 + 하위섹션 2186) / [D6] 도면 미반입인데 패널 노출(서지 도면 수 0건 / 패널 캡션 1개 · 이미지 없음) / [D12] 서지 청구항 수 9개 ↔ 청구범위 목록 10개(삭제 1) 불일치 / [D8] 독립항 목록 3개 중 1개가 본문 '삭제' / [D4] 공개번호(10-2021-0013799)와 표시 일자(2024-08-01) 계열 불일치 · 문헌일 2021-02-08,[F1] drawing_count 0 (도면의 설명 1원소 보유) [F2] 도면 설명 1원소에 도 15개 뭉침
KR 10-2691548 B1,B1,등록특허공보,등록공고,플러그형 스위치가 착탈되는 단자대,9,,,9,D1 D3 D7 D2 D5 D6 D12 D8 D4b,[D5] 상세설명에 하위섹션+전문 중복 렌더(섹션 11937자 = 전문 9787 + 하위섹션 2310) / [D6] 도면 미반입인데 패널 노출(서지 도면 수 0건 / 패널 캡션 1개 · 이미지 없음) / [D12] 서지 청구항 수 4개 ↔ 청구범위 목록 5개(삭제 1) 불일치 / [D8] 독립항 목록 2개 중 1개가 본문 '삭제' / [D4b] 공개/공고번호 — 인데 공개/공고일(2024-08-05)만 표시,[F1] drawing_count 0 (도면의 설명 1원소 보유) [F2] 도면 설명 1원소에 도 15개 뭉침
KR 10-2691665 B1,B1,등록특허공보,등록공고,SOFC-PSA 하이브리드 시스템,9,,,9,D1 D3 D7 D2 D5 D6 D12 D8 D4,[D5] 상세설명에 하위섹션+전문 중복 렌더(섹션 14433자 = 전문 12110 + 하위섹션 2502) / [D6] 도면 미반입인데 패널 노출(서지 도면 수 0건 / 패널 캡션 1개 · 이미지 없음) / [D12] 서지 청구항 수 4개 ↔ 청구범위 목록 6개(삭제 2) 불일치 / [D8] 독립항 목록 3개 중 2개가 본문 '삭제' / [D4] 공개번호(10-2024-0097684)와 표시 일자(2024-08-05) 계열 불일치 · 문헌일 2024-06-27,[F1] drawing_count 0 (도면의 설명 1원소 보유) [F2] 도면 설명 1원소에 도 3개 뭉침
KR 10-2691817 B1,B1,등록특허공보,등록공고,산야초식초의 제조방법 및 이에 의해 제조되는 산야초식초,9,,,9,D1 D3 D7 D2 D5 D6 D12 D8 D4,[D5] 상세설명에 하위섹션+전문 중복 렌더(섹션 13919자 = 전문 11199 + 하위섹션 2903) / [D6] 도면 미반입인데 패널 노출(서지 도면 수 0건 / 패널 캡션 1개 · 이미지 없음) / [D12] 서지 청구항 수 2개 ↔ 청구범위 목록 5개(삭제 3) 불일치 / [D8] 독립항 목록 4개 중 3개가 본문 '삭제' / [D4] 공개번호(10-2023-0083802)와 표시 일자(2024-08-05) 계열 불일치 · 문헌일 2023-06-12,[F1] drawing_count 0 (도면의 설명 1원소 보유) [F2] 도면 설명 1원소에 도 5개 뭉침
KR 10-2691829 B1,B1,등록특허공보,등록공고,콜센터 서비스 제공 시스템,9,,,9,D1 D3 D7 D2 D5 D6 D12 D8 D4b,[D5] 상세설명에 하위섹션+전문 중복 렌더(섹션 13176자 = 전문 10620 + 하위섹션 2774) / [D6] 도면 미반입인데 패널 노출(서지 도면 수 0건 / 패널 캡션 1개 · 이미지 없음) / [D12] 서지 청구항 수 2개 ↔ 청구범위 목록 3개(삭제 1) 불일치 / [D8] 독립항 목록 2개 중 1개가 본문 '삭제' / [D4b] 공개/공고번호 — 인데 공개/공고일(2024-08-05)만 표시,[F1] drawing_count 0 (도면의 설명 1원소 보유) [F2] 도면 설명 1원소에 도 3개 뭉침
KR 10-2691900 B1,B1,등록특허공보,등록공고,절전형 전자클러치 및 이를 포함하는 자동 도어용 구동장치,9,,,9,D1 D3 D7 D2 D5 D6 D12 D8 D4b,[D5] 상세설명에 하위섹션+전문 중복 렌더(섹션 16996자 = 전문 13572 + 하위섹션 3682) / [D6] 도면 미반입인데 패널 노출(서지 도면 수 0건 / 패널 캡션 1개 · 이미지 없음) / [D12] 서지 청구항 수 7개 ↔ 청구범위 목록 8개(삭제 1) 불일치 / [D8] 독립항 목록 3개 중 1개가 본문 '삭제' / [D4b] 공개/공고번호 — 인데 공개/공고일(2024-08-05)만 표시,[F1] drawing_count 0 (도면의 설명 1원소 보유) [F2] 도면 설명 1원소에 도 4개 뭉침
KR 10-2691906 B1,B1,등록특허공보,등록공고,저장 장치 및 그 동작 방법,9,,,9,D1 D3 D7 D2 D5 D6 D12 D8 D4,[D5] 상세설명에 하위섹션+전문 중복 렌더(섹션 30081자 = 전문 27805 + 하위섹션 2596) / [D6] 도면 미반입인데 패널 노출(서지 도면 수 0건 / 패널 캡션 1개 · 이미지 없음) / [D12] 서지 청구항 수 14개 ↔ 청구범위 목록 18개(삭제 4) 불일치 / [D8] 독립항 목록 6개 중 4개가 본문 '삭제' / [D4] 공개번호(10-2021-0026103)와 표시 일자(2024-08-06) 계열 불일치 · 문헌일 2021-03-10,[F1] drawing_count 0 (도면의 설명 1원소 보유) [F2] 도면 설명 1원소에 도 19개 뭉침
KR 10-2691922 B1,B1,등록특허공보,등록공고,차량과 텐트 도킹 타프,9,,,9,D1 D3 D7 D2 D5 D6 D12 D8 D4,[D5] 상세설명에 하위섹션+전문 중복 렌더(섹션 15598자 = 전문 11921 + 하위섹션 3807) / [D6] 도면 미반입인데 패널 노출(서지 도면 수 0건 / 패널 캡션 1개 · 이미지 없음) / [D12] 서지 청구항 수 3개 ↔ 청구범위 목록 5개(삭제 2) 불일치 / [D8] 독립항 목록 3개 중 2개가 본문 '삭제' / [D4] 공개번호(10-2024-0025989)와 표시 일자(2024-08-05) 계열 불일치 · 문헌일 2024-02-27,[F1] drawing_count 0 (도면의 설명 1원소 보유) [F2] 도면 설명 1원소에 도 7개 뭉침
KR 10-2692038 B1,B1,등록특허공보,등록공고,임플란트 수납 선반,9,,,9,D1 D3 D7 D2 D5 D6 D12 D8 D4,[D5] 상세설명에 하위섹션+전문 중복 렌더(섹션 11300자 = 전문 9322 + 하위섹션 2072) / [D6] 도면 미반입인데 패널 노출(서지 도면 수 0건 / 패널 캡션 1개 · 이미지 없음) / [D12] 서지 청구항 수 4개 ↔ 청구범위 목록 6개(삭제 2) 불일치 / [D8] 독립항 목록 4개 중 2개가 본문 '삭제' / [D4] 공개번호(10-2023-0108532)와 표시 일자(2024-08-06) 계열 불일치 · 문헌일 2023-07-18,[F1] drawing_count 0 (도면의 설명 1원소 보유) [F2] 도면 설명 1원소에 도 12개 뭉침
KR 10-2692059 B1,B1,등록특허공보,등록공고,"사철쑥 추출물, 갯강활 추출물 및 띠 추출물을 포함하는 나노 리포좀을 함유한 항산화, 항염증, 미세먼지로 인",9,,,9,D1 D3 D7 D2 D5 D12 D8 D8c D4b,[D5] 상세설명에 하위섹션+전문 중복 렌더(섹션 50365자 = 전문 31976 + 하위섹션 20002) / [D12] 서지 청구항 수 11개 ↔ 청구범위 목록 18개(삭제 7) 불일치 / [D8] 독립항 목록 18개 중 7개가 본문 '삭제' / [D8c] 종속항 0 · 삭제항 7 → 독립/전체 토글 결과 동일(18개) / [D4b] 공개/공고번호 — 인데 공개/공고일(2024-08-06)만 표시,
KR 10-2692092 B1,B1,등록특허공보,등록공고,신경망 레이어의 출력 액티베이션을 산출하는 신경망 연산방법 및 이를 위한 하드웨어 가속기,9,,,9,D1 D3 D7 D2 D5 D6 D12 D8 D4,[D5] 상세설명에 하위섹션+전문 중복 렌더(섹션 32643자 = 전문 23397 + 하위섹션 9630) / [D6] 도면 미반입인데 패널 노출(서지 도면 수 0건 / 패널 캡션 1개 · 이미지 없음) / [D12] 서지 청구항 수 10개 ↔ 청구범위 목록 11개(삭제 1) 불일치 / [D8] 독립항 목록 4개 중 1개가 본문 '삭제' / [D4] 공개번호(10-2024-0008816)와 표시 일자(2024-08-05) 계열 불일치 · 문헌일 2024-01-19,[F1] drawing_count 0 (도면의 설명 1원소 보유) [F2] 도면 설명 1원소에 도 7개 뭉침
KR 10-2692119 B1,B1,등록특허공보,등록공고,차량용 출몰형 아웃사이드 도어 핸들 조립체,9,,,9,D1 D3 D7 D2 D5 D6 D12 D8 D4,[D5] 상세설명에 하위섹션+전문 중복 렌더(섹션 14047자 = 전문 10070 + 하위섹션 4127) / [D6] 도면 미반입인데 패널 노출(서지 도면 수 0건 / 패널 캡션 1개 · 이미지 없음) / [D12] 서지 청구항 수 11개 ↔ 청구범위 목록 15개(삭제 4) 불일치 / [D8] 독립항 목록 5개 중 4개가 본문 '삭제' / [D4] 공개번호(10-2020-0041004)와 표시 일자(2024-08-05) 계열 불일치 · 문헌일 2020-04-21,[F1] drawing_count 0 (도면의 설명 1원소 보유) [F2] 도면 설명 1원소에 도 11개 뭉침
KR 10-2692121 B1,B1,등록특허공보,등록공고,무인운반차량 통제 시스템 및 그 방법,9,,,9,D1 D3 D7 D2 D5 D6 D12 D8 D4,[D5] 상세설명에 하위섹션+전문 중복 렌더(섹션 24103자 = 전문 19165 + 하위섹션 5393) / [D6] 도면 미반입인데 패널 노출(서지 도면 수 0건 / 패널 캡션 1개 · 이미지 없음) / [D12] 서지 청구항 수 18개 ↔ 청구범위 목록 19개(삭제 1) 불일치 / [D8] 독립항 목록 3개 중 1개가 본문 '삭제' / [D4] 공개번호(10-2020-0069925)와 표시 일자(2024-08-05) 계열 불일치 · 문헌일 2020-06-17,[F1] drawing_count 0 (도면의 설명 1원소 보유) [F2] 도면 설명 1원소에 도 7개 뭉침
KR 10-2692268 B1,B1,등록특허공보,등록공고,내구성이 향상된 연료전지용 막-전극 접합체 및 이의 제조방법,9,,,9,D1 D3 D7 D2 D5 D6 D12 D8 D4,[D5] 상세설명에 하위섹션+전문 중복 렌더(섹션 21566자 = 전문 17067 + 하위섹션 4974) / [D6] 도면 미반입인데 패널 노출(서지 도면 수 0건 / 패널 캡션 1개 · 이미지 없음) / [D12] 서지 청구항 수 10개 ↔ 청구범위 목록 11개(삭제 1) 불일치 / [D8] 독립항 목록 3개 중 1개가 본문 '삭제' / [D4] 공개번호(10-2020-0027631)와 표시 일자(2024-08-05) 계열 불일치 · 문헌일 2020-03-13,[F1] drawing_count 0 (도면의 설명 1원소 보유) [F2] 도면 설명 1원소에 도 4개 뭉침
KR 10-2692271 B1,B1,등록특허공보,등록공고,쇄빙 시 발생되는 회생제동을 이용한 비상 발전 시스템,9,,,9,D1 D3 D7 D2 D5 D6 D12 D8 D4,[D5] 상세설명에 하위섹션+전문 중복 렌더(섹션 10437자 = 전문 7400 + 하위섹션 3123) / [D6] 도면 미반입인데 패널 노출(서지 도면 수 0건 / 패널 캡션 1개 · 이미지 없음) / [D12] 서지 청구항 수 6개 ↔ 청구범위 목록 9개(삭제 3) 불일치 / [D8] 독립항 목록 4개 중 3개가 본문 '삭제' / [D4] 공개번호(10-2021-0004534)와 표시 일자(2024-08-05) 계열 불일치 · 문헌일 2021-01-13,[F1] drawing_count 0 (도면의 설명 1원소 보유) [F2] 도면 설명 1원소에 도 6개 뭉침
KR 10-2692484 B1,B1,등록특허공보,등록공고,"차량의 공기조화 시스템, 공기조화 시스템용 전자제어밸브 및 공기조화 시스템의 제어방법",9,,,9,D1 D3 D7 D2 D5 D6 D12 D8 D4,[D5] 상세설명에 하위섹션+전문 중복 렌더(섹션 28411자 = 전문 21759 + 하위섹션 7334) / [D6] 도면 미반입인데 패널 노출(서지 도면 수 0건 / 패널 캡션 1개 · 이미지 없음) / [D12] 서지 청구항 수 23개 ↔ 청구범위 목록 28개(삭제 5) 불일치 / [D8] 독립항 목록 8개 중 5개가 본문 '삭제' / [D4] 공개번호(10-2020-0133485)와 표시 일자(2024-08-07) 계열 불일치 · 문헌일 2020-11-30,[F1] drawing_count 0 (도면의 설명 1원소 보유) [F2] 도면 설명 1원소에 도 8개 뭉침
KR 10-2692523 B1,B1,등록특허공보,등록공고,2-필터링 기반 펫 서비스 업체를 추천하는 전자 장치 및 그 추천 방법,9,,,9,D1 D3 D7 D2 D5 D6 D12 D8 D4,[D5] 상세설명에 하위섹션+전문 중복 렌더(섹션 21211자 = 전문 16466 + 하위섹션 4939) / [D6] 도면 미반입인데 패널 노출(서지 도면 수 0건 / 패널 캡션 1개 · 이미지 없음) / [D12] 서지 청구항 수 9개 ↔ 청구범위 목록 11개(삭제 2) 불일치 / [D8] 독립항 목록 4개 중 2개가 본문 '삭제' / [D4] 공개번호(10-2023-0075136)와 표시 일자(2024-08-05) 계열 불일치 · 문헌일 2023-05-31,[F1] drawing_count 0 (도면의 설명 1원소 보유) [F2] 도면 설명 1원소에 도 7개 뭉침
KR 10-2692646 B1,B1,등록특허공보,등록공고,마스크시트 제조방법 및 마스크시트,9,,,9,D1 D3 D7 D2 D5 D6 D12 D8 D4,[D5] 상세설명에 하위섹션+전문 중복 렌더(섹션 21139자 = 전문 18219 + 하위섹션 3805) / [D6] 도면 미반입인데 패널 노출(서지 도면 수 0건 / 패널 캡션 1개 · 이미지 없음) / [D12] 서지 청구항 수 25개 ↔ 청구범위 목록 26개(삭제 1) 불일치 / [D8] 독립항 목록 3개 중 1개가 본문 '삭제' / [D4] 공개번호(10-2020-0126253)와 표시 일자(2024-08-06) 계열 불일치 · 문헌일 2020-11-06,[F1] drawing_count 0 (도면의 설명 1원소 보유) [F2] 도면 설명 1원소에 도 5개 뭉침
KR 10-2701587 B1,B1,등록특허공보,등록공고,세탁기,9,,,9,D1 D3 D7 D2 D5 D6 D12 D8 D4,[D5] 상세설명에 하위섹션+전문 중복 렌더(섹션 42242자 = 전문 32385 + 하위섹션 10663) / [D6] 도면 미반입인데 패널 노출(서지 도면 수 0건 / 패널 캡션 1개 · 이미지 없음) / [D12] 서지 청구항 수 9개 ↔ 청구범위 목록 10개(삭제 1) 불일치 / [D8] 독립항 목록 2개 중 1개가 본문 '삭제' / [D4] 공개번호(10-2023-0145952)와 표시 일자(2024-09-05) 계열 불일치 · 문헌일 2023-10-18,[F1] drawing_count 0 (도면의 설명 1원소 보유) [F2] 도면 설명 1원소에 도 21개 뭉침
KR 10-2701944 B1,B1,등록특허공보,등록공고,레이저를 사용하여 세포들의 외층 구조를 개방하기 위한 방법 및 장치,9,,,9,D1 D3 D7 D2 D5 D6 D12 D8 D4,[D5] 상세설명에 하위섹션+전문 중복 렌더(섹션 12137자 = 전문 10921 + 하위섹션 1315) / [D6] 도면 미반입인데 패널 노출(서지 도면 수 0건 / 패널 캡션 1개 · 이미지 없음) / [D12] 서지 청구항 수 6개 ↔ 청구범위 목록 15개(삭제 9) 불일치 / [D8] 독립항 목록 10개 중 9개가 본문 '삭제' / [D4] 공개번호(10-2022-0165169)와 표시 일자(2024-09-04) 계열 불일치 · 문헌일 2022-12-14,[F1] drawing_count 0 (도면의 설명 1원소 보유) [F2] 도면 설명 1원소에 도 5개 뭉침
KR 10-2701958 B1,B1,등록특허공보,등록공고,부분절연형 폴리우레아 도막방수기술,9,,,9,D1 D3 D7 D2 D5 D6 D12 D8 D4b,[D5] 상세설명에 하위섹션+전문 중복 렌더(섹션 27882자 = 전문 22186 + 하위섹션 6242) / [D6] 도면 미반입인데 패널 노출(서지 도면 수 0건 / 패널 캡션 1개 · 이미지 없음) / [D12] 서지 청구항 수 3개 ↔ 청구범위 목록 6개(삭제 3) 불일치 / [D8] 독립항 목록 4개 중 3개가 본문 '삭제' / [D4b] 공개/공고번호 — 인데 공개/공고일(2024-09-06)만 표시,[F1] drawing_count 0 (도면의 설명 1원소 보유) [F2] 도면 설명 1원소에 도 4개 뭉침
KR 10-2701994 B1,B1,등록특허공보,등록공고,"소상공인, 소기업을 위한 비대면 전자금융지원 서비스 시스템",9,,,9,D1 D3 D7 D2 D5 D6 D12 D8 D4b,[D5] 상세설명에 하위섹션+전문 중복 렌더(섹션 35139자 = 전문 23926 + 하위섹션 11450) / [D6] 도면 미반입인데 패널 노출(서지 도면 수 0건 / 패널 캡션 1개 · 이미지 없음) / [D12] 서지 청구항 수 2개 ↔ 청구범위 목록 8개(삭제 6) 불일치 / [D8] 독립항 목록 7개 중 6개가 본문 '삭제' / [D4b] 공개/공고번호 — 인데 공개/공고일(2024-09-04)만 표시,[F1] drawing_count 0 (도면의 설명 1원소 보유) [F2] 도면 설명 1원소에 도 3개 뭉침
KR 10-2702422 B1,B1,등록특허공보,등록공고,광 신호 검출 장치 및 광 신호 검출 방법,9,,,9,D1 D3 D7 D2 D5 D6 D12 D8 D4,[D5] 상세설명에 하위섹션+전문 중복 렌더(섹션 21875자 = 전문 19069 + 하위섹션 3009) / [D6] 도면 미반입인데 패널 노출(서지 도면 수 0건 / 패널 캡션 1개 · 이미지 없음) / [D12] 서지 청구항 수 14개 ↔ 청구범위 목록 15개(삭제 1) 불일치 / [D8] 독립항 목록 3개 중 1개가 본문 '삭제' / [D4] 공개번호(10-2018-0048210)와 표시 일자(2024-09-04) 계열 불일치 · 문헌일 2018-05-10,[F1] drawing_count 0 (도면의 설명 1원소 보유) [F2] 도면 설명 1원소에 도 11개 뭉침
KR 10-2702682 B1,B1,등록특허공보,등록공고,분해성이 우수한 포장재용 산화생분해성 직조필름원단의 제조방법,9,,,9,D1 D3 D7 D2 D5 D6 D12 D8 D4,[D5] 상세설명에 하위섹션+전문 중복 렌더(섹션 13708자 = 전문 7572 + 하위섹션 6342) / [D6] 도면 미반입인데 패널 노출(서지 도면 수 0건 / 패널 캡션 1개 · 이미지 없음) / [D12] 서지 청구항 수 2개 ↔ 청구범위 목록 3개(삭제 1) 불일치 / [D8] 독립항 목록 2개 중 1개가 본문 '삭제' / [D4] 공개번호(10-2023-0165974)와 표시 일자(2024-09-05) 계열 불일치 · 문헌일 2023-12-06,[F1] drawing_count 0 (도면의 설명 1원소 보유) [F2] 도면 설명 1원소에 도 4개 뭉침
KR 10-2702737 B1,B1,등록특허공보,등록공고,안테나 및 그것을 포함하는 전자 장치,9,,,9,D1 D3 D7 D2 D5 D6 D12 D8 D4,[D5] 상세설명에 하위섹션+전문 중복 렌더(섹션 45724자 = 전문 42293 + 하위섹션 3733) / [D6] 도면 미반입인데 패널 노출(서지 도면 수 0건 / 패널 캡션 1개 · 이미지 없음) / [D12] 서지 청구항 수 19개 ↔ 청구범위 목록 20개(삭제 1) 불일치 / [D8] 독립항 목록 5개 중 1개가 본문 '삭제' / [D4] 공개번호(10-2021-0093482)와 표시 일자(2024-09-05) 계열 불일치 · 문헌일 2021-07-28,[F1] drawing_count 0 (도면의 설명 1원소 보유) [F2] 도면 설명 1원소에 도 27개 뭉침
KR 10-2702763 B1,B1,등록특허공보,정정공고,XR 훈련 서버,9,,,9,D1 D3 D7 D2 D5 D6 D12 D8 D4b,[D5] 상세설명에 하위섹션+전문 중복 렌더(섹션 25079자 = 전문 20678 + 하위섹션 4651) / [D6] 도면 미반입인데 패널 노출(서지 도면 수 0건 / 패널 캡션 1개 · 이미지 없음) / [D12] 서지 청구항 수 6개 ↔ 청구범위 목록 10개(삭제 4) 불일치 / [D8] 독립항 목록 5개 중 4개가 본문 '삭제' / [D4b] 공개/공고번호 — 인데 공개/공고일(2024-09-06)만 표시,[F1] drawing_count 0 (도면의 설명 1원소 보유) [F2] 도면 설명 1원소에 도 11개 뭉침
KR 10-2702765 B1,B1,등록특허공보,등록공고,은 박막 식각액 조성물 및 이를 이용한 식각 방법 및 금속 패턴의 형성 방법,9,,,9,D1 D3 D7 D2 D5 D12 D8 D8c D4,[D5] 상세설명에 하위섹션+전문 중복 렌더(섹션 15058자 = 전문 12362 + 하위섹션 3248) / [D12] 서지 청구항 수 8개 ↔ 청구범위 목록 10개(삭제 2) 불일치 / [D8] 독립항 목록 10개 중 2개가 본문 '삭제' / [D8c] 종속항 0 · 삭제항 2 → 독립/전체 토글 결과 동일(10개) / [D4] 공개번호(10-2020-0054859)와 표시 일자(2024-09-05) 계열 불일치 · 문헌일 2020-05-20,
KR 10-2702913 B1,B1,등록특허공보,등록공고,자동차 무버블 콘솔,9,,,9,D1 D3 D7 D2 D5 D6 D12 D8 D4,[D5] 상세설명에 하위섹션+전문 중복 렌더(섹션 19113자 = 전문 13351 + 하위섹션 5956) / [D6] 도면 미반입인데 패널 노출(서지 도면 수 0건 / 패널 캡션 1개 · 이미지 없음) / [D12] 서지 청구항 수 8개 ↔ 청구범위 목록 10개(삭제 2) 불일치 / [D8] 독립항 목록 3개 중 2개가 본문 '삭제' / [D4] 공개번호(10-2024-0050803)와 표시 일자(2024-09-05) 계열 불일치 · 문헌일 2024-04-19,[F1] drawing_count 0 (도면의 설명 1원소 보유) [F2] 도면 설명 1원소에 도 14개 뭉침
KR 10-2702965 B1,B1,등록특허공보,등록공고,냉동밥 제조방법,9,,,9,D1 D3 D7 D2 D5 D6 D12 D8 D4,[D5] 상세설명에 하위섹션+전문 중복 렌더(섹션 22672자 = 전문 20664 + 하위섹션 3273) / [D6] 도면 미반입인데 패널 노출(서지 도면 수 0건 / 패널 캡션 1개 · 이미지 없음) / [D12] 서지 청구항 수 4개 ↔ 청구범위 목록 5개(삭제 1) 불일치 / [D8] 독립항 목록 2개 중 1개가 본문 '삭제' / [D4] 공개번호(10-2023-0039234)와 표시 일자(2024-09-05) 계열 불일치 · 문헌일 2023-03-21,[F1] drawing_count 0 (도면의 설명 1원소 보유)
KR 10-2703010 B1,B1,등록특허공보,등록공고,해조류를 이용한 만두 제조방법,9,,,9,D1 D3 D7 D2 D5 D6 D12 D8 D4b,[D5] 상세설명에 하위섹션+전문 중복 렌더(섹션 14598자 = 전문 13059 + 하위섹션 1897) / [D6] 도면 미반입인데 패널 노출(서지 도면 수 0건 / 패널 캡션 1개 · 이미지 없음) / [D12] 서지 청구항 수 4개 ↔ 청구범위 목록 5개(삭제 1) 불일치 / [D8] 독립항 목록 2개 중 1개가 본문 '삭제' / [D4b] 공개/공고번호 — 인데 공개/공고일(2024-09-06)만 표시,[F1] drawing_count 0 (도면의 설명 1원소 보유) [F2] 도면 설명 1원소에 도 6개 뭉침
KR 10-2703014 B1,B1,등록특허공보,등록공고,센서 고장 및 동적 환경에 강건한 레이다 항법 교정 방법 및 그를 위한 장치,9,,,9,D1 D3 D7 D2 D5 D6 D12 D8 D4,[D5] 상세설명에 하위섹션+전문 중복 렌더(섹션 21494자 = 전문 18102 + 하위섹션 3652) / [D6] 도면 미반입인데 패널 노출(서지 도면 수 0건 / 패널 캡션 1개 · 이미지 없음) / [D12] 서지 청구항 수 10개 ↔ 청구범위 목록 11개(삭제 1) 불일치 / [D8] 독립항 목록 3개 중 1개가 본문 '삭제' / [D4] 공개번호(10-2023-0004103)와 표시 일자(2024-09-04) 계열 불일치 · 문헌일 2023-01-06,[F1] drawing_count 0 (도면의 설명 1원소 보유) [F2] 도면 설명 1원소에 도 6개 뭉침
KR 10-2703096 B1,B1,등록특허공보,등록공고,발열 기능이 구비된 클램프,9,,,9,D1 D3 D7 D2 D5 D6 D12 D8 D4b,[D5] 상세설명에 하위섹션+전문 중복 렌더(섹션 15704자 = 전문 12718 + 하위섹션 3093) / [D6] 도면 미반입인데 패널 노출(서지 도면 수 0건 / 패널 캡션 1개 · 이미지 없음) / [D12] 서지 청구항 수 8개 ↔ 청구범위 목록 10개(삭제 2) 불일치 / [D8] 독립항 목록 3개 중 2개가 본문 '삭제' / [D4b] 공개/공고번호 — 인데 공개/공고일(2024-09-05)만 표시,[F1] drawing_count 0 (도면의 설명 1원소 보유) [F2] 도면 설명 1원소에 도 5개 뭉침
KR 10-2703145 B1,B1,등록특허공보,등록공고,"터빈 베인, 터빈 및 이를 포함하는 가스터빈",9,,,9,D1 D3 D7 D2 D5 D6 D12 D8 D4,[D5] 상세설명에 하위섹션+전문 중복 렌더(섹션 21235자 = 전문 17505 + 하위섹션 3973) / [D6] 도면 미반입인데 패널 노출(서지 도면 수 0건 / 패널 캡션 1개 · 이미지 없음) / [D12] 서지 청구항 수 15개 ↔ 청구범위 목록 20개(삭제 5) 불일치 / [D8] 독립항 목록 8개 중 5개가 본문 '삭제' / [D4] 공개번호(10-2023-0120860)와 표시 일자(2024-09-04) 계열 불일치 · 문헌일 2023-08-17,[F1] drawing_count 0 (도면의 설명 1원소 보유) [F2] 도면 설명 1원소에 도 14개 뭉침
KR 10-2703281 B1,B1,등록특허공보,등록공고,배치구조가 개선된 하이브리드 차량,9,,,9,D1 D3 D7 D2 D5 D6 D12 D8 D4,[D5] 상세설명에 하위섹션+전문 중복 렌더(섹션 16861자 = 전문 13530 + 하위섹션 3559) / [D6] 도면 미반입인데 패널 노출(서지 도면 수 0건 / 패널 캡션 1개 · 이미지 없음) / [D12] 서지 청구항 수 6개 ↔ 청구범위 목록 7개(삭제 1) 불일치 / [D8] 독립항 목록 2개 중 1개가 본문 '삭제' / [D4] 공개번호(10-2021-0011581)와 표시 일자(2024-09-04) 계열 불일치 · 문헌일 2021-02-02,[F1] drawing_count 0 (도면의 설명 1원소 보유) [F2] 도면 설명 1원소에 도 4개 뭉침
KR 10-2703332 B1,B1,등록특허공보,등록공고,상담 품질을 평가하기 위한 방법,9,,,9,D1 D3 D7 D2 D5 D6 D12 D8 D4,[D5] 상세설명에 하위섹션+전문 중복 렌더(섹션 58215자 = 전문 52750 + 하위섹션 5837) / [D6] 도면 미반입인데 패널 노출(서지 도면 수 0건 / 패널 캡션 1개 · 이미지 없음) / [D12] 서지 청구항 수 13개 ↔ 청구범위 목록 20개(삭제 7) 불일치 / [D8] 독립항 목록 9개 중 7개가 본문 '삭제' / [D4] 공개번호(10-2023-0084799)와 표시 일자(2024-09-06) 계열 불일치 · 문헌일 2023-06-13,[F1] drawing_count 0 (도면의 설명 1원소 보유) [F2] 도면 설명 1원소에 도 7개 뭉침
KR 10-2703403 B1,B1,등록특허공보,등록공고,휴대용 마스크 보관장치,9,,,9,D1 D3 D7 D2 D5 D6 D12 D8 D4,[D5] 상세설명에 하위섹션+전문 중복 렌더(섹션 17921자 = 전문 14119 + 하위섹션 4049) / [D6] 도면 미반입인데 패널 노출(서지 도면 수 0건 / 패널 캡션 1개 · 이미지 없음) / [D12] 서지 청구항 수 11개 ↔ 청구범위 목록 13개(삭제 2) 불일치 / [D8] 독립항 목록 3개 중 2개가 본문 '삭제' / [D4] 공개번호(10-2024-0060029)와 표시 일자(2024-09-06) 계열 불일치 · 문헌일 2024-05-08,[F1] drawing_count 0 (도면의 설명 1원소 보유) [F2] 도면 설명 1원소에 도 14개 뭉침
KR 10-2703414 B1,B1,등록특허공보,등록공고,차량용 표시 장치 및 이를 포함하는 차량 제어 시스템,9,,,9,D1 D3 D7 D2 D5 D6 D12 D8 D4,[D5] 상세설명에 하위섹션+전문 중복 렌더(섹션 33404자 = 전문 29289 + 하위섹션 4681) / [D6] 도면 미반입인데 패널 노출(서지 도면 수 0건 / 패널 캡션 1개 · 이미지 없음) / [D12] 서지 청구항 수 19개 ↔ 청구범위 목록 20개(삭제 1) 불일치 / [D8] 독립항 목록 3개 중 1개가 본문 '삭제' / [D4] 공개번호(10-2018-0087921)와 표시 일자(2024-09-09) 계열 불일치 · 문헌일 2018-08-03,[F1] drawing_count 0 (도면의 설명 1원소 보유) [F2] 도면 설명 1원소에 도 23개 뭉침
KR 10-2703483 B1,B1,등록특허공보,등록공고,냉각 장치 및 이를 동작하는 방법,9,,,9,D1 D3 D7 D2 D5 D6 D12 D8 D4,[D5] 상세설명에 하위섹션+전문 중복 렌더(섹션 15196자 = 전문 13085 + 하위섹션 2225) / [D6] 도면 미반입인데 패널 노출(서지 도면 수 0건 / 패널 캡션 1개 · 이미지 없음) / [D12] 서지 청구항 수 17개 ↔ 청구범위 목록 21개(삭제 4) 불일치 / [D8] 독립항 목록 9개 중 4개가 본문 '삭제' / [D4] 공개번호(10-2023-0123693)와 표시 일자(2024-09-06) 계열 불일치 · 문헌일 2023-08-24,[F1] drawing_count 0 (도면의 설명 1원소 보유) [F2] 도면 설명 1원소에 도 7개 뭉침
KR 10-2703508 B1,B1,등록특허공보,등록공고,롱숏포지션 통합 관리 HTS 인터페이스 시스템을 이용한 증권 거래 서비스 제공방법,9,,,9,D1 D3 D7 D2 D5 D6 D12 D8 D4b,[D5] 상세설명에 하위섹션+전문 중복 렌더(섹션 24318자 = 전문 19791 + 하위섹션 4846) / [D6] 도면 미반입인데 패널 노출(서지 도면 수 0건 / 패널 캡션 1개 · 이미지 없음) / [D12] 서지 청구항 수 7개 ↔ 청구범위 목록 11개(삭제 4) 불일치 / [D8] 독립항 목록 6개 중 4개가 본문 '삭제' / [D4b] 공개/공고번호 — 인데 공개/공고일(2024-09-04)만 표시,[F1] drawing_count 0 (도면의 설명 1원소 보유) [F2] 도면 설명 1원소에 도 8개 뭉침
KR 10-2703527 B1,B1,등록특허공보,등록공고,"제어 장치, 시스템, 차량, 및 제어 방법",9,,,9,D1 D3 D7 D2 D5 D6 D12 D8 D4,[D5] 상세설명에 하위섹션+전문 중복 렌더(섹션 26821자 = 전문 23790 + 하위섹션 3449) / [D6] 도면 미반입인데 패널 노출(서지 도면 수 0건 / 패널 캡션 1개 · 이미지 없음) / [D12] 서지 청구항 수 18개 ↔ 청구범위 목록 20개(삭제 2) 불일치 / [D8] 독립항 목록 8개 중 2개가 본문 '삭제' / [D4] 공개번호(10-2022-0136087)와 표시 일자(2024-09-06) 계열 불일치 · 문헌일 2022-10-07,[F1] drawing_count 0 (도면의 설명 1원소 보유) [F2] 도면 설명 1원소에 도 8개 뭉침
KR 10-2703582 B1,B1,등록특허공보,등록공고,인터넷을 통해 3D 플랫폼을 제공하는 서버 장치 및 그 방법,9,,,9,D1 D3 D7 D2 D5 D6 D12 D8 D4b,[D5] 상세설명에 하위섹션+전문 중복 렌더(섹션 36151자 = 전문 33945 + 하위섹션 2525) / [D6] 도면 미반입인데 패널 노출(서지 도면 수 0건 / 패널 캡션 1개 · 이미지 없음) / [D12] 서지 청구항 수 14개 ↔ 청구범위 목록 15개(삭제 1) 불일치 / [D8] 독립항 목록 3개 중 1개가 본문 '삭제' / [D4b] 공개/공고번호 — 인데 공개/공고일(2024-09-06)만 표시,[F1] drawing_count 0 (도면의 설명 1원소 보유) [F2] 도면 설명 1원소에 도 5개 뭉침
KR 10-2703622 B1,B1,등록특허공보,등록공고,일반 차선 및 돌출형 차선 도장용 상온경화형 노면표지 도료 조성물을 이용한 횡단보도 노면표지 도료의 시공방법,9,,,9,D1 D3 D7 D2 D5 D6 D12 D8 D4b,[D5] 상세설명에 하위섹션+전문 중복 렌더(섹션 23939자 = 전문 21017 + 하위섹션 3945) / [D6] 도면 미반입인데 패널 노출(서지 도면 수 0건 / 패널 캡션 1개 · 이미지 없음) / [D12] 서지 청구항 수 4개 ↔ 청구범위 목록 5개(삭제 1) 불일치 / [D8] 독립항 목록 2개 중 1개가 본문 '삭제' / [D4b] 공개/공고번호 — 인데 공개/공고일(2024-09-09)만 표시,[F1] drawing_count 0 (도면의 설명 1원소 보유) [F2] 도면 설명 1원소에 도 5개 뭉침
KR 10-2703625 B1,B1,등록특허공보,등록공고,이경베어링,9,,,9,D1 D3 D7 D2 D5 D6 D12 D8 D4,[D5] 상세설명에 하위섹션+전문 중복 렌더(섹션 20372자 = 전문 16969 + 하위섹션 4620) / [D6] 도면 미반입인데 패널 노출(서지 도면 수 0건 / 패널 캡션 1개 · 이미지 없음) / [D12] 서지 청구항 수 4개 ↔ 청구범위 목록 16개(삭제 12) 불일치 / [D8] 독립항 목록 14개 중 12개가 본문 '삭제' / [D4] 공개번호(10-2023-0126020)와 표시 일자(2024-09-06) 계열 불일치 · 문헌일 2023-08-29,[F1] drawing_count 0 (도면의 설명 1원소 보유) [F2] 도면 설명 1원소에 도 22개 뭉침
KR 10-2703765 B1,B1,등록특허공보,등록공고,구동모듈 및 이를 이용한 다축 직교 로봇,9,,,9,D1 D3 D7 D2 D5 D6 D12 D8 D4,[D5] 상세설명에 하위섹션+전문 중복 렌더(섹션 12919자 = 전문 10276 + 하위섹션 2847) / [D6] 도면 미반입인데 패널 노출(서지 도면 수 0건 / 패널 캡션 1개 · 이미지 없음) / [D12] 서지 청구항 수 8개 ↔ 청구범위 목록 18개(삭제 10) 불일치 / [D8] 독립항 목록 12개 중 10개가 본문 '삭제' / [D4] 공개번호(10-2023-0154642)와 표시 일자(2024-09-05) 계열 불일치 · 문헌일 2023-11-09,[F1] drawing_count 0 (도면의 설명 1원소 보유) [F2] 도면 설명 1원소에 도 13개 뭉침
KR 10-2703882 B1,B1,등록특허공보,등록공고,리튬이차전지 및 이의 제어방법,9,,,9,D1 D3 D7 D2 D5 D6 D12 D8 D4b,[D5] 상세설명에 하위섹션+전문 중복 렌더(섹션 28899자 = 전문 25395 + 하위섹션 4003) / [D6] 도면 미반입인데 패널 노출(서지 도면 수 0건 / 패널 캡션 1개 · 이미지 없음) / [D12] 서지 청구항 수 6개 ↔ 청구범위 목록 10개(삭제 4) 불일치 / [D8] 독립항 목록 5개 중 4개가 본문 '삭제' / [D4b] 공개/공고번호 — 인데 공개/공고일(2024-09-09)만 표시,[F1] drawing_count 0 (도면의 설명 1원소 보유) [F2] 도면 설명 1원소에 도 12개 뭉침
KR 10-2703893 B1,B1,등록특허공보,등록공고,손끼임 방지 안전장치,9,,,9,D1 D3 D7 D2 D5 D6 D12 D8 D4,[D5] 상세설명에 하위섹션+전문 중복 렌더(섹션 10293자 = 전문 8124 + 하위섹션 2294) / [D6] 도면 미반입인데 패널 노출(서지 도면 수 0건 / 패널 캡션 1개 · 이미지 없음) / [D12] 서지 청구항 수 4개 ↔ 청구범위 목록 7개(삭제 3) 불일치 / [D8] 독립항 목록 4개 중 3개가 본문 '삭제' / [D4] 공개번호(10-2021-0136563)와 표시 일자(2024-09-06) 계열 불일치 · 문헌일 2021-11-17,[F1] drawing_count 0 (도면의 설명 1원소 보유) [F2] 도면 설명 1원소에 도 6개 뭉침
KR 10-2703898 B1,B1,등록특허공보,등록공고,에어윈치를 구비하는 리프팅 장치,9,,,9,D1 D3 D7 D2 D5 D6 D12 D8 D4,[D5] 상세설명에 하위섹션+전문 중복 렌더(섹션 17056자 = 전문 13101 + 하위섹션 4167) / [D6] 도면 미반입인데 패널 노출(서지 도면 수 0건 / 패널 캡션 1개 · 이미지 없음) / [D12] 서지 청구항 수 3개 ↔ 청구범위 목록 10개(삭제 7) 불일치 / [D8] 독립항 목록 8개 중 7개가 본문 '삭제' / [D4] 공개번호(10-2024-0005563)와 표시 일자(2024-09-09) 계열 불일치 · 문헌일 2024-01-12,[F1] drawing_count 0 (도면의 설명 1원소 보유) [F2] 도면 설명 1원소에 도 12개 뭉침
KR 10-2703945 B1,B1,등록특허공보,등록공고,배기가스 처리장치,9,,,9,D1 D3 D7 D2 D5 D6 D12 D8 D4,[D5] 상세설명에 하위섹션+전문 중복 렌더(섹션 17440자 = 전문 15144 + 하위섹션 2926) / [D6] 도면 미반입인데 패널 노출(서지 도면 수 0건 / 패널 캡션 1개 · 이미지 없음) / [D12] 서지 청구항 수 4개 ↔ 청구범위 목록 5개(삭제 1) 불일치 / [D8] 독립항 목록 2개 중 1개가 본문 '삭제' / [D4] 공개번호(10-2022-0076400)와 표시 일자(2024-09-09) 계열 불일치 · 문헌일 2022-06-08,[F1] drawing_count 0 (도면의 설명 1원소 보유) [F2] 도면 설명 1원소에 도 3개 뭉침
KR 10-2703984 B1,B1,등록특허공보,등록공고,배관 파손 검출용 센서 어레이 장치 및 이를 포함하는 배관 파손 검출 시스템,9,,,9,D1 D3 D7 D2 D5 D6 D12 D8 D4,[D5] 상세설명에 하위섹션+전문 중복 렌더(섹션 17711자 = 전문 15905 + 하위섹션 2041) / [D6] 도면 미반입인데 패널 노출(서지 도면 수 0건 / 패널 캡션 1개 · 이미지 없음) / [D12] 서지 청구항 수 9개 ↔ 청구범위 목록 10개(삭제 1) 불일치 / [D8] 독립항 목록 3개 중 1개가 본문 '삭제' / [D4] 공개번호(10-2022-0146758)와 표시 일자(2024-09-09) 계열 불일치 · 문헌일 2022-11-02,[F1] drawing_count 0 (도면의 설명 1원소 보유) [F2] 도면 설명 1원소에 도 16개 뭉침
KR 10-2703988 B1,B1,등록특허공보,등록공고,필터 모듈 및 이를 구비하는 공기정화장치,9,,,9,D1 D3 D7 D2 D5 D6 D12 D8 D4b,[D5] 상세설명에 하위섹션+전문 중복 렌더(섹션 9159자 = 전문 7523 + 하위섹션 1805) / [D6] 도면 미반입인데 패널 노출(서지 도면 수 0건 / 패널 캡션 1개 · 이미지 없음) / [D12] 서지 청구항 수 2개 ↔ 청구범위 목록 5개(삭제 3) 불일치 / [D8] 독립항 목록 4개 중 3개가 본문 '삭제' / [D4b] 공개/공고번호 — 인데 공개/공고일(2024-09-06)만 표시,[F1] drawing_count 0 (도면의 설명 1원소 보유) [F2] 도면 설명 1원소에 도 8개 뭉침
KR 10-2704046 B1,B1,등록특허공보,등록공고,조작 핸들을 포함하는 시술 도구 제어 시스템,9,,,9,D1 D3 D7 D2 D5 D6 D12 D8 D4,[D5] 상세설명에 하위섹션+전문 중복 렌더(섹션 23959자 = 전문 20362 + 하위섹션 3926) / [D6] 도면 미반입인데 패널 노출(서지 도면 수 0건 / 패널 캡션 1개 · 이미지 없음) / [D12] 서지 청구항 수 19개 ↔ 청구범위 목록 20개(삭제 1) 불일치 / [D8] 독립항 목록 5개 중 1개가 본문 '삭제' / [D4] 공개번호(10-2024-0070438)와 표시 일자(2024-09-09) 계열 불일치 · 문헌일 2024-05-21,[F1] drawing_count 0 (도면의 설명 1원소 보유) [F2] 도면 설명 1원소에 도 8개 뭉침
KR 10-2704053 B1,B1,등록특허공보,등록공고,구강 건조 개선을 위한 성분을 포함하는 치약 조성물 및 이의 제조 방법,9,,,9,D1 D3 D7 D2 D5 D6 D12 D8 D4b,[D5] 상세설명에 하위섹션+전문 중복 렌더(섹션 25855자 = 전문 20942 + 하위섹션 5056) / [D6] 도면 미반입인데 패널 노출(서지 도면 수 0건 / 패널 캡션 1개 · 이미지 없음) / [D12] 서지 청구항 수 4개 ↔ 청구범위 목록 6개(삭제 2) 불일치 / [D8] 독립항 목록 3개 중 2개가 본문 '삭제' / [D4b] 공개/공고번호 — 인데 공개/공고일(2024-09-09)만 표시,[F1] drawing_count 0 (도면의 설명 1원소 보유) [F2] 도면 설명 1원소에 도 9개 뭉침
KR 10-2704087 B1,B1,등록특허공보,등록공고,맥동이 저감되는 저압연료레일,9,,,9,D1 D3 D7 D2 D5 D6 D12 D8 D4,[D5] 상세설명에 하위섹션+전문 중복 렌더(섹션 10326자 = 전문 7570 + 하위섹션 3087) / [D6] 도면 미반입인데 패널 노출(서지 도면 수 0건 / 패널 캡션 1개 · 이미지 없음) / [D12] 서지 청구항 수 13개 ↔ 청구범위 목록 16개(삭제 3) 불일치 / [D8] 독립항 목록 4개 중 3개가 본문 '삭제' / [D4] 공개번호(10-2023-0072167)와 표시 일자(2024-09-06) 계열 불일치 · 문헌일 2023-05-24,[F1] drawing_count 0 (도면의 설명 1원소 보유) [F2] 도면 설명 1원소에 도 9개 뭉침
KR 10-2704174 B1,B1,등록특허공보,등록공고,평판형 코일 및 이를 포함하는 무선전력 전송모듈,9,,,9,D1 D3 D7 D2 D5 D6 D12 D8 D4,[D5] 상세설명에 하위섹션+전문 중복 렌더(섹션 9325자 = 전문 7491 + 하위섹션 1939) / [D6] 도면 미반입인데 패널 노출(서지 도면 수 0건 / 패널 캡션 1개 · 이미지 없음) / [D12] 서지 청구항 수 6개 ↔ 청구범위 목록 7개(삭제 1) 불일치 / [D8] 독립항 목록 2개 중 1개가 본문 '삭제' / [D4] 공개번호(10-2021-0119026)와 표시 일자(2024-09-06) 계열 불일치 · 문헌일 2021-10-05,[F1] drawing_count 0 (도면의 설명 1원소 보유) [F2] 도면 설명 1원소에 도 8개 뭉침
KR 10-2704175 B1,B1,등록특허공보,등록공고,마스크,9,,,9,D1 D3 D7 D2 D5 D6 D12 D8 D4,[D5] 상세설명에 하위섹션+전문 중복 렌더(섹션 23732자 = 전문 19550 + 하위섹션 4497) / [D6] 도면 미반입인데 패널 노출(서지 도면 수 0건 / 패널 캡션 1개 · 이미지 없음) / [D12] 서지 청구항 수 19개 ↔ 청구범위 목록 21개(삭제 2) 불일치 / [D8] 독립항 목록 3개 중 2개가 본문 '삭제' / [D4] 공개번호(10-2021-0120555)와 표시 일자(2024-09-06) 계열 불일치 · 문헌일 2021-10-07,[F1] drawing_count 0 (도면의 설명 1원소 보유) [F2] 도면 설명 1원소에 도 12개 뭉침
KR 10-2704189 B1,B1,등록특허공보,등록공고,배터리 공유 중개 시스템 및 이를 이용한 배터리 공유 중개 방법,9,,,9,D1 D3 D7 D2 D5 D6 D12 D8 D4,[D5] 상세설명에 하위섹션+전문 중복 렌더(섹션 23971자 = 전문 19370 + 하위섹션 4890) / [D6] 도면 미반입인데 패널 노출(서지 도면 수 0건 / 패널 캡션 1개 · 이미지 없음) / [D12] 서지 청구항 수 12개 ↔ 청구범위 목록 17개(삭제 5) 불일치 / [D8] 독립항 목록 7개 중 5개가 본문 '삭제' / [D4] 공개번호(10-2023-0058807)와 표시 일자(2024-09-06) 계열 불일치 · 문헌일 2023-05-03,[F1] drawing_count 0 (도면의 설명 1원소 보유) [F2] 도면 설명 1원소에 도 13개 뭉침
KR 10-2704303 B1,B1,등록특허공보,등록공고,대면적 패널 구조체의 제조 장치 및 이를 이용한 대면적 패널 구조체의 제조 방법,9,,,9,D1 D3 D7 D2 D5 D6 D12 D8 D4,[D5] 상세설명에 하위섹션+전문 중복 렌더(섹션 27121자 = 전문 23346 + 하위섹션 4056) / [D6] 도면 미반입인데 패널 노출(서지 도면 수 0건 / 패널 캡션 1개 · 이미지 없음) / [D12] 서지 청구항 수 13개 ↔ 청구범위 목록 14개(삭제 1) 불일치 / [D8] 독립항 목록 3개 중 1개가 본문 '삭제' / [D4] 공개번호(10-2023-0085693)와 표시 일자(2024-09-09) 계열 불일치 · 문헌일 2023-06-14,[F1] drawing_count 0 (도면의 설명 1원소 보유) [F2] 도면 설명 1원소에 도 13개 뭉침
KR 10-2704308 B1,B1,등록특허공보,등록공고,"세탁기 동적 수평 불량 감지 방법, 장치 및 시스템",9,,,9,D1 D3 D7 D2 D5 D6 D12 D8 D4,[D5] 상세설명에 하위섹션+전문 중복 렌더(섹션 38878자 = 전문 31181 + 하위섹션 8154) / [D6] 도면 미반입인데 패널 노출(서지 도면 수 0건 / 패널 캡션 1개 · 이미지 없음) / [D12] 서지 청구항 수 16개 ↔ 청구범위 목록 20개(삭제 4) 불일치 / [D8] 독립항 목록 7개 중 4개가 본문 '삭제' / [D4] 공개번호(10-2019-0082693)와 표시 일자(2024-09-05) 계열 불일치 · 문헌일 2019-07-10,[F1] drawing_count 0 (도면의 설명 1원소 보유) [F2] 도면 설명 1원소에 도 18개 뭉침
KR 10-2704344 B1,B1,등록특허공보,등록공고,마찰대전 나노발전소자 및 이의 제조방법,9,,,9,D1 D3 D7 D2 D5 D6 D12 D8 D4,[D5] 상세설명에 하위섹션+전문 중복 렌더(섹션 22013자 = 전문 19150 + 하위섹션 3157) / [D6] 도면 미반입인데 패널 노출(서지 도면 수 0건 / 패널 캡션 1개 · 이미지 없음) / [D12] 서지 청구항 수 13개 ↔ 청구범위 목록 15개(삭제 2) 불일치 / [D8] 독립항 목록 4개 중 2개가 본문 '삭제' / [D4] 공개번호(10-2024-0001428)와 표시 일자(2024-09-09) 계열 불일치 · 문헌일 2024-01-03,[F1] drawing_count 0 (도면의 설명 1원소 보유) [F2] 도면 설명 1원소에 도 5개 뭉침
KR 10-2704359 B1,B1,등록특허공보,등록공고,반도체 자재 절단장치,9,,,9,D1 D3 D7 D2 D5 D6 D12 D8 D4,[D5] 상세설명에 하위섹션+전문 중복 렌더(섹션 36463자 = 전문 31043 + 하위섹션 5820) / [D6] 도면 미반입인데 패널 노출(서지 도면 수 0건 / 패널 캡션 1개 · 이미지 없음) / [D12] 서지 청구항 수 12개 ↔ 청구범위 목록 14개(삭제 2) 불일치 / [D8] 독립항 목록 4개 중 2개가 본문 '삭제' / [D4] 공개번호(10-2023-0092101)와 표시 일자(2024-09-09) 계열 불일치 · 문헌일 2023-06-26,[F1] drawing_count 0 (도면의 설명 1원소 보유) [F2] 도면 설명 1원소에 도 10개 뭉침
KR 10-2704362 B1,B1,등록특허공보,등록공고,국내기술기반 해외창업지원 시스템,9,,,9,D1 D3 D7 D2 D5 D6 D12 D8 D4,[D5] 상세설명에 하위섹션+전문 중복 렌더(섹션 10823자 = 전문 8104 + 하위섹션 2851) / [D6] 도면 미반입인데 패널 노출(서지 도면 수 0건 / 패널 캡션 1개 · 이미지 없음) / [D12] 서지 청구항 수 3개 ↔ 청구범위 목록 7개(삭제 4) 불일치 / [D8] 독립항 목록 5개 중 4개가 본문 '삭제' / [D4] 공개번호(10-2023-0010338)와 표시 일자(2024-09-05) 계열 불일치 · 문헌일 2023-01-19,[F1] drawing_count 0 (도면의 설명 1원소 보유) [F2] 도면 설명 1원소에 도 3개 뭉침
KR 10-2704454 B1,B1,등록특허공보,등록공고,투명 KNN 계열 페로브스카이트 시드 및 이의 제조방법,9,,,9,D1 D3 D7 D2 D5 D6 D12 D8 D4,[D5] 상세설명에 하위섹션+전문 중복 렌더(섹션 20618자 = 전문 15948 + 하위섹션 5155) / [D6] 도면 미반입인데 패널 노출(서지 도면 수 0건 / 패널 캡션 1개 · 이미지 없음) / [D12] 서지 청구항 수 8개 ↔ 청구범위 목록 12개(삭제 4) 불일치 / [D8] 독립항 목록 6개 중 4개가 본문 '삭제' / [D4] 공개번호(10-2023-0081897)와 표시 일자(2024-09-10) 계열 불일치 · 문헌일 2023-06-08,[F1] drawing_count 0 (도면의 설명 1원소 보유) [F2] 도면 설명 1원소에 도 8개 뭉침
KR 10-2704457 B1,B1,등록특허공보,등록공고,전자식 브레이크 장치,9,,,9,D1 D3 D7 D2 D5 D6 D12 D8 D4,[D5] 상세설명에 하위섹션+전문 중복 렌더(섹션 29102자 = 전문 25298 + 하위섹션 4101) / [D6] 도면 미반입인데 패널 노출(서지 도면 수 0건 / 패널 캡션 1개 · 이미지 없음) / [D12] 서지 청구항 수 11개 ↔ 청구범위 목록 13개(삭제 2) 불일치 / [D8] 독립항 목록 3개 중 2개가 본문 '삭제' / [D4] 공개번호(10-2024-0084871)와 표시 일자(2024-09-06) 계열 불일치 · 문헌일 2024-06-14,[F1] drawing_count 0 (도면의 설명 1원소 보유) [F2] 도면 설명 1원소에 도 9개 뭉침
KR 10-2704460 B1,B1,등록특허공보,등록공고,조리기기 및 이의 제어 방법,9,,,9,D1 D3 D7 D2 D5 D6 D12 D8 D4,[D5] 상세설명에 하위섹션+전문 중복 렌더(섹션 38029자 = 전문 33477 + 하위섹션 5020) / [D6] 도면 미반입인데 패널 노출(서지 도면 수 0건 / 패널 캡션 1개 · 이미지 없음) / [D12] 서지 청구항 수 20개 ↔ 청구범위 목록 21개(삭제 1) 불일치 / [D8] 독립항 목록 3개 중 1개가 본문 '삭제' / [D4] 공개번호(10-2020-0084631)와 표시 일자(2024-09-09) 계열 불일치 · 문헌일 2020-07-13,[F1] drawing_count 0 (도면의 설명 1원소 보유) [F2] 도면 설명 1원소에 도 19개 뭉침
KR 10-2704527 B1,B1,등록특허공보,등록공고,종추적 조회 서비스를 이용한 광고 제공 방법 및 장치,9,,,9,D1 D3 D7 D2 D5 D6 D12 D8 D4,[D5] 상세설명에 하위섹션+전문 중복 렌더(섹션 15570자 = 전문 13571 + 하위섹션 2302) / [D6] 도면 미반입인데 패널 노출(서지 도면 수 0건 / 패널 캡션 1개 · 이미지 없음) / [D12] 서지 청구항 수 2개 ↔ 청구범위 목록 3개(삭제 1) 불일치 / [D8] 독립항 목록 2개 중 1개가 본문 '삭제' / [D4] 공개번호(10-2023-0009337)와 표시 일자(2024-09-09) 계열 불일치 · 문헌일 2023-01-17,[F1] drawing_count 0 (도면의 설명 1원소 보유) [F2] 도면 설명 1원소에 도 13개 뭉침
KR 10-2704611 B1,B1,등록특허공보,등록공고,차량 매연절감과 화재방지를 위한 차량의 엔진 및 흡기 배기라인의 카본을 제거하는 엔진성능복원시스템,9,,,9,D1 D3 D7 D2 D5 D6 D12 D8 D4b,[D5] 상세설명에 하위섹션+전문 중복 렌더(섹션 18741자 = 전문 16094 + 하위섹션 2815) / [D6] 도면 미반입인데 패널 노출(서지 도면 수 0건 / 패널 캡션 1개 · 이미지 없음) / [D12] 서지 청구항 수 4개 ↔ 청구범위 목록 6개(삭제 2) 불일치 / [D8] 독립항 목록 3개 중 2개가 본문 '삭제' / [D4b] 공개/공고번호 — 인데 공개/공고일(2024-09-06)만 표시,[F1] drawing_count 0 (도면의 설명 1원소 보유) [F2] 도면 설명 1원소에 도 11개 뭉침
KR 10-2704708 B1,B1,등록특허공보,등록공고,메모리 시스템 및 그것의 동작방법,9,,,9,D1 D3 D7 D2 D5 D6 D12 D8 D4,[D5] 상세설명에 하위섹션+전문 중복 렌더(섹션 31095자 = 전문 29662 + 하위섹션 1748) / [D6] 도면 미반입인데 패널 노출(서지 도면 수 0건 / 패널 캡션 1개 · 이미지 없음) / [D12] 서지 청구항 수 13개 ↔ 청구범위 목록 19개(삭제 6) 불일치 / [D8] 독립항 목록 8개 중 6개가 본문 '삭제' / [D4] 공개번호(10-2020-0053965)와 표시 일자(2024-09-10) 계열 불일치 · 문헌일 2020-05-19,[F1] drawing_count 0 (도면의 설명 1원소 보유) [F2] 도면 설명 1원소에 도 12개 뭉침
KR 10-2704717 B1,B1,등록특허공보,등록공고,세라믹 커패시터,9,,,9,D1 D3 D7 D2 D5 D6 D12 D8 D4,[D5] 상세설명에 하위섹션+전문 중복 렌더(섹션 21878자 = 전문 18764 + 하위섹션 3332) / [D6] 도면 미반입인데 패널 노출(서지 도면 수 0건 / 패널 캡션 1개 · 이미지 없음) / [D12] 서지 청구항 수 11개 ↔ 청구범위 목록 12개(삭제 1) 불일치 / [D8] 독립항 목록 2개 중 1개가 본문 '삭제' / [D4] 공개번호(10-2024-0110529)와 표시 일자(2024-09-09) 계열 불일치 · 문헌일 2024-07-15,[F1] drawing_count 0 (도면의 설명 1원소 보유) [F2] 도면 설명 1원소에 도 12개 뭉침
KR 10-2704862 B1,B1,등록특허공보,등록공고,면/나일론 혼방 방적사를 이용하여 고온에서 용융 및 적하가 발생하지 않는 전투복용 고강도 신축성 직물을 제조,9,,,9,D1 D3 D7 D2 D5 D6 D12 D8 D4,[D5] 상세설명에 하위섹션+전문 중복 렌더(섹션 14882자 = 전문 11690 + 하위섹션 3355) / [D6] 도면 미반입인데 패널 노출(서지 도면 수 0건 / 패널 캡션 1개 · 이미지 없음) / [D12] 서지 청구항 수 6개 ↔ 청구범위 목록 7개(삭제 1) 불일치 / [D8] 독립항 목록 2개 중 1개가 본문 '삭제' / [D4] 공개번호(10-2023-0168622)와 표시 일자(2024-09-09) 계열 불일치 · 문헌일 2023-12-15,[F1] drawing_count 0 (도면의 설명 1원소 보유) [F2] 도면 설명 1원소에 도 12개 뭉침
KR 10-2704906 B1,B1,등록특허공보,등록공고,차지 펌프 및 차지 펌프를 포함하는 메모리 장치,9,,,9,D1 D3 D7 D2 D5 D6 D12 D8 D4,[D5] 상세설명에 하위섹션+전문 중복 렌더(섹션 27986자 = 전문 25131 + 하위섹션 3000) / [D6] 도면 미반입인데 패널 노출(서지 도면 수 0건 / 패널 캡션 1개 · 이미지 없음) / [D12] 서지 청구항 수 16개 ↔ 청구범위 목록 20개(삭제 4) 불일치 / [D8] 독립항 목록 8개 중 4개가 본문 '삭제' / [D4] 공개번호(10-2020-0053324)와 표시 일자(2024-09-09) 계열 불일치 · 문헌일 2020-05-18,[F1] drawing_count 0 (도면의 설명 1원소 보유) [F2] 도면 설명 1원소에 도 17개 뭉침
KR 10-2704950 B1,B1,등록특허공보,등록공고,그립 매니퓰레이터 및 그 제어방법,9,,,9,D1 D3 D7 D2 D5 D6 D12 D8 D4,[D5] 상세설명에 하위섹션+전문 중복 렌더(섹션 28031자 = 전문 26429 + 하위섹션 1953) / [D6] 도면 미반입인데 패널 노출(서지 도면 수 0건 / 패널 캡션 1개 · 이미지 없음) / [D12] 서지 청구항 수 10개 ↔ 청구범위 목록 20개(삭제 10) 불일치 / [D8] 독립항 목록 11개 중 10개가 본문 '삭제' / [D4] 공개번호(10-2019-0099159)와 표시 일자(2024-09-09) 계열 불일치 · 문헌일 2019-08-26,[F1] drawing_count 0 (도면의 설명 1원소 보유) [F2] 도면 설명 1원소에 도 11개 뭉침
KR 10-2705037 B1,B1,등록특허공보,등록공고,자동 위치 조절 스크린을 포함하는 주차관리 시스템의 제어 방법,9,,,9,D1 D3 D7 D2 D5 D6 D12 D8 D4,[D5] 상세설명에 하위섹션+전문 중복 렌더(섹션 21747자 = 전문 17806 + 하위섹션 4154) / [D6] 도면 미반입인데 패널 노출(서지 도면 수 0건 / 패널 캡션 1개 · 이미지 없음) / [D12] 서지 청구항 수 7개 ↔ 청구범위 목록 8개(삭제 1) 불일치 / [D8] 독립항 목록 2개 중 1개가 본문 '삭제' / [D4] 공개번호(10-2023-0076934)와 표시 일자(2024-09-11) 계열 불일치 · 문헌일 2023-06-01,[F1] drawing_count 0 (도면의 설명 1원소 보유) [F2] 도면 설명 1원소에 도 6개 뭉침
KR 10-2705052 B1,B1,등록특허공보,등록공고,팽윤성 점토광물의 관통확산 실험장치 및 방법,9,,,9,D1 D3 D7 D2 D5 D6 D12 D8 D4,[D5] 상세설명에 하위섹션+전문 중복 렌더(섹션 9834자 = 전문 7849 + 하위섹션 2029) / [D6] 도면 미반입인데 패널 노출(서지 도면 수 0건 / 패널 캡션 1개 · 이미지 없음) / [D12] 서지 청구항 수 15개 ↔ 청구범위 목록 17개(삭제 2) 불일치 / [D8] 독립항 목록 4개 중 2개가 본문 '삭제' / [D4] 공개번호(10-2023-0119530)와 표시 일자(2024-09-09) 계열 불일치 · 문헌일 2023-08-16,[F1] drawing_count 0 (도면의 설명 1원소 보유) [F2] 도면 설명 1원소에 도 3개 뭉침
KR 10-2705303 B1,B1,등록특허공보,등록공고,곡물 자동 재고 관리 시스템 및 모니터링 방법,9,,,9,D1 D3 D7 D2 D5 D6 D12 D8 D4,[D5] 상세설명에 하위섹션+전문 중복 렌더(섹션 31930자 = 전문 21948 + 하위섹션 10476) / [D6] 도면 미반입인데 패널 노출(서지 도면 수 0건 / 패널 캡션 1개 · 이미지 없음) / [D12] 서지 청구항 수 10개 ↔ 청구범위 목록 16개(삭제 6) 불일치 / [D8] 독립항 목록 8개 중 6개가 본문 '삭제' / [D4] 공개번호(10-2022-0078280)와 표시 일자(2024-09-09) 계열 불일치 · 문헌일 2022-06-10,[F1] drawing_count 0 (도면의 설명 1원소 보유) [F2] 도면 설명 1원소에 도 5개 뭉침
KR 10-2705314 B1,B1,등록특허공보,등록공고,디스플레이 디바이스 및 그 제어 방법,9,,,9,D1 D3 D7 D2 D5 D6 D12 D8 D4,[D5] 상세설명에 하위섹션+전문 중복 렌더(섹션 43273자 = 전문 39363 + 하위섹션 4579) / [D6] 도면 미반입인데 패널 노출(서지 도면 수 0건 / 패널 캡션 1개 · 이미지 없음) / [D12] 서지 청구항 수 11개 ↔ 청구범위 목록 12개(삭제 1) 불일치 / [D8] 독립항 목록 3개 중 1개가 본문 '삭제' / [D4] 공개번호(10-2023-0113008)와 표시 일자(2024-09-11) 계열 불일치 · 문헌일 2023-07-28,[F1] drawing_count 0 (도면의 설명 1원소 보유) [F2] 도면 설명 1원소에 도 17개 뭉침
KR 10-2705410 B1,B1,등록특허공보,등록공고,멀칭비닐 지지장치,9,,,9,D1 D3 D7 D2 D5 D6 D12 D8 D4,[D5] 상세설명에 하위섹션+전문 중복 렌더(섹션 18121자 = 전문 14424 + 하위섹션 3992) / [D6] 도면 미반입인데 패널 노출(서지 도면 수 0건 / 패널 캡션 1개 · 이미지 없음) / [D12] 서지 청구항 수 6개 ↔ 청구범위 목록 8개(삭제 2) 불일치 / [D8] 독립항 목록 5개 중 2개가 본문 '삭제' / [D4] 공개번호(10-2023-0017688)와 표시 일자(2024-09-09) 계열 불일치 · 문헌일 2023-02-06,[F1] drawing_count 0 (도면의 설명 1원소 보유) [F2] 도면 설명 1원소에 도 32개 뭉침
KR 10-2705574 B1,B1,등록특허공보,등록공고,"선씀바귀 추출물 및 벌개미취 추출물을 유효성분으로 포함하는 당뇨, 이상지질혈증, 지방간 및 인슐린 저항성 증",9,,,9,D1 D3 D7 D2 D5 D6 D12 D8 D4,[D5] 상세설명에 하위섹션+전문 중복 렌더(섹션 35555자 = 전문 29602 + 하위섹션 6478) / [D6] 도면 미반입인데 패널 노출(서지 도면 수 0건 / 패널 캡션 1개 · 이미지 없음) / [D12] 서지 청구항 수 9개 ↔ 청구범위 목록 10개(삭제 1) 불일치 / [D8] 독립항 목록 3개 중 1개가 본문 '삭제' / [D4] 공개번호(10-2022-0160204)와 표시 일자(2024-09-11) 계열 불일치 · 문헌일 2022-12-06,[F1] drawing_count 0 (도면의 설명 1원소 보유) [F2] 도면 설명 1원소에 도 23개 뭉침
KR 10-2705615 B1,B1,등록특허공보,등록공고,표시 장치의 제조 방법 및 이에 사용되는 레이저 장치,9,,,9,D1 D3 D7 D2 D5 D6 D12 D8 D4,[D5] 상세설명에 하위섹션+전문 중복 렌더(섹션 24288자 = 전문 20597 + 하위섹션 3923) / [D6] 도면 미반입인데 패널 노출(서지 도면 수 0건 / 패널 캡션 1개 · 이미지 없음) / [D12] 서지 청구항 수 15개 ↔ 청구범위 목록 20개(삭제 5) 불일치 / [D8] 독립항 목록 7개 중 5개가 본문 '삭제' / [D4] 공개번호(10-2021-0000805)와 표시 일자(2024-09-12) 계열 불일치 · 문헌일 2021-01-06,[F1] drawing_count 0 (도면의 설명 1원소 보유) [F2] 도면 설명 1원소에 도 22개 뭉침
KR 10-2705654 B1,B1,등록특허공보,등록공고,"터치 디스플레이 장치, 터치 구동 회로 및 터치 구동 방법",9,,,9,D1 D3 D7 D2 D5 D6 D12 D8 D4,[D5] 상세설명에 하위섹션+전문 중복 렌더(섹션 36534자 = 전문 31046 + 하위섹션 5853) / [D6] 도면 미반입인데 패널 노출(서지 도면 수 0건 / 패널 캡션 1개 · 이미지 없음) / [D12] 서지 청구항 수 15개 ↔ 청구범위 목록 20개(삭제 5) 불일치 / [D8] 독립항 목록 8개 중 5개가 본문 '삭제' / [D4] 공개번호(10-2021-0085811)와 표시 일자(2024-09-10) 계열 불일치 · 문헌일 2021-07-08,[F1] drawing_count 0 (도면의 설명 1원소 보유) [F2] 도면 설명 1원소에 도 9개 뭉침
KR 10-2705875 B1,B1,등록특허공보,등록공고,발열 모듈 및 이를 포함하는 히터,9,,,9,D1 D3 D7 D2 D5 D6 D12 D8 D4,[D5] 상세설명에 하위섹션+전문 중복 렌더(섹션 14495자 = 전문 13119 + 하위섹션 1685) / [D6] 도면 미반입인데 패널 노출(서지 도면 수 0건 / 패널 캡션 1개 · 이미지 없음) / [D12] 서지 청구항 수 5개 ↔ 청구범위 목록 10개(삭제 5) 불일치 / [D8] 독립항 목록 7개 중 5개가 본문 '삭제' / [D4] 공개번호(10-2018-0080539)와 표시 일자(2024-09-11) 계열 불일치 · 문헌일 2018-07-12,[F1] drawing_count 0 (도면의 설명 1원소 보유) [F2] 도면 설명 1원소에 도 9개 뭉침
KR 10-2705970 B1,B1,등록특허공보,등록공고,CMP 장치의 웨이퍼 연마 헤드,9,,,9,D1 D3 D7 D2 D5 D6 D12 D8 D4b,[D5] 상세설명에 하위섹션+전문 중복 렌더(섹션 16939자 = 전문 11240 + 하위섹션 5789) / [D6] 도면 미반입인데 패널 노출(서지 도면 수 0건 / 패널 캡션 1개 · 이미지 없음) / [D12] 서지 청구항 수 8개 ↔ 청구범위 목록 9개(삭제 1) 불일치 / [D8] 독립항 목록 2개 중 1개가 본문 '삭제' / [D4b] 공개/공고번호 — 인데 공개/공고일(2024-09-11)만 표시,[F1] drawing_count 0 (도면의 설명 1원소 보유) [F2] 도면 설명 1원소에 도 11개 뭉침
KR 10-2706153 B1,B1,등록특허공보,등록공고,브리지 에지 방식의 고해상 전자기 스피커,9,,,9,D1 D3 D7 D2 D5 D6 D12 D8 D4,[D5] 상세설명에 하위섹션+전문 중복 렌더(섹션 24619자 = 전문 18218 + 하위섹션 6718) / [D6] 도면 미반입인데 패널 노출(서지 도면 수 0건 / 패널 캡션 1개 · 이미지 없음) / [D12] 서지 청구항 수 10개 ↔ 청구범위 목록 22개(삭제 12) 불일치 / [D8] 독립항 목록 13개 중 12개가 본문 '삭제' / [D4] 공개번호(10-2018-0079856)와 표시 일자(2024-09-11) 계열 불일치 · 문헌일 2018-07-11,[F1] drawing_count 0 (도면의 설명 1원소 보유) [F2] 도면 설명 1원소에 도 26개 뭉침
KR 10-2706406 B1,B1,등록특허공보,등록공고,영상 콘텐츠 내 사용자 감정표현 표시 방법 및 장치,9,,,9,D1 D3 D7 D2 D5 D6 D12 D8 D4,[D5] 상세설명에 하위섹션+전문 중복 렌더(섹션 27651자 = 전문 25670 + 하위섹션 2333) / [D6] 도면 미반입인데 패널 노출(서지 도면 수 0건 / 패널 캡션 1개 · 이미지 없음) / [D12] 서지 청구항 수 13개 ↔ 청구범위 목록 16개(삭제 3) 불일치 / [D8] 독립항 목록 5개 중 3개가 본문 '삭제' / [D4] 공개번호(10-2023-0157692)와 표시 일자(2024-09-11) 계열 불일치 · 문헌일 2023-11-17,[F1] drawing_count 0 (도면의 설명 1원소 보유) [F2] 도면 설명 1원소에 도 9개 뭉침
KR 10-2706492 B1,B1,등록특허공보,등록공고,기계학습 기반의 MMIC 패키지 설계 시스템 및 방법,9,,,9,D1 D3 D7 D2 D5 D6 D12 D8 D4,[D5] 상세설명에 하위섹션+전문 중복 렌더(섹션 17534자 = 전문 13040 + 하위섹션 4689) / [D6] 도면 미반입인데 패널 노출(서지 도면 수 0건 / 패널 캡션 1개 · 이미지 없음) / [D12] 서지 청구항 수 15개 ↔ 청구범위 목록 17개(삭제 2) 불일치 / [D8] 독립항 목록 4개 중 2개가 본문 '삭제' / [D4] 공개번호(10-2023-0163848)와 표시 일자(2024-09-12) 계열 불일치 · 문헌일 2023-12-01,[F1] drawing_count 0 (도면의 설명 1원소 보유) [F2] 도면 설명 1원소에 도 9개 뭉침
KR 10-2706502 B1,B1,등록특허공보,등록공고,플라스틱 파쇄기,9,,,9,D1 D3 D7 D2 D5 D6 D12 D8 D4,[D5] 상세설명에 하위섹션+전문 중복 렌더(섹션 15155자 = 전문 12217 + 하위섹션 3140) / [D6] 도면 미반입인데 패널 노출(서지 도면 수 0건 / 패널 캡션 1개 · 이미지 없음) / [D12] 서지 청구항 수 12개 ↔ 청구범위 목록 13개(삭제 1) 불일치 / [D8] 독립항 목록 2개 중 1개가 본문 '삭제' / [D4] 공개번호(10-2024-0079879)와 표시 일자(2024-09-12) 계열 불일치 · 문헌일 2024-06-05,[F1] drawing_count 0 (도면의 설명 1원소 보유) [F2] 도면 설명 1원소에 도 8개 뭉침
KR 10-2706735 B1,B1,등록특허공보,등록공고,고온에 노출되는 전기 에너지의 전달을 위한 전기 어셈블리,9,,,9,D1 D3 D7 D2 D5 D6 D12 D8 D4,[D5] 상세설명에 하위섹션+전문 중복 렌더(섹션 9104자 = 전문 7518 + 하위섹션 1768) / [D6] 도면 미반입인데 패널 노출(서지 도면 수 0건 / 패널 캡션 1개 · 이미지 없음) / [D12] 서지 청구항 수 9개 ↔ 청구범위 목록 11개(삭제 2) 불일치 / [D8] 독립항 목록 3개 중 2개가 본문 '삭제' / [D4] 공개번호(10-2022-0098690)와 표시 일자(2024-09-12) 계열 불일치 · 문헌일 2022-07-12,[F1] drawing_count 0 (도면의 설명 1원소 보유) [F2] 도면 설명 1원소에 도 6개 뭉침
KR 10-2706996 B1,B1,등록특허공보,등록공고,더블캡 트럭의 2열 리어 시트의 등받이 각도 조절용 고정 브라켓장치,9,,,9,D1 D3 D7 D2 D5 D6 D12 D8 D4,[D5] 상세설명에 하위섹션+전문 중복 렌더(섹션 10903자 = 전문 7559 + 하위섹션 3470) / [D6] 도면 미반입인데 패널 노출(서지 도면 수 0건 / 패널 캡션 1개 · 이미지 없음) / [D12] 서지 청구항 수 4개 ↔ 청구범위 목록 5개(삭제 1) 불일치 / [D8] 독립항 목록 2개 중 1개가 본문 '삭제' / [D4] 공개번호(10-2024-0056105)와 표시 일자(2024-09-12) 계열 불일치 · 문헌일 2024-04-30,[F1] drawing_count 0 (도면의 설명 1원소 보유) [F2] 도면 설명 1원소에 도 6개 뭉침
KR 10-2707148 B1,B1,등록특허공보,등록공고,360도 영상저작물의 유통서비스 제공 방법 및 그 장치,9,,,9,D1 D3 D7 D2 D5 D6 D12 D8 D4,[D5] 상세설명에 하위섹션+전문 중복 렌더(섹션 16224자 = 전문 14113 + 하위섹션 2270) / [D6] 도면 미반입인데 패널 노출(서지 도면 수 0건 / 패널 캡션 1개 · 이미지 없음) / [D12] 서지 청구항 수 6개 ↔ 청구범위 목록 8개(삭제 2) 불일치 / [D8] 독립항 목록 4개 중 2개가 본문 '삭제' / [D4] 공개번호(10-2023-0096551)와 표시 일자(2024-10-16) 계열 불일치 · 문헌일 2023-06-30,[F1] drawing_count 0 (도면의 설명 1원소 보유) [F2] 도면 설명 1원소에 도 5개 뭉침
KR 10-2714236 B1,B1,등록특허공보,등록공고,책상 조립키트 및 이에 의해 형성되는 책상,9,,,9,D1 D3 D7 D2 D5 D6 D12 D8 D4,[D5] 상세설명에 하위섹션+전문 중복 렌더(섹션 24936자 = 전문 20419 + 하위섹션 4873) / [D6] 도면 미반입인데 패널 노출(서지 도면 수 0건 / 패널 캡션 1개 · 이미지 없음) / [D12] 서지 청구항 수 9개 ↔ 청구범위 목록 12개(삭제 3) 불일치 / [D8] 독립항 목록 8개 중 3개가 본문 '삭제' / [D4] 공개번호(10-2023-0139588)와 표시 일자(2024-10-11) 계열 불일치 · 문헌일 2023-10-05,[F1] drawing_count 0 (도면의 설명 1원소 보유) [F2] 도면 설명 1원소에 도 23개 뭉침
KR 10-2714327 B1,B1,등록특허공보,등록공고,차체의 강성을 보강하는 강성이 강화된 배터리 팩,9,,,9,D1 D3 D7 D2 D5 D6 D12 D8 D4b,[D5] 상세설명에 하위섹션+전문 중복 렌더(섹션 51035자 = 전문 46187 + 하위섹션 6047) / [D6] 도면 미반입인데 패널 노출(서지 도면 수 0건 / 패널 캡션 1개 · 이미지 없음) / [D12] 서지 청구항 수 8개 ↔ 청구범위 목록 10개(삭제 2) 불일치 / [D8] 독립항 목록 3개 중 2개가 본문 '삭제' / [D4b] 공개/공고번호 — 인데 공개/공고일(2024-10-14)만 표시,[F1] drawing_count 0 (도면의 설명 1원소 보유) [F2] 도면 설명 1원소에 도 33개 뭉침
KR 10-2714661 B1,B1,등록특허공보,등록공고,반도체 변압기의 초기 구동 장치 및 방법,9,,,9,D1 D3 D7 D2 D5 D6 D12 D8 D4,[D5] 상세설명에 하위섹션+전문 중복 렌더(섹션 10523자 = 전문 7670 + 하위섹션 3010) / [D6] 도면 미반입인데 패널 노출(서지 도면 수 0건 / 패널 캡션 1개 · 이미지 없음) / [D12] 서지 청구항 수 7개 ↔ 청구범위 목록 11개(삭제 4) 불일치 / [D8] 독립항 목록 5개 중 4개가 본문 '삭제' / [D4] 공개번호(10-2024-0003592)와 표시 일자(2024-10-15) 계열 불일치 · 문헌일 2024-01-09,[F1] drawing_count 0 (도면의 설명 1원소 보유) [F2] 도면 설명 1원소에 도 4개 뭉침
KR 10-2715298 B1,B1,등록특허공보,등록공고,선박용 유증기 제거장치,9,,,9,D1 D3 D7 D2 D5 D6 D12 D8 D4,[D5] 상세설명에 하위섹션+전문 중복 렌더(섹션 16593자 = 전문 12424 + 하위섹션 4385) / [D6] 도면 미반입인데 패널 노출(서지 도면 수 0건 / 패널 캡션 1개 · 이미지 없음) / [D12] 서지 청구항 수 7개 ↔ 청구범위 목록 9개(삭제 2) 불일치 / [D8] 독립항 목록 3개 중 2개가 본문 '삭제' / [D4] 공개번호(10-2024-0042289)와 표시 일자(2024-10-14) 계열 불일치 · 문헌일 2024-04-02,[F1] drawing_count 0 (도면의 설명 1원소 보유) [F2] 도면 설명 1원소에 도 4개 뭉침
KR 10-2715381 B1,B1,등록특허공보,등록공고,공조 시스템,9,,,9,D1 D3 D7 D2 D5 D6 D12 D8 D4,[D5] 상세설명에 하위섹션+전문 중복 렌더(섹션 18116자 = 전문 13504 + 하위섹션 4805) / [D6] 도면 미반입인데 패널 노출(서지 도면 수 0건 / 패널 캡션 1개 · 이미지 없음) / [D12] 서지 청구항 수 18개 ↔ 청구범위 목록 21개(삭제 3) 불일치 / [D8] 독립항 목록 6개 중 3개가 본문 '삭제' / [D4] 공개번호(10-2020-0130982)와 표시 일자(2024-10-14) 계열 불일치 · 문헌일 2020-11-23,[F1] drawing_count 0 (도면의 설명 1원소 보유) [F2] 도면 설명 1원소에 도 6개 뭉침
KR 10-2715421 B1,B1,등록특허공보,등록공고,웨빙 가이드가 적용된 시트벨트 리트랙터,9,,,9,D1 D3 D7 D2 D5 D6 D12 D8 D4,[D5] 상세설명에 하위섹션+전문 중복 렌더(섹션 13024자 = 전문 10528 + 하위섹션 2731) / [D6] 도면 미반입인데 패널 노출(서지 도면 수 0건 / 패널 캡션 1개 · 이미지 없음) / [D12] 서지 청구항 수 3개 ↔ 청구범위 목록 5개(삭제 2) 불일치 / [D8] 독립항 목록 3개 중 2개가 본문 '삭제' / [D4] 공개번호(10-2024-0056066)와 표시 일자(2024-10-11) 계열 불일치 · 문헌일 2024-04-30,[F1] drawing_count 0 (도면의 설명 1원소 보유) [F2] 도면 설명 1원소에 도 8개 뭉침
KR 10-2715484 B1,B1,등록특허공보,등록공고,Visual Object Tracking에서 계층별 집계를 통한 더 정확한 객체 추적 (SiamMask++),9,,,9,D1 D3 D7 D2 D5 D6 D12 D8 D4,[D5] 상세설명에 하위섹션+전문 중복 렌더(섹션 15195자 = 전문 10712 + 하위섹션 4689) / [D6] 도면 미반입인데 패널 노출(서지 도면 수 0건 / 패널 캡션 1개 · 이미지 없음) / [D12] 서지 청구항 수 4개 ↔ 청구범위 목록 10개(삭제 6) 불일치 / [D8] 독립항 목록 7개 중 6개가 본문 '삭제' / [D4] 공개번호(10-2023-0001058)와 표시 일자(2024-10-14) 계열 불일치 · 문헌일 2023-01-04,[F1] drawing_count 0 (도면의 설명 1원소 보유) [F2] 도면 설명 1원소에 도 6개 뭉침
KR 10-2715513 B1,B1,등록특허공보,등록공고,재조합 살모넬라주 및 이의 용도,9,,,9,D1 D3 D7 D5 D6 D12 D8 D8c D4b,[D5] 상세설명에 하위섹션+전문 중복 렌더(섹션 19417자 = 전문 16307 + 하위섹션 3585) / [D6] 도면 미반입인데 패널 노출(서지 도면 수 0건 / 패널 캡션 1개 · 이미지 없음) / [D12] 서지 청구항 수 9개 ↔ 청구범위 목록 13개(삭제 4) 불일치 / [D8] 독립항 목록 13개 중 4개가 본문 '삭제' / [D8c] 종속항 0 · 삭제항 4 → 독립/전체 토글 결과 동일(13개) / [D4b] 공개/공고번호 — 인데 공개/공고일(2024-10-14)만 표시,[F1] drawing_count 0 (도면의 설명 1원소 보유) [F2] 도면 설명 1원소에 도 7개 뭉침
KR 10-2715696 B1,B1,등록특허공보,등록공고,악취발생 폐기물 자동 밀봉 배출장치,9,,,9,D1 D3 D7 D2 D5 D6 D12 D8 D4,[D5] 상세설명에 하위섹션+전문 중복 렌더(섹션 22211자 = 전문 18356 + 하위섹션 4711) / [D6] 도면 미반입인데 패널 노출(서지 도면 수 0건 / 패널 캡션 1개 · 이미지 없음) / [D12] 서지 청구항 수 7개 ↔ 청구범위 목록 10개(삭제 3) 불일치 / [D8] 독립항 목록 5개 중 3개가 본문 '삭제' / [D4] 공개번호(10-2023-0128839)와 표시 일자(2024-10-11) 계열 불일치 · 문헌일 2023-09-05,[F1] drawing_count 0 (도면의 설명 1원소 보유) [F2] 도면 설명 1원소에 도 21개 뭉침
KR 10-2715779 B1,B1,등록특허공보,등록공고,N 스크린 기반의 실감 인터랙션 콘텐츠를 제공하기 위한 서버 및 방법,9,,,9,D1 D3 D7 D2 D5 D6 D12 D8 D4b,[D5] 상세설명에 하위섹션+전문 중복 렌더(섹션 40862자 = 전문 35177 + 하위섹션 6045) / [D6] 도면 미반입인데 패널 노출(서지 도면 수 0건 / 패널 캡션 1개 · 이미지 없음) / [D12] 서지 청구항 수 9개 ↔ 청구범위 목록 10개(삭제 1) 불일치 / [D8] 독립항 목록 3개 중 1개가 본문 '삭제' / [D4b] 공개/공고번호 — 인데 공개/공고일(2024-10-11)만 표시,[F1] drawing_count 0 (도면의 설명 1원소 보유) [F2] 도면 설명 1원소에 도 10개 뭉침
KR 10-2715789 B1,B1,등록특허공보,등록공고,논슬립 특성이 우수한 바닥 장식재 및 이의 제조 방법,9,,,9,D1 D3 D7 D2 D5 D6 D12 D8 D4,[D5] 상세설명에 하위섹션+전문 중복 렌더(섹션 27761자 = 전문 25846 + 하위섹션 3059) / [D6] 도면 미반입인데 패널 노출(서지 도면 수 0건 / 패널 캡션 1개 · 이미지 없음) / [D12] 서지 청구항 수 18개 ↔ 청구범위 목록 21개(삭제 3) 불일치 / [D8] 독립항 목록 4개 중 3개가 본문 '삭제' / [D4] 공개번호(10-2022-0056800)와 표시 일자(2024-10-14) 계열 불일치 · 문헌일 2022-05-06,[F1] drawing_count 0 (도면의 설명 1원소 보유)
KR 10-2715933 B1,B1,등록특허공보,등록공고,표시 패널 제어 회로 및 이를 포함하는 표시 장치,9,,,9,D1 D3 D7 D2 D5 D6 D12 D8 D4,[D5] 상세설명에 하위섹션+전문 중복 렌더(섹션 24522자 = 전문 23167 + 하위섹션 1601) / [D6] 도면 미반입인데 패널 노출(서지 도면 수 0건 / 패널 캡션 1개 · 이미지 없음) / [D12] 서지 청구항 수 15개 ↔ 청구범위 목록 16개(삭제 1) 불일치 / [D8] 독립항 목록 3개 중 1개가 본문 '삭제' / [D4] 공개번호(10-2021-0086238)와 표시 일자(2024-10-14) 계열 불일치 · 문헌일 2021-07-08,[F1] drawing_count 0 (도면의 설명 1원소 보유) [F2] 도면 설명 1원소에 도 9개 뭉침
KR 10-2716097 B1,B1,등록특허공보,등록공고,가스절연개폐장치,9,,,9,D1 D3 D7 D2 D5 D6 D12 D8 D4,[D5] 상세설명에 하위섹션+전문 중복 렌더(섹션 7738자 = 전문 5755 + 하위섹션 2087) / [D6] 도면 미반입인데 패널 노출(서지 도면 수 0건 / 패널 캡션 1개 · 이미지 없음) / [D12] 서지 청구항 수 5개 ↔ 청구범위 목록 6개(삭제 1) 불일치 / [D8] 독립항 목록 2개 중 1개가 본문 '삭제' / [D4] 공개번호(10-2020-0143548)와 표시 일자(2024-10-15) 계열 불일치 · 문헌일 2020-12-24,[F1] drawing_count 0 (도면의 설명 1원소 보유) [F2] 도면 설명 1원소에 도 5개 뭉침
KR 10-2716118 B1,B1,등록특허공보,등록공고,질산화미생물 배양조와 탈질화 촉진조를 이용한 질소와 인의 제거 장치 및 방법,9,,,9,D1 D3 D7 D2 D5 D6 D12 D8 D4,[D5] 상세설명에 하위섹션+전문 중복 렌더(섹션 27350자 = 전문 22193 + 하위섹션 5369) / [D6] 도면 미반입인데 패널 노출(서지 도면 수 0건 / 패널 캡션 1개 · 이미지 없음) / [D12] 서지 청구항 수 9개 ↔ 청구범위 목록 12개(삭제 3) 불일치 / [D8] 독립항 목록 4개 중 3개가 본문 '삭제' / [D4] 공개번호(10-2024-0140664)와 표시 일자(2024-10-15) 계열 불일치 · 문헌일 2024-09-24,[F1] drawing_count 0 (도면의 설명 1원소 보유) [F2] 도면 설명 1원소에 도 5개 뭉침
KR 10-2716127 B1,B1,등록특허공보,등록공고,팬 모터,9,,,9,D1 D3 D7 D2 D5 D6 D12 D8 D4,[D5] 상세설명에 하위섹션+전문 중복 렌더(섹션 55624자 = 전문 46869 + 하위섹션 9867) / [D6] 도면 미반입인데 패널 노출(서지 도면 수 0건 / 패널 캡션 1개 · 이미지 없음) / [D12] 서지 청구항 수 18개 ↔ 청구범위 목록 19개(삭제 1) 불일치 / [D8] 독립항 목록 3개 중 1개가 본문 '삭제' / [D4] 공개번호(10-2024-0037699)와 표시 일자(2024-10-15) 계열 불일치 · 문헌일 2024-03-22,[F1] drawing_count 0 (도면의 설명 1원소 보유) [F2] 도면 설명 1원소에 도 33개 뭉침
KR 10-2716147 B1,B1,등록특허공보,등록공고,"패류 채취, 선별 및 분망 통합장치",9,,,9,D1 D3 D7 D2 D5 D6 D12 D8 D4b,[D5] 상세설명에 하위섹션+전문 중복 렌더(섹션 21433자 = 전문 15606 + 하위섹션 6122) / [D6] 도면 미반입인데 패널 노출(서지 도면 수 0건 / 패널 캡션 1개 · 이미지 없음) / [D12] 서지 청구항 수 9개 ↔ 청구범위 목록 10개(삭제 1) 불일치 / [D8] 독립항 목록 2개 중 1개가 본문 '삭제' / [D4b] 공개/공고번호 — 인데 공개/공고일(2024-10-15)만 표시,[F1] drawing_count 0 (도면의 설명 1원소 보유) [F2] 도면 설명 1원소에 도 7개 뭉침
KR 10-2716184 B1,B1,등록특허공보,등록공고,안경,9,,,9,D1 D3 D7 D2 D5 D6 D12 D8 D4,[D5] 상세설명에 하위섹션+전문 중복 렌더(섹션 10839자 = 전문 9182 + 하위섹션 1824) / [D6] 도면 미반입인데 패널 노출(서지 도면 수 0건 / 패널 캡션 1개 · 이미지 없음) / [D12] 서지 청구항 수 7개 ↔ 청구범위 목록 9개(삭제 2) 불일치 / [D8] 독립항 목록 3개 중 2개가 본문 '삭제' / [D4] 공개번호(10-2020-0117235)와 표시 일자(2024-10-11) 계열 불일치 · 문헌일 2020-10-14,[F1] drawing_count 0 (도면의 설명 1원소 보유) [F2] 도면 설명 1원소에 도 7개 뭉침
KR 10-2716189 B1,B1,등록특허공보,등록공고,청소기,9,,,9,D1 D3 D7 D2 D5 D6 D12 D8 D4,[D5] 상세설명에 하위섹션+전문 중복 렌더(섹션 24282자 = 전문 20212 + 하위섹션 4426) / [D6] 도면 미반입인데 패널 노출(서지 도면 수 0건 / 패널 캡션 1개 · 이미지 없음) / [D12] 서지 청구항 수 8개 ↔ 청구범위 목록 10개(삭제 2) 불일치 / [D8] 독립항 목록 3개 중 2개가 본문 '삭제' / [D4] 공개번호(10-2023-0130817)와 표시 일자(2024-10-11) 계열 불일치 · 문헌일 2023-09-12,[F1] drawing_count 0 (도면의 설명 1원소 보유) [F2] 도면 설명 1원소에 도 11개 뭉침
KR 10-2716193 B1,B1,등록특허공보,등록공고,드론을 이용한 엑스레이 영상 획득 시스템,9,,,9,D1 D3 D7 D2 D5 D6 D12 D8 D4b,[D5] 상세설명에 하위섹션+전문 중복 렌더(섹션 19589자 = 전문 16855 + 하위섹션 2952) / [D6] 도면 미반입인데 패널 노출(서지 도면 수 0건 / 패널 캡션 1개 · 이미지 없음) / [D12] 서지 청구항 수 10개 ↔ 청구범위 목록 11개(삭제 1) 불일치 / [D8] 독립항 목록 2개 중 1개가 본문 '삭제' / [D4b] 공개/공고번호 — 인데 공개/공고일(2024-10-15)만 표시,[F1] drawing_count 0 (도면의 설명 1원소 보유) [F2] 도면 설명 1원소에 도 7개 뭉침
KR 10-2716205 B1,B1,등록특허공보,등록공고,유기 발광 화합물 및 이를 이용한 유기 전계 발광 소자,9,,,9,D1 D3 D7 D2 D5 D6 D12 D8 D4,[D5] 상세설명에 하위섹션+전문 중복 렌더(섹션 56452자 = 전문 55111 + 하위섹션 3448) / [D6] 도면 미반입인데 패널 노출(서지 도면 수 0건 / 패널 캡션 1개 · 이미지 없음) / [D12] 서지 청구항 수 4개 ↔ 청구범위 목록 7개(삭제 3) 불일치 / [D8] 독립항 목록 4개 중 3개가 본문 '삭제' / [D4] 공개번호(10-2018-0057109)와 표시 일자(2024-10-14) 계열 불일치 · 문헌일 2018-05-30,[F1] drawing_count 0 (도면의 설명 1원소 보유)
KR 10-2716288 B1,B1,등록특허공보,등록공고,"인쇄회로기판, 이를 이용한 표시장치 및 이의 제조방법",9,,,9,D1 D3 D7 D2 D5 D6 D12 D8 D4,[D5] 상세설명에 하위섹션+전문 중복 렌더(섹션 26982자 = 전문 23748 + 하위섹션 3512) / [D6] 도면 미반입인데 패널 노출(서지 도면 수 0건 / 패널 캡션 1개 · 이미지 없음) / [D12] 서지 청구항 수 26개 ↔ 청구범위 목록 28개(삭제 2) 불일치 / [D8] 독립항 목록 4개 중 2개가 본문 '삭제' / [D4] 공개번호(10-2023-0145976)와 표시 일자(2024-10-14) 계열 불일치 · 문헌일 2023-10-18,[F1] drawing_count 0 (도면의 설명 1원소 보유) [F2] 도면 설명 1원소에 도 12개 뭉침
KR 10-2716309 B1,B1,등록특허공보,등록공고,기계적 혈전 제거 장치,9,,,9,D1 D3 D7 D2 D5 D6 D12 D8 D4b,[D5] 상세설명에 하위섹션+전문 중복 렌더(섹션 39826자 = 전문 33210 + 하위섹션 7018) / [D6] 도면 미반입인데 패널 노출(서지 도면 수 0건 / 패널 캡션 1개 · 이미지 없음) / [D12] 서지 청구항 수 13개 ↔ 청구범위 목록 15개(삭제 2) 불일치 / [D8] 독립항 목록 4개 중 2개가 본문 '삭제' / [D4b] 공개/공고번호 — 인데 공개/공고일(2024-10-15)만 표시,[F1] drawing_count 0 (도면의 설명 1원소 보유) [F2] 도면 설명 1원소에 도 23개 뭉침
KR 10-2716345 B1,B1,등록특허공보,등록공고,수소연료탱크 누설 검사시스템 및 검사방법,9,,,9,D1 D3 D7 D2 D5 D6 D12 D8 D4,[D5] 상세설명에 하위섹션+전문 중복 렌더(섹션 15785자 = 전문 12278 + 하위섹션 3639) / [D6] 도면 미반입인데 패널 노출(서지 도면 수 0건 / 패널 캡션 1개 · 이미지 없음) / [D12] 서지 청구항 수 9개 ↔ 청구범위 목록 11개(삭제 2) 불일치 / [D8] 독립항 목록 4개 중 2개가 본문 '삭제' / [D4] 공개번호(10-2023-0032443)와 표시 일자(2024-10-14) 계열 불일치 · 문헌일 2023-03-07,[F1] drawing_count 0 (도면의 설명 1원소 보유) [F2] 도면 설명 1원소에 도 11개 뭉침
KR 10-2716389 B1,B1,등록특허공보,등록공고,증기 터빈 과도상태 조기 진단 장치 및 방법,9,,,9,D1 D3 D7 D2 D5 D6 D12 D8 D4,[D5] 상세설명에 하위섹션+전문 중복 렌더(섹션 17433자 = 전문 12540 + 하위섹션 5092) / [D6] 도면 미반입인데 패널 노출(서지 도면 수 0건 / 패널 캡션 1개 · 이미지 없음) / [D12] 서지 청구항 수 6개 ↔ 청구범위 목록 13개(삭제 7) 불일치 / [D8] 독립항 목록 9개 중 7개가 본문 '삭제' / [D4] 공개번호(10-2021-0077124)와 표시 일자(2024-10-14) 계열 불일치 · 문헌일 2021-06-25,[F1] drawing_count 0 (도면의 설명 1원소 보유) [F2] 도면 설명 1원소에 도 4개 뭉침
KR 10-2716403 B1,B1,등록특허공보,등록공고,니더,9,,,9,D1 D3 D7 D2 D5 D6 D12 D8 D4b,[D5] 상세설명에 하위섹션+전문 중복 렌더(섹션 21743자 = 전문 18011 + 하위섹션 4132) / [D6] 도면 미반입인데 패널 노출(서지 도면 수 0건 / 패널 캡션 1개 · 이미지 없음) / [D12] 서지 청구항 수 2개 ↔ 청구범위 목록 3개(삭제 1) 불일치 / [D8] 독립항 목록 2개 중 1개가 본문 '삭제' / [D4b] 공개/공고번호 — 인데 공개/공고일(2024-10-15)만 표시,[F1] drawing_count 0 (도면의 설명 1원소 보유) [F2] 도면 설명 1원소에 도 16개 뭉침
KR 10-2716524 B1,B1,등록특허공보,등록공고,한 개의 단원과 관련된 문제를 풀이한 사용자의 실력을 업데이트하는 기법,9,,,9,D1 D3 D7 D2 D5 D6 D12 D8 D4,[D5] 상세설명에 하위섹션+전문 중복 렌더(섹션 50606자 = 전문 45121 + 하위섹션 6267) / [D6] 도면 미반입인데 패널 노출(서지 도면 수 0건 / 패널 캡션 1개 · 이미지 없음) / [D12] 서지 청구항 수 11개 ↔ 청구범위 목록 15개(삭제 4) 불일치 / [D8] 독립항 목록 7개 중 4개가 본문 '삭제' / [D4] 공개번호(10-2024-0012715)와 표시 일자(2024-10-15) 계열 불일치 · 문헌일 2024-01-30,[F1] drawing_count 0 (도면의 설명 1원소 보유) [F2] 도면 설명 1원소에 도 8개 뭉침
KR 10-2716602 B1,B1,등록특허공보,등록공고,액츄에이터 통합 관제 시스템,9,,,9,D1 D3 D7 D2 D5 D6 D12 D8 D4,[D5] 상세설명에 하위섹션+전문 중복 렌더(섹션 10837자 = 전문 9194 + 하위섹션 1814) / [D6] 도면 미반입인데 패널 노출(서지 도면 수 0건 / 패널 캡션 1개 · 이미지 없음) / [D12] 서지 청구항 수 9개 ↔ 청구범위 목록 10개(삭제 1) 불일치 / [D8] 독립항 목록 2개 중 1개가 본문 '삭제' / [D4] 공개번호(10-2023-0074350)와 표시 일자(2024-10-15) 계열 불일치 · 문헌일 2023-05-30,[F1] drawing_count 0 (도면의 설명 1원소 보유) [F2] 도면 설명 1원소에 도 10개 뭉침
KR 10-2716650 B1,B1,등록특허공보,등록공고,장비 합성에 따른 추가 능력치 부여방법,9,,,9,D1 D3 D7 D2 D5 D6 D12 D8 D4,[D5] 상세설명에 하위섹션+전문 중복 렌더(섹션 11982자 = 전문 8987 + 하위섹션 3086) / [D6] 도면 미반입인데 패널 노출(서지 도면 수 0건 / 패널 캡션 1개 · 이미지 없음) / [D12] 서지 청구항 수 3개 ↔ 청구범위 목록 5개(삭제 2) 불일치 / [D8] 독립항 목록 3개 중 2개가 본문 '삭제' / [D4] 공개번호(10-2023-0051393)와 표시 일자(2024-10-14) 계열 불일치 · 문헌일 2023-04-18,[F1] drawing_count 0 (도면의 설명 1원소 보유) [F2] 도면 설명 1원소에 도 6개 뭉침
KR 10-2716665 B1,B1,등록특허공보,등록공고,회전 이동이 가능한 자기부상 기구,9,,,9,D1 D3 D7 D2 D5 D6 D12 D8 D4,[D5] 상세설명에 하위섹션+전문 중복 렌더(섹션 13424자 = 전문 11653 + 하위섹션 1921) / [D6] 도면 미반입인데 패널 노출(서지 도면 수 0건 / 패널 캡션 1개 · 이미지 없음) / [D12] 서지 청구항 수 11개 ↔ 청구범위 목록 12개(삭제 1) 불일치 / [D8] 독립항 목록 2개 중 1개가 본문 '삭제' / [D4] 공개번호(10-2023-0143289)와 표시 일자(2024-10-15) 계열 불일치 · 문헌일 2023-10-12,[F1] drawing_count 0 (도면의 설명 1원소 보유) [F2] 도면 설명 1원소에 도 21개 뭉침
KR 10-2716678 B1,B1,등록특허공보,등록공고,산화방지제의 고속 분리 및 분석을 위한 방법 및 시스템,9,,,9,D1 D3 D7 D2 D5 D6 D12 D8 D4,[D5] 상세설명에 하위섹션+전문 중복 렌더(섹션 14579자 = 전문 11636 + 하위섹션 3169) / [D6] 도면 미반입인데 패널 노출(서지 도면 수 0건 / 패널 캡션 1개 · 이미지 없음) / [D12] 서지 청구항 수 8개 ↔ 청구범위 목록 10개(삭제 2) 불일치 / [D8] 독립항 목록 4개 중 2개가 본문 '삭제' / [D4] 공개번호(10-2020-0133049)와 표시 일자(2024-10-15) 계열 불일치 · 문헌일 2020-11-26,[F1] drawing_count 0 (도면의 설명 1원소 보유)
KR 10-2716706 B1,B1,등록특허공보,등록공고,시공이 용이한 수량계,9,,,9,D1 D3 D7 D2 D5 D6 D12 D8 D4,[D5] 상세설명에 하위섹션+전문 중복 렌더(섹션 15943자 = 전문 11316 + 하위섹션 4818) / [D6] 도면 미반입인데 패널 노출(서지 도면 수 0건 / 패널 캡션 1개 · 이미지 없음) / [D12] 서지 청구항 수 7개 ↔ 청구범위 목록 8개(삭제 1) 불일치 / [D8] 독립항 목록 2개 중 1개가 본문 '삭제' / [D4] 공개번호(10-2023-0134768)와 표시 일자(2024-10-15) 계열 불일치 · 문헌일 2023-09-22,[F1] drawing_count 0 (도면의 설명 1원소 보유) [F2] 도면 설명 1원소에 도 4개 뭉침
KR 10-2716725 B1,B1,등록특허공보,등록공고,"자성체 시트, 자성체 시트 제조방법 및 무선통신 장치",9,,,9,D1 D3 D7 D2 D5 D6 D12 D8 D4,[D5] 상세설명에 하위섹션+전문 중복 렌더(섹션 15108자 = 전문 13627 + 하위섹션 1769) / [D6] 도면 미반입인데 패널 노출(서지 도면 수 0건 / 패널 캡션 1개 · 이미지 없음) / [D12] 서지 청구항 수 8개 ↔ 청구범위 목록 9개(삭제 1) 불일치 / [D8] 독립항 목록 2개 중 1개가 본문 '삭제' / [D4] 공개번호(10-2016-0137454)와 표시 일자(2024-10-14) 계열 불일치 · 문헌일 2016-11-30,[F1] drawing_count 0 (도면의 설명 1원소 보유) [F2] 도면 설명 1원소에 도 15개 뭉침
KR 10-2716784 B1,B1,등록특허공보,등록공고,얼음이송스크류 및 이를 포함하는 얼음저장고,9,,,9,D1 D3 D7 D2 D5 D6 D12 D8 D4,[D5] 상세설명에 하위섹션+전문 중복 렌더(섹션 8995자 = 전문 7164 + 하위섹션 2115) / [D6] 도면 미반입인데 패널 노출(서지 도면 수 0건 / 패널 캡션 1개 · 이미지 없음) / [D12] 서지 청구항 수 8개 ↔ 청구범위 목록 10개(삭제 2) 불일치 / [D8] 독립항 목록 3개 중 2개가 본문 '삭제' / [D4] 공개번호(10-2020-0008264)와 표시 일자(2024-10-15) 계열 불일치 · 문헌일 2020-01-28,[F1] drawing_count 0 (도면의 설명 1원소 보유) [F2] 도면 설명 1원소에 도 5개 뭉침
KR 10-2716850 B1,B1,등록특허공보,등록공고,에어로졸 발생장치용 고강도 세라믹 코어쉘 구조체의 제조 방법,9,,,9,D1 D3 D7 D2 D5 D6 D12 D8 D4,[D5] 상세설명에 하위섹션+전문 중복 렌더(섹션 8051자 = 전문 4951 + 하위섹션 3168) / [D6] 도면 미반입인데 패널 노출(서지 도면 수 0건 / 패널 캡션 1개 · 이미지 없음) / [D12] 서지 청구항 수 4개 ↔ 청구범위 목록 14개(삭제 10) 불일치 / [D8] 독립항 목록 11개 중 10개가 본문 '삭제' / [D4] 공개번호(10-2024-0025858)와 표시 일자(2024-10-16) 계열 불일치 · 문헌일 2024-02-27,[F1] drawing_count 0 (도면의 설명 1원소 보유) [F2] 도면 설명 1원소에 도 5개 뭉침
KR 10-2716859 B1,B1,등록특허공보,등록공고,에어로졸 발생 장치의 히팅 디바이스와 이를 이용한 에어로졸 발생 장치,9,,,9,D1 D3 D7 D2 D5 D6 D12 D8 D4,[D5] 상세설명에 하위섹션+전문 중복 렌더(섹션 11650자 = 전문 10090 + 하위섹션 1628) / [D6] 도면 미반입인데 패널 노출(서지 도면 수 0건 / 패널 캡션 1개 · 이미지 없음) / [D12] 서지 청구항 수 11개 ↔ 청구범위 목록 12개(삭제 1) 불일치 / [D8] 독립항 목록 2개 중 1개가 본문 '삭제' / [D4] 공개번호(10-2023-0151250)와 표시 일자(2024-10-16) 계열 불일치 · 문헌일 2023-11-01,[F1] drawing_count 0 (도면의 설명 1원소 보유) [F2] 도면 설명 1원소에 도 4개 뭉침
KR 10-2717028 B1,B1,등록특허공보,등록공고,대전방지 성능과 내구성이 우수한 인조잔디 파일사 및 이를 포함하는 인조잔디 구조체,9,,,9,D1 D3 D7 D2 D5 D6 D12 D8 D4b,[D5] 상세설명에 하위섹션+전문 중복 렌더(섹션 11064자 = 전문 9743 + 하위섹션 1768) / [D6] 도면 미반입인데 패널 노출(서지 도면 수 0건 / 패널 캡션 1개 · 이미지 없음) / [D12] 서지 청구항 수 7개 ↔ 청구범위 목록 11개(삭제 4) 불일치 / [D8] 독립항 목록 5개 중 4개가 본문 '삭제' / [D4b] 공개/공고번호 — 인데 공개/공고일(2024-10-15)만 표시,[F1] drawing_count 0 (도면의 설명 1원소 보유)
KR 10-2717062 B1,B1,등록특허공보,등록공고,티슈 제품,9,,,9,D1 D3 D7 D2 D5 D6 D12 D8 D4b,[D5] 상세설명에 하위섹션+전문 중복 렌더(섹션 6241자 = 전문 4600 + 하위섹션 1668) / [D6] 도면 미반입인데 패널 노출(서지 도면 수 0건 / 패널 캡션 1개 · 이미지 없음) / [D12] 서지 청구항 수 4개 ↔ 청구범위 목록 5개(삭제 1) 불일치 / [D8] 독립항 목록 2개 중 1개가 본문 '삭제' / [D4b] 공개/공고번호 — 인데 공개/공고일(2024-10-15)만 표시,[F1] drawing_count 0 (도면의 설명 1원소 보유) [F2] 도면 설명 1원소에 도 5개 뭉침
KR 10-2717088 B1,B1,등록특허공보,등록공고,샤워 핸들,9,,,9,D1 D3 D7 D2 D5 D6 D12 D8 D4b,[D5] 상세설명에 하위섹션+전문 중복 렌더(섹션 30752자 = 전문 27505 + 하위섹션 3765) / [D6] 도면 미반입인데 패널 노출(서지 도면 수 0건 / 패널 캡션 1개 · 이미지 없음) / [D12] 서지 청구항 수 12개 ↔ 청구범위 목록 15개(삭제 3) 불일치 / [D8] 독립항 목록 5개 중 3개가 본문 '삭제' / [D4b] 공개/공고번호 — 인데 공개/공고일(2024-10-15)만 표시,[F1] drawing_count 0 (도면의 설명 1원소 보유) [F2] 도면 설명 1원소에 도 47개 뭉침
KR 10-2717096 B1,B1,등록특허공보,등록공고,집적 회로 및 상기 집적 회로의 제조를 위한 컴퓨터 구현 방법,9,,,9,D1 D3 D7 D2 D5 D6 D12 D8 D4,[D5] 상세설명에 하위섹션+전문 중복 렌더(섹션 31756자 = 전문 29612 + 하위섹션 2362) / [D6] 도면 미반입인데 패널 노출(서지 도면 수 0건 / 패널 캡션 1개 · 이미지 없음) / [D12] 서지 청구항 수 9개 ↔ 청구범위 목록 10개(삭제 1) 불일치 / [D8] 독립항 목록 2개 중 1개가 본문 '삭제' / [D4] 공개번호(10-2017-0094744)와 표시 일자(2024-10-15) 계열 불일치 · 문헌일 2017-08-21,[F1] drawing_count 0 (도면의 설명 1원소 보유) [F2] 도면 설명 1원소에 도 30개 뭉침
KR 10-2717101 B1,B1,등록특허공보,등록공고,기판 처리 장치,9,,,9,D1 D3 D7 D2 D5 D6 D12 D8 D4,[D5] 상세설명에 하위섹션+전문 중복 렌더(섹션 14609자 = 전문 11522 + 하위섹션 3182) / [D6] 도면 미반입인데 패널 노출(서지 도면 수 0건 / 패널 캡션 1개 · 이미지 없음) / [D12] 서지 청구항 수 4개 ↔ 청구범위 목록 10개(삭제 6) 불일치 / [D8] 독립항 목록 7개 중 6개가 본문 '삭제' / [D4] 공개번호(10-2023-0125647)와 표시 일자(2024-10-15) 계열 불일치 · 문헌일 2023-08-29,[F1] drawing_count 0 (도면의 설명 1원소 보유) [F2] 도면 설명 1원소에 도 4개 뭉침
KR 10-2717209 B1,B1,등록특허공보,등록공고,연결 대수 가변형 와이어 하네스,9,,,9,D1 D3 D7 D2 D5 D6 D12 D8 D4,[D5] 상세설명에 하위섹션+전문 중복 렌더(섹션 8332자 = 전문 6473 + 하위섹션 1910) / [D6] 도면 미반입인데 패널 노출(서지 도면 수 0건 / 패널 캡션 1개 · 이미지 없음) / [D12] 서지 청구항 수 4개 ↔ 청구범위 목록 5개(삭제 1) 불일치 / [D8] 독립항 목록 2개 중 1개가 본문 '삭제' / [D4] 공개번호(10-2023-0174043)와 표시 일자(2024-10-15) 계열 불일치 · 문헌일 2023-12-27,[F1] drawing_count 0 (도면의 설명 1원소 보유) [F2] 도면 설명 1원소에 도 3개 뭉침
KR 10-2717211 B1,B1,등록특허공보,등록공고,전방위 수밀이 가능한 차수판 조립체,9,,,9,D1 D3 D7 D2 D5 D6 D12 D8 D4b,[D5] 상세설명에 하위섹션+전문 중복 렌더(섹션 25589자 = 전문 20080 + 하위섹션 5780) / [D6] 도면 미반입인데 패널 노출(서지 도면 수 0건 / 패널 캡션 1개 · 이미지 없음) / [D12] 서지 청구항 수 6개 ↔ 청구범위 목록 7개(삭제 1) 불일치 / [D8] 독립항 목록 2개 중 1개가 본문 '삭제' / [D4b] 공개/공고번호 — 인데 공개/공고일(2024-10-15)만 표시,[F1] drawing_count 0 (도면의 설명 1원소 보유) [F2] 도면 설명 1원소에 도 10개 뭉침
KR 10-2717240 B1,B1,등록특허공보,등록공고,온도 감응성 형상기억 고분자,9,,,9,D1 D3 D7 D2 D5 D6 D12 D8 D4,[D5] 상세설명에 하위섹션+전문 중복 렌더(섹션 24838자 = 전문 15377 + 하위섹션 9787) / [D6] 도면 미반입인데 패널 노출(서지 도면 수 0건 / 패널 캡션 1개 · 이미지 없음) / [D12] 서지 청구항 수 8개 ↔ 청구범위 목록 14개(삭제 6) 불일치 / [D8] 독립항 목록 8개 중 6개가 본문 '삭제' / [D4] 공개번호(10-2023-0056862)와 표시 일자(2024-10-15) 계열 불일치 · 문헌일 2023-04-28,[F1] drawing_count 0 (도면의 설명 1원소 보유) [F2] 도면 설명 1원소에 도 13개 뭉침
KR 10-2717260 B1,B1,등록특허공보,등록공고,수소환원 DRI를 활용한 용철의 정련 방법,9,,,9,D1 D3 D7 D2 D5 D6 D12 D8 D4b,[D5] 상세설명에 하위섹션+전문 중복 렌더(섹션 14140자 = 전문 10786 + 하위섹션 3577) / [D6] 도면 미반입인데 패널 노출(서지 도면 수 0건 / 패널 캡션 1개 · 이미지 없음) / [D12] 서지 청구항 수 8개 ↔ 청구범위 목록 11개(삭제 3) 불일치 / [D8] 독립항 목록 5개 중 3개가 본문 '삭제' / [D4b] 공개/공고번호 — 인데 공개/공고일(2024-10-15)만 표시,[F1] drawing_count 0 (도면의 설명 1원소 보유) [F2] 도면 설명 1원소에 도 5개 뭉침
KR 10-2717262 B1,B1,등록특허공보,등록공고,인체 접촉 알림 기능을 가지는 자세 교정용 의자,9,,,9,D1 D3 D7 D2 D5 D6 D12 D8 D4,[D5] 상세설명에 하위섹션+전문 중복 렌더(섹션 9959자 = 전문 7441 + 하위섹션 2641) / [D6] 도면 미반입인데 패널 노출(서지 도면 수 0건 / 패널 캡션 1개 · 이미지 없음) / [D12] 서지 청구항 수 2개 ↔ 청구범위 목록 4개(삭제 2) 불일치 / [D8] 독립항 목록 3개 중 2개가 본문 '삭제' / [D4] 공개번호(10-2024-0016169)와 표시 일자(2024-10-15) 계열 불일치 · 문헌일 2024-02-06,[F1] drawing_count 0 (도면의 설명 1원소 보유) [F2] 도면 설명 1원소에 도 3개 뭉침
KR 10-2717311 B1,B1,등록특허공보,등록공고,"인공지능 모델을 활용한 이미지 분석을 통한 사용자 체형 분석 및 신체 사이즈 측정 솔루션 제공 방법, 장치 ",9,,,9,D1 D3 D7 D2 D5 D6 D12 D8 D4b,[D5] 상세설명에 하위섹션+전문 중복 렌더(섹션 33469자 = 전문 30779 + 하위섹션 3081) / [D6] 도면 미반입인데 패널 노출(서지 도면 수 0건 / 패널 캡션 1개 · 이미지 없음) / [D12] 서지 청구항 수 2개 ↔ 청구범위 목록 3개(삭제 1) 불일치 / [D8] 독립항 목록 2개 중 1개가 본문 '삭제' / [D4b] 공개/공고번호 — 인데 공개/공고일(2024-10-15)만 표시,[F1] drawing_count 0 (도면의 설명 1원소 보유) [F2] 도면 설명 1원소에 도 8개 뭉침
KR 10-2717315 B1,B1,등록특허공보,등록공고,공기조화기,9,,,9,D1 D3 D7 D2 D5 D6 D12 D8 D4,[D5] 상세설명에 하위섹션+전문 중복 렌더(섹션 31743자 = 전문 27892 + 하위섹션 4400) / [D6] 도면 미반입인데 패널 노출(서지 도면 수 0건 / 패널 캡션 1개 · 이미지 없음) / [D12] 서지 청구항 수 10개 ↔ 청구범위 목록 15개(삭제 5) 불일치 / [D8] 독립항 목록 6개 중 5개가 본문 '삭제' / [D4] 공개번호(10-2024-0001092)와 표시 일자(2024-10-15) 계열 불일치 · 문헌일 2024-01-03,[F1] drawing_count 0 (도면의 설명 1원소 보유) [F2] 도면 설명 1원소에 도 16개 뭉침
KR 10-2717326 B1,B1,등록특허공보,등록공고,파충류 사육장,9,,,9,D1 D3 D7 D2 D5 D6 D12 D8 D4b,[D5] 상세설명에 하위섹션+전문 중복 렌더(섹션 6609자 = 전문 4557 + 하위섹션 2110) / [D6] 도면 미반입인데 패널 노출(서지 도면 수 0건 / 패널 캡션 1개 · 이미지 없음) / [D12] 서지 청구항 수 2개 ↔ 청구범위 목록 3개(삭제 1) 불일치 / [D8] 독립항 목록 2개 중 1개가 본문 '삭제' / [D4b] 공개/공고번호 — 인데 공개/공고일(2024-10-15)만 표시,[F1] drawing_count 0 (도면의 설명 1원소 보유) [F2] 도면 설명 1원소에 도 4개 뭉침
KR 10-2717340 B1,B1,등록특허공보,등록공고,반도체 발광 소자를 이용한 디스플레이 장치 및 이의 제조방법,9,,,9,D1 D3 D7 D2 D5 D6 D12 D8 D4,[D5] 상세설명에 하위섹션+전문 중복 렌더(섹션 48793자 = 전문 43549 + 하위섹션 5758) / [D6] 도면 미반입인데 패널 노출(서지 도면 수 0건 / 패널 캡션 1개 · 이미지 없음) / [D12] 서지 청구항 수 15개 ↔ 청구범위 목록 18개(삭제 3) 불일치 / [D8] 독립항 목록 6개 중 3개가 본문 '삭제' / [D4] 공개번호(10-2018-0055549)와 표시 일자(2024-10-16) 계열 불일치 · 문헌일 2018-05-25,[F1] drawing_count 0 (도면의 설명 1원소 보유) [F2] 도면 설명 1원소에 도 41개 뭉침
KR 10-2717344 B1,B1,등록특허공보,등록공고,그래핀 전극 도핑을 이용하여 포화 분자의 열전 성능이 향상된 유기 열전 접합체 및 이를 포함하는 유기 열전소,9,,,9,D1 D3 D7 D2 D5 D6 D12 D8 D4,[D5] 상세설명에 하위섹션+전문 중복 렌더(섹션 20748자 = 전문 16976 + 하위섹션 4710) / [D6] 도면 미반입인데 패널 노출(서지 도면 수 0건 / 패널 캡션 1개 · 이미지 없음) / [D12] 서지 청구항 수 5개 ↔ 청구범위 목록 8개(삭제 3) 불일치 / [D8] 독립항 목록 5개 중 3개가 본문 '삭제' / [D4] 공개번호(10-2022-0169931)와 표시 일자(2024-10-15) 계열 불일치 · 문헌일 2022-12-28,[F1] drawing_count 0 (도면의 설명 1원소 보유) [F2] 도면 설명 1원소에 도 11개 뭉침
KR 10-2717485 B1,B1,등록특허공보,등록공고,표시 장치,9,,,9,D1 D3 D7 D2 D5 D6 D12 D8 D4,[D5] 상세설명에 하위섹션+전문 중복 렌더(섹션 29085자 = 전문 26594 + 하위섹션 2813) / [D6] 도면 미반입인데 패널 노출(서지 도면 수 0건 / 패널 캡션 1개 · 이미지 없음) / [D12] 서지 청구항 수 13개 ↔ 청구범위 목록 15개(삭제 2) 불일치 / [D8] 독립항 목록 4개 중 2개가 본문 '삭제' / [D4] 공개번호(10-2022-0095467)와 표시 일자(2024-10-14) 계열 불일치 · 문헌일 2022-07-07,[F1] drawing_count 0 (도면의 설명 1원소 보유) [F2] 도면 설명 1원소에 도 9개 뭉침
KR 10-2717490 B1,B1,등록특허공보,등록공고,심미성 및 보안성을 향상시킨 포토박스,9,,,9,D1 D3 D7 D2 D5 D6 D12 D8 D4,[D5] 상세설명에 하위섹션+전문 중복 렌더(섹션 12248자 = 전문 9106 + 하위섹션 3238) / [D6] 도면 미반입인데 패널 노출(서지 도면 수 0건 / 패널 캡션 1개 · 이미지 없음) / [D12] 서지 청구항 수 4개 ↔ 청구범위 목록 6개(삭제 2) 불일치 / [D8] 독립항 목록 4개 중 2개가 본문 '삭제' / [D4] 공개번호(10-2024-0009635)와 표시 일자(2024-10-15) 계열 불일치 · 문헌일 2024-01-23,[F1] drawing_count 0 (도면의 설명 1원소 보유) [F2] 도면 설명 1원소에 도 8개 뭉침
KR 10-2717521 B1,B1,등록특허공보,등록공고,색상의 기준이 되는 투명 색상 아크릴과 그 제조 방법 및 투명 색상 아크릴을 이용한 거울,9,,,9,D1 D3 D7 D2 D5 D6 D12 D8 D4b,[D5] 상세설명에 하위섹션+전문 중복 렌더(섹션 8914자 = 전문 5914 + 하위섹션 3044) / [D6] 도면 미반입인데 패널 노출(서지 도면 수 0건 / 패널 캡션 1개 · 이미지 없음) / [D12] 서지 청구항 수 4개 ↔ 청구범위 목록 5개(삭제 1) 불일치 / [D8] 독립항 목록 2개 중 1개가 본문 '삭제' / [D4b] 공개/공고번호 — 인데 공개/공고일(2024-10-15)만 표시,[F1] drawing_count 0 (도면의 설명 1원소 보유) [F2] 도면 설명 1원소에 도 3개 뭉침
KR 10-2717528 B1,B1,등록특허공보,등록공고,무선 주파수 식별 태그 조립체,9,,,9,D1 D3 D7 D2 D5 D6 D12 D8 D4b,[D5] 상세설명에 하위섹션+전문 중복 렌더(섹션 10651자 = 전문 8735 + 하위섹션 2039) / [D6] 도면 미반입인데 패널 노출(서지 도면 수 0건 / 패널 캡션 1개 · 이미지 없음) / [D12] 서지 청구항 수 4개 ↔ 청구범위 목록 5개(삭제 1) 불일치 / [D8] 독립항 목록 2개 중 1개가 본문 '삭제' / [D4b] 공개/공고번호 — 인데 공개/공고일(2024-10-15)만 표시,[F1] drawing_count 0 (도면의 설명 1원소 보유) [F2] 도면 설명 1원소에 도 4개 뭉침
KR 10-2717557 B1,B1,등록특허공보,등록공고,영상 기반 속도 연산 시스템,9,,,9,D1 D3 D7 D2 D5 D6 D12 D8 D4,[D5] 상세설명에 하위섹션+전문 중복 렌더(섹션 8675자 = 전문 6734 + 하위섹션 2056) / [D6] 도면 미반입인데 패널 노출(서지 도면 수 0건 / 패널 캡션 1개 · 이미지 없음) / [D12] 서지 청구항 수 2개 ↔ 청구범위 목록 6개(삭제 4) 불일치 / [D8] 독립항 목록 5개 중 4개가 본문 '삭제' / [D4] 공개번호(10-2023-0163815)와 표시 일자(2024-10-16) 계열 불일치 · 문헌일 2023-12-01,[F1] drawing_count 0 (도면의 설명 1원소 보유) [F2] 도면 설명 1원소에 도 5개 뭉침
KR 10-2717591 B1,B1,등록특허공보,등록공고,콘크리트의 내부에 매설된 FRP 보강재의 휨-인장 거동 평가용 시험장치,9,,,9,D1 D3 D7 D2 D5 D6 D12 D8 D4b,[D5] 상세설명에 하위섹션+전문 중복 렌더(섹션 24946자 = 전문 16445 + 하위섹션 8798) / [D6] 도면 미반입인데 패널 노출(서지 도면 수 0건 / 패널 캡션 1개 · 이미지 없음) / [D12] 서지 청구항 수 13개 ↔ 청구범위 목록 14개(삭제 1) 불일치 / [D8] 독립항 목록 2개 중 1개가 본문 '삭제' / [D4b] 공개/공고번호 — 인데 공개/공고일(2024-10-15)만 표시,[F1] drawing_count 0 (도면의 설명 1원소 보유) [F2] 도면 설명 1원소에 도 11개 뭉침
KR 10-2717605 B1,B1,등록특허공보,등록공고,수분산형 아이라이너 조성물,9,,,9,D1 D3 D7 D2 D5 D6 D12 D8 D4,[D5] 상세설명에 하위섹션+전문 중복 렌더(섹션 11678자 = 전문 10303 + 하위섹션 1842) / [D6] 도면 미반입인데 패널 노출(서지 도면 수 0건 / 패널 캡션 1개 · 이미지 없음) / [D12] 서지 청구항 수 2개 ↔ 청구범위 목록 5개(삭제 3) 불일치 / [D8] 독립항 목록 4개 중 3개가 본문 '삭제' / [D4] 공개번호(10-2022-0139014)와 표시 일자(2024-10-16) 계열 불일치 · 문헌일 2022-10-14,[F1] drawing_count 0 (도면의 설명 1원소 보유) [F2] 도면 설명 1원소에 도 3개 뭉침
KR 10-2717677 B1,B1,등록특허공보,등록공고,극저온 유체 이송용 케이블 연결 장치 및 이를 이용한 극저온 유체 이송 방법,9,,,9,D1 D3 D7 D2 D5 D6 D12 D8 D4,[D5] 상세설명에 하위섹션+전문 중복 렌더(섹션 31912자 = 전문 25988 + 하위섹션 6256) / [D6] 도면 미반입인데 패널 노출(서지 도면 수 0건 / 패널 캡션 1개 · 이미지 없음) / [D12] 서지 청구항 수 16개 ↔ 청구범위 목록 19개(삭제 3) 불일치 / [D8] 독립항 목록 5개 중 3개가 본문 '삭제' / [D4] 공개번호(10-2020-0122669)와 표시 일자(2024-10-15) 계열 불일치 · 문헌일 2020-10-28,[F1] drawing_count 0 (도면의 설명 1원소 보유) [F2] 도면 설명 1원소에 도 21개 뭉침
KR 10-2717719 B1,B1,등록특허공보,등록공고,지상 개폐기용 전원장치 및 그 제어 방법,9,,,9,D1 D3 D7 D2 D5 D6 D12 D8 D4,[D5] 상세설명에 하위섹션+전문 중복 렌더(섹션 13269자 = 전문 8834 + 하위섹션 4555) / [D6] 도면 미반입인데 패널 노출(서지 도면 수 0건 / 패널 캡션 1개 · 이미지 없음) / [D12] 서지 청구항 수 4개 ↔ 청구범위 목록 11개(삭제 7) 불일치 / [D8] 독립항 목록 9개 중 7개가 본문 '삭제' / [D4] 공개번호(10-2023-0085479)와 표시 일자(2024-10-16) 계열 불일치 · 문헌일 2023-06-14,[F1] drawing_count 0 (도면의 설명 1원소 보유) [F2] 도면 설명 1원소에 도 6개 뭉침
KR 10-2717757 B1,B1,등록특허공보,등록공고,"댁내 구성원 내 모바일 위치 기반의 맞춤형 IPTV 광고 제공 방법, 장치 및 시스템",9,,,9,D1 D3 D7 D2 D5 D6 D12 D8 D4,[D5] 상세설명에 하위섹션+전문 중복 렌더(섹션 25899자 = 전문 21020 + 하위섹션 5052) / [D6] 도면 미반입인데 패널 노출(서지 도면 수 0건 / 패널 캡션 1개 · 이미지 없음) / [D12] 서지 청구항 수 12개 ↔ 청구범위 목록 14개(삭제 2) 불일치 / [D8] 독립항 목록 7개 중 2개가 본문 '삭제' / [D4] 공개번호(10-2023-0150555)와 표시 일자(2024-10-15) 계열 불일치 · 문헌일 2023-10-31,[F1] drawing_count 0 (도면의 설명 1원소 보유) [F2] 도면 설명 1원소에 도 9개 뭉침
KR 10-2717779 B1,B1,등록특허공보,등록공고,안테나 모듈을 포함하는 전자 장치,9,,,9,D1 D3 D7 D2 D5 D6 D12 D8 D4,[D5] 상세설명에 하위섹션+전문 중복 렌더(섹션 24561자 = 전문 22247 + 하위섹션 2566) / [D6] 도면 미반입인데 패널 노출(서지 도면 수 0건 / 패널 캡션 1개 · 이미지 없음) / [D12] 서지 청구항 수 18개 ↔ 청구범위 목록 20개(삭제 2) 불일치 / [D8] 독립항 목록 5개 중 2개가 본문 '삭제' / [D4] 공개번호(10-2021-0100398)와 표시 일자(2024-10-16) 계열 불일치 · 문헌일 2021-08-17,[F1] drawing_count 0 (도면의 설명 1원소 보유) [F2] 도면 설명 1원소에 도 13개 뭉침
KR 10-2717843 B1,B1,등록특허공보,등록공고,반도체 패키지 및 그의 제조 방법,9,,,9,D1 D3 D7 D2 D5 D6 D12 D8 D4,[D5] 상세설명에 하위섹션+전문 중복 렌더(섹션 27528자 = 전문 24845 + 하위섹션 2842) / [D6] 도면 미반입인데 패널 노출(서지 도면 수 0건 / 패널 캡션 1개 · 이미지 없음) / [D12] 서지 청구항 수 16개 ↔ 청구범위 목록 20개(삭제 4) 불일치 / [D8] 독립항 목록 6개 중 4개가 본문 '삭제' / [D4] 공개번호(10-2021-0016216)와 표시 일자(2024-10-16) 계열 불일치 · 문헌일 2021-02-15,[F1] drawing_count 0 (도면의 설명 1원소 보유) [F2] 도면 설명 1원소에 도 14개 뭉침
KR 10-2717863 B1,B1,등록특허공보,등록공고,지반 보강공법 및 그 공법에 적용되는 굴삭기 버킷,9,,,9,D1 D3 D7 D2 D5 D6 D12 D8 D4b,[D5] 상세설명에 하위섹션+전문 중복 렌더(섹션 13320자 = 전문 9502 + 하위섹션 4004) / [D6] 도면 미반입인데 패널 노출(서지 도면 수 0건 / 패널 캡션 1개 · 이미지 없음) / [D12] 서지 청구항 수 4개 ↔ 청구범위 목록 5개(삭제 1) 불일치 / [D8] 독립항 목록 2개 중 1개가 본문 '삭제' / [D4b] 공개/공고번호 — 인데 공개/공고일(2024-10-16)만 표시,[F1] drawing_count 0 (도면의 설명 1원소 보유) [F2] 도면 설명 1원소에 도 11개 뭉침
KR 10-2717869 B1,B1,등록특허공보,등록공고,액정 표시 장치,9,,,9,D1 D3 D7 D2 D5 D6 D12 D8 D4,[D5] 상세설명에 하위섹션+전문 중복 렌더(섹션 16061자 = 전문 13302 + 하위섹션 3020) / [D6] 도면 미반입인데 패널 노출(서지 도면 수 0건 / 패널 캡션 1개 · 이미지 없음) / [D12] 서지 청구항 수 18개 ↔ 청구범위 목록 20개(삭제 2) 불일치 / [D8] 독립항 목록 4개 중 2개가 본문 '삭제' / [D4] 공개번호(10-2020-0059362)와 표시 일자(2024-10-15) 계열 불일치 · 문헌일 2020-05-29,[F1] drawing_count 0 (도면의 설명 1원소 보유) [F2] 도면 설명 1원소에 도 13개 뭉침
KR 10-2717881 B1,B1,등록특허공보,등록공고,내구성 및 안전성이 향상된 엘라스토머형 탄성받침,9,,,9,D1 D3 D7 D2 D5 D6 D12 D8 D4,[D5] 상세설명에 하위섹션+전문 중복 렌더(섹션 15297자 = 전문 11842 + 하위섹션 3749) / [D6] 도면 미반입인데 패널 노출(서지 도면 수 0건 / 패널 캡션 1개 · 이미지 없음) / [D12] 서지 청구항 수 5개 ↔ 청구범위 목록 6개(삭제 1) 불일치 / [D8] 독립항 목록 2개 중 1개가 본문 '삭제' / [D4] 공개번호(10-2024-0135189)와 표시 일자(2024-10-16) 계열 불일치 · 문헌일 2024-09-10,[F1] drawing_count 0 (도면의 설명 1원소 보유) [F2] 도면 설명 1원소에 도 15개 뭉침
KR 10-2717945 B1,B1,등록특허공보,등록공고,벨트 구동 방식이 적용된 차량용 롤 셔터 도어의 개폐 작동 전환 구조,9,,,9,D1 D3 D7 D2 D5 D6 D12 D8 D4,[D5] 상세설명에 하위섹션+전문 중복 렌더(섹션 24651자 = 전문 18340 + 하위섹션 6561) / [D6] 도면 미반입인데 패널 노출(서지 도면 수 0건 / 패널 캡션 1개 · 이미지 없음) / [D12] 서지 청구항 수 4개 ↔ 청구범위 목록 5개(삭제 1) 불일치 / [D8] 독립항 목록 2개 중 1개가 본문 '삭제' / [D4] 공개번호(10-2024-0009102)와 표시 일자(2024-10-16) 계열 불일치 · 문헌일 2024-01-22,[F1] drawing_count 0 (도면의 설명 1원소 보유) [F2] 도면 설명 1원소에 도 15개 뭉침
KR 10-2717950 B1,B1,등록특허공보,등록공고,FEM 해석을 이용한 수차 발전기 Coupling Bolt 파손 메케니즘 분석 방법,9,,,9,D1 D3 D7 D2 D5 D6 D12 D8 D4b,[D5] 상세설명에 하위섹션+전문 중복 렌더(섹션 19272자 = 전문 14588 + 하위섹션 4946) / [D6] 도면 미반입인데 패널 노출(서지 도면 수 0건 / 패널 캡션 1개 · 이미지 없음) / [D12] 서지 청구항 수 14개 ↔ 청구범위 목록 15개(삭제 1) 불일치 / [D8] 독립항 목록 2개 중 1개가 본문 '삭제' / [D4b] 공개/공고번호 — 인데 공개/공고일(2024-10-16)만 표시,[F1] drawing_count 0 (도면의 설명 1원소 보유) [F2] 도면 설명 1원소에 도 19개 뭉침
KR 10-2718081 B1,B1,등록특허공보,등록공고,투명표시패널 및 이를 포함하는 투명표시장치,9,,,9,D1 D3 D7 D2 D5 D6 D12 D8 D4,[D5] 상세설명에 하위섹션+전문 중복 렌더(섹션 35655자 = 전문 34200 + 하위섹션 1997) / [D6] 도면 미반입인데 패널 노출(서지 도면 수 0건 / 패널 캡션 1개 · 이미지 없음) / [D12] 서지 청구항 수 14개 ↔ 청구범위 목록 16개(삭제 2) 불일치 / [D8] 독립항 목록 4개 중 2개가 본문 '삭제' / [D4] 공개번호(10-2021-0075549)와 표시 일자(2024-10-15) 계열 불일치 · 문헌일 2021-06-23,[F1] drawing_count 0 (도면의 설명 1원소 보유) [F2] 도면 설명 1원소에 도 16개 뭉침
KR 10-2718084 B1,B1,등록특허공보,등록공고,터치 표시 장치,9,,,9,D1 D3 D7 D2 D5 D6 D12 D8 D4,[D5] 상세설명에 하위섹션+전문 중복 렌더(섹션 66422자 = 전문 64822 + 하위섹션 2426) / [D6] 도면 미반입인데 패널 노출(서지 도면 수 0건 / 패널 캡션 1개 · 이미지 없음) / [D12] 서지 청구항 수 18개 ↔ 청구범위 목록 20개(삭제 2) 불일치 / [D8] 독립항 목록 6개 중 2개가 본문 '삭제' / [D4] 공개번호(10-2023-0055326)와 표시 일자(2024-10-16) 계열 불일치 · 문헌일 2023-04-25,[F1] drawing_count 0 (도면의 설명 1원소 보유) [F2] 도면 설명 1원소에 도 23개 뭉침
KR 10-2718131 B1,B1,등록특허공보,등록공고,신경망 연속 학습 장치 및 방법,9,,,9,D1 D3 D7 D2 D5 D6 D12 D8 D4b,[D5] 상세설명에 하위섹션+전문 중복 렌더(섹션 12730자 = 전문 10447 + 하위섹션 2498) / [D6] 도면 미반입인데 패널 노출(서지 도면 수 0건 / 패널 캡션 1개 · 이미지 없음) / [D12] 서지 청구항 수 9개 ↔ 청구범위 목록 10개(삭제 1) 불일치 / [D8] 독립항 목록 4개 중 1개가 본문 '삭제' / [D4b] 공개/공고번호 — 인데 공개/공고일(2024-10-15)만 표시,[F1] drawing_count 0 (도면의 설명 1원소 보유) [F2] 도면 설명 1원소에 도 4개 뭉침
KR 10-2718163 B1,B1,등록특허공보,등록공고,블록체인 기반 이미지 원본 증명 방법 및 시스템,9,,,9,D1 D3 D7 D2 D5 D6 D12 D8 D4,[D5] 상세설명에 하위섹션+전문 중복 렌더(섹션 24358자 = 전문 21412 + 하위섹션 3220) / [D6] 도면 미반입인데 패널 노출(서지 도면 수 0건 / 패널 캡션 1개 · 이미지 없음) / [D12] 서지 청구항 수 7개 ↔ 청구범위 목록 10개(삭제 3) 불일치 / [D8] 독립항 목록 5개 중 3개가 본문 '삭제' / [D4] 공개번호(10-2024-0106854)와 표시 일자(2024-10-16) 계열 불일치 · 문헌일 2024-07-08,[F1] drawing_count 0 (도면의 설명 1원소 보유) [F2] 도면 설명 1원소에 도 7개 뭉침
KR 10-2718304 B1,B1,등록특허공보,등록공고,생분해성 스텐트의 전처리 방법,9,,,9,D1 D3 D7 D2 D5 D6 D12 D8 D4b,[D5] 상세설명에 하위섹션+전문 중복 렌더(섹션 14317자 = 전문 10718 + 하위섹션 3753) / [D6] 도면 미반입인데 패널 노출(서지 도면 수 0건 / 패널 캡션 1개 · 이미지 없음) / [D12] 서지 청구항 수 11개 ↔ 청구범위 목록 14개(삭제 3) 불일치 / [D8] 독립항 목록 5개 중 3개가 본문 '삭제' / [D4b] 공개/공고번호 — 인데 공개/공고일(2024-10-16)만 표시,[F1] drawing_count 0 (도면의 설명 1원소 보유) [F2] 도면 설명 1원소에 도 8개 뭉침
KR 10-2718317 B1,B1,등록특허공보,등록공고,안테나 기능을 갖는 쉴드 캔 및 이를 포함하는 전자 모듈,9,,,9,D1 D3 D7 D2 D5 D6 D12 D8 D4,[D5] 상세설명에 하위섹션+전문 중복 렌더(섹션 15976자 = 전문 13028 + 하위섹션 3091) / [D6] 도면 미반입인데 패널 노출(서지 도면 수 0건 / 패널 캡션 1개 · 이미지 없음) / [D12] 서지 청구항 수 12개 ↔ 청구범위 목록 16개(삭제 4) 불일치 / [D8] 독립항 목록 6개 중 4개가 본문 '삭제' / [D4] 공개번호(10-2023-0031574)와 표시 일자(2024-10-16) 계열 불일치 · 문헌일 2023-03-07,[F1] drawing_count 0 (도면의 설명 1원소 보유) [F2] 도면 설명 1원소에 도 12개 뭉침
KR 10-2718365 B1,B1,등록특허공보,등록공고,진폭비교 기반 방위탐지를 위한 선택적 빔 보정데이터 생성 방법 및 장치,9,,,9,D1 D3 D7 D2 D5 D6 D12 D8 D4,[D5] 상세설명에 하위섹션+전문 중복 렌더(섹션 20244자 = 전문 14078 + 하위섹션 6475) / [D6] 도면 미반입인데 패널 노출(서지 도면 수 0건 / 패널 캡션 1개 · 이미지 없음) / [D12] 서지 청구항 수 10개 ↔ 청구범위 목록 13개(삭제 3) 불일치 / [D8] 독립항 목록 5개 중 3개가 본문 '삭제' / [D4] 공개번호(10-2023-0019622)와 표시 일자(2024-10-16) 계열 불일치 · 문헌일 2023-02-09,[F1] drawing_count 0 (도면의 설명 1원소 보유) [F2] 도면 설명 1원소에 도 10개 뭉침
KR 10-2718385 B1,B1,등록특허공보,등록공고,단동형 자동 개폐가 가능한 다중 도어 장치,9,,,9,D1 D3 D7 D2 D5 D6 D12 D8 D4b,[D5] 상세설명에 하위섹션+전문 중복 렌더(섹션 15078자 = 전문 12657 + 하위섹션 2546) / [D6] 도면 미반입인데 패널 노출(서지 도면 수 0건 / 패널 캡션 1개 · 이미지 없음) / [D12] 서지 청구항 수 4개 ↔ 청구범위 목록 5개(삭제 1) 불일치 / [D8] 독립항 목록 2개 중 1개가 본문 '삭제' / [D4b] 공개/공고번호 — 인데 공개/공고일(2024-10-16)만 표시,[F1] drawing_count 0 (도면의 설명 1원소 보유) [F2] 도면 설명 1원소에 도 7개 뭉침
KR 10-2718421 B1,B1,등록특허공보,등록공고,프러시안 블루/폴리비닐피롤리돈 나노입자 복합체 및 이의 용도,9,,,9,D1 D3 D7 D2 D5 D6 D12 D8 D4,[D5] 상세설명에 하위섹션+전문 중복 렌더(섹션 24853자 = 전문 16596 + 하위섹션 8565) / [D6] 도면 미반입인데 패널 노출(서지 도면 수 0건 / 패널 캡션 1개 · 이미지 없음) / [D12] 서지 청구항 수 10개 ↔ 청구범위 목록 16개(삭제 6) 불일치 / [D8] 독립항 목록 12개 중 6개가 본문 '삭제' / [D4] 공개번호(10-2022-0165306)와 표시 일자(2024-10-16) 계열 불일치 · 문헌일 2022-12-15,[F1] drawing_count 0 (도면의 설명 1원소 보유) [F2] 도면 설명 1원소에 도 17개 뭉침
KR 10-2718430 B1,B1,등록특허공보,등록공고,부지내·외 복합오염토양 정화와 탈수케익 고화에 따른 재활용 시스템,9,,,9,D1 D3 D7 D2 D5 D6 D12 D8 D4b,[D5] 상세설명에 하위섹션+전문 중복 렌더(섹션 20481자 = 전문 17117 + 하위섹션 3650) / [D6] 도면 미반입인데 패널 노출(서지 도면 수 0건 / 패널 캡션 1개 · 이미지 없음) / [D12] 서지 청구항 수 9개 ↔ 청구범위 목록 14개(삭제 5) 불일치 / [D8] 독립항 목록 6개 중 5개가 본문 '삭제' / [D4b] 공개/공고번호 — 인데 공개/공고일(2024-10-17)만 표시,[F1] drawing_count 0 (도면의 설명 1원소 보유) [F2] 도면 설명 1원소에 도 20개 뭉침
KR 10-2718433 B1,B1,등록특허공보,등록공고,ICT 융합기반 스마트 안전모,9,,,9,D1 D3 D7 D2 D5 D6 D12 D8 D4b,[D5] 상세설명에 하위섹션+전문 중복 렌더(섹션 18710자 = 전문 13609 + 하위섹션 5221) / [D6] 도면 미반입인데 패널 노출(서지 도면 수 0건 / 패널 캡션 1개 · 이미지 없음) / [D12] 서지 청구항 수 8개 ↔ 청구범위 목록 9개(삭제 1) 불일치 / [D8] 독립항 목록 2개 중 1개가 본문 '삭제' / [D4b] 공개/공고번호 — 인데 공개/공고일(2024-10-15)만 표시,[F1] drawing_count 0 (도면의 설명 1원소 보유) [F2] 도면 설명 1원소에 도 10개 뭉침
KR 10-2718476 B1,B1,등록특허공보,등록공고,"진공펌프 성능 유지 장치, 이를 구비하는 진공펌프 및 플라즈마 공정 시스템",9,,,9,D1 D3 D7 D2 D5 D6 D12 D8 D4,[D5] 상세설명에 하위섹션+전문 중복 렌더(섹션 16160자 = 전문 11307 + 하위섹션 5046) / [D6] 도면 미반입인데 패널 노출(서지 도면 수 0건 / 패널 캡션 1개 · 이미지 없음) / [D12] 서지 청구항 수 8개 ↔ 청구범위 목록 14개(삭제 6) 불일치 / [D8] 독립항 목록 11개 중 6개가 본문 '삭제' / [D4] 공개번호(10-2023-0134080)와 표시 일자(2024-10-15) 계열 불일치 · 문헌일 2023-09-20,[F1] drawing_count 0 (도면의 설명 1원소 보유) [F2] 도면 설명 1원소에 도 7개 뭉침
KR 10-2718527 B1,B1,등록특허공보,등록공고,흉수환자의 흉막 삼출액 배수를 위한 카테터 연결젠더,9,,,9,D1 D3 D7 D2 D5 D6 D12 D8 D4,[D5] 상세설명에 하위섹션+전문 중복 렌더(섹션 13367자 = 전문 9984 + 하위섹션 3593) / [D6] 도면 미반입인데 패널 노출(서지 도면 수 0건 / 패널 캡션 1개 · 이미지 없음) / [D12] 서지 청구항 수 7개 ↔ 청구범위 목록 10개(삭제 3) 불일치 / [D8] 독립항 목록 4개 중 3개가 본문 '삭제' / [D4] 공개번호(10-2023-0119290)와 표시 일자(2024-10-16) 계열 불일치 · 문헌일 2023-08-16,[F1] drawing_count 0 (도면의 설명 1원소 보유) [F2] 도면 설명 1원소에 도 8개 뭉침
KR 10-2718583 B1,B1,등록특허공보,등록공고,뉴럴 네트워크를 위한 데이터 처리 방법 및 장치,9,,,9,D1 D3 D7 D2 D5 D6 D12 D8 D4,[D5] 상세설명에 하위섹션+전문 중복 렌더(섹션 32099자 = 전문 27033 + 하위섹션 5406) / [D6] 도면 미반입인데 패널 노출(서지 도면 수 0건 / 패널 캡션 1개 · 이미지 없음) / [D12] 서지 청구항 수 21개 ↔ 청구범위 목록 28개(삭제 7) 불일치 / [D8] 독립항 목록 9개 중 7개가 본문 '삭제' / [D4] 공개번호(10-2021-0019917)와 표시 일자(2024-10-18) 계열 불일치 · 문헌일 2021-02-23,[F1] drawing_count 0 (도면의 설명 1원소 보유)
KR 10-2718585 B1,B1,등록특허공보,등록공고,유효성분이 증대되어 체내 흡수율이 개선된 흑염소 진액 및 이의 제조방법,9,,,9,D1 D3 D7 D2 D5 D6 D12 D8 D4b,[D5] 상세설명에 하위섹션+전문 중복 렌더(섹션 17005자 = 전문 14238 + 하위섹션 3149) / [D6] 도면 미반입인데 패널 노출(서지 도면 수 0건 / 패널 캡션 1개 · 이미지 없음) / [D12] 서지 청구항 수 5개 ↔ 청구범위 목록 9개(삭제 4) 불일치 / [D8] 독립항 목록 5개 중 4개가 본문 '삭제' / [D4b] 공개/공고번호 — 인데 공개/공고일(2024-10-16)만 표시,[F1] drawing_count 0 (도면의 설명 1원소 보유)
KR 10-2718587 B1,B1,등록특허공보,등록공고,블랙 알루미나 소결체 및 이의 제조방법,9,,,9,D1 D3 D7 D2 D5 D6 D12 D8 D4,[D5] 상세설명에 하위섹션+전문 중복 렌더(섹션 41094자 = 전문 39472 + 하위섹션 4060) / [D6] 도면 미반입인데 패널 노출(서지 도면 수 0건 / 패널 캡션 1개 · 이미지 없음) / [D12] 서지 청구항 수 5개 ↔ 청구범위 목록 11개(삭제 6) 불일치 / [D8] 독립항 목록 9개 중 6개가 본문 '삭제' / [D4] 공개번호(10-2023-0077000)와 표시 일자(2024-10-17) 계열 불일치 · 문헌일 2023-06-01,[F1] drawing_count 0 (도면의 설명 1원소 보유) [F2] 도면 설명 1원소에 도 15개 뭉침
KR 10-2718688 B1,B1,등록특허공보,등록공고,버섯을 이용한 엽산의 추출 방법,9,,,9,D1 D3 D7 D2 D5 D6 D12 D8 D4,[D5] 상세설명에 하위섹션+전문 중복 렌더(섹션 18421자 = 전문 13038 + 하위섹션 6405) / [D6] 도면 미반입인데 패널 노출(서지 도면 수 0건 / 패널 캡션 1개 · 이미지 없음) / [D12] 서지 청구항 수 7개 ↔ 청구범위 목록 8개(삭제 1) 불일치 / [D8] 독립항 목록 2개 중 1개가 본문 '삭제' / [D4] 공개번호(10-2020-0098991)와 표시 일자(2024-10-17) 계열 불일치 · 문헌일 2020-08-21,[F1] drawing_count 0 (도면의 설명 1원소 보유)
KR 10-2719086 B1,B1,등록특허공보,등록공고,"생성형 인공지능모델을 활용한 게임 스토리 및 시각화 구축 자동화 방법, 장치 및 시스템",9,,,9,D1 D3 D7 D2 D5 D6 D12 D8 D4b,[D5] 상세설명에 하위섹션+전문 중복 렌더(섹션 32045자 = 전문 30212 + 하위섹션 2086) / [D6] 도면 미반입인데 패널 노출(서지 도면 수 0건 / 패널 캡션 1개 · 이미지 없음) / [D12] 서지 청구항 수 2개 ↔ 청구범위 목록 3개(삭제 1) 불일치 / [D8] 독립항 목록 2개 중 1개가 본문 '삭제' / [D4b] 공개/공고번호 — 인데 공개/공고일(2024-10-16)만 표시,[F1] drawing_count 0 (도면의 설명 1원소 보유) [F2] 도면 설명 1원소에 도 8개 뭉침
KR 10-2719088 B1,B1,등록특허공보,등록공고,컨디셔닝 장치 및 이를 제어하는 방법,9,,,9,D1 D3 D7 D2 D5 D6 D12 D8 D4,[D5] 상세설명에 하위섹션+전문 중복 렌더(섹션 23859자 = 전문 18997 + 하위섹션 5137) / [D6] 도면 미반입인데 패널 노출(서지 도면 수 0건 / 패널 캡션 1개 · 이미지 없음) / [D12] 서지 청구항 수 12개 ↔ 청구범위 목록 14개(삭제 2) 불일치 / [D8] 독립항 목록 3개 중 2개가 본문 '삭제' / [D4] 공개번호(10-2023-0149622)와 표시 일자(2024-10-16) 계열 불일치 · 문헌일 2023-10-27,[F1] drawing_count 0 (도면의 설명 1원소 보유) [F2] 도면 설명 1원소에 도 7개 뭉침
KR 10-2719090 B1,B1,등록특허공보,등록공고,반도체 장치 및 그 제조 방법,9,,,9,D1 D3 D7 D2 D5 D6 D12 D8 D4,[D5] 상세설명에 하위섹션+전문 중복 렌더(섹션 27294자 = 전문 25621 + 하위섹션 1984) / [D6] 도면 미반입인데 패널 노출(서지 도면 수 0건 / 패널 캡션 1개 · 이미지 없음) / [D12] 서지 청구항 수 17개 ↔ 청구범위 목록 20개(삭제 3) 불일치 / [D8] 독립항 목록 7개 중 3개가 본문 '삭제' / [D4] 공개번호(10-2020-0137379)와 표시 일자(2024-10-16) 계열 불일치 · 문헌일 2020-12-09,[F1] drawing_count 0 (도면의 설명 1원소 보유) [F2] 도면 설명 1원소에 도 17개 뭉침
KR 10-2719133 B1,B1,등록특허공보,등록공고,탄소저감을 위한 무시멘트 복합체 제조용 조성물 및 무시멘트 복합체,9,,,9,D1 D3 D7 D2 D5 D6 D12 D8 D4,[D5] 상세설명에 하위섹션+전문 중복 렌더(섹션 18467자 = 전문 15696 + 하위섹션 3468) / [D6] 도면 미반입인데 패널 노출(서지 도면 수 0건 / 패널 캡션 1개 · 이미지 없음) / [D12] 서지 청구항 수 8개 ↔ 청구범위 목록 11개(삭제 3) 불일치 / [D8] 독립항 목록 4개 중 3개가 본문 '삭제' / [D4] 공개번호(10-2024-0009636)와 표시 일자(2024-10-18) 계열 불일치 · 문헌일 2024-01-23,[F1] drawing_count 0 (도면의 설명 1원소 보유) [F2] 도면 설명 1원소에 도 3개 뭉침
KR 10-2719203 B1,B1,등록특허공보,등록공고,엘이디 자외선 살균램프 및 이를 갖는 직관형 살균램프,9,,,9,D1 D3 D7 D2 D5 D6 D12 D8 D4,[D5] 상세설명에 하위섹션+전문 중복 렌더(섹션 19747자 = 전문 15708 + 하위섹션 4464) / [D6] 도면 미반입인데 패널 노출(서지 도면 수 0건 / 패널 캡션 1개 · 이미지 없음) / [D12] 서지 청구항 수 2개 ↔ 청구범위 목록 14개(삭제 12) 불일치 / [D8] 독립항 목록 13개 중 12개가 본문 '삭제' / [D4] 공개번호(10-2023-0152461)와 표시 일자(2024-10-18) 계열 불일치 · 문헌일 2023-11-03,[F1] drawing_count 0 (도면의 설명 1원소 보유) [F2] 도면 설명 1원소에 도 24개 뭉침
KR 10-2719336 B1,B1,등록특허공보,등록공고,테이블 다리프레임용 가림막장치,9,,,9,D1 D3 D7 D2 D5 D6 D12 D8 D4b,[D5] 상세설명에 하위섹션+전문 중복 렌더(섹션 9494자 = 전문 6871 + 하위섹션 2728) / [D6] 도면 미반입인데 패널 노출(서지 도면 수 0건 / 패널 캡션 1개 · 이미지 없음) / [D12] 서지 청구항 수 7개 ↔ 청구범위 목록 8개(삭제 1) 불일치 / [D8] 독립항 목록 2개 중 1개가 본문 '삭제' / [D4b] 공개/공고번호 — 인데 공개/공고일(2024-10-18)만 표시,[F1] drawing_count 0 (도면의 설명 1원소 보유) [F2] 도면 설명 1원소에 도 7개 뭉침
KR 10-2719457 B1,B1,등록특허공보,등록공고,스피커 모듈을 포함하는 전자 장치,9,,,9,D1 D3 D7 D2 D5 D6 D12 D8 D4,[D5] 상세설명에 하위섹션+전문 중복 렌더(섹션 48392자 = 전문 44402 + 하위섹션 4358) / [D6] 도면 미반입인데 패널 노출(서지 도면 수 0건 / 패널 캡션 1개 · 이미지 없음) / [D12] 서지 청구항 수 19개 ↔ 청구범위 목록 25개(삭제 6) 불일치 / [D8] 독립항 목록 7개 중 6개가 본문 '삭제' / [D4] 공개번호(10-2021-0144271)와 표시 일자(2024-10-21) 계열 불일치 · 문헌일 2021-11-30,[F1] drawing_count 0 (도면의 설명 1원소 보유) [F2] 도면 설명 1원소에 도 20개 뭉침
KR 10-2719478 B1,B1,등록특허공보,등록공고,소음 저감 케이싱 일체형 착암기,9,,,9,D1 D3 D7 D2 D5 D6 D12 D8 D4b,[D5] 상세설명에 하위섹션+전문 중복 렌더(섹션 20926자 = 전문 17255 + 하위섹션 3775) / [D6] 도면 미반입인데 패널 노출(서지 도면 수 0건 / 패널 캡션 1개 · 이미지 없음) / [D12] 서지 청구항 수 4개 ↔ 청구범위 목록 5개(삭제 1) 불일치 / [D8] 독립항 목록 2개 중 1개가 본문 '삭제' / [D4b] 공개/공고번호 — 인데 공개/공고일(2024-10-17)만 표시,[F1] drawing_count 0 (도면의 설명 1원소 보유) [F2] 도면 설명 1원소에 도 8개 뭉침
KR 10-2719689 B1,B1,등록특허공보,등록공고,액화가스 저장탱크 및 이를 구비하는 선박,9,,,9,D1 D3 D7 D2 D5 D6 D12 D8 D4,[D5] 상세설명에 하위섹션+전문 중복 렌더(섹션 14222자 = 전문 11913 + 하위섹션 2474) / [D6] 도면 미반입인데 패널 노출(서지 도면 수 0건 / 패널 캡션 1개 · 이미지 없음) / [D12] 서지 청구항 수 5개 ↔ 청구범위 목록 6개(삭제 1) 불일치 / [D8] 독립항 목록 2개 중 1개가 본문 '삭제' / [D4] 공개번호(10-2023-0018989)와 표시 일자(2024-10-18) 계열 불일치 · 문헌일 2023-02-07,[F1] drawing_count 0 (도면의 설명 1원소 보유)
KR 10-2720040 B1,B1,등록특허공보,등록공고,도파관을 포함하는 생체 신호 감지 장치 및 그의 구동 방법,9,,,9,D1 D3 D7 D2 D5 D6 D12 D8 D4,[D5] 상세설명에 하위섹션+전문 중복 렌더(섹션 24580자 = 전문 19793 + 하위섹션 5069) / [D6] 도면 미반입인데 패널 노출(서지 도면 수 0건 / 패널 캡션 1개 · 이미지 없음) / [D12] 서지 청구항 수 8개 ↔ 청구범위 목록 16개(삭제 8) 불일치 / [D8] 독립항 목록 10개 중 8개가 본문 '삭제' / [D4] 공개번호(10-2023-0135328)와 표시 일자(2024-10-18) 계열 불일치 · 문헌일 2023-09-25,[F1] drawing_count 0 (도면의 설명 1원소 보유) [F2] 도면 설명 1원소에 도 8개 뭉침
KR 10-2720539 B1,B1,등록특허공보,등록공고,딱지치기용 전자 장치,9,,,9,D1 D3 D7 D2 D5 D6 D12 D8 D4,[D5] 상세설명에 하위섹션+전문 중복 렌더(섹션 15756자 = 전문 13382 + 하위섹션 2547) / [D6] 도면 미반입인데 패널 노출(서지 도면 수 0건 / 패널 캡션 1개 · 이미지 없음) / [D12] 서지 청구항 수 13개 ↔ 청구범위 목록 15개(삭제 2) 불일치 / [D8] 독립항 목록 4개 중 2개가 본문 '삭제' / [D4] 공개번호(10-2023-0161065)와 표시 일자(2024-10-21) 계열 불일치 · 문헌일 2023-11-27,[F1] drawing_count 0 (도면의 설명 1원소 보유) [F2] 도면 설명 1원소에 도 5개 뭉침
KR 10-2728185 B1,B1,등록특허공보,등록공고,폐플라스틱 열분해 유분의 정제 장치,9,,,9,D1 D3 D7 D2 D5 D6 D12 D8 D4,[D5] 상세설명에 하위섹션+전문 중복 렌더(섹션 17211자 = 전문 15373 + 하위섹션 2178) / [D6] 도면 미반입인데 패널 노출(서지 도면 수 0건 / 패널 캡션 1개 · 이미지 없음) / [D12] 서지 청구항 수 13개 ↔ 청구범위 목록 14개(삭제 1) 불일치 / [D8] 독립항 목록 2개 중 1개가 본문 '삭제' / [D4] 공개번호(10-2024-0158741)와 표시 일자(2024-11-25) 계열 불일치 · 문헌일 2024-11-05,[F1] drawing_count 0 (도면의 설명 1원소 보유) [F2] 도면 설명 1원소에 도 4개 뭉침
KR 10-2728983 B1,B1,등록특허공보,등록공고,지상 모바일폰과 통신 가능한 통신위성시스템,9,,,9,D1 D3 D7 D2 D5 D6 D12 D8 D4,[D5] 상세설명에 하위섹션+전문 중복 렌더(섹션 12497자 = 전문 10137 + 하위섹션 2635) / [D6] 도면 미반입인데 패널 노출(서지 도면 수 0건 / 패널 캡션 1개 · 이미지 없음) / [D12] 서지 청구항 수 4개 ↔ 청구범위 목록 8개(삭제 4) 불일치 / [D8] 독립항 목록 5개 중 4개가 본문 '삭제' / [D4] 공개번호(10-2023-0069799)와 표시 일자(2024-11-14) 계열 불일치 · 문헌일 2023-05-19,[F1] drawing_count 0 (도면의 설명 1원소 보유) [F2] 도면 설명 1원소에 도 4개 뭉침
KR 10-2729023 B1,B1,등록특허공보,등록공고,작물 지지끈 결속모듈을 포함하는 작물 지지장치,9,,,9,D1 D3 D7 D2 D5 D6 D12 D8 D4,[D5] 상세설명에 하위섹션+전문 중복 렌더(섹션 17974자 = 전문 12406 + 하위섹션 5731) / [D6] 도면 미반입인데 패널 노출(서지 도면 수 0건 / 패널 캡션 1개 · 이미지 없음) / [D12] 서지 청구항 수 13개 ↔ 청구범위 목록 14개(삭제 1) 불일치 / [D8] 독립항 목록 2개 중 1개가 본문 '삭제' / [D4] 공개번호(10-2023-0170230)와 표시 일자(2024-11-13) 계열 불일치 · 문헌일 2023-12-19,[F1] drawing_count 0 (도면의 설명 1원소 보유) [F2] 도면 설명 1원소에 도 8개 뭉침
KR 10-2729088 B1,B1,등록특허공보,등록공고,전력 공유 통합 제어 및 독립적 히팅 제어 가능한 히터 전력 공급 시스템,9,,,9,D1 D3 D7 D2 D5 D6 D12 D8 D4,[D5] 상세설명에 하위섹션+전문 중복 렌더(섹션 18877자 = 전문 12879 + 하위섹션 6210) / [D6] 도면 미반입인데 패널 노출(서지 도면 수 0건 / 패널 캡션 1개 · 이미지 없음) / [D12] 서지 청구항 수 6개 ↔ 청구범위 목록 7개(삭제 1) 불일치 / [D8] 독립항 목록 2개 중 1개가 본문 '삭제' / [D4] 공개번호(10-2023-0121180)와 표시 일자(2024-11-14) 계열 불일치 · 문헌일 2023-08-18,[F1] drawing_count 0 (도면의 설명 1원소 보유) [F2] 도면 설명 1원소에 도 4개 뭉침
KR 10-2729338 B1,B1,등록특허공보,정정공고,모바일 로봇과 배터리 카트의 커플링 장치,9,,,9,D1 D3 D7 D2 D5 D6 D12 D8 D4b,[D5] 상세설명에 하위섹션+전문 중복 렌더(섹션 21543자 = 전문 16478 + 하위섹션 5272) / [D6] 도면 미반입인데 패널 노출(서지 도면 수 0건 / 패널 캡션 1개 · 이미지 없음) / [D12] 서지 청구항 수 13개 ↔ 청구범위 목록 14개(삭제 1) 불일치 / [D8] 독립항 목록 2개 중 1개가 본문 '삭제' / [D4b] 공개/공고번호 — 인데 공개/공고일(2024-11-14)만 표시,[F1] drawing_count 0 (도면의 설명 1원소 보유) [F2] 도면 설명 1원소에 도 15개 뭉침
KR 10-2729485 B1,B1,등록특허공보,등록공고,인터쿨러,9,,,9,D1 D3 D7 D2 D5 D6 D12 D8 D4,[D5] 상세설명에 하위섹션+전문 중복 렌더(섹션 9396자 = 전문 7039 + 하위섹션 2423) / [D6] 도면 미반입인데 패널 노출(서지 도면 수 0건 / 패널 캡션 1개 · 이미지 없음) / [D12] 서지 청구항 수 5개 ↔ 청구범위 목록 6개(삭제 1) 불일치 / [D8] 독립항 목록 2개 중 1개가 본문 '삭제' / [D4] 공개번호(10-2018-0091426)와 표시 일자(2024-11-14) 계열 불일치 · 문헌일 2018-08-16,[F1] drawing_count 0 (도면의 설명 1원소 보유) [F2] 도면 설명 1원소에 도 8개 뭉침
KR 10-2729493 B1,B1,등록특허공보,등록공고,"아우랍텐을 유효성분으로 함유하는 뇌혈관장벽 장애의 예방, 개선 또는 치료용 조성물",9,,,9,D1 D3 D7 D2 D5 D6 D12 D8 D4,[D5] 상세설명에 하위섹션+전문 중복 렌더(섹션 13666자 = 전문 10305 + 하위섹션 3397) / [D6] 도면 미반입인데 패널 노출(서지 도면 수 0건 / 패널 캡션 1개 · 이미지 없음) / [D12] 서지 청구항 수 4개 ↔ 청구범위 목록 8개(삭제 4) 불일치 / [D8] 독립항 목록 6개 중 4개가 본문 '삭제' / [D4] 공개번호(10-2023-0038871)와 표시 일자(2024-11-14) 계열 불일치 · 문헌일 2023-03-21,[F1] drawing_count 0 (도면의 설명 1원소 보유) [F2] 도면 설명 1원소에 도 4개 뭉침
KR 10-2729655 B1,B1,등록특허공보,등록공고,로나파르닙을 유효성분으로 포함하는 근감소증의 예방 또는 치료용 조성물,9,,,9,D1 D3 D7 D2 D5 D6 D12 D8 D4,[D5] 상세설명에 하위섹션+전문 중복 렌더(섹션 14283자 = 전문 11423 + 하위섹션 2933) / [D6] 도면 미반입인데 패널 노출(서지 도면 수 0건 / 패널 캡션 1개 · 이미지 없음) / [D12] 서지 청구항 수 5개 ↔ 청구범위 목록 6개(삭제 1) 불일치 / [D8] 독립항 목록 3개 중 1개가 본문 '삭제' / [D4] 공개번호(10-2022-0112199)와 표시 일자(2024-11-14) 계열 불일치 · 문헌일 2022-08-10,[F1] drawing_count 0 (도면의 설명 1원소 보유) [F2] 도면 설명 1원소에 도 9개 뭉침
KR 10-2729673 B1,B1,등록특허공보,등록공고,화장료 리포좀 조성물 및 이의 제조방법,9,,,9,D1 D3 D7 D2 D5 D12 D8 D8c D4b,[D5] 상세설명에 하위섹션+전문 중복 렌더(섹션 17925자 = 전문 14778 + 하위섹션 3440) / [D12] 서지 청구항 수 1개 ↔ 청구범위 목록 3개(삭제 2) 불일치 / [D8] 독립항 목록 3개 중 2개가 본문 '삭제' / [D8c] 종속항 0 · 삭제항 2 → 독립/전체 토글 결과 동일(3개) / [D4b] 공개/공고번호 — 인데 공개/공고일(2024-11-14)만 표시,
KR 10-2729725 B1,B1,등록특허공보,등록공고,기프티콘 거래를 지원하는 방법 및 디바이스,9,,,9,D1 D3 D7 D2 D5 D6 D12 D8 D4,[D5] 상세설명에 하위섹션+전문 중복 렌더(섹션 30115자 = 전문 25732 + 하위섹션 4588) / [D6] 도면 미반입인데 패널 노출(서지 도면 수 0건 / 패널 캡션 1개 · 이미지 없음) / [D12] 서지 청구항 수 11개 ↔ 청구범위 목록 12개(삭제 1) 불일치 / [D8] 독립항 목록 3개 중 1개가 본문 '삭제' / [D4] 공개번호(10-2024-0020304)와 표시 일자(2024-11-15) 계열 불일치 · 문헌일 2024-02-15,[F1] drawing_count 0 (도면의 설명 1원소 보유) [F2] 도면 설명 1원소에 도 6개 뭉침
KR 10-2729727 B1,B1,등록특허공보,등록공고,타설 콘크리트의 평탄화 장치,9,,,9,D1 D3 D7 D2 D5 D6 D12 D8 D4b,[D5] 상세설명에 하위섹션+전문 중복 렌더(섹션 9958자 = 전문 8252 + 하위섹션 1927) / [D6] 도면 미반입인데 패널 노출(서지 도면 수 0건 / 패널 캡션 1개 · 이미지 없음) / [D12] 서지 청구항 수 4개 ↔ 청구범위 목록 6개(삭제 2) 불일치 / [D8] 독립항 목록 3개 중 2개가 본문 '삭제' / [D4b] 공개/공고번호 — 인데 공개/공고일(2024-11-19)만 표시,[F1] drawing_count 0 (도면의 설명 1원소 보유) [F2] 도면 설명 1원소에 도 6개 뭉침
KR 10-2729730 B1,B1,등록특허공보,등록공고,저작 콘텐츠 유통 지원 서버 및 그 제어방법,9,,,9,D1 D3 D7 D2 D5 D6 D12 D8 D4,[D5] 상세설명에 하위섹션+전문 중복 렌더(섹션 23778자 = 전문 21607 + 하위섹션 2549) / [D6] 도면 미반입인데 패널 노출(서지 도면 수 0건 / 패널 캡션 1개 · 이미지 없음) / [D12] 서지 청구항 수 4개 ↔ 청구범위 목록 22개(삭제 18) 불일치 / [D8] 독립항 목록 20개 중 18개가 본문 '삭제' / [D4] 공개번호(10-2022-0151472)와 표시 일자(2024-11-14) 계열 불일치 · 문헌일 2022-11-15,[F1] drawing_count 0 (도면의 설명 1원소 보유) [F2] 도면 설명 1원소에 도 5개 뭉침
KR 10-2729782 B1,B1,등록특허공보,등록공고,모터 구동 상태 값을 사용하는 부품 실장 판정 시스템,9,,,9,D1 D3 D7 D2 D5 D6 D12 D8 D4b,[D5] 상세설명에 하위섹션+전문 중복 렌더(섹션 18714자 = 전문 14508 + 하위섹션 4514) / [D6] 도면 미반입인데 패널 노출(서지 도면 수 0건 / 패널 캡션 1개 · 이미지 없음) / [D12] 서지 청구항 수 4개 ↔ 청구범위 목록 10개(삭제 6) 불일치 / [D8] 독립항 목록 7개 중 6개가 본문 '삭제' / [D4b] 공개/공고번호 — 인데 공개/공고일(2024-11-14)만 표시,[F1] drawing_count 0 (도면의 설명 1원소 보유) [F2] 도면 설명 1원소에 도 9개 뭉침
KR 10-2729797 B1,B1,등록특허공보,등록공고,우유 유래 엑소좀을 유효성분으로 포함하는 장 건강기능 개선용 조성물 및 그 제조방법,9,,,9,D1 D3 D7 D2 D5 D6 D12 D8 D4,[D5] 상세설명에 하위섹션+전문 중복 렌더(섹션 26074자 = 전문 23248 + 하위섹션 3293) / [D6] 도면 미반입인데 패널 노출(서지 도면 수 0건 / 패널 캡션 1개 · 이미지 없음) / [D12] 서지 청구항 수 11개 ↔ 청구범위 목록 19개(삭제 8) 불일치 / [D8] 독립항 목록 9개 중 8개가 본문 '삭제' / [D4] 공개번호(10-2023-0113122)와 표시 일자(2024-11-14) 계열 불일치 · 문헌일 2023-07-28,[F1] drawing_count 0 (도면의 설명 1원소 보유) [F2] 도면 설명 1원소에 도 27개 뭉침
KR 10-2729992 B1,B1,등록특허공보,등록공고,음식물쓰레기 처리기,9,,,9,D1 D3 D7 D2 D5 D6 D12 D8 D4b,[D5] 상세설명에 하위섹션+전문 중복 렌더(섹션 39253자 = 전문 34321 + 하위섹션 5701) / [D6] 도면 미반입인데 패널 노출(서지 도면 수 0건 / 패널 캡션 1개 · 이미지 없음) / [D12] 서지 청구항 수 14개 ↔ 청구범위 목록 15개(삭제 1) 불일치 / [D8] 독립항 목록 2개 중 1개가 본문 '삭제' / [D4b] 공개/공고번호 — 인데 공개/공고일(2024-11-14)만 표시,[F1] drawing_count 0 (도면의 설명 1원소 보유) [F2] 도면 설명 1원소에 도 43개 뭉침
KR 10-2730035 B1,B1,등록특허공보,등록공고,"카드매출 관련 전자 장치, 시스템 및 그 제어방법",9,,,9,D1 D3 D7 D2 D5 D6 D12 D8 D4,[D5] 상세설명에 하위섹션+전문 중복 렌더(섹션 37620자 = 전문 30133 + 하위섹션 7861) / [D6] 도면 미반입인데 패널 노출(서지 도면 수 0건 / 패널 캡션 1개 · 이미지 없음) / [D12] 서지 청구항 수 16개 ↔ 청구범위 목록 19개(삭제 3) 불일치 / [D8] 독립항 목록 5개 중 3개가 본문 '삭제' / [D4] 공개번호(10-2023-0108673)와 표시 일자(2024-11-14) 계열 불일치 · 문헌일 2023-07-18,[F1] drawing_count 0 (도면의 설명 1원소 보유) [F2] 도면 설명 1원소에 도 9개 뭉침
KR 10-2730192 B1,B1,등록특허공보,등록공고,난연성 조성물 및 이로부터 제조된 난연성 시트,9,,,9,D1 D3 D7 D2 D5 D6 D12 D8 D4,[D5] 상세설명에 하위섹션+전문 중복 렌더(섹션 17947자 = 전문 17987 + 하위섹션 956) / [D6] 도면 미반입인데 패널 노출(서지 도면 수 0건 / 패널 캡션 1개 · 이미지 없음) / [D12] 서지 청구항 수 10개 ↔ 청구범위 목록 15개(삭제 5) 불일치 / [D8] 독립항 목록 6개 중 5개가 본문 '삭제' / [D4] 공개번호(10-2024-0025770)와 표시 일자(2024-11-15) 계열 불일치 · 문헌일 2024-02-27,[F1] drawing_count 0 (도면의 설명 1원소 보유)
KR 10-2730226 B1,B1,등록특허공보,등록공고,"레이저 가공 장치, 이를 이용한 레이저 가공 방법 및 이를 이용한 표시 장치의 제조 방법",9,,,9,D1 D3 D7 D2 D5 D6 D12 D8 D4,[D5] 상세설명에 하위섹션+전문 중복 렌더(섹션 15899자 = 전문 11188 + 하위섹션 4963) / [D6] 도면 미반입인데 패널 노출(서지 도면 수 0건 / 패널 캡션 1개 · 이미지 없음) / [D12] 서지 청구항 수 17개 ↔ 청구범위 목록 20개(삭제 3) 불일치 / [D8] 독립항 목록 6개 중 3개가 본문 '삭제' / [D4] 공개번호(10-2021-0024369)와 표시 일자(2024-11-18) 계열 불일치 · 문헌일 2021-03-05,[F1] drawing_count 0 (도면의 설명 1원소 보유) [F2] 도면 설명 1원소에 도 16개 뭉침
KR 10-2730257 B1,B1,등록특허공보,등록공고,스마트 카드,9,,,9,D1 D3 D7 D2 D5 D6 D12 D8 D4,[D5] 상세설명에 하위섹션+전문 중복 렌더(섹션 12564자 = 전문 10281 + 하위섹션 2361) / [D6] 도면 미반입인데 패널 노출(서지 도면 수 0건 / 패널 캡션 1개 · 이미지 없음) / [D12] 서지 청구항 수 7개 ↔ 청구범위 목록 9개(삭제 2) 불일치 / [D8] 독립항 목록 3개 중 2개가 본문 '삭제' / [D4] 공개번호(10-2019-0143610)와 표시 일자(2024-11-14) 계열 불일치 · 문헌일 2019-12-31,[F1] drawing_count 0 (도면의 설명 1원소 보유) [F2] 도면 설명 1원소에 도 4개 뭉침
KR 10-2730295 B1,B1,등록특허공보,등록공고,일체형 스크류를 구비한 본 고정 시스템,9,,,9,D1 D3 D7 D2 D5 D6 D12 D8 D4,[D5] 상세설명에 하위섹션+전문 중복 렌더(섹션 14347자 = 전문 11222 + 하위섹션 3248) / [D6] 도면 미반입인데 패널 노출(서지 도면 수 0건 / 패널 캡션 1개 · 이미지 없음) / [D12] 서지 청구항 수 4개 ↔ 청구범위 목록 5개(삭제 1) 불일치 / [D8] 독립항 목록 2개 중 1개가 본문 '삭제' / [D4] 공개번호(10-2023-0168713)와 표시 일자(2024-11-15) 계열 불일치 · 문헌일 2023-12-15,[F1] drawing_count 0 (도면의 설명 1원소 보유) [F2] 도면 설명 1원소에 도 14개 뭉침
KR 10-2730352 B1,B1,등록특허공보,등록공고,차량용 배터리 열관리 장치 및 차량용 배터리 열관리 방법,9,,,9,D1 D3 D7 D2 D5 D6 D12 D8 D4,[D5] 상세설명에 하위섹션+전문 중복 렌더(섹션 9652자 = 전문 7234 + 하위섹션 2551) / [D6] 도면 미반입인데 패널 노출(서지 도면 수 0건 / 패널 캡션 1개 · 이미지 없음) / [D12] 서지 청구항 수 16개 ↔ 청구범위 목록 18개(삭제 2) 불일치 / [D8] 독립항 목록 3개 중 2개가 본문 '삭제' / [D4] 공개번호(10-2023-0150428)와 표시 일자(2024-11-14) 계열 불일치 · 문헌일 2023-10-31,[F1] drawing_count 0 (도면의 설명 1원소 보유) [F2] 도면 설명 1원소에 도 5개 뭉침
KR 10-2730354 B1,B1,등록특허공보,등록공고,RFID 전파 차단 장치,9,,,9,D1 D3 D7 D2 D5 D6 D12 D8 D4,[D5] 상세설명에 하위섹션+전문 중복 렌더(섹션 18575자 = 전문 15379 + 하위섹션 3352) / [D6] 도면 미반입인데 패널 노출(서지 도면 수 0건 / 패널 캡션 1개 · 이미지 없음) / [D12] 서지 청구항 수 3개 ↔ 청구범위 목록 7개(삭제 4) 불일치 / [D8] 독립항 목록 5개 중 4개가 본문 '삭제' / [D4] 공개번호(10-2021-0142260)와 표시 일자(2024-11-14) 계열 불일치 · 문헌일 2021-11-25,[F1] drawing_count 0 (도면의 설명 1원소 보유) [F2] 도면 설명 1원소에 도 9개 뭉침
KR 10-2730359 B1,B1,등록특허공보,등록공고,광원 모듈 및 이를 구비한 조명 장치,9,,,9,D1 D3 D7 D2 D5 D6 D12 D8 D4,[D5] 상세설명에 하위섹션+전문 중복 렌더(섹션 34725자 = 전문 32028 + 하위섹션 3099) / [D6] 도면 미반입인데 패널 노출(서지 도면 수 0건 / 패널 캡션 1개 · 이미지 없음) / [D12] 서지 청구항 수 9개 ↔ 청구범위 목록 11개(삭제 2) 불일치 / [D8] 독립항 목록 4개 중 2개가 본문 '삭제' / [D4] 공개번호(10-2018-0087610)와 표시 일자(2024-11-18) 계열 불일치 · 문헌일 2018-08-02,[F1] drawing_count 0 (도면의 설명 1원소 보유) [F2] 도면 설명 1원소에 도 39개 뭉침
KR 10-2730455 B1,B1,등록특허공보,등록공고,막걸리 발효용 파우치,9,,,9,D1 D3 D7 D2 D5 D6 D12 D8 D4b,[D5] 상세설명에 하위섹션+전문 중복 렌더(섹션 10446자 = 전문 8215 + 하위섹션 2318) / [D6] 도면 미반입인데 패널 노출(서지 도면 수 0건 / 패널 캡션 1개 · 이미지 없음) / [D12] 서지 청구항 수 2개 ↔ 청구범위 목록 3개(삭제 1) 불일치 / [D8] 독립항 목록 2개 중 1개가 본문 '삭제' / [D4b] 공개/공고번호 — 인데 공개/공고일(2024-11-15)만 표시,[F1] drawing_count 0 (도면의 설명 1원소 보유) [F2] 도면 설명 1원소에 도 5개 뭉침
KR 10-2730491 B1,B1,등록특허공보,등록공고,개체에 적용된 채우기 색상에 따라 개체에 삽입된 텍스트의 색상을 자동으로 변경할 수 있는 전자 단말 장치 및,9,,,9,D1 D3 D7 D2 D5 D6 D12 D8 D4,[D5] 상세설명에 하위섹션+전문 중복 렌더(섹션 26505자 = 전문 21901 + 하위섹션 4993) / [D6] 도면 미반입인데 패널 노출(서지 도면 수 0건 / 패널 캡션 1개 · 이미지 없음) / [D12] 서지 청구항 수 10개 ↔ 청구범위 목록 12개(삭제 2) 불일치 / [D8] 독립항 목록 4개 중 2개가 본문 '삭제' / [D4] 공개번호(10-2023-0149951)와 표시 일자(2024-11-14) 계열 불일치 · 문헌일 2023-10-30,[F1] drawing_count 0 (도면의 설명 1원소 보유) [F2] 도면 설명 1원소에 도 4개 뭉침
KR 10-2730644 B1,B1,등록특허공보,등록공고,미산성 차아염소산수 및 벤조산나트륨을 포함하는 구강청결제 조성물,9,,,9,D1 D3 D7 D2 D5 D6 D12 D8 D4,[D5] 상세설명에 하위섹션+전문 중복 렌더(섹션 13080자 = 전문 10194 + 하위섹션 3223) / [D6] 도면 미반입인데 패널 노출(서지 도면 수 0건 / 패널 캡션 1개 · 이미지 없음) / [D12] 서지 청구항 수 6개 ↔ 청구범위 목록 10개(삭제 4) 불일치 / [D8] 독립항 목록 5개 중 4개가 본문 '삭제' / [D4] 공개번호(10-2024-0005461)와 표시 일자(2024-11-15) 계열 불일치 · 문헌일 2024-01-12,[F1] drawing_count 0 (도면의 설명 1원소 보유) [F2] 도면 설명 1원소에 도 6개 뭉침
KR 10-2730697 B1,B1,등록특허공보,등록공고,"압전세라믹을 이용한 동적 압력 감지 모듈, 이를 위한 전하량 출력 모듈 및 이들을 포함한 엔진용 동적 압력 ",9,,,9,D1 D3 D7 D2 D5 D6 D12 D8 D4b,[D5] 상세설명에 하위섹션+전문 중복 렌더(섹션 13134자 = 전문 9619 + 하위섹션 3731) / [D6] 도면 미반입인데 패널 노출(서지 도면 수 0건 / 패널 캡션 1개 · 이미지 없음) / [D12] 서지 청구항 수 8개 ↔ 청구범위 목록 11개(삭제 3) 불일치 / [D8] 독립항 목록 5개 중 3개가 본문 '삭제' / [D4b] 공개/공고번호 — 인데 공개/공고일(2024-11-15)만 표시,[F1] drawing_count 0 (도면의 설명 1원소 보유) [F2] 도면 설명 1원소에 도 4개 뭉침
KR 10-2730699 B1,B1,등록특허공보,등록공고,공조시스템,9,,,9,D1 D3 D7 D2 D5 D6 D12 D8 D4,[D5] 상세설명에 하위섹션+전문 중복 렌더(섹션 108891자 = 전문 101506 + 하위섹션 9493) / [D6] 도면 미반입인데 패널 노출(서지 도면 수 0건 / 패널 캡션 1개 · 이미지 없음) / [D12] 서지 청구항 수 18개 ↔ 청구범위 목록 19개(삭제 1) 불일치 / [D8] 독립항 목록 2개 중 1개가 본문 '삭제' / [D4] 공개번호(10-2022-0158591)와 표시 일자(2024-11-15) 계열 불일치 · 문헌일 2022-12-01,[F1] drawing_count 0 (도면의 설명 1원소 보유) [F2] 도면 설명 1원소에 도 134개 뭉침
KR 10-2730737 B1,B1,등록특허공보,등록공고,디지털보호계전기 및 그의 구동방법,9,,,9,D1 D3 D7 D2 D5 D6 D12 D8 D4,[D5] 상세설명에 하위섹션+전문 중복 렌더(섹션 17913자 = 전문 13621 + 하위섹션 4480) / [D6] 도면 미반입인데 패널 노출(서지 도면 수 0건 / 패널 캡션 1개 · 이미지 없음) / [D12] 서지 청구항 수 11개 ↔ 청구범위 목록 12개(삭제 1) 불일치 / [D8] 독립항 목록 4개 중 1개가 본문 '삭제' / [D4] 공개번호(10-2020-0122843)와 표시 일자(2024-11-14) 계열 불일치 · 문헌일 2020-10-28,[F1] drawing_count 0 (도면의 설명 1원소 보유) [F2] 도면 설명 1원소에 도 6개 뭉침
KR 10-2730911 B1,B1,등록특허공보,등록공고,표시 장치,9,,,9,D1 D3 D7 D2 D5 D6 D12 D8 D4,[D5] 상세설명에 하위섹션+전문 중복 렌더(섹션 11628자 = 전문 9692 + 하위섹션 2137) / [D6] 도면 미반입인데 패널 노출(서지 도면 수 0건 / 패널 캡션 1개 · 이미지 없음) / [D12] 서지 청구항 수 19개 ↔ 청구범위 목록 20개(삭제 1) 불일치 / [D8] 독립항 목록 3개 중 1개가 본문 '삭제' / [D4] 공개번호(10-2021-0060708)와 표시 일자(2024-11-15) 계열 불일치 · 문헌일 2021-05-27,[F1] drawing_count 0 (도면의 설명 1원소 보유) [F2] 도면 설명 1원소에 도 11개 뭉침
KR 10-2730925 B1,B1,등록특허공보,등록공고,발광표시패널 및 이를 이용한 발광표시장치,9,,,9,D1 D3 D7 D2 D5 D6 D12 D8 D4,[D5] 상세설명에 하위섹션+전문 중복 렌더(섹션 19703자 = 전문 18493 + 하위섹션 1530) / [D6] 도면 미반입인데 패널 노출(서지 도면 수 0건 / 패널 캡션 1개 · 이미지 없음) / [D12] 서지 청구항 수 6개 ↔ 청구범위 목록 8개(삭제 2) 불일치 / [D8] 독립항 목록 3개 중 2개가 본문 '삭제' / [D4] 공개번호(10-2021-0086316)와 표시 일자(2024-11-14) 계열 불일치 · 문헌일 2021-07-08,[F1] drawing_count 0 (도면의 설명 1원소 보유) [F2] 도면 설명 1원소에 도 9개 뭉침
KR 10-2730960 B1,B1,등록특허공보,등록공고,원형 터치 패널 및 이의 제조 방법,9,,,9,D1 D3 D7 D2 D5 D6 D12 D8 D4,[D5] 상세설명에 하위섹션+전문 중복 렌더(섹션 15477자 = 전문 13737 + 하위섹션 1861) / [D6] 도면 미반입인데 패널 노출(서지 도면 수 0건 / 패널 캡션 1개 · 이미지 없음) / [D12] 서지 청구항 수 9개 ↔ 청구범위 목록 14개(삭제 5) 불일치 / [D8] 독립항 목록 7개 중 5개가 본문 '삭제' / [D4] 공개번호(10-2020-0109644)와 표시 일자(2024-11-19) 계열 불일치 · 문헌일 2020-09-23,[F1] drawing_count 0 (도면의 설명 1원소 보유) [F2] 도면 설명 1원소에 도 6개 뭉침
KR 10-2730981 B1,B1,등록특허공보,등록공고,음식물2차분쇄발효소멸기 더블통 일체식 수동수전 내장형 초음파 식기세척기,9,,,9,D1 D3 D7 D2 D5 D6 D12 D8 D4,[D5] 상세설명에 하위섹션+전문 중복 렌더(섹션 44434자 = 전문 36546 + 하위섹션 8473) / [D6] 도면 미반입인데 패널 노출(서지 도면 수 0건 / 패널 캡션 1개 · 이미지 없음) / [D12] 서지 청구항 수 12개 ↔ 청구범위 목록 13개(삭제 1) 불일치 / [D8] 독립항 목록 2개 중 1개가 본문 '삭제' / [D4] 공개번호(10-2023-0158186)와 표시 일자(2024-11-15) 계열 불일치 · 문헌일 2023-11-20,[F1] drawing_count 0 (도면의 설명 1원소 보유) [F2] 도면 설명 1원소에 도 36개 뭉침
KR 10-2730983 B1,B1,등록특허공보,등록공고,전자 장치 및 그 제조방법,9,,,9,D1 D3 D7 D2 D5 D6 D12 D8 D4,[D5] 상세설명에 하위섹션+전문 중복 렌더(섹션 42278자 = 전문 38411 + 하위섹션 4097) / [D6] 도면 미반입인데 패널 노출(서지 도면 수 0건 / 패널 캡션 1개 · 이미지 없음) / [D12] 서지 청구항 수 17개 ↔ 청구범위 목록 20개(삭제 3) 불일치 / [D8] 독립항 목록 6개 중 3개가 본문 '삭제' / [D4] 공개번호(10-2021-0145940)와 표시 일자(2024-11-19) 계열 불일치 · 문헌일 2021-12-03,[F1] drawing_count 0 (도면의 설명 1원소 보유) [F2] 도면 설명 1원소에 도 14개 뭉침
KR 10-2731009 B1,B1,등록특허공보,등록공고,배터리 팩,9,,,9,D1 D3 D7 D2 D5 D6 D12 D8 D4,[D5] 상세설명에 하위섹션+전문 중복 렌더(섹션 21254자 = 전문 18545 + 하위섹션 2994) / [D6] 도면 미반입인데 패널 노출(서지 도면 수 0건 / 패널 캡션 1개 · 이미지 없음) / [D12] 서지 청구항 수 17개 ↔ 청구범위 목록 19개(삭제 2) 불일치 / [D8] 독립항 목록 3개 중 2개가 본문 '삭제' / [D4] 공개번호(10-2020-0129461)와 표시 일자(2024-11-19) 계열 불일치 · 문헌일 2020-11-18,[F1] drawing_count 0 (도면의 설명 1원소 보유) [F2] 도면 설명 1원소에 도 9개 뭉침
KR 10-2731065 B1,B1,등록특허공보,등록공고,실시간 교통 표지판 인식을 위한 FPGA 기반 저비용 정수 연산 CNN 가속기,9,,,9,D1 D3 D7 D2 D5 D6 D12 D8 D4,[D5] 상세설명에 하위섹션+전문 중복 렌더(섹션 21293자 = 전문 17336 + 하위섹션 4264) / [D6] 도면 미반입인데 패널 노출(서지 도면 수 0건 / 패널 캡션 1개 · 이미지 없음) / [D12] 서지 청구항 수 8개 ↔ 청구범위 목록 10개(삭제 2) 불일치 / [D8] 독립항 목록 4개 중 2개가 본문 '삭제' / [D4] 공개번호(10-2024-0053819)와 표시 일자(2024-11-15) 계열 불일치 · 문헌일 2024-04-25,[F1] drawing_count 0 (도면의 설명 1원소 보유) [F2] 도면 설명 1원소에 도 7개 뭉침
KR 10-2731098 B1,B1,등록특허공보,등록공고,소켓 장치용 핀 어레이를 구성하는 핑거 핀 구조 및 그 핑거 핀 구조의 제조 방법,9,,,9,D1 D3 D7 D2 D5 D6 D12 D8 D4,[D5] 상세설명에 하위섹션+전문 중복 렌더(섹션 11655자 = 전문 8493 + 하위섹션 3248) / [D6] 도면 미반입인데 패널 노출(서지 도면 수 0건 / 패널 캡션 1개 · 이미지 없음) / [D12] 서지 청구항 수 4개 ↔ 청구범위 목록 5개(삭제 1) 불일치 / [D8] 독립항 목록 2개 중 1개가 본문 '삭제' / [D4] 공개번호(10-2023-0112366)와 표시 일자(2024-11-18) 계열 불일치 · 문헌일 2023-07-27,[F1] drawing_count 0 (도면의 설명 1원소 보유) [F2] 도면 설명 1원소에 도 16개 뭉침
KR 10-2731158 B1,B1,등록특허공보,등록공고,도로 지중시설물 상태 자동 감시 시스템 및 이를 이용한 지중시설 이상상태 검지방법,9,,,9,D1 D3 D7 D2 D5 D6 D12 D8 D4b,[D5] 상세설명에 하위섹션+전문 중복 렌더(섹션 18060자 = 전문 13303 + 하위섹션 5283) / [D6] 도면 미반입인데 패널 노출(서지 도면 수 0건 / 패널 캡션 1개 · 이미지 없음) / [D12] 서지 청구항 수 7개 ↔ 청구범위 목록 12개(삭제 5) 불일치 / [D8] 독립항 목록 7개 중 5개가 본문 '삭제' / [D4b] 공개/공고번호 — 인데 공개/공고일(2024-11-18)만 표시,[F1] drawing_count 0 (도면의 설명 1원소 보유) [F2] 도면 설명 1원소에 도 27개 뭉침
KR 10-2731180 B1,B1,등록특허공보,등록공고,해충 감지 및 출입통제 기능을 갖는 해충차단장치 및 이를 위한 인공지능 알고리즘 기반 객체 검출 방법,9,,,9,D1 D3 D7 D2 D5 D6 D12 D8 D4b,[D5] 상세설명에 하위섹션+전문 중복 렌더(섹션 20007자 = 전문 15533 + 하위섹션 4728) / [D6] 도면 미반입인데 패널 노출(서지 도면 수 0건 / 패널 캡션 1개 · 이미지 없음) / [D12] 서지 청구항 수 4개 ↔ 청구범위 목록 11개(삭제 7) 불일치 / [D8] 독립항 목록 8개 중 7개가 본문 '삭제' / [D4b] 공개/공고번호 — 인데 공개/공고일(2024-11-15)만 표시,[F1] drawing_count 0 (도면의 설명 1원소 보유) [F2] 도면 설명 1원소에 도 14개 뭉침
KR 10-2731189 B1,B1,등록특허공보,등록공고,전지의 전극 제조 장치,9,,,9,D1 D3 D7 D2 D5 D6 D12 D8 D4b,[D5] 상세설명에 하위섹션+전문 중복 렌더(섹션 34139자 = 전문 31189 + 하위섹션 3309) / [D6] 도면 미반입인데 패널 노출(서지 도면 수 0건 / 패널 캡션 1개 · 이미지 없음) / [D12] 서지 청구항 수 10개 ↔ 청구범위 목록 12개(삭제 2) 불일치 / [D8] 독립항 목록 3개 중 2개가 본문 '삭제' / [D4b] 공개/공고번호 — 인데 공개/공고일(2024-11-20)만 표시,[F1] drawing_count 0 (도면의 설명 1원소 보유) [F2] 도면 설명 1원소에 도 16개 뭉침
KR 10-2731192 B1,B1,등록특허공보,등록공고,연계 시스템의 이상 징후 예측 시스템 및 방법,9,,,9,D1 D3 D7 D2 D5 D6 D12 D8 D4,[D5] 상세설명에 하위섹션+전문 중복 렌더(섹션 10644자 = 전문 7990 + 하위섹션 2746) / [D6] 도면 미반입인데 패널 노출(서지 도면 수 0건 / 패널 캡션 1개 · 이미지 없음) / [D12] 서지 청구항 수 6개 ↔ 청구범위 목록 8개(삭제 2) 불일치 / [D8] 독립항 목록 4개 중 2개가 본문 '삭제' / [D4] 공개번호(10-2023-0014919)와 표시 일자(2024-11-19) 계열 불일치 · 문헌일 2023-01-31,[F1] drawing_count 0 (도면의 설명 1원소 보유) [F2] 도면 설명 1원소에 도 3개 뭉침
KR 10-2731201 B1,B1,등록특허공보,등록공고,비대면 온라인 팬미팅 제어 방법,9,,,9,D1 D3 D7 D2 D5 D6 D12 D8 D4,[D5] 상세설명에 하위섹션+전문 중복 렌더(섹션 14524자 = 전문 12064 + 하위섹션 2620) / [D6] 도면 미반입인데 패널 노출(서지 도면 수 0건 / 패널 캡션 1개 · 이미지 없음) / [D12] 서지 청구항 수 5개 ↔ 청구범위 목록 8개(삭제 3) 불일치 / [D8] 독립항 목록 4개 중 3개가 본문 '삭제' / [D4] 공개번호(10-2023-0062431)와 표시 일자(2024-11-18) 계열 불일치 · 문헌일 2023-05-09,[F1] drawing_count 0 (도면의 설명 1원소 보유) [F2] 도면 설명 1원소에 도 5개 뭉침
KR 10-2731203 B1,B1,등록특허공보,등록공고,미세전류 패치를 포함하는 보정속옷,9,,,9,D1 D3 D7 D2 D5 D6 D12 D8 D4b,[D5] 상세설명에 하위섹션+전문 중복 렌더(섹션 18312자 = 전문 14321 + 하위섹션 4177) / [D6] 도면 미반입인데 패널 노출(서지 도면 수 0건 / 패널 캡션 1개 · 이미지 없음) / [D12] 서지 청구항 수 2개 ↔ 청구범위 목록 5개(삭제 3) 불일치 / [D8] 독립항 목록 4개 중 3개가 본문 '삭제' / [D4b] 공개/공고번호 — 인데 공개/공고일(2024-11-15)만 표시,[F1] drawing_count 0 (도면의 설명 1원소 보유) [F2] 도면 설명 1원소에 도 25개 뭉침
KR 10-2731204 B1,B1,등록특허공보,등록공고,근적외선 모듈 패치를 포함하는 보정속옷,9,,,9,D1 D3 D7 D2 D5 D6 D12 D8 D4b,[D5] 상세설명에 하위섹션+전문 중복 렌더(섹션 16566자 = 전문 12525 + 하위섹션 4204) / [D6] 도면 미반입인데 패널 노출(서지 도면 수 0건 / 패널 캡션 1개 · 이미지 없음) / [D12] 서지 청구항 수 3개 ↔ 청구범위 목록 5개(삭제 2) 불일치 / [D8] 독립항 목록 3개 중 2개가 본문 '삭제' / [D4b] 공개/공고번호 — 인데 공개/공고일(2024-11-15)만 표시,[F1] drawing_count 0 (도면의 설명 1원소 보유) [F2] 도면 설명 1원소에 도 25개 뭉침
KR 10-2731236 B1,B1,등록특허공보,등록공고,해수 담수화 농축수를 이용한 고순도 마그네슘 탄산염 제조방법,9,,,9,D1 D3 D7 D2 D5 D6 D12 D8 D4b,[D5] 상세설명에 하위섹션+전문 중복 렌더(섹션 19268자 = 전문 15594 + 하위섹션 3916) / [D6] 도면 미반입인데 패널 노출(서지 도면 수 0건 / 패널 캡션 1개 · 이미지 없음) / [D12] 서지 청구항 수 10개 ↔ 청구범위 목록 14개(삭제 4) 불일치 / [D8] 독립항 목록 5개 중 4개가 본문 '삭제' / [D4b] 공개/공고번호 — 인데 공개/공고일(2024-11-18)만 표시,[F1] drawing_count 0 (도면의 설명 1원소 보유) [F2] 도면 설명 1원소에 도 9개 뭉침
KR 10-2731250 B1,B1,등록특허공보,등록공고,위상마스크 및 3차원 미세 구조체를 제조하는 방법,9,,,9,D1 D3 D7 D2 D5 D6 D12 D8 D4,[D5] 상세설명에 하위섹션+전문 중복 렌더(섹션 12428자 = 전문 9497 + 하위섹션 3147) / [D6] 도면 미반입인데 패널 노출(서지 도면 수 0건 / 패널 캡션 1개 · 이미지 없음) / [D12] 서지 청구항 수 7개 ↔ 청구범위 목록 11개(삭제 4) 불일치 / [D8] 독립항 목록 5개 중 4개가 본문 '삭제' / [D4] 공개번호(10-2023-0068563)와 표시 일자(2024-11-19) 계열 불일치 · 문헌일 2023-05-18,[F1] drawing_count 0 (도면의 설명 1원소 보유) [F2] 도면 설명 1원소에 도 7개 뭉침
KR 10-2731279 B1,B1,등록특허공보,등록공고,구동부를 포함하는 초음파시술장치,9,,,9,D1 D3 D7 D2 D5 D6 D12 D8 D4,[D5] 상세설명에 하위섹션+전문 중복 렌더(섹션 13086자 = 전문 10548 + 하위섹션 2696) / [D6] 도면 미반입인데 패널 노출(서지 도면 수 0건 / 패널 캡션 1개 · 이미지 없음) / [D12] 서지 청구항 수 4개 ↔ 청구범위 목록 5개(삭제 1) 불일치 / [D8] 독립항 목록 2개 중 1개가 본문 '삭제' / [D4] 공개번호(10-2023-0082287)와 표시 일자(2024-11-18) 계열 불일치 · 문헌일 2023-06-08,[F1] drawing_count 0 (도면의 설명 1원소 보유) [F2] 도면 설명 1원소에 도 7개 뭉침
KR 10-2731382 B1,B1,등록특허공보,등록공고,티타늄산화물 무기안료 입자 및 이의 제조방법,9,,,9,D1 D3 D7 D2 D5 D6 D12 D8 D4,[D5] 상세설명에 하위섹션+전문 중복 렌더(섹션 40855자 = 전문 34851 + 하위섹션 6766) / [D6] 도면 미반입인데 패널 노출(서지 도면 수 0건 / 패널 캡션 1개 · 이미지 없음) / [D12] 서지 청구항 수 2개 ↔ 청구범위 목록 13개(삭제 11) 불일치 / [D8] 독립항 목록 12개 중 11개가 본문 '삭제' / [D4] 공개번호(10-2024-0033949)와 표시 일자(2024-11-18) 계열 불일치 · 문헌일 2024-03-13,[F1] drawing_count 0 (도면의 설명 1원소 보유) [F2] 도면 설명 1원소에 도 10개 뭉침
KR 10-2731418 B1,B1,등록특허공보,등록공고,"몰리브데넘 화합물, 이의 제조방법 및 이를 포함하는 박막의 제조방법",9,,,9,D1 D3 D7 D2 D5 D6 D12 D8 D4,[D5] 상세설명에 하위섹션+전문 중복 렌더(섹션 20193자 = 전문 15931 + 하위섹션 4674) / [D6] 도면 미반입인데 패널 노출(서지 도면 수 0건 / 패널 캡션 1개 · 이미지 없음) / [D12] 서지 청구항 수 11개 ↔ 청구범위 목록 12개(삭제 1) 불일치 / [D8] 독립항 목록 3개 중 1개가 본문 '삭제' / [D4] 공개번호(10-2023-0089245)와 표시 일자(2024-11-19) 계열 불일치 · 문헌일 2023-06-20,[F1] drawing_count 0 (도면의 설명 1원소 보유)
KR 10-2731502 B1,B1,등록특허공보,등록공고,교반 장치,9,,,9,D1 D3 D7 D2 D5 D6 D12 D8 D4,[D5] 상세설명에 하위섹션+전문 중복 렌더(섹션 24698자 = 전문 19754 + 하위섹션 5265) / [D6] 도면 미반입인데 패널 노출(서지 도면 수 0건 / 패널 캡션 1개 · 이미지 없음) / [D12] 서지 청구항 수 19개 ↔ 청구범위 목록 21개(삭제 2) 불일치 / [D8] 독립항 목록 4개 중 2개가 본문 '삭제' / [D4] 공개번호(10-2023-0135934)와 표시 일자(2024-11-18) 계열 불일치 · 문헌일 2023-09-26,[F1] drawing_count 0 (도면의 설명 1원소 보유) [F2] 도면 설명 1원소에 도 11개 뭉침
KR 10-2731622 B1,B1,등록특허공보,등록공고,방열용 알루미늄 합금제 박형 진공 챔버의 제조방법,9,,,9,D1 D3 D7 D2 D5 D6 D12 D8 D4,[D5] 상세설명에 하위섹션+전문 중복 렌더(섹션 9317자 = 전문 6632 + 하위섹션 2766) / [D6] 도면 미반입인데 패널 노출(서지 도면 수 0건 / 패널 캡션 1개 · 이미지 없음) / [D12] 서지 청구항 수 3개 ↔ 청구범위 목록 5개(삭제 2) 불일치 / [D8] 독립항 목록 4개 중 2개가 본문 '삭제' / [D4] 공개번호(10-2024-0105004)와 표시 일자(2024-11-18) 계열 불일치 · 문헌일 2024-07-05,[F1] drawing_count 0 (도면의 설명 1원소 보유) [F2] 도면 설명 1원소에 도 8개 뭉침
KR 10-2731661 B1,B1,등록특허공보,등록공고,정신과 척도검사 정규화 시스템,9,,,9,D1 D3 D7 D2 D5 D6 D12 D8 D4,[D5] 상세설명에 하위섹션+전문 중복 렌더(섹션 13068자 = 전문 9582 + 하위섹션 3591) / [D6] 도면 미반입인데 패널 노출(서지 도면 수 0건 / 패널 캡션 1개 · 이미지 없음) / [D12] 서지 청구항 수 3개 ↔ 청구범위 목록 5개(삭제 2) 불일치 / [D8] 독립항 목록 3개 중 2개가 본문 '삭제' / [D4] 공개번호(10-2022-0135740)와 표시 일자(2024-11-15) 계열 불일치 · 문헌일 2022-10-07,[F1] drawing_count 0 (도면의 설명 1원소 보유) [F2] 도면 설명 1원소에 도 8개 뭉침
KR 10-2731678 B1,B1,등록특허공보,등록공고,리튬 금속 전극 및 이의 표면 처리 방법,9,,,9,D1 D3 D7 D2 D5 D6 D12 D8 D4b,[D5] 상세설명에 하위섹션+전문 중복 렌더(섹션 18017자 = 전문 15037 + 하위섹션 3233) / [D6] 도면 미반입인데 패널 노출(서지 도면 수 0건 / 패널 캡션 1개 · 이미지 없음) / [D12] 서지 청구항 수 13개 ↔ 청구범위 목록 15개(삭제 2) 불일치 / [D8] 독립항 목록 4개 중 2개가 본문 '삭제' / [D4b] 공개/공고번호 — 인데 공개/공고일(2024-11-19)만 표시,[F1] drawing_count 0 (도면의 설명 1원소 보유) [F2] 도면 설명 1원소에 도 10개 뭉침
KR 10-2731690 B1,B1,등록특허공보,등록공고,메모리 최적화 기술을 포함하는 신경망 처리 방법,9,,,9,D1 D3 D7 D2 D5 D6 D12 D8 D4,[D5] 상세설명에 하위섹션+전문 중복 렌더(섹션 12213자 = 전문 9638 + 하위섹션 2682) / [D6] 도면 미반입인데 패널 노출(서지 도면 수 0건 / 패널 캡션 1개 · 이미지 없음) / [D12] 서지 청구항 수 6개 ↔ 청구범위 목록 10개(삭제 4) 불일치 / [D8] 독립항 목록 5개 중 4개가 본문 '삭제' / [D4] 공개번호(10-2023-0143042)와 표시 일자(2024-11-15) 계열 불일치 · 문헌일 2023-10-11,[F1] drawing_count 0 (도면의 설명 1원소 보유) [F2] 도면 설명 1원소에 도 5개 뭉침
KR 10-2731702 B1,B1,등록특허공보,등록공고,기판처리장치 및 기판지지부의 틸팅감지방법,9,,,9,D1 D3 D7 D2 D5 D6 D12 D8 D4,[D5] 상세설명에 하위섹션+전문 중복 렌더(섹션 29699자 = 전문 24219 + 하위섹션 5889) / [D6] 도면 미반입인데 패널 노출(서지 도면 수 0건 / 패널 캡션 1개 · 이미지 없음) / [D12] 서지 청구항 수 9개 ↔ 청구범위 목록 14개(삭제 5) 불일치 / [D8] 독립항 목록 7개 중 5개가 본문 '삭제' / [D4] 공개번호(10-2024-0113442)와 표시 일자(2024-11-18) 계열 불일치 · 문헌일 2024-07-22,[F1] drawing_count 0 (도면의 설명 1원소 보유) [F2] 도면 설명 1원소에 도 19개 뭉침
KR 10-2731704 B1,B1,등록특허공보,등록공고,무인비행체를 이용한 보행안내장치 및 방법,9,,,9,D1 D3 D7 D2 D5 D6 D12 D8 D4,[D5] 상세설명에 하위섹션+전문 중복 렌더(섹션 23021자 = 전문 19711 + 하위섹션 3551) / [D6] 도면 미반입인데 패널 노출(서지 도면 수 0건 / 패널 캡션 1개 · 이미지 없음) / [D12] 서지 청구항 수 10개 ↔ 청구범위 목록 11개(삭제 1) 불일치 / [D8] 독립항 목록 3개 중 1개가 본문 '삭제' / [D4] 공개번호(10-2023-0139256)와 표시 일자(2024-11-15) 계열 불일치 · 문헌일 2023-10-05,[F1] drawing_count 0 (도면의 설명 1원소 보유) [F2] 도면 설명 1원소에 도 13개 뭉침
KR 10-2731739 B1,B1,등록특허공보,등록공고,통합 광케이블 단자함,9,,,9,D1 D3 D7 D2 D5 D6 D12 D8 D4b,[D5] 상세설명에 하위섹션+전문 중복 렌더(섹션 18967자 = 전문 15933 + 하위섹션 3308) / [D6] 도면 미반입인데 패널 노출(서지 도면 수 0건 / 패널 캡션 1개 · 이미지 없음) / [D12] 서지 청구항 수 3개 ↔ 청구범위 목록 6개(삭제 3) 불일치 / [D8] 독립항 목록 4개 중 3개가 본문 '삭제' / [D4b] 공개/공고번호 — 인데 공개/공고일(2024-11-19)만 표시,[F1] drawing_count 0 (도면의 설명 1원소 보유) [F2] 도면 설명 1원소에 도 14개 뭉침
KR 10-2731767 B1,B1,등록특허공보,등록공고,개폐기구 및 이를 포함하는 기판처리 장치,9,,,9,D1 D3 D7 D2 D5 D6 D12 D8 D4,[D5] 상세설명에 하위섹션+전문 중복 렌더(섹션 17751자 = 전문 14302 + 하위섹션 3662) / [D6] 도면 미반입인데 패널 노출(서지 도면 수 0건 / 패널 캡션 1개 · 이미지 없음) / [D12] 서지 청구항 수 10개 ↔ 청구범위 목록 11개(삭제 1) 불일치 / [D8] 독립항 목록 3개 중 1개가 본문 '삭제' / [D4] 공개번호(10-2021-0062371)와 표시 일자(2024-11-20) 계열 불일치 · 문헌일 2021-05-31,[F1] drawing_count 0 (도면의 설명 1원소 보유) [F2] 도면 설명 1원소에 도 8개 뭉침
KR 10-2731771 B1,B1,등록특허공보,등록공고,유압실린더를 적용한 연료전지 잔류가스 처리기 및 처리방법,9,,,9,D1 D3 D7 D2 D5 D6 D12 D8 D4b,[D5] 상세설명에 하위섹션+전문 중복 렌더(섹션 14423자 = 전문 11391 + 하위섹션 3190) / [D6] 도면 미반입인데 패널 노출(서지 도면 수 0건 / 패널 캡션 1개 · 이미지 없음) / [D12] 서지 청구항 수 7개 ↔ 청구범위 목록 11개(삭제 4) 불일치 / [D8] 독립항 목록 5개 중 4개가 본문 '삭제' / [D4b] 공개/공고번호 — 인데 공개/공고일(2024-11-20)만 표시,[F1] drawing_count 0 (도면의 설명 1원소 보유) [F2] 도면 설명 1원소에 도 7개 뭉침
KR 10-2731877 B1,B1,등록특허공보,등록공고,신체 배출물 분석,9,,,9,D1 D3 D7 D2 D5 D6 D12 D8 D4,[D5] 상세설명에 하위섹션+전문 중복 렌더(섹션 53709자 = 전문 38679 + 하위섹션 15629) / [D6] 도면 미반입인데 패널 노출(서지 도면 수 0건 / 패널 캡션 1개 · 이미지 없음) / [D12] 서지 청구항 수 18개 ↔ 청구범위 목록 20개(삭제 2) 불일치 / [D8] 독립항 목록 4개 중 2개가 본문 '삭제' / [D4] 공개번호(10-2023-0098699)와 표시 일자(2024-11-21) 계열 불일치 · 문헌일 2023-07-04,[F1] drawing_count 0 (도면의 설명 1원소 보유) [F2] 도면 설명 1원소에 도 7개 뭉침
KR 10-2731880 B1,B1,등록특허공보,등록공고,장애물 침해에 의한 소음 예방 기능을 구비한 보행자 감지 장치 및 그 제어 방법,9,,,9,D1 D3 D7 D2 D5 D6 D12 D8 D4b,[D5] 상세설명에 하위섹션+전문 중복 렌더(섹션 24610자 = 전문 17081 + 하위섹션 8065) / [D6] 도면 미반입인데 패널 노출(서지 도면 수 0건 / 패널 캡션 1개 · 이미지 없음) / [D12] 서지 청구항 수 10개 ↔ 청구범위 목록 12개(삭제 2) 불일치 / [D8] 독립항 목록 6개 중 2개가 본문 '삭제' / [D4b] 공개/공고번호 — 인데 공개/공고일(2024-11-19)만 표시,[F1] drawing_count 0 (도면의 설명 1원소 보유) [F2] 도면 설명 1원소에 도 13개 뭉침
KR 10-2731902 B1,B1,등록특허공보,등록공고,클라우드 기반의 컨텐츠 추천 방법,9,,,9,D1 D3 D7 D2 D5 D6 D12 D8 D4,[D5] 상세설명에 하위섹션+전문 중복 렌더(섹션 18613자 = 전문 16292 + 하위섹션 2521) / [D6] 도면 미반입인데 패널 노출(서지 도면 수 0건 / 패널 캡션 1개 · 이미지 없음) / [D12] 서지 청구항 수 4개 ↔ 청구범위 목록 7개(삭제 3) 불일치 / [D8] 독립항 목록 4개 중 3개가 본문 '삭제' / [D4] 공개번호(10-2023-0084706)와 표시 일자(2024-11-18) 계열 불일치 · 문헌일 2023-06-13,[F1] drawing_count 0 (도면의 설명 1원소 보유) [F2] 도면 설명 1원소에 도 4개 뭉침
KR 10-2731907 B1,B1,등록특허공보,등록공고,전자 수송 특성이 개질된 신규 유기 단분자 화합물 및 이를 포함하는 소자,9,,,9,D1 D3 D7 D2 D5 D6 D12 D8 D4,[D5] 상세설명에 하위섹션+전문 중복 렌더(섹션 25371자 = 전문 21130 + 하위섹션 4686) / [D6] 도면 미반입인데 패널 노출(서지 도면 수 0건 / 패널 캡션 1개 · 이미지 없음) / [D12] 서지 청구항 수 13개 ↔ 청구범위 목록 14개(삭제 1) 불일치 / [D8] 독립항 목록 2개 중 1개가 본문 '삭제' / [D4] 공개번호(10-2024-0029426)와 표시 일자(2024-11-20) 계열 불일치 · 문헌일 2024-03-05,[F1] drawing_count 0 (도면의 설명 1원소 보유) [F2] 도면 설명 1원소에 도 6개 뭉침
KR 10-2731923 B1,B1,등록특허공보,등록공고,건조 장치 및 기판 처리 장치,9,,,9,D1 D3 D7 D2 D5 D6 D12 D8 D4,[D5] 상세설명에 하위섹션+전문 중복 렌더(섹션 37061자 = 전문 31300 + 하위섹션 6174) / [D6] 도면 미반입인데 패널 노출(서지 도면 수 0건 / 패널 캡션 1개 · 이미지 없음) / [D12] 서지 청구항 수 18개 ↔ 청구범위 목록 20개(삭제 2) 불일치 / [D8] 독립항 목록 7개 중 2개가 본문 '삭제' / [D4] 공개번호(10-2024-0037624)와 표시 일자(2024-11-20) 계열 불일치 · 문헌일 2024-03-22,[F1] drawing_count 0 (도면의 설명 1원소 보유) [F2] 도면 설명 1원소에 도 27개 뭉침
KR 10-2731975 B1,B1,등록특허공보,등록공고,홍어 부산물을 이용한 디저트 및 다이어트용 젤리의 제조 방법,9,,,9,D1 D3 D7 D2 D5 D6 D12 D8 D4,[D5] 상세설명에 하위섹션+전문 중복 렌더(섹션 25175자 = 전문 20263 + 하위섹션 5944) / [D6] 도면 미반입인데 패널 노출(서지 도면 수 0건 / 패널 캡션 1개 · 이미지 없음) / [D12] 서지 청구항 수 6개 ↔ 청구범위 목록 7개(삭제 1) 불일치 / [D8] 독립항 목록 2개 중 1개가 본문 '삭제' / [D4] 공개번호(10-2023-0074333)와 표시 일자(2024-11-20) 계열 불일치 · 문헌일 2023-05-30,[F1] drawing_count 0 (도면의 설명 1원소 보유) [F2] 도면 설명 1원소에 도 10개 뭉침
KR 10-2731993 B1,B1,등록특허공보,등록공고,근무자의 업무 수행에 대한 정산을 위하여 정보를 처리하는 전자 장치 및 그 방법,9,,,9,D1 D3 D7 D2 D5 D6 D12 D8 D4,[D5] 상세설명에 하위섹션+전문 중복 렌더(섹션 30149자 = 전문 25795 + 하위섹션 4568) / [D6] 도면 미반입인데 패널 노출(서지 도면 수 0건 / 패널 캡션 1개 · 이미지 없음) / [D12] 서지 청구항 수 9개 ↔ 청구범위 목록 15개(삭제 6) 불일치 / [D8] 독립항 목록 8개 중 6개가 본문 '삭제' / [D4] 공개번호(10-2023-0139145)와 표시 일자(2024-11-20) 계열 불일치 · 문헌일 2023-10-05,[F1] drawing_count 0 (도면의 설명 1원소 보유) [F2] 도면 설명 1원소에 도 8개 뭉침
KR 10-2732143 B1,B1,등록특허공보,등록공고,음향 신호를 이용한 공간 감시 장치 및 공간 감시 방법,9,,,9,D1 D3 D7 D2 D5 D6 D12 D8 D4,[D5] 상세설명에 하위섹션+전문 중복 렌더(섹션 20223자 = 전문 16043 + 하위섹션 4439) / [D6] 도면 미반입인데 패널 노출(서지 도면 수 0건 / 패널 캡션 1개 · 이미지 없음) / [D12] 서지 청구항 수 6개 ↔ 청구범위 목록 10개(삭제 4) 불일치 / [D8] 독립항 목록 6개 중 4개가 본문 '삭제' / [D4] 공개번호(10-2023-0049559)와 표시 일자(2024-11-19) 계열 불일치 · 문헌일 2023-04-13,[F1] drawing_count 0 (도면의 설명 1원소 보유) [F2] 도면 설명 1원소에 도 10개 뭉침
KR 10-2732156 B1,B1,등록특허공보,등록공고,외란 검출을 통한 기기의 안전 관리시스템,9,,,9,D1 D3 D7 D2 D5 D6 D12 D8 D4,[D5] 상세설명에 하위섹션+전문 중복 렌더(섹션 11137자 = 전문 8247 + 하위섹션 2955) / [D6] 도면 미반입인데 패널 노출(서지 도면 수 0건 / 패널 캡션 1개 · 이미지 없음) / [D12] 서지 청구항 수 4개 ↔ 청구범위 목록 5개(삭제 1) 불일치 / [D8] 독립항 목록 2개 중 1개가 본문 '삭제' / [D4] 공개번호(10-2023-0005587)와 표시 일자(2024-11-20) 계열 불일치 · 문헌일 2023-01-10,[F1] drawing_count 0 (도면의 설명 1원소 보유) [F2] 도면 설명 1원소에 도 4개 뭉침
KR 10-2732241 B1,B1,등록특허공보,등록공고,철골 구조물 설계 변경 관리 시스템,9,,,9,D1 D3 D7 D2 D5 D6 D12 D8 D4b,[D5] 상세설명에 하위섹션+전문 중복 렌더(섹션 22524자 = 전문 15545 + 하위섹션 7147) / [D6] 도면 미반입인데 패널 노출(서지 도면 수 0건 / 패널 캡션 1개 · 이미지 없음) / [D12] 서지 청구항 수 7개 ↔ 청구범위 목록 10개(삭제 3) 불일치 / [D8] 독립항 목록 4개 중 3개가 본문 '삭제' / [D4b] 공개/공고번호 — 인데 공개/공고일(2024-11-20)만 표시,[F1] drawing_count 0 (도면의 설명 1원소 보유) [F2] 도면 설명 1원소에 도 6개 뭉침
KR 10-2732250 B1,B1,등록특허공보,등록공고,내식성 및 표면 품질이 우수한 고내식 도금 강판 및 이의 제조방법,9,,,9,D1 D3 D7 D2 D5 D6 D12 D8 D4,[D5] 상세설명에 하위섹션+전문 중복 렌더(섹션 43974자 = 전문 43423 + 하위섹션 3358) / [D6] 도면 미반입인데 패널 노출(서지 도면 수 0건 / 패널 캡션 1개 · 이미지 없음) / [D12] 서지 청구항 수 11개 ↔ 청구범위 목록 17개(삭제 6) 불일치 / [D8] 독립항 목록 7개 중 6개가 본문 '삭제' / [D4] 공개번호(10-2022-0169450)와 표시 일자(2024-11-20) 계열 불일치 · 문헌일 2022-12-27,[F1] drawing_count 0 (도면의 설명 1원소 보유) [F2] 도면 설명 1원소에 도 12개 뭉침
KR 10-2732375 B1,B1,등록특허공보,등록공고,차량 구독 통합운영 관리시스템,9,,,9,D1 D3 D7 D2 D5 D6 D12 D8 D4,[D5] 상세설명에 하위섹션+전문 중복 렌더(섹션 43171자 = 전문 33226 + 하위섹션 10490) / [D6] 도면 미반입인데 패널 노출(서지 도면 수 0건 / 패널 캡션 1개 · 이미지 없음) / [D12] 서지 청구항 수 11개 ↔ 청구범위 목록 13개(삭제 2) 불일치 / [D8] 독립항 목록 3개 중 2개가 본문 '삭제' / [D4] 공개번호(10-2023-0099118)와 표시 일자(2024-11-20) 계열 불일치 · 문헌일 2023-07-04,[F1] drawing_count 0 (도면의 설명 1원소 보유) [F2] 도면 설명 1원소에 도 35개 뭉침
KR 10-2732441 B1,B1,등록특허공보,등록공고,기판의 제조 방법,9,,,9,D1 D3 D7 D2 D5 D6 D12 D8 D4b,[D5] 상세설명에 하위섹션+전문 중복 렌더(섹션 27881자 = 전문 16423 + 하위섹션 11823) / [D6] 도면 미반입인데 패널 노출(서지 도면 수 0건 / 패널 캡션 1개 · 이미지 없음) / [D12] 서지 청구항 수 8개 ↔ 청구범위 목록 12개(삭제 4) 불일치 / [D8] 독립항 목록 5개 중 4개가 본문 '삭제' / [D4b] 공개/공고번호 — 인데 공개/공고일(2024-11-22)만 표시,[F1] drawing_count 0 (도면의 설명 1원소 보유) [F2] 도면 설명 1원소에 도 10개 뭉침
KR 10-2732456 B1,B1,등록특허공보,등록공고,공기조화기,9,,,9,D1 D3 D7 D2 D5 D6 D12 D8 D4,[D5] 상세설명에 하위섹션+전문 중복 렌더(섹션 27805자 = 전문 23876 + 하위섹션 4233) / [D6] 도면 미반입인데 패널 노출(서지 도면 수 0건 / 패널 캡션 1개 · 이미지 없음) / [D12] 서지 청구항 수 18개 ↔ 청구범위 목록 20개(삭제 2) 불일치 / [D8] 독립항 목록 4개 중 2개가 본문 '삭제' / [D4] 공개번호(10-2020-0119576)와 표시 일자(2024-11-21) 계열 불일치 · 문헌일 2020-10-20,[F1] drawing_count 0 (도면의 설명 1원소 보유) [F2] 도면 설명 1원소에 도 20개 뭉침
KR 10-2732564 B1,B1,등록특허공보,등록공고,저조도 영상의 화질 개선 방법 및 이를 적용한 웨어러블 디바이스와 웨어러블 디바이스의 애플리케이션 제어방법,9,,,9,D1 D3 D7 D2 D5 D6 D12 D8 D4,[D5] 상세설명에 하위섹션+전문 중복 렌더(섹션 21705자 = 전문 17351 + 하위섹션 4574) / [D6] 도면 미반입인데 패널 노출(서지 도면 수 0건 / 패널 캡션 1개 · 이미지 없음) / [D12] 서지 청구항 수 12개 ↔ 청구범위 목록 15개(삭제 3) 불일치 / [D8] 독립항 목록 6개 중 3개가 본문 '삭제' / [D4] 공개번호(10-2024-0164109)와 표시 일자(2024-11-20) 계열 불일치 · 문헌일 2024-11-19,[F1] drawing_count 0 (도면의 설명 1원소 보유) [F2] 도면 설명 1원소에 도 10개 뭉침
KR 10-2732583 B1,B1,등록특허공보,등록공고,파이로 구동 장치 및 방법,9,,,9,D1 D3 D7 D2 D5 D6 D12 D8 D4b,[D5] 상세설명에 하위섹션+전문 중복 렌더(섹션 15723자 = 전문 11982 + 하위섹션 3934) / [D6] 도면 미반입인데 패널 노출(서지 도면 수 0건 / 패널 캡션 1개 · 이미지 없음) / [D12] 서지 청구항 수 8개 ↔ 청구범위 목록 11개(삭제 3) 불일치 / [D8] 독립항 목록 5개 중 3개가 본문 '삭제' / [D4b] 공개/공고번호 — 인데 공개/공고일(2024-11-19)만 표시,[F1] drawing_count 0 (도면의 설명 1원소 보유) [F2] 도면 설명 1원소에 도 13개 뭉침
KR 10-2732592 B1,B1,등록특허공보,등록공고,로봇 쏘 시스템,9,,,9,D1 D3 D7 D2 D5 D6 D12 D8 D4b,[D5] 상세설명에 하위섹션+전문 중복 렌더(섹션 14868자 = 전문 11846 + 하위섹션 3182) / [D6] 도면 미반입인데 패널 노출(서지 도면 수 0건 / 패널 캡션 1개 · 이미지 없음) / [D12] 서지 청구항 수 4개 ↔ 청구범위 목록 7개(삭제 3) 불일치 / [D8] 독립항 목록 4개 중 3개가 본문 '삭제' / [D4b] 공개/공고번호 — 인데 공개/공고일(2024-11-21)만 표시,[F1] drawing_count 0 (도면의 설명 1원소 보유) [F2] 도면 설명 1원소에 도 12개 뭉침
KR 10-2732631 B1,B1,등록특허공보,등록공고,주기적 CVD로 등각성 실리콘 카바이드막을 형성하는 방법,9,,,9,D1 D3 D7 D2 D5 D6 D12 D8 D4,[D5] 상세설명에 하위섹션+전문 중복 렌더(섹션 17491자 = 전문 16031 + 하위섹션 1556) / [D6] 도면 미반입인데 패널 노출(서지 도면 수 0건 / 패널 캡션 1개 · 이미지 없음) / [D12] 서지 청구항 수 14개 ↔ 청구범위 목록 16개(삭제 2) 불일치 / [D8] 독립항 목록 3개 중 2개가 본문 '삭제' / [D4] 공개번호(10-2020-0041784)와 표시 일자(2024-11-20) 계열 불일치 · 문헌일 2020-04-22,[F1] drawing_count 0 (도면의 설명 1원소 보유) [F2] 도면 설명 1원소에 도 5개 뭉침
KR 10-2732673 B1,B1,등록특허공보,등록공고,오버 헤드 중량물용 서포트 설치 공법,9,,,9,D1 D3 D7 D2 D5 D6 D12 D8 D4b,[D5] 상세설명에 하위섹션+전문 중복 렌더(섹션 14584자 = 전문 13283 + 하위섹션 2199) / [D6] 도면 미반입인데 패널 노출(서지 도면 수 0건 / 패널 캡션 1개 · 이미지 없음) / [D12] 서지 청구항 수 2개 ↔ 청구범위 목록 5개(삭제 3) 불일치 / [D8] 독립항 목록 4개 중 3개가 본문 '삭제' / [D4b] 공개/공고번호 — 인데 공개/공고일(2024-11-20)만 표시,[F1] drawing_count 0 (도면의 설명 1원소 보유) [F2] 도면 설명 1원소에 도 6개 뭉침
KR 10-2732680 B1,B1,등록특허공보,등록공고,"가변 프레임 모드를 지원하는 표시 장치, 및 표시 장치의 구동 방법",9,,,9,D1 D3 D7 D2 D5 D6 D12 D8 D4,[D5] 상세설명에 하위섹션+전문 중복 렌더(섹션 27370자 = 전문 22428 + 하위섹션 5139) / [D6] 도면 미반입인데 패널 노출(서지 도면 수 0건 / 패널 캡션 1개 · 이미지 없음) / [D12] 서지 청구항 수 14개 ↔ 청구범위 목록 20개(삭제 6) 불일치 / [D8] 독립항 목록 8개 중 6개가 본문 '삭제' / [D4] 공개번호(10-2022-0051905)와 표시 일자(2024-11-22) 계열 불일치 · 문헌일 2022-04-27,[F1] drawing_count 0 (도면의 설명 1원소 보유) [F2] 도면 설명 1원소에 도 10개 뭉침
KR 10-2732714 B1,B1,등록특허공보,등록공고,4륜 구동 밭 농작업용 로봇 플랫폼의 능동형 차체 크기 조절 시스템,9,,,9,D1 D3 D7 D2 D5 D6 D12 D8 D4,[D5] 상세설명에 하위섹션+전문 중복 렌더(섹션 9656자 = 전문 6531 + 하위섹션 3248) / [D6] 도면 미반입인데 패널 노출(서지 도면 수 0건 / 패널 캡션 1개 · 이미지 없음) / [D12] 서지 청구항 수 3개 ↔ 청구범위 목록 6개(삭제 3) 불일치 / [D8] 독립항 목록 4개 중 3개가 본문 '삭제' / [D4] 공개번호(10-2024-0120288)와 표시 일자(2024-11-21) 계열 불일치 · 문헌일 2024-08-07,[F1] drawing_count 0 (도면의 설명 1원소 보유) [F2] 도면 설명 1원소에 도 7개 뭉침
KR 10-2732910 B1,B1,등록특허공보,등록공고,K-ras 특이적 활성화 T 세포를 포함하는 대장암의 예방 및 치료용 약제학적 조성물 및 이의 제조방법,9,,,9,D1 D3 D7 D5 D6 D12 D8 D8c D4,[D5] 상세설명에 하위섹션+전문 중복 렌더(섹션 37267자 = 전문 32782 + 하위섹션 5558) / [D6] 도면 미반입인데 패널 노출(서지 도면 수 0건 / 패널 캡션 1개 · 이미지 없음) / [D12] 서지 청구항 수 1개 ↔ 청구범위 목록 8개(삭제 7) 불일치 / [D8] 독립항 목록 8개 중 7개가 본문 '삭제' / [D8c] 종속항 0 · 삭제항 7 → 독립/전체 토글 결과 동일(8개) / [D4] 공개번호(10-2023-0101284)와 표시 일자(2024-11-20) 계열 불일치 · 문헌일 2023-07-06,[F1] drawing_count 0 (도면의 설명 1원소 보유) [F2] 도면 설명 1원소에 도 10개 뭉침
KR 10-2732981 B1,B1,등록특허공보,등록공고,백드래프트 방지 문손잡이,9,,,9,D1 D3 D7 D2 D5 D6 D12 D8 D4b,[D5] 상세설명에 하위섹션+전문 중복 렌더(섹션 6339자 = 전문 4232 + 하위섹션 2179) / [D6] 도면 미반입인데 패널 노출(서지 도면 수 0건 / 패널 캡션 1개 · 이미지 없음) / [D12] 서지 청구항 수 3개 ↔ 청구범위 목록 4개(삭제 1) 불일치 / [D8] 독립항 목록 2개 중 1개가 본문 '삭제' / [D4b] 공개/공고번호 — 인데 공개/공고일(2024-11-20)만 표시,[F1] drawing_count 0 (도면의 설명 1원소 보유) [F2] 도면 설명 1원소에 도 4개 뭉침
KR 10-2733018 B1,B1,등록특허공보,등록공고,정화조의 다단 루프형 내압장치,9,,,9,D1 D3 D7 D2 D5 D6 D12 D8 D4b,[D5] 상세설명에 하위섹션+전문 중복 렌더(섹션 16075자 = 전문 13276 + 하위섹션 3443) / [D6] 도면 미반입인데 패널 노출(서지 도면 수 0건 / 패널 캡션 1개 · 이미지 없음) / [D12] 서지 청구항 수 7개 ↔ 청구범위 목록 11개(삭제 4) 불일치 / [D8] 독립항 목록 6개 중 4개가 본문 '삭제' / [D4b] 공개/공고번호 — 인데 공개/공고일(2024-11-21)만 표시,[F1] drawing_count 0 (도면의 설명 1원소 보유) [F2] 도면 설명 1원소에 도 10개 뭉침
KR 10-2733143 B1,B1,등록특허공보,등록공고,"다층 점착 시트, 이를 포함하는 광학 부재 및 이를 포함하는 표시 장치",9,,,9,D1 D3 D7 D2 D5 D6 D12 D8 D4,[D5] 상세설명에 하위섹션+전문 중복 렌더(섹션 26767자 = 전문 25217 + 하위섹션 2281) / [D6] 도면 미반입인데 패널 노출(서지 도면 수 0건 / 패널 캡션 1개 · 이미지 없음) / [D12] 서지 청구항 수 9개 ↔ 청구범위 목록 12개(삭제 3) 불일치 / [D8] 독립항 목록 4개 중 3개가 본문 '삭제' / [D4] 공개번호(10-2023-0009582)와 표시 일자(2024-11-21) 계열 불일치 · 문헌일 2023-01-17,[F1] drawing_count 0 (도면의 설명 1원소 보유)
KR 10-2733314 B1,B1,등록특허공보,등록공고,협소 공간 안전 로봇 머리 자세 조절 장치 및 이를 포함하는 협소 공간 안전 로봇,9,,,9,D1 D3 D7 D2 D5 D6 D12 D8 D4,[D5] 상세설명에 하위섹션+전문 중복 렌더(섹션 14788자 = 전문 11636 + 하위섹션 3324) / [D6] 도면 미반입인데 패널 노출(서지 도면 수 0건 / 패널 캡션 1개 · 이미지 없음) / [D12] 서지 청구항 수 13개 ↔ 청구범위 목록 15개(삭제 2) 불일치 / [D8] 독립항 목록 6개 중 2개가 본문 '삭제' / [D4] 공개번호(10-2024-0030306)와 표시 일자(2024-11-21) 계열 불일치 · 문헌일 2024-03-07,[F1] drawing_count 0 (도면의 설명 1원소 보유) [F2] 도면 설명 1원소에 도 5개 뭉침
KR 10-2733376 B1,B1,등록특허공보,등록공고,전동식 조향 시스템의 복원 제어 장치 및 방법,9,,,9,D1 D3 D7 D2 D5 D6 D12 D8 D4,[D5] 상세설명에 하위섹션+전문 중복 렌더(섹션 19088자 = 전문 14211 + 하위섹션 5143) / [D6] 도면 미반입인데 패널 노출(서지 도면 수 0건 / 패널 캡션 1개 · 이미지 없음) / [D12] 서지 청구항 수 20개 ↔ 청구범위 목록 22개(삭제 2) 불일치 / [D8] 독립항 목록 6개 중 2개가 본문 '삭제' / [D4] 공개번호(10-2021-0138288)와 표시 일자(2024-11-22) 계열 불일치 · 문헌일 2021-11-19,[F1] drawing_count 0 (도면의 설명 1원소 보유) [F2] 도면 설명 1원소에 도 8개 뭉침
KR 10-2733423 B1,B1,등록특허공보,정정공고,방열부를 포함하는 PCB 기판 하우징,9,,,9,D1 D3 D7 D2 D5 D6 D12 D8 D4,[D5] 상세설명에 하위섹션+전문 중복 렌더(섹션 16573자 = 전문 12136 + 하위섹션 4592) / [D6] 도면 미반입인데 패널 노출(서지 도면 수 0건 / 패널 캡션 1개 · 이미지 없음) / [D12] 서지 청구항 수 3개 ↔ 청구범위 목록 7개(삭제 4) 불일치 / [D8] 독립항 목록 5개 중 4개가 본문 '삭제' / [D4] 공개번호(10-2024-0104886)와 표시 일자(2024-11-25) 계열 불일치 · 문헌일 2024-07-05,[F1] drawing_count 0 (도면의 설명 1원소 보유) [F2] 도면 설명 1원소에 도 5개 뭉침
KR 10-2733426 B1,B1,등록특허공보,등록공고,프로파일 연결부재 및 이를 포함하는 연결구조,9,,,9,D1 D3 D7 D2 D5 D6 D12 D8 D4,[D5] 상세설명에 하위섹션+전문 중복 렌더(섹션 22427자 = 전문 17990 + 하위섹션 4646) / [D6] 도면 미반입인데 패널 노출(서지 도면 수 0건 / 패널 캡션 1개 · 이미지 없음) / [D12] 서지 청구항 수 8개 ↔ 청구범위 목록 10개(삭제 2) 불일치 / [D8] 독립항 목록 3개 중 2개가 본문 '삭제' / [D4] 공개번호(10-2023-0094510)와 표시 일자(2024-11-25) 계열 불일치 · 문헌일 2023-06-28,[F1] drawing_count 0 (도면의 설명 1원소 보유) [F2] 도면 설명 1원소에 도 6개 뭉침
KR 10-2734204 B1,B1,등록특허공보,등록공고,복합재,9,,,9,D1 D3 D7 D2 D5 D6 D12 D8 D4,[D5] 상세설명에 하위섹션+전문 중복 렌더(섹션 34340자 = 전문 18084 + 하위섹션 16781) / [D6] 도면 미반입인데 패널 노출(서지 도면 수 0건 / 패널 캡션 1개 · 이미지 없음) / [D12] 서지 청구항 수 14개 ↔ 청구범위 목록 15개(삭제 1) 불일치 / [D8] 독립항 목록 2개 중 1개가 본문 '삭제' / [D4] 공개번호(10-2021-0090453)와 표시 일자(2024-11-25) 계열 불일치 · 문헌일 2021-07-20,[F1] drawing_count 0 (도면의 설명 1원소 보유)
KR 10-2618432 B1,B1,등록특허공보,등록공고,파라코커스 아미노보란스 BM109 균주 및 이의 용도,8,,,8,D1 D3 D7 D5 D6 D12 D8 D4b,[D5] 상세설명에 하위섹션+전문 중복 렌더(섹션 28884자 = 전문 23114 + 하위섹션 6263) / [D6] 도면 미반입인데 패널 노출(서지 도면 수 0건 / 패널 캡션 1개 · 이미지 없음) / [D12] 서지 청구항 수 16개 ↔ 청구범위 목록 19개(삭제 3) 불일치 / [D8] 독립항 목록 7개 중 3개가 본문 '삭제' / [D4b] 공개/공고번호 — 인데 공개/공고일(2024-01-02)만 표시,[F1] drawing_count 0 (도면의 설명 1원소 보유) [F2] 도면 설명 1원소에 도 5개 뭉침
KR 10-2619627 B1,B1,등록특허공보,등록공고,식각 조성물 및 이를 이용하는 식각방법,8,,,8,D1 D3 D7 D2 D5 D12 D8 D4,[D5] 상세설명에 하위섹션+전문 중복 렌더(섹션 22500자 = 전문 19914 + 하위섹션 3502) / [D12] 서지 청구항 수 9개 ↔ 청구범위 목록 12개(삭제 3) 불일치 / [D8] 독립항 목록 4개 중 3개가 본문 '삭제' / [D4] 공개번호(10-2020-0112673)와 표시 일자(2024-01-04) 계열 불일치 · 문헌일 2020-10-05,
KR 10-2620226 B1,B1,등록특허공보,등록공고,순수 우유 케이크 제조방법,8,,,8,D1 D3 D7 D2 D5 D12 D8 D4b,[D5] 상세설명에 하위섹션+전문 중복 렌더(섹션 11417자 = 전문 10643 + 하위섹션 1394) / [D12] 서지 청구항 수 3개 ↔ 청구범위 목록 5개(삭제 2) 불일치 / [D8] 독립항 목록 3개 중 2개가 본문 '삭제' / [D4b] 공개/공고번호 — 인데 공개/공고일(2024-01-03)만 표시,
KR 10-2620543 B1,B1,등록특허공보,등록공고,촬상 광학계,8,,,8,D1 D3 D7 D2 D6 D12 D8 D4,[D6] 도면 미반입인데 패널 노출(서지 도면 수 0건 / 패널 캡션 1개 · 이미지 없음) / [D12] 서지 청구항 수 14개 ↔ 청구범위 목록 15개(삭제 1) 불일치 / [D8] 독립항 목록 2개 중 1개가 본문 '삭제' / [D4] 공개번호(10-2023-0035289)와 표시 일자(2024-01-03) 계열 불일치 · 문헌일 2023-03-13,[F1] drawing_count 0 (도면의 설명 1원소 보유) [F2] 도면 설명 1원소에 도 15개 뭉침
KR 10-2622698 B1,B1,등록특허공보,등록공고,물성이 향상된 메타아라미드 페이퍼,8,,,8,D1 D3 D7 D2 D5 D12 D8 D4,[D5] 상세설명에 하위섹션+전문 중복 렌더(섹션 13111자 = 전문 10929 + 하위섹션 2747) / [D12] 서지 청구항 수 4개 ↔ 청구범위 목록 5개(삭제 1) 불일치 / [D8] 독립항 목록 2개 중 1개가 본문 '삭제' / [D4] 공개번호(10-2023-0018851)와 표시 일자(2024-01-10) 계열 불일치 · 문헌일 2023-02-07,
KR 10-2623161 B1,B1,등록특허공보,등록공고,PD-L1 친화도가 증가된 PD-1 변이체,8,,,8,D1 D3 D7 D5 D6 D12 D8 D4,[D5] 상세설명에 하위섹션+전문 중복 렌더(섹션 29219자 = 전문 24708 + 하위섹션 4711) / [D6] 도면 미반입인데 패널 노출(서지 도면 수 0건 / 패널 캡션 1개 · 이미지 없음) / [D12] 서지 청구항 수 12개 ↔ 청구범위 목록 14개(삭제 2) 불일치 / [D8] 독립항 목록 3개 중 2개가 본문 '삭제' / [D4] 공개번호(10-2022-0046815)와 표시 일자(2024-01-09) 계열 불일치 · 문헌일 2022-04-15,[F1] drawing_count 0 (도면의 설명 1원소 보유) [F2] 도면 설명 1원소에 도 6개 뭉침
KR 10-2623443 B1,B1,등록특허공보,등록공고,파에오니아속 식물 추출물의 생리활성을 강화하기 위한 전처리 기술,8,,,8,D1 D3 D7 D2 D5 D12 D8 D4,[D5] 상세설명에 하위섹션+전문 중복 렌더(섹션 11171자 = 전문 10311 + 하위섹션 1177) / [D12] 서지 청구항 수 7개 ↔ 청구범위 목록 17개(삭제 10) 불일치 / [D8] 독립항 목록 11개 중 10개가 본문 '삭제' / [D4] 공개번호(10-2020-0073015)와 표시 일자(2024-01-11) 계열 불일치 · 문헌일 2020-06-23,
KR 10-2623565 B1,B1,등록특허공보,등록공고,베타피넨을 유효성분으로 포함하는 피부 개선용 조성물,8,,,8,D1 D3 D7 D2 D5 D12 D8 D4,[D5] 상세설명에 하위섹션+전문 중복 렌더(섹션 16548자 = 전문 13981 + 하위섹션 2875) / [D12] 서지 청구항 수 3개 ↔ 청구범위 목록 7개(삭제 4) 불일치 / [D8] 독립항 목록 5개 중 4개가 본문 '삭제' / [D4] 공개번호(10-2017-0103527)와 표시 일자(2024-01-10) 계열 불일치 · 문헌일 2017-09-13,
KR 10-2634606 B1,B1,등록특허공보,등록공고,자동차용 센서 통합 모듈,8,,,8,D1 D3 D7 D2 D5 D6 D12 D8,[D5] 상세설명에 하위섹션+전문 중복 렌더(섹션 27541자 = 전문 29241 + 하위섹션 1580) / [D6] 도면 미반입인데 패널 노출(서지 도면 수 0건 / 패널 캡션 1개 · 이미지 없음) / [D12] 서지 청구항 수 14개 ↔ 청구범위 목록 16개(삭제 2) 불일치 / [D8] 독립항 목록 4개 중 2개가 본문 '삭제',[F1] drawing_count 0 (도면의 설명 1원소 보유) [F2] 도면 설명 1원소에 도 9개 뭉침
KR 10-2634650 B1,B1,등록특허공보,등록공고,엠씨유 리셋 횟수 제한 설정 회로,8,,,8,D1 D3 D7 D2 D5 D6 D12 D8,[D5] 상세설명에 하위섹션+전문 중복 렌더(섹션 11461자 = 전문 10272 + 하위섹션 2693) / [D6] 도면 미반입인데 패널 노출(서지 도면 수 0건 / 패널 캡션 1개 · 이미지 없음) / [D12] 서지 청구항 수 4개 ↔ 청구범위 목록 5개(삭제 1) 불일치 / [D8] 독립항 목록 2개 중 1개가 본문 '삭제',[F1] drawing_count 0 (도면의 설명 1원소 보유) [F2] 도면 설명 1원소에 도 3개 뭉침
KR 10-2634667 B1,B1,등록특허공보,등록공고,쑥과 새싹보리가 함유된 단백질 쉐이크용 분말 조성물,8,,,8,D1 D3 D7 D2 D5 D12 D8 D8c,[D5] 상세설명에 하위섹션+전문 중복 렌더(섹션 14544자 = 전문 14538 + 하위섹션 2310) / [D12] 서지 청구항 수 1개 ↔ 청구범위 목록 5개(삭제 4) 불일치 / [D8] 독립항 목록 5개 중 4개가 본문 '삭제' / [D8c] 종속항 0 · 삭제항 4 → 독립/전체 토글 결과 동일(5개),
KR 10-2634760 B1,B1,등록특허공보,등록공고,나선형 주차장 진입로의 충돌 방지를 위한 유도 표시 장치,8,,,8,D1 D3 D7 D2 D5 D6 D12 D8,[D5] 상세설명에 하위섹션+전문 중복 렌더(섹션 16929자 = 전문 14603 + 하위섹션 4284) / [D6] 도면 미반입인데 패널 노출(서지 도면 수 0건 / 패널 캡션 1개 · 이미지 없음) / [D12] 서지 청구항 수 12개 ↔ 청구범위 목록 13개(삭제 1) 불일치 / [D8] 독립항 목록 2개 중 1개가 본문 '삭제',[F1] drawing_count 0 (도면의 설명 1원소 보유) [F2] 도면 설명 1원소에 도 11개 뭉침
KR 10-2635076 B1,B1,등록특허공보,등록공고,컨트롤러 및 그의 동작 방법,8,,,8,D1 D3 D7 D2 D5 D6 D12 D8,[D5] 상세설명에 하위섹션+전문 중복 렌더(섹션 20042자 = 전문 18303 + 하위섹션 3150) / [D6] 도면 미반입인데 패널 노출(서지 도면 수 0건 / 패널 캡션 1개 · 이미지 없음) / [D12] 서지 청구항 수 14개 ↔ 청구범위 목록 16개(삭제 2) 불일치 / [D8] 독립항 목록 7개 중 2개가 본문 '삭제',[F1] drawing_count 0 (도면의 설명 1원소 보유) [F2] 도면 설명 1원소에 도 8개 뭉침
KR 10-2635094 B1,B1,등록특허공보,등록공고,엘라스틴 유사 인공 세포외기질을 이용한 줄기세포의 동결보존 방법,8,,,8,D1 D3 D7 D2 D5 D6 D12 D8,[D5] 상세설명에 하위섹션+전문 중복 렌더(섹션 16044자 = 전문 13773 + 하위섹션 3793) / [D6] 도면 미반입인데 패널 노출(서지 도면 수 0건 / 패널 캡션 1개 · 이미지 없음) / [D12] 서지 청구항 수 8개 ↔ 청구범위 목록 9개(삭제 1) 불일치 / [D8] 독립항 목록 2개 중 1개가 본문 '삭제',[F1] drawing_count 0 (도면의 설명 1원소 보유) [F2] 도면 설명 1원소에 도 5개 뭉침
KR 10-2635224 B1,B1,등록특허공보,등록공고,철도차량용 착탈식 오물탱크,8,,,8,D1 D3 D7 D2 D5 D6 D12 D8,[D5] 상세설명에 하위섹션+전문 중복 렌더(섹션 13136자 = 전문 11214 + 하위섹션 4004) / [D6] 도면 미반입인데 패널 노출(서지 도면 수 0건 / 패널 캡션 1개 · 이미지 없음) / [D12] 서지 청구항 수 8개 ↔ 청구범위 목록 9개(삭제 1) 불일치 / [D8] 독립항 목록 2개 중 1개가 본문 '삭제',[F1] drawing_count 0 (도면의 설명 1원소 보유) [F2] 도면 설명 1원소에 도 6개 뭉침
KR 10-2635249 B1,B1,등록특허공보,등록공고,"이미지 획득 방법, 이미지 획득 장치 및 웨이퍼 검사 장치",8,,,8,D1 D3 D7 D2 D5 D6 D12 D8,[D5] 상세설명에 하위섹션+전문 중복 렌더(섹션 18597자 = 전문 15171 + 하위섹션 5490) / [D6] 도면 미반입인데 패널 노출(서지 도면 수 0건 / 패널 캡션 1개 · 이미지 없음) / [D12] 서지 청구항 수 16개 ↔ 청구범위 목록 20개(삭제 4) 불일치 / [D8] 독립항 목록 7개 중 4개가 본문 '삭제',[F1] drawing_count 0 (도면의 설명 1원소 보유) [F2] 도면 설명 1원소에 도 12개 뭉침
KR 10-2635279 B1,B1,등록특허공보,등록공고,점멸식 빔과 조명을 이용한 골프장 가이드시스템,8,,,8,D1 D3 D7 D2 D5 D6 D12 D8,[D5] 상세설명에 하위섹션+전문 중복 렌더(섹션 10808자 = 전문 8971 + 하위섹션 3319) / [D6] 도면 미반입인데 패널 노출(서지 도면 수 0건 / 패널 캡션 1개 · 이미지 없음) / [D12] 서지 청구항 수 2개 ↔ 청구범위 목록 5개(삭제 3) 불일치 / [D8] 독립항 목록 4개 중 3개가 본문 '삭제',[F1] drawing_count 0 (도면의 설명 1원소 보유) [F2] 도면 설명 1원소에 도 5개 뭉침
KR 10-2635299 B1,B1,등록특허공보,등록공고,입술용 화장료 조성물,8,,,8,D1 D3 D7 D2 D5 D6 D12 D8,[D5] 상세설명에 하위섹션+전문 중복 렌더(섹션 13062자 = 전문 13484 + 하위섹션 1533) / [D6] 도면 미반입인데 패널 노출(서지 도면 수 0건 / 패널 캡션 1개 · 이미지 없음) / [D12] 서지 청구항 수 7개 ↔ 청구범위 목록 11개(삭제 4) 불일치 / [D8] 독립항 목록 5개 중 4개가 본문 '삭제',[F1] drawing_count 0 (도면의 설명 1원소 보유)
KR 10-2635313 B1,B1,등록특허공보,등록공고,일산화탄소와 질소산화물을 동시에 저감하는 선택적 촉매 환원 시스템 및 제어방법,8,,,8,D1 D3 D7 D2 D5 D6 D12 D8,[D5] 상세설명에 하위섹션+전문 중복 렌더(섹션 26913자 = 전문 24875 + 하위섹션 4903) / [D6] 도면 미반입인데 패널 노출(서지 도면 수 0건 / 패널 캡션 1개 · 이미지 없음) / [D12] 서지 청구항 수 8개 ↔ 청구범위 목록 11개(삭제 3) 불일치 / [D8] 독립항 목록 5개 중 3개가 본문 '삭제',[F1] drawing_count 0 (도면의 설명 1원소 보유) [F2] 도면 설명 1원소에 도 13개 뭉침
KR 10-2635419 B1,B1,등록특허공보,등록공고,기준 흑체를 포함하는 비냉각형 열영상 카메라 및 그의 보정 방법,8,,,8,D1 D3 D7 D2 D5 D6 D12 D8,[D5] 상세설명에 하위섹션+전문 중복 렌더(섹션 25577자 = 전문 21647 + 하위섹션 6405) / [D6] 도면 미반입인데 패널 노출(서지 도면 수 0건 / 패널 캡션 1개 · 이미지 없음) / [D12] 서지 청구항 수 14개 ↔ 청구범위 목록 15개(삭제 1) 불일치 / [D8] 독립항 목록 3개 중 1개가 본문 '삭제',[F1] drawing_count 0 (도면의 설명 1원소 보유) [F2] 도면 설명 1원소에 도 14개 뭉침
KR 10-2635439 B1,B1,등록특허공보,등록공고,친환경 여재와 회전원판을 이용한 하폐수 고도처리시스템,8,,,8,D1 D3 D7 D2 D5 D6 D12 D8,[D5] 상세설명에 하위섹션+전문 중복 렌더(섹션 13693자 = 전문 12289 + 하위섹션 3565) / [D6] 도면 미반입인데 패널 노출(서지 도면 수 0건 / 패널 캡션 1개 · 이미지 없음) / [D12] 서지 청구항 수 5개 ↔ 청구범위 목록 6개(삭제 1) 불일치 / [D8] 독립항 목록 2개 중 1개가 본문 '삭제',[F1] drawing_count 0 (도면의 설명 1원소 보유) [F2] 도면 설명 1원소에 도 15개 뭉침
KR 10-2635478 B1,B1,등록특허공보,등록공고,게이트 퍼스트 공정을 통해 제조되는 3차원 플래시 메모리,8,,,8,D1 D3 D7 D2 D5 D6 D12 D8,[D5] 상세설명에 하위섹션+전문 중복 렌더(섹션 49794자 = 전문 50484 + 하위섹션 3276) / [D6] 도면 미반입인데 패널 노출(서지 도면 수 0건 / 패널 캡션 1개 · 이미지 없음) / [D12] 서지 청구항 수 4개 ↔ 청구범위 목록 5개(삭제 1) 불일치 / [D8] 독립항 목록 3개 중 1개가 본문 '삭제',[F1] drawing_count 0 (도면의 설명 1원소 보유) [F2] 도면 설명 1원소에 도 18개 뭉침
KR 10-2635553 B1,B1,등록특허공보,등록공고,"외래 단백질을 발현하는 미생물, 및 그의 용도",8,,,8,D1 D3 D7 D5 D6 D12 D8 D8c,[D5] 상세설명에 하위섹션+전문 중복 렌더(섹션 32033자 = 전문 23967 + 하위섹션 12098) / [D6] 도면 미반입인데 패널 노출(서지 도면 수 0건 / 패널 캡션 1개 · 이미지 없음) / [D12] 서지 청구항 수 5개 ↔ 청구범위 목록 17개(삭제 12) 불일치 / [D8] 독립항 목록 17개 중 12개가 본문 '삭제' / [D8c] 종속항 0 · 삭제항 12 → 독립/전체 토글 결과 동일(17개),[F1] drawing_count 0 (도면의 설명 1원소 보유) [F2] 도면 설명 1원소에 도 10개 뭉침
KR 10-2635591 B1,B1,등록특허공보,등록공고,부쉬형 DC 포트를 갖는 정전척 및 이의 제조방법,8,,,8,D1 D3 D7 D2 D5 D6 D12 D8,[D5] 상세설명에 하위섹션+전문 중복 렌더(섹션 15146자 = 전문 13474 + 하위섹션 3700) / [D6] 도면 미반입인데 패널 노출(서지 도면 수 0건 / 패널 캡션 1개 · 이미지 없음) / [D12] 서지 청구항 수 6개 ↔ 청구범위 목록 11개(삭제 5) 불일치 / [D8] 독립항 목록 7개 중 5개가 본문 '삭제',[F1] drawing_count 0 (도면의 설명 1원소 보유) [F2] 도면 설명 1원소에 도 8개 뭉침
KR 10-2635612 B1,B1,등록특허공보,등록공고,잠금 기능을 가지는 밸브,8,,,8,D1 D3 D7 D2 D5 D6 D12 D8,[D5] 상세설명에 하위섹션+전문 중복 렌더(섹션 16912자 = 전문 17681 + 하위섹션 1364) / [D6] 도면 미반입인데 패널 노출(서지 도면 수 0건 / 패널 캡션 1개 · 이미지 없음) / [D12] 서지 청구항 수 5개 ↔ 청구범위 목록 9개(삭제 4) 불일치 / [D8] 독립항 목록 5개 중 4개가 본문 '삭제',[F1] drawing_count 0 (도면의 설명 1원소 보유) [F2] 도면 설명 1원소에 도 10개 뭉침
KR 10-2635614 B1,B1,등록특허공보,등록공고,비접촉식 변위센서를 이용한 로봇 조정 방법 및 장치,8,,,8,D1 D3 D7 D2 D5 D6 D12 D8,[D5] 상세설명에 하위섹션+전문 중복 렌더(섹션 20685자 = 전문 17928 + 하위섹션 5099) / [D6] 도면 미반입인데 패널 노출(서지 도면 수 0건 / 패널 캡션 1개 · 이미지 없음) / [D12] 서지 청구항 수 15개 ↔ 청구범위 목록 16개(삭제 1) 불일치 / [D8] 독립항 목록 3개 중 1개가 본문 '삭제',[F1] drawing_count 0 (도면의 설명 1원소 보유) [F2] 도면 설명 1원소에 도 9개 뭉침
KR 10-2635639 B1,B1,등록특허공보,등록공고,샤프트씰 마모 시험 장치,8,,,8,D1 D3 D7 D2 D5 D6 D12 D8,[D5] 상세설명에 하위섹션+전문 중복 렌더(섹션 17664자 = 전문 16749 + 하위섹션 3042) / [D6] 도면 미반입인데 패널 노출(서지 도면 수 0건 / 패널 캡션 1개 · 이미지 없음) / [D12] 서지 청구항 수 11개 ↔ 청구범위 목록 13개(삭제 2) 불일치 / [D8] 독립항 목록 5개 중 2개가 본문 '삭제',[F1] drawing_count 0 (도면의 설명 1원소 보유) [F2] 도면 설명 1원소에 도 4개 뭉침
KR 10-2635709 B1,B1,등록특허공보,등록공고,표시 장치 및 이의 제조 방법,8,,,8,D1 D3 D7 D2 D5 D6 D12 D8,[D5] 상세설명에 하위섹션+전문 중복 렌더(섹션 30644자 = 전문 28623 + 하위섹션 5303) / [D6] 도면 미반입인데 패널 노출(서지 도면 수 0건 / 패널 캡션 1개 · 이미지 없음) / [D12] 서지 청구항 수 18개 ↔ 청구범위 목록 20개(삭제 2) 불일치 / [D8] 독립항 목록 4개 중 2개가 본문 '삭제',[F1] drawing_count 0 (도면의 설명 1원소 보유) [F2] 도면 설명 1원소에 도 21개 뭉침
KR 10-2635711 B1,B1,등록특허공보,등록공고,가상 관광 서비스 제공 방법 및 장치,8,,,8,D1 D3 D7 D2 D5 D6 D12 D8,[D5] 상세설명에 하위섹션+전문 중복 렌더(섹션 22696자 = 전문 18986 + 하위섹션 6191) / [D6] 도면 미반입인데 패널 노출(서지 도면 수 0건 / 패널 캡션 1개 · 이미지 없음) / [D12] 서지 청구항 수 6개 ↔ 청구범위 목록 8개(삭제 2) 불일치 / [D8] 독립항 목록 4개 중 2개가 본문 '삭제',[F1] drawing_count 0 (도면의 설명 1원소 보유) [F2] 도면 설명 1원소에 도 6개 뭉침
KR 10-2635712 B1,B1,등록특허공보,등록공고,"기판 세정 장치, 기판 세정 방법, 기판 처리 장치 및 기판 건조 장치",8,,,8,D1 D3 D7 D2 D5 D6 D12 D8,[D5] 상세설명에 하위섹션+전문 중복 렌더(섹션 107105자 = 전문 114973 + 하위섹션 4226) / [D6] 도면 미반입인데 패널 노출(서지 도면 수 0건 / 패널 캡션 1개 · 이미지 없음) / [D12] 서지 청구항 수 15개 ↔ 청구범위 목록 47개(삭제 32) 불일치 / [D8] 독립항 목록 35개 중 32개가 본문 '삭제',[F1] drawing_count 0 (도면의 설명 1원소 보유) [F2] 도면 설명 1원소에 도 67개 뭉침
KR 10-2635718 B1,B1,등록특허공보,등록공고,스마트벽체 고정장치,8,,,8,D1 D3 D7 D2 D5 D6 D12 D8,[D5] 상세설명에 하위섹션+전문 중복 렌더(섹션 10935자 = 전문 9947 + 하위섹션 2909) / [D6] 도면 미반입인데 패널 노출(서지 도면 수 0건 / 패널 캡션 1개 · 이미지 없음) / [D12] 서지 청구항 수 4개 ↔ 청구범위 목록 10개(삭제 6) 불일치 / [D8] 독립항 목록 7개 중 6개가 본문 '삭제',[F1] drawing_count 0 (도면의 설명 1원소 보유) [F2] 도면 설명 1원소에 도 13개 뭉침
KR 10-2635850 B1,B1,등록특허공보,등록공고,무선 통신 시스템에서 UE-대-네트워크 릴레이 통신을 지원하기 위한 방법 및 장치,8,,,8,D1 D3 D7 D2 D6 D12 D8 D8c,[D6] 도면 미반입인데 패널 노출(서지 도면 수 0건 / 패널 캡션 1개 · 이미지 없음) / [D12] 서지 청구항 수 16개 ↔ 청구범위 목록 18개(삭제 2) 불일치 / [D8] 독립항 목록 18개 중 2개가 본문 '삭제' / [D8c] 종속항 0 · 삭제항 2 → 독립/전체 토글 결과 동일(18개),[F1] drawing_count 0 (도면의 설명 1원소 보유) [F2] 도면 설명 1원소에 도 24개 뭉침
KR 10-2635921 B1,B1,등록특허공보,등록공고,화재 진화용 시스템 및 그 구축 공법,8,,,8,D1 D3 D7 D2 D5 D6 D12 D8,[D5] 상세설명에 하위섹션+전문 중복 렌더(섹션 13851자 = 전문 12526 + 하위섹션 3485) / [D6] 도면 미반입인데 패널 노출(서지 도면 수 0건 / 패널 캡션 1개 · 이미지 없음) / [D12] 서지 청구항 수 3개 ↔ 청구범위 목록 7개(삭제 4) 불일치 / [D8] 독립항 목록 5개 중 4개가 본문 '삭제',[F1] drawing_count 0 (도면의 설명 1원소 보유) [F2] 도면 설명 1원소에 도 12개 뭉침
KR 10-2636017 B1,B1,등록특허공보,등록공고,광원을 이용한 챔버 내부 온도 및 조명 모드 관리 시스템,8,,,8,D1 D3 D7 D2 D5 D6 D12 D8,[D5] 상세설명에 하위섹션+전문 중복 렌더(섹션 13535자 = 전문 11898 + 하위섹션 3312) / [D6] 도면 미반입인데 패널 노출(서지 도면 수 0건 / 패널 캡션 1개 · 이미지 없음) / [D12] 서지 청구항 수 4개 ↔ 청구범위 목록 7개(삭제 3) 불일치 / [D8] 독립항 목록 4개 중 3개가 본문 '삭제',[F1] drawing_count 0 (도면의 설명 1원소 보유) [F2] 도면 설명 1원소에 도 4개 뭉침
KR 10-2636023 B1,B1,등록특허공보,등록공고,부상형 안전 표식구조를 갖는 맨홀 구조체,8,,,8,D1 D3 D7 D2 D5 D6 D12 D8,[D5] 상세설명에 하위섹션+전문 중복 렌더(섹션 10576자 = 전문 9119 + 하위섹션 3200) / [D6] 도면 미반입인데 패널 노출(서지 도면 수 0건 / 패널 캡션 1개 · 이미지 없음) / [D12] 서지 청구항 수 3개 ↔ 청구범위 목록 4개(삭제 1) 불일치 / [D8] 독립항 목록 2개 중 1개가 본문 '삭제',[F1] drawing_count 0 (도면의 설명 1원소 보유) [F2] 도면 설명 1원소에 도 6개 뭉침
KR 10-2636057 B1,B1,등록특허공보,등록공고,리튬 이차 전지용 양극 및 이를 포함하는 리튬 이차 전지,8,,,8,D1 D3 D7 D2 D5 D6 D12 D8,[D5] 상세설명에 하위섹션+전문 중복 렌더(섹션 23032자 = 전문 24692 + 하위섹션 1595) / [D6] 도면 미반입인데 패널 노출(서지 도면 수 0건 / 패널 캡션 1개 · 이미지 없음) / [D12] 서지 청구항 수 5개 ↔ 청구범위 목록 9개(삭제 4) 불일치 / [D8] 독립항 목록 5개 중 4개가 본문 '삭제',[F1] drawing_count 0 (도면의 설명 1원소 보유) [F2] 도면 설명 1원소에 도 17개 뭉침
KR 10-2636206 B1,B1,등록특허공보,등록공고,거치장치,8,,,8,D1 D3 D7 D2 D5 D6 D12 D8,[D5] 상세설명에 하위섹션+전문 중복 렌더(섹션 19685자 = 전문 16656 + 하위섹션 5011) / [D6] 도면 미반입인데 패널 노출(서지 도면 수 0건 / 패널 캡션 1개 · 이미지 없음) / [D12] 서지 청구항 수 8개 ↔ 청구범위 목록 15개(삭제 7) 불일치 / [D8] 독립항 목록 8개 중 7개가 본문 '삭제',[F1] drawing_count 0 (도면의 설명 1원소 보유) [F2] 도면 설명 1원소에 도 6개 뭉침
KR 10-2636225 B1,B1,등록특허공보,등록공고,측정기를 교정하는 방법 및 케이스,8,,,8,D1 D3 D7 D2 D5 D6 D12 D8,[D5] 상세설명에 하위섹션+전문 중복 렌더(섹션 40647자 = 전문 38233 + 하위섹션 5595) / [D6] 도면 미반입인데 패널 노출(서지 도면 수 0건 / 패널 캡션 1개 · 이미지 없음) / [D12] 서지 청구항 수 11개 ↔ 청구범위 목록 13개(삭제 2) 불일치 / [D8] 독립항 목록 4개 중 2개가 본문 '삭제',[F1] drawing_count 0 (도면의 설명 1원소 보유) [F2] 도면 설명 1원소에 도 19개 뭉침
KR 10-2636244 B1,B1,등록특허공보,등록공고,유기 전계 발광 소자,8,,,8,D1 D3 D7 D2 D5 D6 D12 D8,[D5] 상세설명에 하위섹션+전문 중복 렌더(섹션 35668자 = 전문 35276 + 하위섹션 5439) / [D6] 도면 미반입인데 패널 노출(서지 도면 수 0건 / 패널 캡션 1개 · 이미지 없음) / [D12] 서지 청구항 수 13개 ↔ 청구범위 목록 20개(삭제 7) 불일치 / [D8] 독립항 목록 8개 중 7개가 본문 '삭제',[F1] drawing_count 0 (도면의 설명 1원소 보유)
KR 10-2636247 B1,B1,등록특허공보,등록공고,수중 드론을 이용한 수산생물 방류장치,8,,,8,D1 D3 D7 D2 D5 D6 D12 D8,[D5] 상세설명에 하위섹션+전문 중복 렌더(섹션 20883자 = 전문 18441 + 하위섹션 5213) / [D6] 도면 미반입인데 패널 노출(서지 도면 수 0건 / 패널 캡션 1개 · 이미지 없음) / [D12] 서지 청구항 수 4개 ↔ 청구범위 목록 5개(삭제 1) 불일치 / [D8] 독립항 목록 2개 중 1개가 본문 '삭제',[F1] drawing_count 0 (도면의 설명 1원소 보유) [F2] 도면 설명 1원소에 도 7개 뭉침
KR 10-2636280 B1,B1,등록특허공보,등록공고,주조물 탈사 자동화 장치,8,,,8,D1 D3 D7 D2 D5 D6 D12 D8,[D5] 상세설명에 하위섹션+전문 중복 렌더(섹션 15244자 = 전문 12655 + 하위섹션 4308) / [D6] 도면 미반입인데 패널 노출(서지 도면 수 0건 / 패널 캡션 1개 · 이미지 없음) / [D12] 서지 청구항 수 3개 ↔ 청구범위 목록 6개(삭제 3) 불일치 / [D8] 독립항 목록 4개 중 3개가 본문 '삭제',[F1] drawing_count 0 (도면의 설명 1원소 보유) [F2] 도면 설명 1원소에 도 4개 뭉침
KR 10-2636407 B1,B1,등록특허공보,등록공고,얼라인된 카메라가 결합된 표시 패널 및 이를 포함하는 표시장치,8,,,8,D1 D3 D7 D2 D5 D6 D12 D8,[D5] 상세설명에 하위섹션+전문 중복 렌더(섹션 22764자 = 전문 22034 + 하위섹션 3435) / [D6] 도면 미반입인데 패널 노출(서지 도면 수 0건 / 패널 캡션 1개 · 이미지 없음) / [D12] 서지 청구항 수 18개 ↔ 청구범위 목록 20개(삭제 2) 불일치 / [D8] 독립항 목록 5개 중 2개가 본문 '삭제',[F1] drawing_count 0 (도면의 설명 1원소 보유) [F2] 도면 설명 1원소에 도 18개 뭉침
KR 10-2636473 B1,B1,등록특허공보,등록공고,반도체 가공 장치 및 마그네트론 스퍼터링 장치,8,,,8,D1 D3 D7 D2 D5 D6 D12 D8,[D5] 상세설명에 하위섹션+전문 중복 렌더(섹션 26651자 = 전문 26967 + 하위섹션 979) / [D6] 도면 미반입인데 패널 노출(서지 도면 수 0건 / 패널 캡션 1개 · 이미지 없음) / [D12] 서지 청구항 수 8개 ↔ 청구범위 목록 11개(삭제 3) 불일치 / [D8] 독립항 목록 6개 중 3개가 본문 '삭제',[F1] drawing_count 0 (도면의 설명 1원소 보유) [F2] 도면 설명 1원소에 도 17개 뭉침
KR 10-2636557 B1,B1,등록특허공보,등록공고,강체전차선용 경사조정 지지 클램프,8,,,8,D1 D3 D7 D2 D5 D6 D12 D8,[D5] 상세설명에 하위섹션+전문 중복 렌더(섹션 9224자 = 전문 7169 + 하위섹션 3465) / [D6] 도면 미반입인데 패널 노출(서지 도면 수 0건 / 패널 캡션 1개 · 이미지 없음) / [D12] 서지 청구항 수 5개 ↔ 청구범위 목록 6개(삭제 1) 불일치 / [D8] 독립항 목록 4개 중 1개가 본문 '삭제',[F1] drawing_count 0 (도면의 설명 1원소 보유) [F2] 도면 설명 1원소에 도 5개 뭉침
KR 10-2636592 B1,B1,등록특허공보,등록공고,미스트 분무노즐이 구비된 다기능 샤워 헤드,8,,,8,D1 D3 D7 D2 D5 D6 D12 D8,[D5] 상세설명에 하위섹션+전문 중복 렌더(섹션 19269자 = 전문 15905 + 하위섹션 5803) / [D6] 도면 미반입인데 패널 노출(서지 도면 수 0건 / 패널 캡션 1개 · 이미지 없음) / [D12] 서지 청구항 수 8개 ↔ 청구범위 목록 10개(삭제 2) 불일치 / [D8] 독립항 목록 3개 중 2개가 본문 '삭제',[F1] drawing_count 0 (도면의 설명 1원소 보유) [F2] 도면 설명 1원소에 도 14개 뭉침
KR 10-2636603 B1,B1,등록특허공보,등록공고,RFID 차단 기능을 갖는 필통 및 필통 가방 세트,8,,,8,D1 D3 D7 D2 D5 D6 D12 D8,[D5] 상세설명에 하위섹션+전문 중복 렌더(섹션 12282자 = 전문 10704 + 하위섹션 3082) / [D6] 도면 미반입인데 패널 노출(서지 도면 수 0건 / 패널 캡션 1개 · 이미지 없음) / [D12] 서지 청구항 수 3개 ↔ 청구범위 목록 6개(삭제 3) 불일치 / [D8] 독립항 목록 4개 중 3개가 본문 '삭제',[F1] drawing_count 0 (도면의 설명 1원소 보유) [F2] 도면 설명 1원소에 도 5개 뭉침
KR 10-2636629 B1,B1,등록특허공보,등록공고,표시장치,8,,,8,D1 D3 D7 D2 D5 D6 D12 D8,[D5] 상세설명에 하위섹션+전문 중복 렌더(섹션 28149자 = 전문 29180 + 하위섹션 1884) / [D6] 도면 미반입인데 패널 노출(서지 도면 수 0건 / 패널 캡션 1개 · 이미지 없음) / [D12] 서지 청구항 수 8개 ↔ 청구범위 목록 10개(삭제 2) 불일치 / [D8] 독립항 목록 4개 중 2개가 본문 '삭제',[F1] drawing_count 0 (도면의 설명 1원소 보유) [F2] 도면 설명 1원소에 도 24개 뭉침
KR 10-2636666 B1,B1,등록특허공보,등록공고,실시간 증거 영상 처리장치,8,,,8,D1 D3 D7 D2 D5 D6 D12 D8,[D5] 상세설명에 하위섹션+전문 중복 렌더(섹션 21051자 = 전문 21159 + 하위섹션 3065) / [D6] 도면 미반입인데 패널 노출(서지 도면 수 0건 / 패널 캡션 1개 · 이미지 없음) / [D12] 서지 청구항 수 9개 ↔ 청구범위 목록 10개(삭제 1) 불일치 / [D8] 독립항 목록 2개 중 1개가 본문 '삭제',[F1] drawing_count 0 (도면의 설명 1원소 보유) [F2] 도면 설명 1원소에 도 8개 뭉침
KR 10-2636669 B1,B1,등록특허공보,등록공고,운행 정보를 활용한 차량의 주행 경로상의 위험 구간 알림 장치 및 이를 포함하는 차량,8,,,8,D1 D3 D7 D2 D5 D6 D12 D8,[D5] 상세설명에 하위섹션+전문 중복 렌더(섹션 26745자 = 전문 25242 + 하위섹션 4549) / [D6] 도면 미반입인데 패널 노출(서지 도면 수 0건 / 패널 캡션 1개 · 이미지 없음) / [D12] 서지 청구항 수 8개 ↔ 청구범위 목록 9개(삭제 1) 불일치 / [D8] 독립항 목록 3개 중 1개가 본문 '삭제',[F1] drawing_count 0 (도면의 설명 1원소 보유) [F2] 도면 설명 1원소에 도 6개 뭉침
KR 10-2636697 B1,B1,등록특허공보,등록공고,상하이동이 가능한 키오스크 거치장치,8,,,8,D1 D3 D7 D2 D5 D6 D12 D8,[D5] 상세설명에 하위섹션+전문 중복 렌더(섹션 28868자 = 전문 27392 + 하위섹션 5821) / [D6] 도면 미반입인데 패널 노출(서지 도면 수 0건 / 패널 캡션 1개 · 이미지 없음) / [D12] 서지 청구항 수 5개 ↔ 청구범위 목록 7개(삭제 2) 불일치 / [D8] 독립항 목록 3개 중 2개가 본문 '삭제',[F1] drawing_count 0 (도면의 설명 1원소 보유) [F2] 도면 설명 1원소에 도 10개 뭉침
KR 10-2636700 B1,B1,등록특허공보,등록공고,농작물 재배지에 대한 일별 농작물 재배 정보가 포함된 전자 문서를 생성하여 제공할 수 있는 문서 제공 서버 ,8,,,8,D1 D3 D7 D2 D5 D6 D12 D8,[D5] 상세설명에 하위섹션+전문 중복 렌더(섹션 23168자 = 전문 21565 + 하위섹션 3722) / [D6] 도면 미반입인데 패널 노출(서지 도면 수 0건 / 패널 캡션 1개 · 이미지 없음) / [D12] 서지 청구항 수 8개 ↔ 청구범위 목록 10개(삭제 2) 불일치 / [D8] 독립항 목록 4개 중 2개가 본문 '삭제',[F1] drawing_count 0 (도면의 설명 1원소 보유) [F2] 도면 설명 1원소에 도 3개 뭉침
KR 10-2636705 B1,B1,등록특허공보,등록공고,음성 데이터에 포함된 개인 정보를 마스킹 처리할 수 있는 마스킹 처리 서버 및 그 동작 방법,8,,,8,D1 D3 D7 D2 D5 D6 D12 D8,[D5] 상세설명에 하위섹션+전문 중복 렌더(섹션 27005자 = 전문 26670 + 하위섹션 2800) / [D6] 도면 미반입인데 패널 노출(서지 도면 수 0건 / 패널 캡션 1개 · 이미지 없음) / [D12] 서지 청구항 수 8개 ↔ 청구범위 목록 12개(삭제 4) 불일치 / [D8] 독립항 목록 6개 중 4개가 본문 '삭제',[F1] drawing_count 0 (도면의 설명 1원소 보유) [F2] 도면 설명 1원소에 도 3개 뭉침
KR 10-2636717 B1,B1,등록특허공보,등록공고,"이미지의 변환을 추정하는 트랜스포머 기반의 전자 장치, 및 그 제어 방법",8,,,8,D1 D3 D7 D2 D5 D6 D12 D8,[D5] 상세설명에 하위섹션+전문 중복 렌더(섹션 27090자 = 전문 25999 + 하위섹션 4050) / [D6] 도면 미반입인데 패널 노출(서지 도면 수 0건 / 패널 캡션 1개 · 이미지 없음) / [D12] 서지 청구항 수 9개 ↔ 청구범위 목록 10개(삭제 1) 불일치 / [D8] 독립항 목록 4개 중 1개가 본문 '삭제',[F1] drawing_count 0 (도면의 설명 1원소 보유) [F2] 도면 설명 1원소에 도 8개 뭉침
KR 10-2636740 B1,B1,등록특허공보,등록공고,차량 및 그 제어방법,8,,,8,D1 D3 D7 D2 D5 D6 D12 D8,[D5] 상세설명에 하위섹션+전문 중복 렌더(섹션 16655자 = 전문 16448 + 하위섹션 2875) / [D6] 도면 미반입인데 패널 노출(서지 도면 수 0건 / 패널 캡션 1개 · 이미지 없음) / [D12] 서지 청구항 수 9개 ↔ 청구범위 목록 12개(삭제 3) 불일치 / [D8] 독립항 목록 5개 중 3개가 본문 '삭제',[F1] drawing_count 0 (도면의 설명 1원소 보유) [F2] 도면 설명 1원소에 도 10개 뭉침
KR 10-2636757 B1,B1,등록특허공보,등록공고,소음 및 진동저감을 위한 바닥 시스템과 이의 시공방법,8,,,8,D1 D3 D7 D2 D6 D12 D8 D8c,[D6] 도면 미반입인데 패널 노출(서지 도면 수 0건 / 패널 캡션 1개 · 이미지 없음) / [D12] 서지 청구항 수 6개 ↔ 청구범위 목록 8개(삭제 2) 불일치 / [D8] 독립항 목록 8개 중 2개가 본문 '삭제' / [D8c] 종속항 0 · 삭제항 2 → 독립/전체 토글 결과 동일(8개),[F1] drawing_count 0 (도면의 설명 1원소 보유) [F2] 도면 설명 1원소에 도 7개 뭉침
KR 10-2636805 B1,B1,등록특허공보,등록공고,지폐분리집적부,8,,,8,D1 D3 D7 D2 D5 D6 D12 D8,[D5] 상세설명에 하위섹션+전문 중복 렌더(섹션 14736자 = 전문 11353 + 하위섹션 4941) / [D6] 도면 미반입인데 패널 노출(서지 도면 수 0건 / 패널 캡션 1개 · 이미지 없음) / [D12] 서지 청구항 수 7개 ↔ 청구범위 목록 9개(삭제 2) 불일치 / [D8] 독립항 목록 4개 중 2개가 본문 '삭제',[F1] drawing_count 0 (도면의 설명 1원소 보유) [F2] 도면 설명 1원소에 도 14개 뭉침
KR 10-2636825 B1,B1,등록특허공보,등록공고,냉각 요소 제조 방법 및 이러한 제조 방법에 의해 제조된 냉각 요소,8,,,8,D1 D3 D7 D2 D5 D6 D12 D8,[D5] 상세설명에 하위섹션+전문 중복 렌더(섹션 19226자 = 전문 18956 + 하위섹션 1604) / [D6] 도면 미반입인데 패널 노출(서지 도면 수 0건 / 패널 캡션 1개 · 이미지 없음) / [D12] 서지 청구항 수 13개 ↔ 청구범위 목록 15개(삭제 2) 불일치 / [D8] 독립항 목록 3개 중 2개가 본문 '삭제',[F1] drawing_count 0 (도면의 설명 1원소 보유) [F2] 도면 설명 1원소에 도 5개 뭉침
KR 10-2636830 B1,B1,등록특허공보,등록공고,전기 도금 장치 및 이를 이용한 전기 도금 방법,8,,,8,D1 D3 D7 D2 D5 D6 D12 D8,[D5] 상세설명에 하위섹션+전문 중복 렌더(섹션 40565자 = 전문 39381 + 하위섹션 5000) / [D6] 도면 미반입인데 패널 노출(서지 도면 수 0건 / 패널 캡션 1개 · 이미지 없음) / [D12] 서지 청구항 수 21개 ↔ 청구범위 목록 22개(삭제 1) 불일치 / [D8] 독립항 목록 4개 중 1개가 본문 '삭제',[F1] drawing_count 0 (도면의 설명 1원소 보유) [F2] 도면 설명 1원소에 도 17개 뭉침
KR 10-2636838 B1,B1,등록특허공보,등록공고,연속 처방 및 다기관 연속 처방을 지원하는 디지털 치료제 플랫폼 시스템 및 디지털 치료제 제공 방법,8,,,8,D1 D3 D7 D2 D5 D6 D12 D8,[D5] 상세설명에 하위섹션+전문 중복 렌더(섹션 28015자 = 전문 26367 + 하위섹션 5862) / [D6] 도면 미반입인데 패널 노출(서지 도면 수 0건 / 패널 캡션 1개 · 이미지 없음) / [D12] 서지 청구항 수 7개 ↔ 청구범위 목록 12개(삭제 5) 불일치 / [D8] 독립항 목록 7개 중 5개가 본문 '삭제',[F1] drawing_count 0 (도면의 설명 1원소 보유) [F2] 도면 설명 1원소에 도 6개 뭉침
KR 10-2636972 B1,B1,등록특허공보,등록공고,표시 장치 및 표시 장치의 제조 방법,8,,,8,D1 D3 D7 D2 D5 D6 D12 D8,[D5] 상세설명에 하위섹션+전문 중복 렌더(섹션 48851자 = 전문 46022 + 하위섹션 8241) / [D6] 도면 미반입인데 패널 노출(서지 도면 수 0건 / 패널 캡션 1개 · 이미지 없음) / [D12] 서지 청구항 수 44개 ↔ 청구범위 목록 45개(삭제 1) 불일치 / [D8] 독립항 목록 7개 중 1개가 본문 '삭제',[F1] drawing_count 0 (도면의 설명 1원소 보유) [F2] 도면 설명 1원소에 도 21개 뭉침
KR 10-2637024 B1,B1,등록특허공보,등록공고,동물의 동맥관 개존증의 치료를 위한 카테터와 오클루더 및 이를 포함하는 폐색 기구,8,,,8,D1 D3 D7 D2 D5 D6 D12 D8,[D5] 상세설명에 하위섹션+전문 중복 렌더(섹션 13956자 = 전문 13190 + 하위섹션 2918) / [D6] 도면 미반입인데 패널 노출(서지 도면 수 0건 / 패널 캡션 1개 · 이미지 없음) / [D12] 서지 청구항 수 11개 ↔ 청구범위 목록 12개(삭제 1) 불일치 / [D8] 독립항 목록 2개 중 1개가 본문 '삭제',[F1] drawing_count 0 (도면의 설명 1원소 보유) [F2] 도면 설명 1원소에 도 6개 뭉침
KR 10-2637087 B1,B1,등록특허공보,등록공고,SiC 파워 모듈 구동장치,8,,,8,D1 D3 D7 D2 D5 D6 D12 D8,[D5] 상세설명에 하위섹션+전문 중복 렌더(섹션 10592자 = 전문 8503 + 하위섹션 3300) / [D6] 도면 미반입인데 패널 노출(서지 도면 수 0건 / 패널 캡션 1개 · 이미지 없음) / [D12] 서지 청구항 수 3개 ↔ 청구범위 목록 6개(삭제 3) 불일치 / [D8] 독립항 목록 4개 중 3개가 본문 '삭제',[F1] drawing_count 0 (도면의 설명 1원소 보유)
KR 10-2637113 B1,B1,등록특허공보,등록공고,지능형 배리어프리 키오스크 및 그 제어방법,8,,,8,D1 D3 D7 D2 D5 D6 D12 D8,[D5] 상세설명에 하위섹션+전문 중복 렌더(섹션 26808자 = 전문 25843 + 하위섹션 4127) / [D6] 도면 미반입인데 패널 노출(서지 도면 수 0건 / 패널 캡션 1개 · 이미지 없음) / [D12] 서지 청구항 수 17개 ↔ 청구범위 목록 19개(삭제 2) 불일치 / [D8] 독립항 목록 6개 중 2개가 본문 '삭제',[F1] drawing_count 0 (도면의 설명 1원소 보유) [F2] 도면 설명 1원소에 도 14개 뭉침
KR 10-2637227 B1,B1,등록특허공보,등록공고,원스톱 목분 선별 원료 공급 시스템,8,,,8,D1 D3 D7 D2 D6 D12 D8 D8c,[D6] 도면 미반입인데 패널 노출(서지 도면 수 0건 / 패널 캡션 1개 · 이미지 없음) / [D12] 서지 청구항 수 1개 ↔ 청구범위 목록 3개(삭제 2) 불일치 / [D8] 독립항 목록 3개 중 2개가 본문 '삭제' / [D8c] 종속항 0 · 삭제항 2 → 독립/전체 토글 결과 동일(3개),[F1] drawing_count 0 (도면의 설명 1원소 보유) [F2] 도면 설명 1원소에 도 4개 뭉침
KR 10-2637240 B1,B1,등록특허공보,등록공고,커튼 에어백 장치,8,,,8,D1 D3 D7 D2 D5 D6 D12 D8,[D5] 상세설명에 하위섹션+전문 중복 렌더(섹션 19572자 = 전문 17535 + 하위섹션 3811) / [D6] 도면 미반입인데 패널 노출(서지 도면 수 0건 / 패널 캡션 1개 · 이미지 없음) / [D12] 서지 청구항 수 11개 ↔ 청구범위 목록 13개(삭제 2) 불일치 / [D8] 독립항 목록 3개 중 2개가 본문 '삭제',[F1] drawing_count 0 (도면의 설명 1원소 보유) [F2] 도면 설명 1원소에 도 9개 뭉침
KR 10-2637252 B1,B1,등록특허공보,등록공고,리튬을 함유하는 혼합물로부터 탄산리튬을 회수하는 방법,8,,,8,D1 D3 D7 D2 D5 D6 D12 D8,[D5] 상세설명에 하위섹션+전문 중복 렌더(섹션 17444자 = 전문 15766 + 하위섹션 3776) / [D6] 도면 미반입인데 패널 노출(서지 도면 수 0건 / 패널 캡션 1개 · 이미지 없음) / [D12] 서지 청구항 수 11개 ↔ 청구범위 목록 12개(삭제 1) 불일치 / [D8] 독립항 목록 2개 중 1개가 본문 '삭제',[F1] drawing_count 0 (도면의 설명 1원소 보유)
KR 10-2637265 B1,B1,등록특허공보,등록공고,전동 모빌랙의 무선 충전장치,8,,,8,D1 D3 D7 D2 D5 D6 D12 D8,[D5] 상세설명에 하위섹션+전문 중복 렌더(섹션 10674자 = 전문 9393 + 하위섹션 2839) / [D6] 도면 미반입인데 패널 노출(서지 도면 수 0건 / 패널 캡션 1개 · 이미지 없음) / [D12] 서지 청구항 수 2개 ↔ 청구범위 목록 6개(삭제 4) 불일치 / [D8] 독립항 목록 5개 중 4개가 본문 '삭제',[F1] drawing_count 0 (도면의 설명 1원소 보유) [F2] 도면 설명 1원소에 도 12개 뭉침
KR 10-2637340 B1,B1,등록특허공보,등록공고,문장 매핑 방법 및 장치,8,,,8,D1 D3 D7 D2 D5 D6 D12 D8,[D5] 상세설명에 하위섹션+전문 중복 렌더(섹션 22315자 = 전문 20366 + 하위섹션 3872) / [D6] 도면 미반입인데 패널 노출(서지 도면 수 0건 / 패널 캡션 1개 · 이미지 없음) / [D12] 서지 청구항 수 19개 ↔ 청구범위 목록 20개(삭제 1) 불일치 / [D8] 독립항 목록 4개 중 1개가 본문 '삭제',[F1] drawing_count 0 (도면의 설명 1원소 보유) [F2] 도면 설명 1원소에 도 10개 뭉침
KR 10-2637356 B1,B1,등록특허공보,등록공고,차량용 시트커버의 제작을 위한 가죽원단 및 벨크로 구조체 정렬 지그,8,,,8,D1 D3 D7 D2 D5 D6 D12 D8,[D5] 상세설명에 하위섹션+전문 중복 렌더(섹션 13133자 = 전문 10350 + 하위섹션 4089) / [D6] 도면 미반입인데 패널 노출(서지 도면 수 0건 / 패널 캡션 1개 · 이미지 없음) / [D12] 서지 청구항 수 2개 ↔ 청구범위 목록 5개(삭제 3) 불일치 / [D8] 독립항 목록 4개 중 3개가 본문 '삭제',[F1] drawing_count 0 (도면의 설명 1원소 보유) [F2] 도면 설명 1원소에 도 7개 뭉침
KR 10-2637365 B1,B1,등록특허공보,등록공고,어망 자동 결속장치,8,,,8,D1 D3 D7 D2 D5 D6 D12 D8,[D5] 상세설명에 하위섹션+전문 중복 렌더(섹션 14467자 = 전문 11578 + 하위섹션 4428) / [D6] 도면 미반입인데 패널 노출(서지 도면 수 0건 / 패널 캡션 1개 · 이미지 없음) / [D12] 서지 청구항 수 3개 ↔ 청구범위 목록 4개(삭제 1) 불일치 / [D8] 독립항 목록 2개 중 1개가 본문 '삭제',[F1] drawing_count 0 (도면의 설명 1원소 보유) [F2] 도면 설명 1원소에 도 6개 뭉침
KR 10-2637409 B1,B1,등록특허공보,등록공고,반도체 적용들을 위한 저해상도 이미지들로부터 고해상도 이미지들의 생성,8,,,8,D1 D3 D7 D2 D5 D6 D12 D8,[D5] 상세설명에 하위섹션+전문 중복 렌더(섹션 51014자 = 전문 50275 + 하위섹션 3574) / [D6] 도면 미반입인데 패널 노출(서지 도면 수 0건 / 패널 캡션 1개 · 이미지 없음) / [D12] 서지 청구항 수 27개 ↔ 청구범위 목록 30개(삭제 3) 불일치 / [D8] 독립항 목록 8개 중 3개가 본문 '삭제',[F1] drawing_count 0 (도면의 설명 1원소 보유) [F2] 도면 설명 1원소에 도 7개 뭉침
KR 10-2637416 B1,B1,등록특허공보,등록공고,XR 디바이스 및 그 제어 방법,8,,,8,D1 D3 D7 D2 D5 D6 D12 D8,[D5] 상세설명에 하위섹션+전문 중복 렌더(섹션 116685자 = 전문 122689 + 하위섹션 4393) / [D6] 도면 미반입인데 패널 노출(서지 도면 수 0건 / 패널 캡션 1개 · 이미지 없음) / [D12] 서지 청구항 수 18개 ↔ 청구범위 목록 20개(삭제 2) 불일치 / [D8] 독립항 목록 4개 중 2개가 본문 '삭제',[F1] drawing_count 0 (도면의 설명 1원소 보유) [F2] 도면 설명 1원소에 도 42개 뭉침
KR 10-2637451 B1,B1,등록특허공보,등록공고,파스닙을 함유하는 쿠키 및 그 제조방법,8,,,8,D1 D3 D7 D2 D5 D6 D12 D8,[D5] 상세설명에 하위섹션+전문 중복 렌더(섹션 13364자 = 전문 13088 + 하위섹션 2450) / [D6] 도면 미반입인데 패널 노출(서지 도면 수 0건 / 패널 캡션 1개 · 이미지 없음) / [D12] 서지 청구항 수 4개 ↔ 청구범위 목록 6개(삭제 2) 불일치 / [D8] 독립항 목록 3개 중 2개가 본문 '삭제',[F1] drawing_count 0 (도면의 설명 1원소 보유)
KR 10-2637557 B1,B1,등록특허공보,등록공고,세탁기의 세제 잔량 감지장치,8,,,8,D1 D3 D7 D2 D5 D6 D12 D8,[D5] 상세설명에 하위섹션+전문 중복 렌더(섹션 10539자 = 전문 8903 + 하위섹션 3102) / [D6] 도면 미반입인데 패널 노출(서지 도면 수 0건 / 패널 캡션 1개 · 이미지 없음) / [D12] 서지 청구항 수 4개 ↔ 청구범위 목록 5개(삭제 1) 불일치 / [D8] 독립항 목록 2개 중 1개가 본문 '삭제',[F1] drawing_count 0 (도면의 설명 1원소 보유) [F2] 도면 설명 1원소에 도 5개 뭉침
KR 10-2637603 B1,B1,등록특허공보,등록공고,사용자 맞춤형 학습 컨텐츠를 제공하기 위한 방법 및 장치,8,,,8,D1 D3 D7 D2 D5 D6 D12 D8,[D5] 상세설명에 하위섹션+전문 중복 렌더(섹션 39673자 = 전문 36547 + 하위섹션 6361) / [D6] 도면 미반입인데 패널 노출(서지 도면 수 0건 / 패널 캡션 1개 · 이미지 없음) / [D12] 서지 청구항 수 8개 ↔ 청구범위 목록 15개(삭제 7) 불일치 / [D8] 독립항 목록 10개 중 7개가 본문 '삭제',[F1] drawing_count 0 (도면의 설명 1원소 보유) [F2] 도면 설명 1원소에 도 12개 뭉침
KR 10-2637669 B1,B1,등록특허공보,등록공고,노면청소차의 청소장치를 이용한 FO 처리시스템,8,,,8,D1 D3 D7 D2 D5 D6 D12 D8,[D5] 상세설명에 하위섹션+전문 중복 렌더(섹션 11126자 = 전문 8954 + 하위섹션 2868) / [D6] 도면 미반입인데 패널 노출(서지 도면 수 0건 / 패널 캡션 1개 · 이미지 없음) / [D12] 서지 청구항 수 3개 ↔ 청구범위 목록 7개(삭제 4) 불일치 / [D8] 독립항 목록 5개 중 4개가 본문 '삭제',[F1] drawing_count 0 (도면의 설명 1원소 보유) [F2] 도면 설명 1원소에 도 13개 뭉침
KR 10-2637677 B1,B1,등록특허공보,등록공고,용접시 복사열에 따른 열전도율 45kcal/℃를 갖는 노즐연결용 열전도차폐봉과 세라믹·씰링·세라믹 쓰리차폐판,8,,,8,D1 D3 D7 D2 D5 D6 D12 D8,[D5] 상세설명에 하위섹션+전문 중복 렌더(섹션 29180자 = 전문 27788 + 하위섹션 6019) / [D6] 도면 미반입인데 패널 노출(서지 도면 수 0건 / 패널 캡션 1개 · 이미지 없음) / [D12] 서지 청구항 수 7개 ↔ 청구범위 목록 9개(삭제 2) 불일치 / [D8] 독립항 목록 3개 중 2개가 본문 '삭제',[F1] drawing_count 0 (도면의 설명 1원소 보유) [F2] 도면 설명 1원소에 도 13개 뭉침
KR 10-2637800 B1,B1,등록특허공보,등록공고,친환경 자연분해 엠보싱 물수건,8,,,8,D1 D3 D7 D2 D6 D12 D8 D8c,[D6] 도면 미반입인데 패널 노출(서지 도면 수 0건 / 패널 캡션 1개 · 이미지 없음) / [D12] 서지 청구항 수 1개 ↔ 청구범위 목록 4개(삭제 3) 불일치 / [D8] 독립항 목록 4개 중 3개가 본문 '삭제' / [D8c] 종속항 0 · 삭제항 3 → 독립/전체 토글 결과 동일(4개),[F1] drawing_count 0 (도면의 설명 1원소 보유)
KR 10-2637883 B1,B1,등록특허공보,등록공고,"기판 상의 패턴 형성 방법, 그 방법에 관련된 반도체 장치 및 이용",8,,,8,D1 D3 D7 D2 D5 D6 D12 D8,[D5] 상세설명에 하위섹션+전문 중복 렌더(섹션 18273자 = 전문 13815 + 하위섹션 7494) / [D6] 도면 미반입인데 패널 노출(서지 도면 수 0건 / 패널 캡션 1개 · 이미지 없음) / [D12] 서지 청구항 수 11개 ↔ 청구범위 목록 14개(삭제 3) 불일치 / [D8] 독립항 목록 4개 중 3개가 본문 '삭제',[F1] drawing_count 0 (도면의 설명 1원소 보유)
KR 10-2637918 B1,B1,등록특허공보,등록공고,주행 안전성을 높인 스마트 전동 퀵-보드 및 이를 이용한 전동 퀵-보드의 주행관리 시스템,8,,,8,D1 D3 D7 D2 D5 D6 D12 D8,[D5] 상세설명에 하위섹션+전문 중복 렌더(섹션 38085자 = 전문 31722 + 하위섹션 10060) / [D6] 도면 미반입인데 패널 노출(서지 도면 수 0건 / 패널 캡션 1개 · 이미지 없음) / [D12] 서지 청구항 수 5개 ↔ 청구범위 목록 6개(삭제 1) 불일치 / [D8] 독립항 목록 2개 중 1개가 본문 '삭제',[F1] drawing_count 0 (도면의 설명 1원소 보유) [F2] 도면 설명 1원소에 도 24개 뭉침
KR 10-2638067 B1,B1,등록특허공보,등록공고,전동식 동력 보조 조향장치의 감속기,8,,,8,D1 D3 D7 D2 D5 D6 D12 D8,[D5] 상세설명에 하위섹션+전문 중복 렌더(섹션 11247자 = 전문 11296 + 하위섹션 1209) / [D6] 도면 미반입인데 패널 노출(서지 도면 수 0건 / 패널 캡션 1개 · 이미지 없음) / [D12] 서지 청구항 수 5개 ↔ 청구범위 목록 20개(삭제 15) 불일치 / [D8] 독립항 목록 16개 중 15개가 본문 '삭제',[F1] drawing_count 0 (도면의 설명 1원소 보유) [F2] 도면 설명 1원소에 도 12개 뭉침
KR 10-2638072 B1,B1,등록특허공보,등록공고,기판 처리 방법 및 기판 처리 장치,8,,,8,D1 D3 D7 D2 D5 D6 D12 D8,[D5] 상세설명에 하위섹션+전문 중복 렌더(섹션 27445자 = 전문 29066 + 하위섹션 1606) / [D6] 도면 미반입인데 패널 노출(서지 도면 수 0건 / 패널 캡션 1개 · 이미지 없음) / [D12] 서지 청구항 수 10개 ↔ 청구범위 목록 11개(삭제 1) 불일치 / [D8] 독립항 목록 5개 중 1개가 본문 '삭제',[F1] drawing_count 0 (도면의 설명 1원소 보유) [F2] 도면 설명 1원소에 도 19개 뭉침
KR 10-2638124 B1,B1,등록특허공보,등록공고,사이드링크 통신에서의 캐리어 어그리게이션을 위한 방법 및 장치,8,,,8,D1 D3 D7 D2 D5 D6 D12 D8,[D5] 상세설명에 하위섹션+전문 중복 렌더(섹션 30284자 = 전문 29352 + 하위섹션 2177) / [D6] 도면 미반입인데 패널 노출(서지 도면 수 0건 / 패널 캡션 1개 · 이미지 없음) / [D12] 서지 청구항 수 13개 ↔ 청구범위 목록 17개(삭제 4) 불일치 / [D8] 독립항 목록 8개 중 4개가 본문 '삭제',[F1] drawing_count 0 (도면의 설명 1원소 보유) [F2] 도면 설명 1원소에 도 4개 뭉침
KR 10-2638140 B1,B1,등록특허공보,등록공고,뉴럴 네트워크를 가지는 반도체 장치,8,,,8,D1 D3 D7 D2 D5 D6 D12 D8,[D5] 상세설명에 하위섹션+전문 중복 렌더(섹션 81680자 = 전문 84179 + 하위섹션 5810) / [D6] 도면 미반입인데 패널 노출(서지 도면 수 0건 / 패널 캡션 1개 · 이미지 없음) / [D12] 서지 청구항 수 8개 ↔ 청구범위 목록 9개(삭제 1) 불일치 / [D8] 독립항 목록 4개 중 1개가 본문 '삭제',[F1] drawing_count 0 (도면의 설명 1원소 보유) [F2] 도면 설명 1원소에 도 22개 뭉침
KR 10-2638221 B1,B1,등록특허공보,등록공고,백연 및 미세먼지 저감 장치,8,,,8,D1 D3 D7 D2 D6 D12 D8 D8c,[D6] 도면 미반입인데 패널 노출(서지 도면 수 0건 / 패널 캡션 1개 · 이미지 없음) / [D12] 서지 청구항 수 2개 ↔ 청구범위 목록 5개(삭제 3) 불일치 / [D8] 독립항 목록 5개 중 3개가 본문 '삭제' / [D8c] 종속항 0 · 삭제항 3 → 독립/전체 토글 결과 동일(5개),[F1] drawing_count 0 (도면의 설명 1원소 보유) [F2] 도면 설명 1원소에 도 10개 뭉침
KR 10-2638305 B1,B1,등록특허공보,등록공고,부유 생물 제거 장치,8,,,8,D1 D3 D7 D2 D5 D6 D12 D8,[D5] 상세설명에 하위섹션+전문 중복 렌더(섹션 28385자 = 전문 26603 + 하위섹션 4535) / [D6] 도면 미반입인데 패널 노출(서지 도면 수 0건 / 패널 캡션 1개 · 이미지 없음) / [D12] 서지 청구항 수 15개 ↔ 청구범위 목록 16개(삭제 1) 불일치 / [D8] 독립항 목록 3개 중 1개가 본문 '삭제',[F1] drawing_count 0 (도면의 설명 1원소 보유) [F2] 도면 설명 1원소에 도 7개 뭉침
KR 10-2638318 B1,B1,등록특허공보,등록공고,관절경 수술용 캐뉼라 장치,8,,,8,D1 D3 D7 D2 D5 D6 D12 D8,[D5] 상세설명에 하위섹션+전문 중복 렌더(섹션 11148자 = 전문 9900 + 하위섹션 2769) / [D6] 도면 미반입인데 패널 노출(서지 도면 수 0건 / 패널 캡션 1개 · 이미지 없음) / [D12] 서지 청구항 수 9개 ↔ 청구범위 목록 12개(삭제 3) 불일치 / [D8] 독립항 목록 4개 중 3개가 본문 '삭제',[F1] drawing_count 0 (도면의 설명 1원소 보유) [F2] 도면 설명 1원소에 도 11개 뭉침
KR 10-2638447 B1,B1,등록특허공보,등록공고,진공 스테이지 시스템,8,,,8,D1 D3 D7 D2 D5 D6 D12 D8,[D5] 상세설명에 하위섹션+전문 중복 렌더(섹션 23907자 = 전문 20386 + 하위섹션 6309) / [D6] 도면 미반입인데 패널 노출(서지 도면 수 0건 / 패널 캡션 1개 · 이미지 없음) / [D12] 서지 청구항 수 7개 ↔ 청구범위 목록 8개(삭제 1) 불일치 / [D8] 독립항 목록 2개 중 1개가 본문 '삭제',[F1] drawing_count 0 (도면의 설명 1원소 보유) [F2] 도면 설명 1원소에 도 16개 뭉침
KR 10-2638457 B1,B1,등록특허공보,등록공고,"노즐 검사 방법, 노즐 검사 장치 및 이를 포함하는 기판 처리 장치",8,,,8,D1 D3 D7 D2 D5 D6 D12 D8,[D5] 상세설명에 하위섹션+전문 중복 렌더(섹션 18825자 = 전문 16928 + 하위섹션 4707) / [D6] 도면 미반입인데 패널 노출(서지 도면 수 0건 / 패널 캡션 1개 · 이미지 없음) / [D12] 서지 청구항 수 19개 ↔ 청구범위 목록 20개(삭제 1) 불일치 / [D8] 독립항 목록 7개 중 1개가 본문 '삭제',[F1] drawing_count 0 (도면의 설명 1원소 보유) [F2] 도면 설명 1원소에 도 20개 뭉침
KR 10-2638503 B1,B1,등록특허공보,등록공고,층간 슬라브의 관통구 방화구조 및 시공방법,8,,,8,D1 D3 D7 D2 D5 D6 D12 D8,[D5] 상세설명에 하위섹션+전문 중복 렌더(섹션 13003자 = 전문 10880 + 하위섹션 3900) / [D6] 도면 미반입인데 패널 노출(서지 도면 수 0건 / 패널 캡션 1개 · 이미지 없음) / [D12] 서지 청구항 수 2개 ↔ 청구범위 목록 7개(삭제 5) 불일치 / [D8] 독립항 목록 6개 중 5개가 본문 '삭제',[F1] drawing_count 0 (도면의 설명 1원소 보유) [F2] 도면 설명 1원소에 도 12개 뭉침
KR 10-2638690 B1,B1,등록특허공보,등록공고,습기유입 및 결로 방지 기능을 가지는 페어글라스,8,,,8,D1 D3 D7 D2 D5 D6 D12 D8,[D5] 상세설명에 하위섹션+전문 중복 렌더(섹션 12451자 = 전문 10039 + 하위섹션 3790) / [D6] 도면 미반입인데 패널 노출(서지 도면 수 0건 / 패널 캡션 1개 · 이미지 없음) / [D12] 서지 청구항 수 2개 ↔ 청구범위 목록 4개(삭제 2) 불일치 / [D8] 독립항 목록 3개 중 2개가 본문 '삭제',[F1] drawing_count 0 (도면의 설명 1원소 보유) [F2] 도면 설명 1원소에 도 12개 뭉침
KR 10-2638794 B1,B1,등록특허공보,등록공고,강유전 물질을 포함하는 반도체 장치 및 그 제조 방법,8,,,8,D1 D3 D7 D2 D5 D6 D12 D8,[D5] 상세설명에 하위섹션+전문 중복 렌더(섹션 48685자 = 전문 49200 + 하위섹션 2723) / [D6] 도면 미반입인데 패널 노출(서지 도면 수 0건 / 패널 캡션 1개 · 이미지 없음) / [D12] 서지 청구항 수 19개 ↔ 청구범위 목록 21개(삭제 2) 불일치 / [D8] 독립항 목록 5개 중 2개가 본문 '삭제',[F1] drawing_count 0 (도면의 설명 1원소 보유) [F2] 도면 설명 1원소에 도 18개 뭉침
KR 10-2638868 B1,B1,등록특허공보,등록공고,"중간접속함 압력 보상 장치, 이를 이용한 중간접속함 압력 보상 시스템, 및 중간접속함 압력 보상 방법",8,,,8,D1 D3 D7 D2 D5 D6 D12 D8,[D5] 상세설명에 하위섹션+전문 중복 렌더(섹션 34299자 = 전문 30687 + 하위섹션 6508) / [D6] 도면 미반입인데 패널 노출(서지 도면 수 0건 / 패널 캡션 1개 · 이미지 없음) / [D12] 서지 청구항 수 16개 ↔ 청구범위 목록 20개(삭제 4) 불일치 / [D8] 독립항 목록 7개 중 4개가 본문 '삭제',[F1] drawing_count 0 (도면의 설명 1원소 보유) [F2] 도면 설명 1원소에 도 4개 뭉침
KR 10-2638881 B1,B1,등록특허공보,등록공고,드론 조종연습 기반 재활훈련용 휠체어,8,,,8,D1 D3 D7 D2 D5 D6 D12 D8,[D5] 상세설명에 하위섹션+전문 중복 렌더(섹션 14362자 = 전문 11028 + 하위섹션 4849) / [D6] 도면 미반입인데 패널 노출(서지 도면 수 0건 / 패널 캡션 1개 · 이미지 없음) / [D12] 서지 청구항 수 2개 ↔ 청구범위 목록 3개(삭제 1) 불일치 / [D8] 독립항 목록 2개 중 1개가 본문 '삭제',[F1] drawing_count 0 (도면의 설명 1원소 보유) [F2] 도면 설명 1원소에 도 7개 뭉침
KR 10-2639058 B1,B1,등록특허공보,등록공고,질화붕소 복합체 및 그 제조 방법,8,,,8,D1 D3 D7 D2 D5 D6 D12 D8,[D5] 상세설명에 하위섹션+전문 중복 렌더(섹션 17177자 = 전문 15597 + 하위섹션 4114) / [D6] 도면 미반입인데 패널 노출(서지 도면 수 0건 / 패널 캡션 1개 · 이미지 없음) / [D12] 서지 청구항 수 3개 ↔ 청구범위 목록 13개(삭제 10) 불일치 / [D8] 독립항 목록 11개 중 10개가 본문 '삭제',[F1] drawing_count 0 (도면의 설명 1원소 보유) [F2] 도면 설명 1원소에 도 6개 뭉침
KR 10-2639383 B1,B1,등록특허공보,등록공고,"대전방지성 편광판, 점착제층을 구비한 대전방지성 편광판 및 광학 적층체",8,,,8,D1 D3 D7 D2 D5 D6 D12 D8,[D5] 상세설명에 하위섹션+전문 중복 렌더(섹션 44434자 = 전문 48055 + 하위섹션 1949) / [D6] 도면 미반입인데 패널 노출(서지 도면 수 0건 / 패널 캡션 1개 · 이미지 없음) / [D12] 서지 청구항 수 3개 ↔ 청구범위 목록 5개(삭제 2) 불일치 / [D8] 독립항 목록 3개 중 2개가 본문 '삭제',[F1] drawing_count 0 (도면의 설명 1원소 보유) [F2] 도면 설명 1원소에 도 6개 뭉침
KR 10-2639459 B1,B1,등록특허공보,등록공고,알루미늄 공기전지용 전해액 및 이의 제조 방법,8,,,8,D1 D3 D7 D2 D5 D6 D12 D8,[D5] 상세설명에 하위섹션+전문 중복 렌더(섹션 12868자 = 전문 11256 + 하위섹션 3335) / [D6] 도면 미반입인데 패널 노출(서지 도면 수 0건 / 패널 캡션 1개 · 이미지 없음) / [D12] 서지 청구항 수 7개 ↔ 청구범위 목록 14개(삭제 7) 불일치 / [D8] 독립항 목록 9개 중 7개가 본문 '삭제',[F1] drawing_count 0 (도면의 설명 1원소 보유) [F2] 도면 설명 1원소에 도 5개 뭉침
KR 10-2639542 B1,B1,등록특허공보,등록공고,열화상 카메라를 이용한 발열 감지 시스템의 온도 감지 방법 및 장치,8,,,8,D1 D3 D7 D2 D5 D6 D12 D8,[D5] 상세설명에 하위섹션+전문 중복 렌더(섹션 9996자 = 전문 9121 + 하위섹션 2531) / [D6] 도면 미반입인데 패널 노출(서지 도면 수 0건 / 패널 캡션 1개 · 이미지 없음) / [D12] 서지 청구항 수 9개 ↔ 청구범위 목록 10개(삭제 1) 불일치 / [D8] 독립항 목록 3개 중 1개가 본문 '삭제',[F1] drawing_count 0 (도면의 설명 1원소 보유) [F2] 도면 설명 1원소에 도 9개 뭉침
KR 10-2648311 B1,B1,등록특허공보,등록공고,골이식재 주입장치,8,,,8,D1 D3 D7 D2 D5 D6 D12 D8,[D5] 상세설명에 하위섹션+전문 중복 렌더(섹션 16827자 = 전문 15932 + 하위섹션 2960) / [D6] 도면 미반입인데 패널 노출(서지 도면 수 0건 / 패널 캡션 1개 · 이미지 없음) / [D12] 서지 청구항 수 10개 ↔ 청구범위 목록 14개(삭제 4) 불일치 / [D8] 독립항 목록 7개 중 4개가 본문 '삭제',[F1] drawing_count 0 (도면의 설명 1원소 보유) [F2] 도면 설명 1원소에 도 13개 뭉침
KR 10-2648508 B1,B1,등록특허공보,등록공고,그룹 보안 정책 및 암호화 키 관리 기능을 갖는 보안인증시스템 및 그 관리 방법,8,,,8,D1 D3 D7 D2 D5 D6 D12 D8,[D5] 상세설명에 하위섹션+전문 중복 렌더(섹션 20486자 = 전문 16652 + 하위섹션 6619) / [D6] 도면 미반입인데 패널 노출(서지 도면 수 0건 / 패널 캡션 1개 · 이미지 없음) / [D12] 서지 청구항 수 4개 ↔ 청구범위 목록 14개(삭제 10) 불일치 / [D8] 독립항 목록 13개 중 10개가 본문 '삭제',[F1] drawing_count 0 (도면의 설명 1원소 보유) [F2] 도면 설명 1원소에 도 10개 뭉침
KR 10-2648683 B1,B1,등록특허공보,등록공고,뉴럴 네트워크 모델을 이용하여 이미지의 노이즈를 제거하는 방법,8,,,8,D1 D3 D7 D2 D5 D6 D12 D8,[D5] 상세설명에 하위섹션+전문 중복 렌더(섹션 21075자 = 전문 20605 + 하위섹션 2312) / [D6] 도면 미반입인데 패널 노출(서지 도면 수 0건 / 패널 캡션 1개 · 이미지 없음) / [D12] 서지 청구항 수 3개 ↔ 청구범위 목록 5개(삭제 2) 불일치 / [D8] 독립항 목록 3개 중 2개가 본문 '삭제',[F1] drawing_count 0 (도면의 설명 1원소 보유) [F2] 도면 설명 1원소에 도 6개 뭉침
KR 10-2649077 B1,B1,등록특허공보,등록공고,"반려견 배변 처리함 및 배변 전용 처리시스템, 그 운영방법",8,,,8,D1 D3 D7 D2 D5 D6 D12 D8,[D5] 상세설명에 하위섹션+전문 중복 렌더(섹션 22420자 = 전문 19386 + 하위섹션 6281) / [D6] 도면 미반입인데 패널 노출(서지 도면 수 0건 / 패널 캡션 1개 · 이미지 없음) / [D12] 서지 청구항 수 4개 ↔ 청구범위 목록 9개(삭제 5) 불일치 / [D8] 독립항 목록 6개 중 5개가 본문 '삭제',[F1] drawing_count 0 (도면의 설명 1원소 보유) [F2] 도면 설명 1원소에 도 9개 뭉침
KR 10-2649166 B1,B1,등록특허공보,등록공고,전자기기,8,,,8,D1 D3 D7 D2 D5 D6 D12 D8,[D5] 상세설명에 하위섹션+전문 중복 렌더(섹션 12907자 = 전문 13067 + 하위섹션 1121) / [D6] 도면 미반입인데 패널 노출(서지 도면 수 0건 / 패널 캡션 1개 · 이미지 없음) / [D12] 서지 청구항 수 8개 ↔ 청구범위 목록 10개(삭제 2) 불일치 / [D8] 독립항 목록 3개 중 2개가 본문 '삭제',[F1] drawing_count 0 (도면의 설명 1원소 보유) [F2] 도면 설명 1원소에 도 15개 뭉침
KR 10-2649319 B1,B1,등록특허공보,등록공고,인쇄회로기판 및 이를 포함하는 카메라 장치,8,,,8,D1 D3 D7 D2 D5 D6 D12 D8,[D5] 상세설명에 하위섹션+전문 중복 렌더(섹션 62311자 = 전문 60122 + 하위섹션 7268) / [D6] 도면 미반입인데 패널 노출(서지 도면 수 0건 / 패널 캡션 1개 · 이미지 없음) / [D12] 서지 청구항 수 7개 ↔ 청구범위 목록 14개(삭제 7) 불일치 / [D8] 독립항 목록 8개 중 7개가 본문 '삭제',[F1] drawing_count 0 (도면의 설명 1원소 보유) [F2] 도면 설명 1원소에 도 24개 뭉침
KR 10-2649324 B1,B1,등록특허공보,등록공고,적응 인터럽트 제어를 수행하는 컴퓨터 시스템 및 그것의 인터럽트 제어 방법,8,,,8,D1 D3 D7 D2 D5 D6 D12 D8,[D5] 상세설명에 하위섹션+전문 중복 렌더(섹션 25625자 = 전문 23943 + 하위섹션 3772) / [D6] 도면 미반입인데 패널 노출(서지 도면 수 0건 / 패널 캡션 1개 · 이미지 없음) / [D12] 서지 청구항 수 16개 ↔ 청구범위 목록 20개(삭제 4) 불일치 / [D8] 독립항 목록 7개 중 4개가 본문 '삭제',[F1] drawing_count 0 (도면의 설명 1원소 보유) [F2] 도면 설명 1원소에 도 19개 뭉침
KR 10-2649332 B1,B1,등록특허공보,등록공고,가상화폐를 이용한 결제 시스템,8,,,8,D1 D3 D7 D2 D5 D6 D12 D8,[D5] 상세설명에 하위섹션+전문 중복 렌더(섹션 12272자 = 전문 10230 + 하위섹션 3906) / [D6] 도면 미반입인데 패널 노출(서지 도면 수 0건 / 패널 캡션 1개 · 이미지 없음) / [D12] 서지 청구항 수 3개 ↔ 청구범위 목록 15개(삭제 12) 불일치 / [D8] 독립항 목록 13개 중 12개가 본문 '삭제',[F1] drawing_count 0 (도면의 설명 1원소 보유) [F2] 도면 설명 1원소에 도 5개 뭉침
KR 10-2649392 B1,B1,등록특허공보,등록공고,고압가스 저장용기의 양방향 지지장치,8,,,8,D1 D3 D7 D2 D5 D6 D12 D8,[D5] 상세설명에 하위섹션+전문 중복 렌더(섹션 16838자 = 전문 14035 + 하위섹션 5469) / [D6] 도면 미반입인데 패널 노출(서지 도면 수 0건 / 패널 캡션 1개 · 이미지 없음) / [D12] 서지 청구항 수 7개 ↔ 청구범위 목록 10개(삭제 3) 불일치 / [D8] 독립항 목록 4개 중 3개가 본문 '삭제',[F1] drawing_count 0 (도면의 설명 1원소 보유) [F2] 도면 설명 1원소에 도 10개 뭉침
KR 10-2649413 B1,B1,등록특허공보,등록공고,내시경 영상 분석 방법 및 장치,8,,,8,D1 D3 D7 D2 D5 D6 D12 D8,[D5] 상세설명에 하위섹션+전문 중복 렌더(섹션 10336자 = 전문 9606 + 하위섹션 1777) / [D6] 도면 미반입인데 패널 노출(서지 도면 수 0건 / 패널 캡션 1개 · 이미지 없음) / [D12] 서지 청구항 수 2개 ↔ 청구범위 목록 10개(삭제 8) 불일치 / [D8] 독립항 목록 9개 중 8개가 본문 '삭제',[F1] drawing_count 0 (도면의 설명 1원소 보유)
KR 10-2649556 B1,B1,등록특허공보,등록공고,이동 장치 사고 감지 및 자동 구조요청 시스템,8,,,8,D1 D3 D7 D2 D5 D6 D12 D8,[D5] 상세설명에 하위섹션+전문 중복 렌더(섹션 30538자 = 전문 30161 + 하위섹션 4450) / [D6] 도면 미반입인데 패널 노출(서지 도면 수 0건 / 패널 캡션 1개 · 이미지 없음) / [D12] 서지 청구항 수 6개 ↔ 청구범위 목록 8개(삭제 2) 불일치 / [D8] 독립항 목록 4개 중 2개가 본문 '삭제',[F1] drawing_count 0 (도면의 설명 1원소 보유) [F2] 도면 설명 1원소에 도 5개 뭉침
KR 10-2649615 B1,B1,등록특허공보,등록공고,보행자 친화적 옹벽 시스템,8,,,8,D1 D3 D7 D2 D6 D12 D8 D8c,[D6] 도면 미반입인데 패널 노출(서지 도면 수 0건 / 패널 캡션 1개 · 이미지 없음) / [D12] 서지 청구항 수 1개 ↔ 청구범위 목록 2개(삭제 1) 불일치 / [D8] 독립항 목록 2개 중 1개가 본문 '삭제' / [D8c] 종속항 0 · 삭제항 1 → 독립/전체 토글 결과 동일(2개),[F1] drawing_count 0 (도면의 설명 1원소 보유) [F2] 도면 설명 1원소에 도 7개 뭉침
KR 10-2649628 B1,B1,등록특허공보,등록공고,광장비 탑재용 광단자함,8,,,8,D1 D3 D7 D2 D5 D6 D12 D8,[D5] 상세설명에 하위섹션+전문 중복 렌더(섹션 9717자 = 전문 8723 + 하위섹션 2392) / [D6] 도면 미반입인데 패널 노출(서지 도면 수 0건 / 패널 캡션 1개 · 이미지 없음) / [D12] 서지 청구항 수 3개 ↔ 청구범위 목록 5개(삭제 2) 불일치 / [D8] 독립항 목록 3개 중 2개가 본문 '삭제',[F1] drawing_count 0 (도면의 설명 1원소 보유) [F2] 도면 설명 1원소에 도 5개 뭉침
KR 10-2649640 B1,B1,등록특허공보,등록공고,이물 검사 장치 및 이물 검사 방법,8,,,8,D1 D3 D7 D2 D5 D6 D12 D8,[D5] 상세설명에 하위섹션+전문 중복 렌더(섹션 15978자 = 전문 15443 + 하위섹션 2185) / [D6] 도면 미반입인데 패널 노출(서지 도면 수 0건 / 패널 캡션 1개 · 이미지 없음) / [D12] 서지 청구항 수 4개 ↔ 청구범위 목록 8개(삭제 4) 불일치 / [D8] 독립항 목록 6개 중 4개가 본문 '삭제',[F1] drawing_count 0 (도면의 설명 1원소 보유) [F2] 도면 설명 1원소에 도 6개 뭉침
KR 10-2649741 B1,B1,등록특허공보,등록공고,인공지능 기반의 다매체 다중경로를 이용한 최적화 경로 할당 시스템,8,,,8,D1 D3 D7 D2 D5 D6 D12 D8,[D5] 상세설명에 하위섹션+전문 중복 렌더(섹션 20127자 = 전문 18666 + 하위섹션 4674) / [D6] 도면 미반입인데 패널 노출(서지 도면 수 0건 / 패널 캡션 1개 · 이미지 없음) / [D12] 서지 청구항 수 7개 ↔ 청구범위 목록 8개(삭제 1) 불일치 / [D8] 독립항 목록 2개 중 1개가 본문 '삭제',[F1] drawing_count 0 (도면의 설명 1원소 보유) [F2] 도면 설명 1원소에 도 11개 뭉침
KR 10-2649749 B1,B1,등록특허공보,등록공고,다중이용시설의 실내공기질 관리와 선제적 대응을 위한 복합청정 스마트게이트를 활용한 스마트 서비스 플랫폼,8,,,8,D1 D3 D7 D2 D5 D6 D12 D8,[D5] 상세설명에 하위섹션+전문 중복 렌더(섹션 29014자 = 전문 24313 + 하위섹션 7445) / [D6] 도면 미반입인데 패널 노출(서지 도면 수 0건 / 패널 캡션 1개 · 이미지 없음) / [D12] 서지 청구항 수 6개 ↔ 청구범위 목록 7개(삭제 1) 불일치 / [D8] 독립항 목록 2개 중 1개가 본문 '삭제',[F1] drawing_count 0 (도면의 설명 1원소 보유) [F2] 도면 설명 1원소에 도 4개 뭉침
KR 10-2649845 B1,B1,등록특허공보,등록공고,반도체 소자 테스터 지그,8,,,8,D1 D3 D7 D2 D5 D6 D12 D8,[D5] 상세설명에 하위섹션+전문 중복 렌더(섹션 19454자 = 전문 16349 + 하위섹션 5455) / [D6] 도면 미반입인데 패널 노출(서지 도면 수 0건 / 패널 캡션 1개 · 이미지 없음) / [D12] 서지 청구항 수 6개 ↔ 청구범위 목록 7개(삭제 1) 불일치 / [D8] 독립항 목록 2개 중 1개가 본문 '삭제',[F1] drawing_count 0 (도면의 설명 1원소 보유) [F2] 도면 설명 1원소에 도 10개 뭉침
KR 10-2649849 B1,B1,등록특허공보,등록공고,건강관리 노력을 수치화하는 건강관리 장치 및 이를 이용한 보험할인 서비스 제공 방법,8,,,8,D1 D3 D7 D2 D5 D6 D12 D8,[D5] 상세설명에 하위섹션+전문 중복 렌더(섹션 26442자 = 전문 24852 + 하위섹션 4673) / [D6] 도면 미반입인데 패널 노출(서지 도면 수 0건 / 패널 캡션 1개 · 이미지 없음) / [D12] 서지 청구항 수 8개 ↔ 청구범위 목록 15개(삭제 7) 불일치 / [D8] 독립항 목록 8개 중 7개가 본문 '삭제',[F1] drawing_count 0 (도면의 설명 1원소 보유) [F2] 도면 설명 1원소에 도 13개 뭉침
KR 10-2649869 B1,B1,등록특허공보,등록공고,진공 장치,8,,,8,D1 D3 D7 D2 D5 D6 D12 D8,[D5] 상세설명에 하위섹션+전문 중복 렌더(섹션 11216자 = 전문 11293 + 하위섹션 992) / [D6] 도면 미반입인데 패널 노출(서지 도면 수 0건 / 패널 캡션 1개 · 이미지 없음) / [D12] 서지 청구항 수 10개 ↔ 청구범위 목록 12개(삭제 2) 불일치 / [D8] 독립항 목록 3개 중 2개가 본문 '삭제',[F1] drawing_count 0 (도면의 설명 1원소 보유) [F2] 도면 설명 1원소에 도 7개 뭉침
KR 10-2649915 B1,B1,등록특허공보,등록공고,분광 센서 제어 방법 및 이를 지원하는 전자 장치,8,,,8,D1 D3 D7 D2 D5 D6 D12 D8,[D5] 상세설명에 하위섹션+전문 중복 렌더(섹션 45030자 = 전문 46597 + 하위섹션 2056) / [D6] 도면 미반입인데 패널 노출(서지 도면 수 0건 / 패널 캡션 1개 · 이미지 없음) / [D12] 서지 청구항 수 18개 ↔ 청구범위 목록 20개(삭제 2) 불일치 / [D8] 독립항 목록 5개 중 2개가 본문 '삭제',[F1] drawing_count 0 (도면의 설명 1원소 보유) [F2] 도면 설명 1원소에 도 23개 뭉침
KR 10-2649993 B1,B1,등록특허공보,등록공고,"이미지 처리 방법, 이미지 처리 장치 및 이를 적용한 전자기기",8,,,8,D1 D3 D7 D2 D5 D6 D12 D8,[D5] 상세설명에 하위섹션+전문 중복 렌더(섹션 25031자 = 전문 21157 + 하위섹션 6219) / [D6] 도면 미반입인데 패널 노출(서지 도면 수 0건 / 패널 캡션 1개 · 이미지 없음) / [D12] 서지 청구항 수 16개 ↔ 청구범위 목록 18개(삭제 2) 불일치 / [D8] 독립항 목록 4개 중 2개가 본문 '삭제',[F1] drawing_count 0 (도면의 설명 1원소 보유) [F2] 도면 설명 1원소에 도 8개 뭉침
KR 10-2650050 B1,B1,등록특허공보,등록공고,"메니스커스 측정 장치 및 방법, 기판 처리 장치",8,,,8,D1 D3 D7 D2 D5 D6 D12 D8,[D5] 상세설명에 하위섹션+전문 중복 렌더(섹션 17533자 = 전문 15038 + 하위섹션 4753) / [D6] 도면 미반입인데 패널 노출(서지 도면 수 0건 / 패널 캡션 1개 · 이미지 없음) / [D12] 서지 청구항 수 16개 ↔ 청구범위 목록 18개(삭제 2) 불일치 / [D8] 독립항 목록 5개 중 2개가 본문 '삭제',[F1] drawing_count 0 (도면의 설명 1원소 보유) [F2] 도면 설명 1원소에 도 13개 뭉침
KR 10-2650058 B1,B1,등록특허공보,등록공고,모듈러주택의 철프레임 간 결합 구조체,8,,,8,D1 D3 D7 D2 D5 D6 D12 D8,[D5] 상세설명에 하위섹션+전문 중복 렌더(섹션 14297자 = 전문 11592 + 하위섹션 4437) / [D6] 도면 미반입인데 패널 노출(서지 도면 수 0건 / 패널 캡션 1개 · 이미지 없음) / [D12] 서지 청구항 수 2개 ↔ 청구범위 목록 3개(삭제 1) 불일치 / [D8] 독립항 목록 2개 중 1개가 본문 '삭제',[F1] drawing_count 0 (도면의 설명 1원소 보유) [F2] 도면 설명 1원소에 도 10개 뭉침
KR 10-2650065 B1,B1,등록특허공보,등록공고,파장가변 광원,8,,,8,D1 D3 D7 D2 D5 D6 D12 D8,[D5] 상세설명에 하위섹션+전문 중복 렌더(섹션 19500자 = 전문 17892 + 하위섹션 3429) / [D6] 도면 미반입인데 패널 노출(서지 도면 수 0건 / 패널 캡션 1개 · 이미지 없음) / [D12] 서지 청구항 수 14개 ↔ 청구범위 목록 16개(삭제 2) 불일치 / [D8] 독립항 목록 3개 중 2개가 본문 '삭제',[F1] drawing_count 0 (도면의 설명 1원소 보유) [F2] 도면 설명 1원소에 도 16개 뭉침
KR 10-2650110 B1,B1,등록특허공보,등록공고,세척 브러쉬 및 이를 이용한 빵틀 세척장치,8,,,8,D1 D3 D7 D2 D5 D6 D12 D8,[D5] 상세설명에 하위섹션+전문 중복 렌더(섹션 8537자 = 전문 7411 + 하위섹션 2389) / [D6] 도면 미반입인데 패널 노출(서지 도면 수 0건 / 패널 캡션 1개 · 이미지 없음) / [D12] 서지 청구항 수 2개 ↔ 청구범위 목록 4개(삭제 2) 불일치 / [D8] 독립항 목록 3개 중 2개가 본문 '삭제',[F1] drawing_count 0 (도면의 설명 1원소 보유) [F2] 도면 설명 1원소에 도 7개 뭉침
KR 10-2650209 B1,B1,등록특허공보,등록공고,"뷰어 기능을 제공하는 투고 저널 추천 서버, 방법 및 프로그램",8,,,8,D1 D3 D7 D2 D5 D6 D12 D8,[D5] 상세설명에 하위섹션+전문 중복 렌더(섹션 25775자 = 전문 24867 + 하위섹션 4245) / [D6] 도면 미반입인데 패널 노출(서지 도면 수 0건 / 패널 캡션 1개 · 이미지 없음) / [D12] 서지 청구항 수 3개 ↔ 청구범위 목록 5개(삭제 2) 불일치 / [D8] 독립항 목록 3개 중 2개가 본문 '삭제',[F1] drawing_count 0 (도면의 설명 1원소 보유) [F2] 도면 설명 1원소에 도 7개 뭉침
KR 10-2650228 B1,B1,등록특허공보,등록공고,이온이 담지된 생활성 유리 나노입자 및 이의 제조방법,8,,,8,D1 D3 D7 D2 D5 D6 D12 D8,[D5] 상세설명에 하위섹션+전문 중복 렌더(섹션 17553자 = 전문 13008 + 하위섹션 6965) / [D6] 도면 미반입인데 패널 노출(서지 도면 수 0건 / 패널 캡션 1개 · 이미지 없음) / [D12] 서지 청구항 수 4개 ↔ 청구범위 목록 13개(삭제 9) 불일치 / [D8] 독립항 목록 10개 중 9개가 본문 '삭제',[F1] drawing_count 0 (도면의 설명 1원소 보유) [F2] 도면 설명 1원소에 도 7개 뭉침
KR 10-2650247 B1,B1,등록특허공보,등록공고,머신러닝 기반의 가중치 보정기법을 이용하는 기숙사 룸메이트 추천 방법,8,,,8,D1 D3 D7 D2 D5 D6 D12 D8,[D5] 상세설명에 하위섹션+전문 중복 렌더(섹션 19733자 = 전문 18573 + 하위섹션 3600) / [D6] 도면 미반입인데 패널 노출(서지 도면 수 0건 / 패널 캡션 1개 · 이미지 없음) / [D12] 서지 청구항 수 6개 ↔ 청구범위 목록 7개(삭제 1) 불일치 / [D8] 독립항 목록 2개 중 1개가 본문 '삭제',[F1] drawing_count 0 (도면의 설명 1원소 보유) [F2] 도면 설명 1원소에 도 8개 뭉침
KR 10-2650298 B1,B1,등록특허공보,등록공고,탈락 방지 기능이 향상된 마모방지부재를 구비한 컨베이어 구동롤러,8,,,8,D1 D3 D7 D2 D5 D6 D12 D8,[D5] 상세설명에 하위섹션+전문 중복 렌더(섹션 10108자 = 전문 8897 + 하위섹션 2268) / [D6] 도면 미반입인데 패널 노출(서지 도면 수 0건 / 패널 캡션 1개 · 이미지 없음) / [D12] 서지 청구항 수 2개 ↔ 청구범위 목록 4개(삭제 2) 불일치 / [D8] 독립항 목록 3개 중 2개가 본문 '삭제',[F1] drawing_count 0 (도면의 설명 1원소 보유) [F2] 도면 설명 1원소에 도 11개 뭉침
KR 10-2650344 B1,B1,등록특허공보,등록공고,디스플레이 장치,8,,,8,D1 D3 D7 D2 D5 D6 D12 D8,[D5] 상세설명에 하위섹션+전문 중복 렌더(섹션 18755자 = 전문 17966 + 하위섹션 3117) / [D6] 도면 미반입인데 패널 노출(서지 도면 수 0건 / 패널 캡션 1개 · 이미지 없음) / [D12] 서지 청구항 수 14개 ↔ 청구범위 목록 15개(삭제 1) 불일치 / [D8] 독립항 목록 2개 중 1개가 본문 '삭제',[F1] drawing_count 0 (도면의 설명 1원소 보유) [F2] 도면 설명 1원소에 도 8개 뭉침
KR 10-2650369 B1,B1,등록특허공보,등록공고,"정보 전송 방법 및 장치, 단말 기기, 네트워크 기기",8,,,8,D1 D3 D7 D2 D5 D6 D12 D8,[D5] 상세설명에 하위섹션+전문 중복 렌더(섹션 62094자 = 전문 55800 + 하위섹션 15188) / [D6] 도면 미반입인데 패널 노출(서지 도면 수 0건 / 패널 캡션 1개 · 이미지 없음) / [D12] 서지 청구항 수 12개 ↔ 청구범위 목록 82개(삭제 70) 불일치 / [D8] 독립항 목록 72개 중 70개가 본문 '삭제',[F1] drawing_count 0 (도면의 설명 1원소 보유) [F2] 도면 설명 1원소에 도 15개 뭉침
KR 10-2650378 B1,B1,등록특허공보,등록공고,고임 스틸 이탈방지 장치,8,,,8,D1 D3 D7 D2 D5 D6 D12 D8,[D5] 상세설명에 하위섹션+전문 중복 렌더(섹션 10065자 = 전문 9095 + 하위섹션 2541) / [D6] 도면 미반입인데 패널 노출(서지 도면 수 0건 / 패널 캡션 1개 · 이미지 없음) / [D12] 서지 청구항 수 4개 ↔ 청구범위 목록 6개(삭제 2) 불일치 / [D8] 독립항 목록 3개 중 2개가 본문 '삭제',[F1] drawing_count 0 (도면의 설명 1원소 보유) [F2] 도면 설명 1원소에 도 5개 뭉침
KR 10-2650486 B1,B1,등록특허공보,등록공고,접힌 안테나 모듈들을 갖는 전자 디바이스들,8,,,8,D1 D3 D7 D2 D5 D6 D12 D8,[D5] 상세설명에 하위섹션+전문 중복 렌더(섹션 56521자 = 전문 57651 + 하위섹션 1693) / [D6] 도면 미반입인데 패널 노출(서지 도면 수 0건 / 패널 캡션 1개 · 이미지 없음) / [D12] 서지 청구항 수 18개 ↔ 청구범위 목록 20개(삭제 2) 불일치 / [D8] 독립항 목록 5개 중 2개가 본문 '삭제',[F1] drawing_count 0 (도면의 설명 1원소 보유) [F2] 도면 설명 1원소에 도 15개 뭉침
KR 10-2650505 B1,B1,등록특허공보,등록공고,절단면 강도를 보존하는 초박형유리가공품 피킹 장치 및 방법,8,,,8,D1 D3 D7 D2 D5 D6 D12 D8,[D5] 상세설명에 하위섹션+전문 중복 렌더(섹션 10392자 = 전문 8390 + 하위섹션 3426) / [D6] 도면 미반입인데 패널 노출(서지 도면 수 0건 / 패널 캡션 1개 · 이미지 없음) / [D12] 서지 청구항 수 3개 ↔ 청구범위 목록 6개(삭제 3) 불일치 / [D8] 독립항 목록 5개 중 3개가 본문 '삭제',[F1] drawing_count 0 (도면의 설명 1원소 보유) [F2] 도면 설명 1원소에 도 5개 뭉침
KR 10-2650518 B1,B1,등록특허공보,등록공고,차량번호를 이용한 입주자 확인 서비스 제공 시스템,8,,,8,D1 D3 D7 D2 D5 D6 D12 D8,[D5] 상세설명에 하위섹션+전문 중복 렌더(섹션 22154자 = 전문 21262 + 하위섹션 2449) / [D6] 도면 미반입인데 패널 노출(서지 도면 수 0건 / 패널 캡션 1개 · 이미지 없음) / [D12] 서지 청구항 수 8개 ↔ 청구범위 목록 10개(삭제 2) 불일치 / [D8] 독립항 목록 3개 중 2개가 본문 '삭제',[F1] drawing_count 0 (도면의 설명 1원소 보유) [F2] 도면 설명 1원소에 도 6개 뭉침
KR 10-2650527 B1,B1,등록특허공보,등록공고,배변활동 일관성 개선에 도움이 되는 건자두와 호두를 이용한 푸룬앤 월넛의 제조방법,8,,,8,D1 D3 D7 D2 D5 D6 D12 D8,[D5] 상세설명에 하위섹션+전문 중복 렌더(섹션 12002자 = 전문 10599 + 하위섹션 3168) / [D6] 도면 미반입인데 패널 노출(서지 도면 수 0건 / 패널 캡션 1개 · 이미지 없음) / [D12] 서지 청구항 수 2개 ↔ 청구범위 목록 5개(삭제 3) 불일치 / [D8] 독립항 목록 4개 중 3개가 본문 '삭제',[F1] drawing_count 0 (도면의 설명 1원소 보유)
KR 10-2650529 B1,B1,등록특허공보,등록공고,판재 자동절곡기,8,,,8,D1 D3 D7 D2 D5 D6 D12 D8,[D5] 상세설명에 하위섹션+전문 중복 렌더(섹션 10717자 = 전문 8871 + 하위섹션 3131) / [D6] 도면 미반입인데 패널 노출(서지 도면 수 0건 / 패널 캡션 1개 · 이미지 없음) / [D12] 서지 청구항 수 3개 ↔ 청구범위 목록 4개(삭제 1) 불일치 / [D8] 독립항 목록 2개 중 1개가 본문 '삭제',[F1] drawing_count 0 (도면의 설명 1원소 보유) [F2] 도면 설명 1원소에 도 10개 뭉침
KR 10-2650547 B1,B1,등록특허공보,등록공고,"옵티칼 렌즈 어셈블리, 장치, 및 이미지 형성 방법",8,,,8,D1 D3 D7 D2 D5 D6 D12 D8,[D5] 상세설명에 하위섹션+전문 중복 렌더(섹션 71609자 = 전문 78182 + 하위섹션 5636) / [D6] 도면 미반입인데 패널 노출(서지 도면 수 0건 / 패널 캡션 1개 · 이미지 없음) / [D12] 서지 청구항 수 22개 ↔ 청구범위 목록 25개(삭제 3) 불일치 / [D8] 독립항 목록 9개 중 3개가 본문 '삭제',[F1] drawing_count 0 (도면의 설명 1원소 보유) [F2] 도면 설명 1원소에 도 24개 뭉침
KR 10-2650559 B1,B1,등록특허공보,등록공고,회전 드라이브,8,,,8,D1 D3 D7 D2 D5 D6 D12 D8,[D5] 상세설명에 하위섹션+전문 중복 렌더(섹션 42967자 = 전문 31139 + 하위섹션 14882) / [D6] 도면 미반입인데 패널 노출(서지 도면 수 0건 / 패널 캡션 1개 · 이미지 없음) / [D12] 서지 청구항 수 20개 ↔ 청구범위 목록 22개(삭제 2) 불일치 / [D8] 독립항 목록 3개 중 2개가 본문 '삭제',[F1] drawing_count 0 (도면의 설명 1원소 보유) [F2] 도면 설명 1원소에 도 15개 뭉침
KR 10-2650569 B1,B1,등록특허공보,등록공고,범용 연산 가속기 및 그것의 동작 방법,8,,,8,D1 D3 D7 D2 D5 D6 D12 D8,[D5] 상세설명에 하위섹션+전문 중복 렌더(섹션 31675자 = 전문 29783 + 하위섹션 4366) / [D6] 도면 미반입인데 패널 노출(서지 도면 수 0건 / 패널 캡션 1개 · 이미지 없음) / [D12] 서지 청구항 수 13개 ↔ 청구범위 목록 15개(삭제 2) 불일치 / [D8] 독립항 목록 4개 중 2개가 본문 '삭제',[F1] drawing_count 0 (도면의 설명 1원소 보유) [F2] 도면 설명 1원소에 도 15개 뭉침
KR 10-2650584 B1,B1,등록특허공보,등록공고,토끼풀 건조분말을 이용한 토양개량제 조성물,8,,,8,D1 D3 D7 D2 D5 D12 D8 D8c,[D5] 상세설명에 하위섹션+전문 중복 렌더(섹션 13447자 = 전문 12219 + 하위섹션 3103) / [D12] 서지 청구항 수 5개 ↔ 청구범위 목록 7개(삭제 2) 불일치 / [D8] 독립항 목록 7개 중 2개가 본문 '삭제' / [D8c] 종속항 0 · 삭제항 2 → 독립/전체 토글 결과 동일(7개),
KR 10-2650595 B1,B1,등록특허공보,등록공고,"페닐-나프탈레닐-피라졸린 유도체, 이의 제조방법 및 이를 포함하는 항암제",8,,,8,D1 D3 D7 D2 D5 D6 D12 D8,[D5] 상세설명에 하위섹션+전문 중복 렌더(섹션 39536자 = 전문 42747 + 하위섹션 2477) / [D6] 도면 미반입인데 패널 노출(서지 도면 수 0건 / 패널 캡션 1개 · 이미지 없음) / [D12] 서지 청구항 수 6개 ↔ 청구범위 목록 8개(삭제 2) 불일치 / [D8] 독립항 목록 4개 중 2개가 본문 '삭제',[F1] drawing_count 0 (도면의 설명 1원소 보유)
KR 10-2650606 B1,B1,등록특허공보,정정공고,암치료용 전류 공급 방법 및 장치,8,,,8,D1 D3 D7 D2 D5 D6 D12 D8,[D5] 상세설명에 하위섹션+전문 중복 렌더(섹션 18735자 = 전문 17071 + 하위섹션 4145) / [D6] 도면 미반입인데 패널 노출(서지 도면 수 0건 / 패널 캡션 1개 · 이미지 없음) / [D12] 서지 청구항 수 9개 ↔ 청구범위 목록 15개(삭제 6) 불일치 / [D8] 독립항 목록 8개 중 6개가 본문 '삭제',[F1] drawing_count 0 (도면의 설명 1원소 보유) [F2] 도면 설명 1원소에 도 5개 뭉침
KR 10-2650616 B1,B1,등록특허공보,등록공고,"표시 제어 장치, 표시 제어 방법 및 표시 제어 프로그램",8,,,8,D1 D3 D7 D2 D5 D6 D12 D8,[D5] 상세설명에 하위섹션+전문 중복 렌더(섹션 43934자 = 전문 47186 + 하위섹션 1893) / [D6] 도면 미반입인데 패널 노출(서지 도면 수 0건 / 패널 캡션 1개 · 이미지 없음) / [D12] 서지 청구항 수 14개 ↔ 청구범위 목록 17개(삭제 3) 불일치 / [D8] 독립항 목록 6개 중 3개가 본문 '삭제',[F1] drawing_count 0 (도면의 설명 1원소 보유) [F2] 도면 설명 1원소에 도 21개 뭉침
KR 10-2650671 B1,B1,등록특허공보,등록공고,심부름 요청에 따른 적정 심부름 가격을 제시하는 전자 장치,8,,,8,D1 D3 D7 D2 D5 D6 D12 D8,[D5] 상세설명에 하위섹션+전문 중복 렌더(섹션 22299자 = 전문 21877 + 하위섹션 2913) / [D6] 도면 미반입인데 패널 노출(서지 도면 수 0건 / 패널 캡션 1개 · 이미지 없음) / [D12] 서지 청구항 수 3개 ↔ 청구범위 목록 5개(삭제 2) 불일치 / [D8] 독립항 목록 3개 중 2개가 본문 '삭제',[F1] drawing_count 0 (도면의 설명 1원소 보유) [F2] 도면 설명 1원소에 도 5개 뭉침
KR 10-2650673 B1,B1,등록특허공보,등록공고,CSS 신호를 이용하는 수중 통신 시스템 및 그 수중 통신방법,8,,,8,D1 D3 D7 D2 D5 D6 D12 D8,[D5] 상세설명에 하위섹션+전문 중복 렌더(섹션 15769자 = 전문 13182 + 하위섹션 4188) / [D6] 도면 미반입인데 패널 노출(서지 도면 수 0건 / 패널 캡션 1개 · 이미지 없음) / [D12] 서지 청구항 수 7개 ↔ 청구범위 목록 9개(삭제 2) 불일치 / [D8] 독립항 목록 4개 중 2개가 본문 '삭제',[F1] drawing_count 0 (도면의 설명 1원소 보유) [F2] 도면 설명 1원소에 도 16개 뭉침
KR 10-2650710 B1,B1,등록특허공보,등록공고,방열폼 시트의 제조방법,8,,,8,D1 D3 D7 D2 D5 D6 D12 D8,[D5] 상세설명에 하위섹션+전문 중복 렌더(섹션 23143자 = 전문 21623 + 하위섹션 5395) / [D6] 도면 미반입인데 패널 노출(서지 도면 수 0건 / 패널 캡션 1개 · 이미지 없음) / [D12] 서지 청구항 수 9개 ↔ 청구범위 목록 16개(삭제 7) 불일치 / [D8] 독립항 목록 8개 중 7개가 본문 '삭제',[F1] drawing_count 0 (도면의 설명 1원소 보유)
KR 10-2650719 B1,B1,등록특허공보,등록공고,암모니아 연료전지 차량 제어 장치 및 그 제어 방법,8,,,8,D1 D3 D7 D2 D5 D6 D12 D8,[D5] 상세설명에 하위섹션+전문 중복 렌더(섹션 24304자 = 전문 23897 + 하위섹션 4279) / [D6] 도면 미반입인데 패널 노출(서지 도면 수 0건 / 패널 캡션 1개 · 이미지 없음) / [D12] 서지 청구항 수 9개 ↔ 청구범위 목록 10개(삭제 1) 불일치 / [D8] 독립항 목록 5개 중 1개가 본문 '삭제',[F1] drawing_count 0 (도면의 설명 1원소 보유) [F2] 도면 설명 1원소에 도 8개 뭉침
KR 10-2650727 B1,B1,등록특허공보,등록공고,차량용 열교환기,8,,,8,D1 D3 D7 D2 D5 D6 D12 D8,[D5] 상세설명에 하위섹션+전문 중복 렌더(섹션 22121자 = 전문 20055 + 하위섹션 4881) / [D6] 도면 미반입인데 패널 노출(서지 도면 수 0건 / 패널 캡션 1개 · 이미지 없음) / [D12] 서지 청구항 수 15개 ↔ 청구범위 목록 17개(삭제 2) 불일치 / [D8] 독립항 목록 3개 중 2개가 본문 '삭제',[F1] drawing_count 0 (도면의 설명 1원소 보유) [F2] 도면 설명 1원소에 도 19개 뭉침
KR 10-2650837 B1,B1,등록특허공보,등록공고,반자동 록킹 및 언록킹 기능을 갖는 중량물 인양장치,8,,,8,D1 D3 D7 D2 D5 D6 D12 D8,[D5] 상세설명에 하위섹션+전문 중복 렌더(섹션 16492자 = 전문 14830 + 하위섹션 3884) / [D6] 도면 미반입인데 패널 노출(서지 도면 수 0건 / 패널 캡션 1개 · 이미지 없음) / [D12] 서지 청구항 수 3개 ↔ 청구범위 목록 7개(삭제 4) 불일치 / [D8] 독립항 목록 5개 중 4개가 본문 '삭제',[F1] drawing_count 0 (도면의 설명 1원소 보유) [F2] 도면 설명 1원소에 도 19개 뭉침
KR 10-2651058 B1,B1,등록특허공보,등록공고,"헤테로고리 화합물, 이를 포함한 발광 소자 및 상기 발광 소자를 포함한 전자 장치",8,,,8,D1 D3 D7 D2 D5 D6 D12 D8,[D5] 상세설명에 하위섹션+전문 중복 렌더(섹션 86089자 = 전문 96883 + 하위섹션 4206) / [D6] 도면 미반입인데 패널 노출(서지 도면 수 0건 / 패널 캡션 1개 · 이미지 없음) / [D12] 서지 청구항 수 18개 ↔ 청구범위 목록 20개(삭제 2) 불일치 / [D8] 독립항 목록 4개 중 2개가 본문 '삭제',[F1] drawing_count 0 (도면의 설명 1원소 보유)
KR 10-2651128 B1,B1,등록특허공보,등록공고,데이터 비교 기록을 수행하는 메모리 장치 및 이를 포함하는 메모리 시스템,8,,,8,D1 D3 D7 D2 D5 D6 D12 D8,[D5] 상세설명에 하위섹션+전문 중복 렌더(섹션 35376자 = 전문 34737 + 하위섹션 3130) / [D6] 도면 미반입인데 패널 노출(서지 도면 수 0건 / 패널 캡션 1개 · 이미지 없음) / [D12] 서지 청구항 수 13개 ↔ 청구범위 목록 20개(삭제 7) 불일치 / [D8] 독립항 목록 10개 중 7개가 본문 '삭제',[F1] drawing_count 0 (도면의 설명 1원소 보유) [F2] 도면 설명 1원소에 도 19개 뭉침
KR 10-2651240 B1,B1,등록특허공보,등록공고,차량용 엘이디 램프의 제어 장치 및 방법,8,,,8,D1 D3 D7 D2 D5 D6 D12 D8,[D5] 상세설명에 하위섹션+전문 중복 렌더(섹션 9528자 = 전문 7562 + 하위섹션 3212) / [D6] 도면 미반입인데 패널 노출(서지 도면 수 0건 / 패널 캡션 1개 · 이미지 없음) / [D12] 서지 청구항 수 7개 ↔ 청구범위 목록 9개(삭제 2) 불일치 / [D8] 독립항 목록 4개 중 2개가 본문 '삭제',[F1] drawing_count 0 (도면의 설명 1원소 보유)
KR 10-2651267 B1,B1,등록특허공보,등록공고,온오프라인 휴대 단말기 가격 비교 및 판매 쇼핑몰 제공 시스템,8,,,8,D1 D3 D7 D2 D5 D6 D12 D8,[D5] 상세설명에 하위섹션+전문 중복 렌더(섹션 25633자 = 전문 20684 + 하위섹션 7695) / [D6] 도면 미반입인데 패널 노출(서지 도면 수 0건 / 패널 캡션 1개 · 이미지 없음) / [D12] 서지 청구항 수 5개 ↔ 청구범위 목록 11개(삭제 6) 불일치 / [D8] 독립항 목록 7개 중 6개가 본문 '삭제',[F1] drawing_count 0 (도면의 설명 1원소 보유) [F2] 도면 설명 1원소에 도 9개 뭉침
KR 10-2651304 B1,B1,등록특허공보,등록공고,저항이 안정적인 포고 핀,8,,,8,D1 D3 D7 D2 D5 D6 D12 D8,[D5] 상세설명에 하위섹션+전문 중복 렌더(섹션 10490자 = 전문 9291 + 하위섹션 2855) / [D6] 도면 미반입인데 패널 노출(서지 도면 수 0건 / 패널 캡션 1개 · 이미지 없음) / [D12] 서지 청구항 수 7개 ↔ 청구범위 목록 8개(삭제 1) 불일치 / [D8] 독립항 목록 2개 중 1개가 본문 '삭제',[F1] drawing_count 0 (도면의 설명 1원소 보유) [F2] 도면 설명 1원소에 도 7개 뭉침
KR 10-2651348 B1,B1,등록특허공보,등록공고,발기 촉진 유지 및 전립선 건강 개선용 식품 조성물,8,,,8,D1 D3 D7 D2 D5 D12 D8 D8c,[D5] 상세설명에 하위섹션+전문 중복 렌더(섹션 22369자 = 전문 20417 + 하위섹션 5007) / [D12] 서지 청구항 수 1개 ↔ 청구범위 목록 3개(삭제 2) 불일치 / [D8] 독립항 목록 3개 중 2개가 본문 '삭제' / [D8c] 종속항 0 · 삭제항 2 → 독립/전체 토글 결과 동일(3개),
KR 10-2651468 B1,B1,등록특허공보,등록공고,개체명 인식 장치 및 방법,8,,,8,D1 D3 D7 D2 D5 D6 D12 D8,[D5] 상세설명에 하위섹션+전문 중복 렌더(섹션 22335자 = 전문 20525 + 하위섹션 3526) / [D6] 도면 미반입인데 패널 노출(서지 도면 수 0건 / 패널 캡션 1개 · 이미지 없음) / [D12] 서지 청구항 수 8개 ↔ 청구범위 목록 14개(삭제 6) 불일치 / [D8] 독립항 목록 8개 중 6개가 본문 '삭제',[F1] drawing_count 0 (도면의 설명 1원소 보유) [F2] 도면 설명 1원소에 도 5개 뭉침
KR 10-2651619 B1,B1,등록특허공보,등록공고,차량의 하이브리드 파워트레인,8,,,8,D1 D3 D7 D2 D6 D12 D8 D8c,[D6] 도면 미반입인데 패널 노출(서지 도면 수 0건 / 패널 캡션 1개 · 이미지 없음) / [D12] 서지 청구항 수 7개 ↔ 청구범위 목록 9개(삭제 2) 불일치 / [D8] 독립항 목록 9개 중 2개가 본문 '삭제' / [D8c] 종속항 0 · 삭제항 2 → 독립/전체 토글 결과 동일(9개),[F1] drawing_count 0 (도면의 설명 1원소 보유) [F2] 도면 설명 1원소에 도 12개 뭉침
KR 10-2651622 B1,B1,등록특허공보,등록공고,차량용 DCT,8,,,8,D1 D3 D7 D2 D6 D12 D8 D8c,[D6] 도면 미반입인데 패널 노출(서지 도면 수 0건 / 패널 캡션 1개 · 이미지 없음) / [D12] 서지 청구항 수 11개 ↔ 청구범위 목록 16개(삭제 5) 불일치 / [D8] 독립항 목록 16개 중 5개가 본문 '삭제' / [D8c] 종속항 0 · 삭제항 5 → 독립/전체 토글 결과 동일(16개),[F1] drawing_count 0 (도면의 설명 1원소 보유) [F2] 도면 설명 1원소에 도 10개 뭉침
KR 10-2651624 B1,B1,등록특허공보,등록공고,"유리 조성물, 이를 포함하는 감지 장치 및 용기",8,,,8,D1 D3 D7 D2 D5 D6 D12 D8,[D5] 상세설명에 하위섹션+전문 중복 렌더(섹션 34289자 = 전문 34691 + 하위섹션 5202) / [D6] 도면 미반입인데 패널 노출(서지 도면 수 0건 / 패널 캡션 1개 · 이미지 없음) / [D12] 서지 청구항 수 4개 ↔ 청구범위 목록 16개(삭제 12) 불일치 / [D8] 독립항 목록 13개 중 12개가 본문 '삭제',[F1] drawing_count 0 (도면의 설명 1원소 보유) [F2] 도면 설명 1원소에 도 21개 뭉침
KR 10-2651631 B1,B1,등록특허공보,등록공고,온라인 기반 한국어 능숙도 평가 장치 및 방법,8,,,8,D1 D3 D7 D2 D5 D6 D12 D8,[D5] 상세설명에 하위섹션+전문 중복 렌더(섹션 9617자 = 전문 9199 + 하위섹션 1600) / [D6] 도면 미반입인데 패널 노출(서지 도면 수 0건 / 패널 캡션 1개 · 이미지 없음) / [D12] 서지 청구항 수 7개 ↔ 청구범위 목록 9개(삭제 2) 불일치 / [D8] 독립항 목록 4개 중 2개가 본문 '삭제',[F1] drawing_count 0 (도면의 설명 1원소 보유) [F2] 도면 설명 1원소에 도 16개 뭉침
KR 10-2651822 B1,B1,등록특허공보,등록공고,다운링크 제어 채널 건너뛰기,8,,,8,D1 D3 D7 D2 D5 D6 D12 D8,[D5] 상세설명에 하위섹션+전문 중복 렌더(섹션 159697자 = 전문 165225 + 하위섹션 2260) / [D6] 도면 미반입인데 패널 노출(서지 도면 수 0건 / 패널 캡션 1개 · 이미지 없음) / [D12] 서지 청구항 수 15개 ↔ 청구범위 목록 30개(삭제 15) 불일치 / [D8] 독립항 목록 17개 중 15개가 본문 '삭제',[F1] drawing_count 0 (도면의 설명 1원소 보유) [F2] 도면 설명 1원소에 도 58개 뭉침
KR 10-2651948 B1,B1,등록특허공보,등록공고,오디오 왜곡 보상,8,,,8,D1 D3 D7 D2 D5 D6 D12 D8,[D5] 상세설명에 하위섹션+전문 중복 렌더(섹션 24148자 = 전문 20715 + 하위섹션 5405) / [D6] 도면 미반입인데 패널 노출(서지 도면 수 0건 / 패널 캡션 1개 · 이미지 없음) / [D12] 서지 청구항 수 27개 ↔ 청구범위 목록 29개(삭제 2) 불일치 / [D8] 독립항 목록 6개 중 2개가 본문 '삭제',[F1] drawing_count 0 (도면의 설명 1원소 보유) [F2] 도면 설명 1원소에 도 9개 뭉침
KR 10-2651985 B1,B1,등록특허공보,등록공고,가상 현실 기반 이동보조기기 체험 시스템,8,,,8,D1 D3 D7 D2 D5 D6 D12 D8,[D5] 상세설명에 하위섹션+전문 중복 렌더(섹션 24562자 = 전문 23227 + 하위섹션 4211) / [D6] 도면 미반입인데 패널 노출(서지 도면 수 0건 / 패널 캡션 1개 · 이미지 없음) / [D12] 서지 청구항 수 5개 ↔ 청구범위 목록 9개(삭제 4) 불일치 / [D8] 독립항 목록 5개 중 4개가 본문 '삭제',[F1] drawing_count 0 (도면의 설명 1원소 보유) [F2] 도면 설명 1원소에 도 7개 뭉침
KR 10-2663232 B1,B1,등록특허공보,등록공고,건축물 마감외장재 조성물 및 이의 제조방법,8,,,8,D1 D3 D7 D2 D5 D12 D8 D4,[D5] 상세설명에 하위섹션+전문 중복 렌더(섹션 20658자 = 전문 18248 + 하위섹션 2719) / [D12] 서지 청구항 수 6개 ↔ 청구범위 목록 10개(삭제 4) 불일치 / [D8] 독립항 목록 6개 중 4개가 본문 '삭제' / [D4] 공개번호(10-2023-0052317)와 표시 일자(2024-05-10) 계열 불일치 · 문헌일 2023-04-20,
KR 10-2665374 B1,B1,등록특허공보,등록공고,고흡수성 수지의 제조 방법,8,,,8,D1 D3 D7 D2 D5 D12 D8 D4,[D5] 상세설명에 하위섹션+전문 중복 렌더(섹션 23691자 = 전문 22291 + 하위섹션 1955) / [D12] 서지 청구항 수 9개 ↔ 청구범위 목록 11개(삭제 2) 불일치 / [D8] 독립항 목록 3개 중 2개가 본문 '삭제' / [D4] 공개번호(10-2020-0038056)와 표시 일자(2024-05-09) 계열 불일치 · 문헌일 2020-04-10,
KR 10-2665653 B1,B1,등록특허공보,등록공고,불소실리콘 고무를 포함하는 열가소성 가교물 및 이의 제조방법,8,,,8,D1 D3 D7 D2 D5 D12 D8 D4,[D5] 상세설명에 하위섹션+전문 중복 렌더(섹션 16959자 = 전문 13019 + 하위섹션 4398) / [D12] 서지 청구항 수 13개 ↔ 청구범위 목록 17개(삭제 4) 불일치 / [D8] 독립항 목록 6개 중 4개가 본문 '삭제' / [D4] 공개번호(10-2023-0073665)와 표시 일자(2024-05-14) 계열 불일치 · 문헌일 2023-05-26,
KR 10-2665791 B1,B1,등록특허공보,등록공고,두릅을 함유하는 흑염소 진액 및 그 제조방법,8,,,8,D1 D3 D7 D2 D5 D12 D8 D4b,[D5] 상세설명에 하위섹션+전문 중복 렌더(섹션 14691자 = 전문 12310 + 하위섹션 2750) / [D12] 서지 청구항 수 4개 ↔ 청구범위 목록 5개(삭제 1) 불일치 / [D8] 독립항 목록 2개 중 1개가 본문 '삭제' / [D4b] 공개/공고번호 — 인데 공개/공고일(2024-05-10)만 표시,
KR 10-2666809 B1,B1,등록특허공보,등록공고,내스크래치성이 향상된 폴리카보네이트 공중합체 및 그 제조방법,8,,,8,D1 D3 D7 D2 D5 D12 D8 D4,[D5] 상세설명에 하위섹션+전문 중복 렌더(섹션 19376자 = 전문 17385 + 하위섹션 2237) / [D12] 서지 청구항 수 8개 ↔ 청구범위 목록 13개(삭제 5) 불일치 / [D8] 독립항 목록 7개 중 5개가 본문 '삭제' / [D4] 공개번호(10-2023-0070799)와 표시 일자(2024-05-17) 계열 불일치 · 문헌일 2023-05-23,
KR 10-2688874 B1,B1,등록특허공보,등록공고,고구마 껍질 추출물을 포함하는 장내균총 개선용 프리바이오틱스 조성물 및 이를 포함하는 식품 조성물,8,,,8,D1 D3 D7 D5 D6 D12 D8 D4,[D5] 상세설명에 하위섹션+전문 중복 렌더(섹션 31197자 = 전문 28563 + 하위섹션 3922) / [D6] 도면 미반입인데 패널 노출(서지 도면 수 0건 / 패널 캡션 1개 · 이미지 없음) / [D12] 서지 청구항 수 4개 ↔ 청구범위 목록 9개(삭제 5) 불일치 / [D8] 독립항 목록 6개 중 5개가 본문 '삭제' / [D4] 공개번호(10-2022-0170019)와 표시 일자(2024-07-29) 계열 불일치 · 문헌일 2022-12-29,[F1] drawing_count 0 (도면의 설명 1원소 보유) [F2] 도면 설명 1원소에 도 16개 뭉침
KR 10-2689516 B1,B1,등록특허공보,등록공고,반추위액 미생물 배양액의 제조방법 및 이를 포함하는 사료첨가제,8,,,8,D1 D3 D7 D2 D5 D12 D8 D4b,[D5] 상세설명에 하위섹션+전문 중복 렌더(섹션 15351자 = 전문 13077 + 하위섹션 2654) / [D12] 서지 청구항 수 6개 ↔ 청구범위 목록 9개(삭제 3) 불일치 / [D8] 독립항 목록 4개 중 3개가 본문 '삭제' / [D4b] 공개/공고번호 — 인데 공개/공고일(2024-07-29)만 표시,
KR 10-2690150 B1,B1,등록특허공보,등록공고,저점도 점안 조성물의 제조방법,8,,,8,D1 D3 D7 D2 D5 D12 D8 D4,[D5] 상세설명에 하위섹션+전문 중복 렌더(섹션 11576자 = 전문 10136 + 하위섹션 1808) / [D12] 서지 청구항 수 7개 ↔ 청구범위 목록 8개(삭제 1) 불일치 / [D8] 독립항 목록 2개 중 1개가 본문 '삭제' / [D4] 공개번호(10-2023-0015781)와 표시 일자(2024-07-31) 계열 불일치 · 문헌일 2023-01-31,
KR 10-2690257 B1,B1,등록특허공보,등록공고,"리튬 이차전지용 바인더, 이를 포함하는 리튬 이차전지용 음극 및 리튬 이차전지",8,,,8,D1 D3 D7 D2 D5 D12 D8 D4,[D5] 상세설명에 하위섹션+전문 중복 렌더(섹션 25025자 = 전문 23323 + 하위섹션 2395) / [D12] 서지 청구항 수 15개 ↔ 청구범위 목록 17개(삭제 2) 불일치 / [D8] 독립항 목록 3개 중 2개가 본문 '삭제' / [D4] 공개번호(10-2020-0047273)와 표시 일자(2024-08-01) 계열 불일치 · 문헌일 2020-05-07,
KR 10-2690771 B1,B1,등록특허공보,등록공고,PETase의 세포외 분비용 재조합 균주,8,,,8,D1 D3 D7 D5 D6 D12 D8 D4,[D5] 상세설명에 하위섹션+전문 중복 렌더(섹션 19265자 = 전문 15892 + 하위섹션 3636) / [D6] 도면 미반입인데 패널 노출(서지 도면 수 0건 / 패널 캡션 1개 · 이미지 없음) / [D12] 서지 청구항 수 11개 ↔ 청구범위 목록 14개(삭제 3) 불일치 / [D8] 독립항 목록 4개 중 3개가 본문 '삭제' / [D4] 공개번호(10-2023-0057844)와 표시 일자(2024-07-31) 계열 불일치 · 문헌일 2023-05-02,[F1] drawing_count 0 (도면의 설명 1원소 보유) [F2] 도면 설명 1원소에 도 7개 뭉침
KR 10-2691022 B1,B1,등록특허공보,등록공고,"밀씨 유래 다당체, 이의 제조방법 및 이를 포함하는 항노화 화장료 조성물",8,,,8,D1 D3 D7 D2 D5 D12 D8 D4b,[D5] 상세설명에 하위섹션+전문 중복 렌더(섹션 17494자 = 전문 15221 + 하위섹션 2743) / [D12] 서지 청구항 수 12개 ↔ 청구범위 목록 14개(삭제 2) 불일치 / [D8] 독립항 목록 3개 중 2개가 본문 '삭제' / [D4b] 공개/공고번호 — 인데 공개/공고일(2024-08-06)만 표시,
KR 10-2691988 B1,B1,등록특허공보,등록공고,"팽화 처리에 의해 효소활성이 향상된 팽화곡물 발효효소, 이의 제조방법 및 이를 포함하는 식품 조성물",8,,,8,D1 D3 D7 D5 D6 D12 D8 D4b,[D5] 상세설명에 하위섹션+전문 중복 렌더(섹션 14562자 = 전문 11178 + 하위섹션 3686) / [D6] 도면 미반입인데 패널 노출(서지 도면 수 0건 / 패널 캡션 1개 · 이미지 없음) / [D12] 서지 청구항 수 6개 ↔ 청구범위 목록 12개(삭제 6) 불일치 / [D8] 독립항 목록 8개 중 6개가 본문 '삭제' / [D4b] 공개/공고번호 — 인데 공개/공고일(2024-08-06)만 표시,[F1] drawing_count 0 (도면의 설명 1원소 보유)
KR 10-2701610 B1,B1,등록특허공보,등록공고,엘더 캘러스 배양물 또는 그 추출물을 유효성분으로 함유하는 피부 상태 개선용 조성물,8,,,8,D1 D3 D7 D5 D6 D12 D8 D4b,[D5] 상세설명에 하위섹션+전문 중복 렌더(섹션 52077자 = 전문 31743 + 하위섹션 21023) / [D6] 도면 미반입인데 패널 노출(서지 도면 수 0건 / 패널 캡션 1개 · 이미지 없음) / [D12] 서지 청구항 수 11개 ↔ 청구범위 목록 15개(삭제 4) 불일치 / [D8] 독립항 목록 8개 중 4개가 본문 '삭제' / [D4b] 공개/공고번호 — 인데 공개/공고일(2024-09-05)만 표시,[F1] drawing_count 0 (도면의 설명 1원소 보유) [F2] 도면 설명 1원소에 도 9개 뭉침
KR 10-2703379 B1,B1,등록특허공보,등록공고,꽃게 및 새우를 포함하는 비스큐 소스 조성물 및 이의 제조방법,8,,,8,D1 D3 D7 D2 D5 D12 D8 D4,[D5] 상세설명에 하위섹션+전문 중복 렌더(섹션 28099자 = 전문 27012 + 하위섹션 2956) / [D12] 서지 청구항 수 5개 ↔ 청구범위 목록 7개(삭제 2) 불일치 / [D8] 독립항 목록 4개 중 2개가 본문 '삭제' / [D4] 공개번호(10-2023-0022484)와 표시 일자(2024-09-04) 계열 불일치 · 문헌일 2023-02-16,
KR 10-2704256 B1,B1,등록특허공보,등록공고,GmIPK1 유전자 교정에 의해 피트산 함량이 감소된 콩 식물체의 제조방법 및 상기 방법에 의해 제조된 피트,8,,,8,D1 D3 D7 D5 D6 D12 D8 D4,[D5] 상세설명에 하위섹션+전문 중복 렌더(섹션 23308자 = 전문 20381 + 하위섹션 3433) / [D6] 도면 미반입인데 패널 노출(서지 도면 수 0건 / 패널 캡션 1개 · 이미지 없음) / [D12] 서지 청구항 수 6개 ↔ 청구범위 목록 8개(삭제 2) 불일치 / [D8] 독립항 목록 4개 중 2개가 본문 '삭제' / [D4] 공개번호(10-2023-0047550)와 표시 일자(2024-09-06) 계열 불일치 · 문헌일 2023-04-10,[F1] drawing_count 0 (도면의 설명 1원소 보유) [F2] 도면 설명 1원소에 도 8개 뭉침
KR 10-2704273 B1,B1,등록특허공보,등록공고,고기능성 미끄럼방지 포장재 조성물 및 이를 이용한 미끄럼방지 포장 시공방법,8,,,8,D1 D3 D7 D2 D5 D12 D8 D4b,[D5] 상세설명에 하위섹션+전문 중복 렌더(섹션 21999자 = 전문 19031 + 하위섹션 3960) / [D12] 서지 청구항 수 5개 ↔ 청구범위 목록 6개(삭제 1) 불일치 / [D8] 독립항 목록 2개 중 1개가 본문 '삭제' / [D4b] 공개/공고번호 — 인데 공개/공고일(2024-09-09)만 표시,
KR 10-2705358 B1,B1,등록특허공보,등록공고,아크릴 계 에멀젼 점착제 조성물,8,,,8,D1 D3 D7 D2 D5 D12 D8 D4,[D5] 상세설명에 하위섹션+전문 중복 렌더(섹션 34970자 = 전문 19875 + 하위섹션 16016) / [D12] 서지 청구항 수 12개 ↔ 청구범위 목록 13개(삭제 1) 불일치 / [D8] 독립항 목록 2개 중 1개가 본문 '삭제' / [D4] 공개번호(10-2021-0031322)와 표시 일자(2024-09-09) 계열 불일치 · 문헌일 2021-03-19,
KR 10-2731048 B1,B1,등록특허공보,등록공고,캡핑된 폴리(페닐렌 옥사이드)의 제조방법,8,,,8,D1 D3 D7 D2 D5 D12 D8 D4b,[D5] 상세설명에 하위섹션+전문 중복 렌더(섹션 25345자 = 전문 20197 + 하위섹션 6117) / [D12] 서지 청구항 수 14개 ↔ 청구범위 목록 16개(삭제 2) 불일치 / [D8] 독립항 목록 3개 중 2개가 본문 '삭제' / [D4b] 공개/공고번호 — 인데 공개/공고일(2024-11-15)만 표시,
KR 10-2731131 B1,B1,등록특허공보,등록공고,가용화 파트너 및 GP41.1 인테인을 이용한 보툴리눔 독소 생산방법,8,,,8,D1 D3 D7 D5 D6 D12 D8 D4b,[D5] 상세설명에 하위섹션+전문 중복 렌더(섹션 25338자 = 전문 19887 + 하위섹션 5649) / [D6] 도면 미반입인데 패널 노출(서지 도면 수 0건 / 패널 캡션 1개 · 이미지 없음) / [D12] 서지 청구항 수 4개 ↔ 청구범위 목록 5개(삭제 1) 불일치 / [D8] 독립항 목록 3개 중 1개가 본문 '삭제' / [D4b] 공개/공고번호 — 인데 공개/공고일(2024-11-18)만 표시,[F1] drawing_count 0 (도면의 설명 1원소 보유) [F2] 도면 설명 1원소에 도 11개 뭉침
KR 10-2731982 B1,B1,등록특허공보,등록공고,상온 경화형 친환경 방오코팅 조성물 이를 포함하는 친환경 방오코팅막,8,,,8,D1 D3 D7 D2 D5 D12 D8 D4,[D5] 상세설명에 하위섹션+전문 중복 렌더(섹션 15079자 = 전문 11860 + 하위섹션 3427) / [D12] 서지 청구항 수 8개 ↔ 청구범위 목록 11개(삭제 3) 불일치 / [D8] 독립항 목록 4개 중 3개가 본문 '삭제' / [D4] 공개번호(10-2023-0063381)와 표시 일자(2024-11-19) 계열 불일치 · 문헌일 2023-05-09,
KR 10-2733847 B1,B1,등록특허공보,등록공고,인테리어 마감재 및 그 제조방법,8,,,8,D1 D3 D7 D2 D5 D12 D8 D4,[D5] 상세설명에 하위섹션+전문 중복 렌더(섹션 13409자 = 전문 11900 + 하위섹션 2264) / [D12] 서지 청구항 수 8개 ↔ 청구범위 목록 9개(삭제 1) 불일치 / [D8] 독립항 목록 4개 중 1개가 본문 '삭제' / [D4] 공개번호(10-2021-0074674)와 표시 일자(2024-11-22) 계열 불일치 · 문헌일 2021-06-22,
KR 10-2618453 B1,B1,등록특허공보,등록공고,제대혈 줄기세포 배양액을 포함하는 피부 튼살 예방 또는 개선용 조성물,7,,,7,D1 D3 D7 D2 D5 D6 D4,[D5] 상세설명에 하위섹션+전문 중복 렌더(섹션 15687자 = 전문 12288 + 하위섹션 3578) / [D6] 도면 미반입인데 패널 노출(서지 도면 수 0건 / 패널 캡션 1개 · 이미지 없음) / [D4] 공개번호(10-2022-0164846)와 표시 일자(2024-01-02) 계열 불일치 · 문헌일 2022-12-14,[F1] drawing_count 0 (도면의 설명 1원소 보유) [F2] 도면 설명 1원소에 도 6개 뭉침
KR 10-2619727 B1,B1,등록특허공보,등록공고,스핑고모나스 올레이 배양 추출물을 포함하는 리포좀 조성물,7,,,7,D1 D3 D7 D2 D5 D6 D4b,[D5] 상세설명에 하위섹션+전문 중복 렌더(섹션 21712자 = 전문 13188 + 하위섹션 8849) / [D6] 도면 미반입인데 패널 노출(서지 도면 수 0건 / 패널 캡션 1개 · 이미지 없음) / [D4b] 공개/공고번호 — 인데 공개/공고일(2024-01-02)만 표시,[F1] drawing_count 0 (도면의 설명 1원소 보유) [F2] 도면 설명 1원소에 도 5개 뭉침
KR 10-2619849 B1,B1,등록특허공보,등록공고,요소수 용액 분사 시스템의 리턴 과정 모니터링 시스템 및 방법,7,,,7,D1 D3 D7 D2 D5 D6 D4,[D5] 상세설명에 하위섹션+전문 중복 렌더(섹션 12960자 = 전문 9774 + 하위섹션 3239) / [D6] 도면 미반입인데 패널 노출(서지 도면 수 0건 / 패널 캡션 1개 · 이미지 없음) / [D4] 공개번호(10-2019-0062212)와 표시 일자(2024-01-04) 계열 불일치 · 문헌일 2019-06-05,[F1] drawing_count 0 (도면의 설명 1원소 보유) [F2] 도면 설명 1원소에 도 4개 뭉침
KR 10-2619885 B1,B1,등록특허공보,등록공고,소형 식물공장 시스템,7,,,7,D1 D3 D7 D2 D5 D6 D4b,[D5] 상세설명에 하위섹션+전문 중복 렌더(섹션 12536자 = 전문 10601 + 하위섹션 2073) / [D6] 도면 미반입인데 패널 노출(서지 도면 수 0건 / 패널 캡션 1개 · 이미지 없음) / [D4b] 공개/공고번호 — 인데 공개/공고일(2024-01-04)만 표시,[F1] drawing_count 0 (도면의 설명 1원소 보유) [F2] 도면 설명 1원소에 도 6개 뭉침
KR 10-2620009 B1,B1,등록특허공보,등록공고,전동 부스터,7,,,7,D1 D3 D7 D2 D5 D6 D4,[D5] 상세설명에 하위섹션+전문 중복 렌더(섹션 10278자 = 전문 8005 + 하위섹션 2413) / [D6] 도면 미반입인데 패널 노출(서지 도면 수 0건 / 패널 캡션 1개 · 이미지 없음) / [D4] 공개번호(10-2020-0111440)와 표시 일자(2024-01-02) 계열 불일치 · 문헌일 2020-09-29,[F1] drawing_count 0 (도면의 설명 1원소 보유) [F2] 도면 설명 1원소에 도 7개 뭉침
KR 10-2620076 B1,B1,등록특허공보,등록공고,벽돌과 탄성 브래킷을 가지는 건식 벽체,7,,,7,D1 D3 D7 D2 D5 D6 D4b,[D5] 상세설명에 하위섹션+전문 중복 렌더(섹션 12192자 = 전문 9164 + 하위섹션 3119) / [D6] 도면 미반입인데 패널 노출(서지 도면 수 0건 / 패널 캡션 1개 · 이미지 없음) / [D4b] 공개/공고번호 — 인데 공개/공고일(2024-01-04)만 표시,[F1] drawing_count 0 (도면의 설명 1원소 보유) [F2] 도면 설명 1원소에 도 4개 뭉침
KR 10-2620088 B1,B1,등록특허공보,등록공고,기판 이송 장치,7,,,7,D1 D3 D7 D2 D5 D6 D4b,[D5] 상세설명에 하위섹션+전문 중복 렌더(섹션 9962자 = 전문 8699 + 하위섹션 1365) / [D6] 도면 미반입인데 패널 노출(서지 도면 수 0건 / 패널 캡션 1개 · 이미지 없음) / [D4b] 공개/공고번호 — 인데 공개/공고일(2024-01-02)만 표시,[F1] drawing_count 0 (도면의 설명 1원소 보유) [F2] 도면 설명 1원소에 도 4개 뭉침
KR 10-2620259 B1,B1,등록특허공보,등록공고,열전사 헤드 자동 보정장치,7,,,7,D1 D3 D7 D2 D5 D6 D4,[D5] 상세설명에 하위섹션+전문 중복 렌더(섹션 15753자 = 전문 13158 + 하위섹션 2797) / [D6] 도면 미반입인데 패널 노출(서지 도면 수 0건 / 패널 캡션 1개 · 이미지 없음) / [D4] 공개번호(10-2023-0082283)와 표시 일자(2024-01-03) 계열 불일치 · 문헌일 2023-06-08,[F1] drawing_count 0 (도면의 설명 1원소 보유) [F2] 도면 설명 1원소에 도 14개 뭉침
KR 10-2620267 B1,B1,등록특허공보,등록공고,향상된 온도유지력을 갖는 대상물 저장 장치,7,,,7,D1 D3 D7 D2 D5 D6 D4b,[D5] 상세설명에 하위섹션+전문 중복 렌더(섹션 43352자 = 전문 39307 + 하위섹션 4359) / [D6] 도면 미반입인데 패널 노출(서지 도면 수 0건 / 패널 캡션 1개 · 이미지 없음) / [D4b] 공개/공고번호 — 인데 공개/공고일(2024-01-04)만 표시,[F1] drawing_count 0 (도면의 설명 1원소 보유) [F2] 도면 설명 1원소에 도 12개 뭉침
KR 10-2620271 B1,B1,등록특허공보,등록공고,공동주택에 설치용 전선이탈방지형 전선고정기구,7,,,7,D1 D3 D7 D2 D5 D6 D4b,[D5] 상세설명에 하위섹션+전문 중복 렌더(섹션 13101자 = 전문 10207 + 하위섹션 3096) / [D6] 도면 미반입인데 패널 노출(서지 도면 수 0건 / 패널 캡션 1개 · 이미지 없음) / [D4b] 공개/공고번호 — 인데 공개/공고일(2024-01-03)만 표시,[F1] drawing_count 0 (도면의 설명 1원소 보유) [F2] 도면 설명 1원소에 도 17개 뭉침
KR 10-2620314 B1,B1,등록특허공보,등록공고,폴리젖산 에어 스루 본딩 부직포의 제조방법,7,,,7,D1 D3 D7 D2 D5 D6 D4,[D5] 상세설명에 하위섹션+전문 중복 렌더(섹션 8327자 = 전문 6185 + 하위섹션 2227) / [D6] 도면 미반입인데 패널 노출(서지 도면 수 0건 / 패널 캡션 1개 · 이미지 없음) / [D4] 공개번호(10-2023-0157803)와 표시 일자(2024-01-02) 계열 불일치 · 문헌일 2023-11-17,[F1] drawing_count 0 (도면의 설명 1원소 보유) [F2] 도면 설명 1원소에 도 6개 뭉침
KR 10-2620362 B1,B1,등록특허공보,등록공고,공기조화기,7,,,7,D1 D3 D7 D2 D5 D6 D4,[D5] 상세설명에 하위섹션+전문 중복 렌더(섹션 14550자 = 전문 11208 + 하위섹션 3506) / [D6] 도면 미반입인데 패널 노출(서지 도면 수 0건 / 패널 캡션 1개 · 이미지 없음) / [D4] 공개번호(10-2018-0024955)와 표시 일자(2024-01-04) 계열 불일치 · 문헌일 2018-03-08,[F1] drawing_count 0 (도면의 설명 1원소 보유) [F2] 도면 설명 1원소에 도 15개 뭉침
KR 10-2620411 B1,B1,등록특허공보,등록공고,하중을 받는 마찰 토크를 측정하는 유닛 및 상기 측정 유닛이 장착된 회전 장치용 테스트 장비,7,,,7,D1 D3 D7 D2 D5 D6 D4,[D5] 상세설명에 하위섹션+전문 중복 렌더(섹션 19733자 = 전문 15708 + 하위섹션 4178) / [D6] 도면 미반입인데 패널 노출(서지 도면 수 0건 / 패널 캡션 1개 · 이미지 없음) / [D4] 공개번호(10-2019-0102975)와 표시 일자(2024-01-02) 계열 불일치 · 문헌일 2019-09-04,[F1] drawing_count 0 (도면의 설명 1원소 보유) [F2] 도면 설명 1원소에 도 13개 뭉침
KR 10-2620468 B1,B1,등록특허공보,등록공고,비행체 궤적 분석 장치 및 그 방법,7,,,7,D1 D3 D7 D2 D5 D6 D4b,[D5] 상세설명에 하위섹션+전문 중복 렌더(섹션 41052자 = 전문 35740 + 하위섹션 5634) / [D6] 도면 미반입인데 패널 노출(서지 도면 수 0건 / 패널 캡션 1개 · 이미지 없음) / [D4b] 공개/공고번호 — 인데 공개/공고일(2024-01-02)만 표시,[F1] drawing_count 0 (도면의 설명 1원소 보유) [F2] 도면 설명 1원소에 도 7개 뭉침
KR 10-2620482 B1,B1,등록특허공보,등록공고,자동차용 이음 구조 개선형 에어덕트,7,,,7,D1 D3 D7 D2 D5 D6 D4,[D5] 상세설명에 하위섹션+전문 중복 렌더(섹션 13481자 = 전문 10071 + 하위섹션 3693) / [D6] 도면 미반입인데 패널 노출(서지 도면 수 0건 / 패널 캡션 1개 · 이미지 없음) / [D4] 공개번호(10-2023-0165005)와 표시 일자(2024-01-03) 계열 불일치 · 문헌일 2023-12-05,[F1] drawing_count 0 (도면의 설명 1원소 보유) [F2] 도면 설명 1원소에 도 13개 뭉침
KR 10-2620522 B1,B1,등록특허공보,등록공고,전자 부품 및 그 실장 기판,7,,,7,D1 D3 D7 D2 D5 D6 D4,[D5] 상세설명에 하위섹션+전문 중복 렌더(섹션 12751자 = 전문 10558 + 하위섹션 2410) / [D6] 도면 미반입인데 패널 노출(서지 도면 수 0건 / 패널 캡션 1개 · 이미지 없음) / [D4] 공개번호(10-2019-0116143)와 표시 일자(2024-01-03) 계열 불일치 · 문헌일 2019-10-14,[F1] drawing_count 0 (도면의 설명 1원소 보유) [F2] 도면 설명 1원소에 도 11개 뭉침
KR 10-2620545 B1,B1,등록특허공보,등록공고,촬상 광학계,7,,,7,D1 D3 D7 D2 D5 D6 D4,[D5] 상세설명에 하위섹션+전문 중복 렌더(섹션 10661자 = 전문 9897 + 하위섹션 903) / [D6] 도면 미반입인데 패널 노출(서지 도면 수 0건 / 패널 캡션 1개 · 이미지 없음) / [D4] 공개번호(10-2017-0114751)와 표시 일자(2024-01-03) 계열 불일치 · 문헌일 2017-10-16,[F1] drawing_count 0 (도면의 설명 1원소 보유) [F2] 도면 설명 1원소에 도 5개 뭉침
KR 10-2620571 B1,B1,등록특허공보,등록공고,콘텐츠 추천 방법 및 시스템,7,,,7,D1 D3 D7 D2 D5 D6 D4b,[D5] 상세설명에 하위섹션+전문 중복 렌더(섹션 35248자 = 전문 29868 + 하위섹션 5669) / [D6] 도면 미반입인데 패널 노출(서지 도면 수 0건 / 패널 캡션 1개 · 이미지 없음) / [D4b] 공개/공고번호 — 인데 공개/공고일(2024-01-02)만 표시,[F1] drawing_count 0 (도면의 설명 1원소 보유) [F2] 도면 설명 1원소에 도 14개 뭉침
KR 10-2620775 B1,B1,등록특허공보,등록공고,적층코어와 적층코어 제조장치 및 제조방법,7,,,7,D1 D3 D7 D2 D5 D6 D4b,[D5] 상세설명에 하위섹션+전문 중복 렌더(섹션 16269자 = 전문 12518 + 하위섹션 4009) / [D6] 도면 미반입인데 패널 노출(서지 도면 수 0건 / 패널 캡션 1개 · 이미지 없음) / [D4b] 공개/공고번호 — 인데 공개/공고일(2024-01-04)만 표시,[F1] drawing_count 0 (도면의 설명 1원소 보유) [F2] 도면 설명 1원소에 도 8개 뭉침
KR 10-2620826 B1,B1,등록특허공보,등록공고,구강 스캐너 시스템,7,,,7,D1 D3 D7 D2 D5 D6 D4,[D5] 상세설명에 하위섹션+전문 중복 렌더(섹션 14759자 = 전문 12346 + 하위섹션 2546) / [D6] 도면 미반입인데 패널 노출(서지 도면 수 0건 / 패널 캡션 1개 · 이미지 없음) / [D4] 공개번호(10-2023-0012249)와 표시 일자(2024-01-04) 계열 불일치 · 문헌일 2023-01-26,[F1] drawing_count 0 (도면의 설명 1원소 보유) [F2] 도면 설명 1원소에 도 7개 뭉침
KR 10-2621177 B1,B1,등록특허공보,등록공고,원단 재단 장치,7,,,7,D1 D3 D7 D2 D5 D6 D4,[D5] 상세설명에 하위섹션+전문 중복 렌더(섹션 17929자 = 전문 14340 + 하위섹션 3803) / [D6] 도면 미반입인데 패널 노출(서지 도면 수 0건 / 패널 캡션 1개 · 이미지 없음) / [D4] 공개번호(10-2024-0000137)와 표시 일자(2024-01-03) 계열 불일치 · 문헌일 2024-01-02,[F1] drawing_count 0 (도면의 설명 1원소 보유) [F2] 도면 설명 1원소에 도 6개 뭉침
KR 10-2621331 B1,B1,등록특허공보,등록공고,재봉틀용 실 장력조절 장치,7,,,7,D1 D3 D7 D2 D5 D6 D4,[D5] 상세설명에 하위섹션+전문 중복 렌더(섹션 15229자 = 전문 11050 + 하위섹션 4241) / [D6] 도면 미반입인데 패널 노출(서지 도면 수 0건 / 패널 캡션 1개 · 이미지 없음) / [D4] 공개번호(10-2019-0130503)와 표시 일자(2024-01-04) 계열 불일치 · 문헌일 2019-11-22,[F1] drawing_count 0 (도면의 설명 1원소 보유) [F2] 도면 설명 1원소에 도 12개 뭉침
KR 10-2621501 B1,B1,등록특허공보,등록공고,어닝 시스템 암 지지 조립체,7,,,7,D1 D3 D7 D2 D5 D6 D4,[D5] 상세설명에 하위섹션+전문 중복 렌더(섹션 24796자 = 전문 15527 + 하위섹션 9438) / [D6] 도면 미반입인데 패널 노출(서지 도면 수 0건 / 패널 캡션 1개 · 이미지 없음) / [D4] 공개번호(10-2023-0036413)와 표시 일자(2024-01-04) 계열 불일치 · 문헌일 2023-03-14,[F1] drawing_count 0 (도면의 설명 1원소 보유) [F2] 도면 설명 1원소에 도 7개 뭉침
KR 10-2621573 B1,B1,등록특허공보,등록공고,서스펜션 스러스트 베어링 장치 및 상기 장치가 장착된 서스펜션 스트럿,7,,,7,D1 D3 D7 D2 D5 D6 D4,[D5] 상세설명에 하위섹션+전문 중복 렌더(섹션 10424자 = 전문 7594 + 하위섹션 2920) / [D6] 도면 미반입인데 패널 노출(서지 도면 수 0건 / 패널 캡션 1개 · 이미지 없음) / [D4] 공개번호(10-2020-0072188)와 표시 일자(2024-01-05) 계열 불일치 · 문헌일 2020-06-22,[F1] drawing_count 0 (도면의 설명 1원소 보유) [F2] 도면 설명 1원소에 도 5개 뭉침
KR 10-2621606 B1,B1,등록특허공보,등록공고,변압기용 누유감지 기능형 흡습 호흡기,7,,,7,D1 D3 D7 D2 D5 D6 D4,[D5] 상세설명에 하위섹션+전문 중복 렌더(섹션 12324자 = 전문 8558 + 하위섹션 3890) / [D6] 도면 미반입인데 패널 노출(서지 도면 수 0건 / 패널 캡션 1개 · 이미지 없음) / [D4] 공개번호(10-2023-0112940)와 표시 일자(2024-01-08) 계열 불일치 · 문헌일 2023-07-28,[F1] drawing_count 0 (도면의 설명 1원소 보유) [F2] 도면 설명 1원소에 도 6개 뭉침
KR 10-2621607 B1,B1,등록특허공보,등록공고,송전선의 손상상태를 확인하는 자기장 측정장치,7,,,7,D1 D3 D7 D2 D5 D6 D4,[D5] 상세설명에 하위섹션+전문 중복 렌더(섹션 6785자 = 전문 4940 + 하위섹션 1867) / [D6] 도면 미반입인데 패널 노출(서지 도면 수 0건 / 패널 캡션 1개 · 이미지 없음) / [D4] 공개번호(10-2023-0047341)와 표시 일자(2024-01-08) 계열 불일치 · 문헌일 2023-04-07,[F1] drawing_count 0 (도면의 설명 1원소 보유) [F2] 도면 설명 1원소에 도 3개 뭉침
KR 10-2621829 B1,B1,등록특허공보,등록공고,저압전력량계 교체장치,7,,,7,D1 D3 D7 D2 D5 D6 D4,[D5] 상세설명에 하위섹션+전문 중복 렌더(섹션 9709자 = 전문 7319 + 하위섹션 2479) / [D6] 도면 미반입인데 패널 노출(서지 도면 수 0건 / 패널 캡션 1개 · 이미지 없음) / [D4] 공개번호(10-2023-0032710)와 표시 일자(2024-01-08) 계열 불일치 · 문헌일 2023-03-07,[F1] drawing_count 0 (도면의 설명 1원소 보유) [F2] 도면 설명 1원소에 도 5개 뭉침
KR 10-2621846 B1,B1,등록특허공보,등록공고,테이퍼 솔 삽입홈을 구비한 염색 브러시,7,,,7,D1 D3 D7 D2 D5 D6 D4b,[D5] 상세설명에 하위섹션+전문 중복 렌더(섹션 10404자 = 전문 8108 + 하위섹션 2437) / [D6] 도면 미반입인데 패널 노출(서지 도면 수 0건 / 패널 캡션 1개 · 이미지 없음) / [D4b] 공개/공고번호 — 인데 공개/공고일(2024-01-08)만 표시,[F1] drawing_count 0 (도면의 설명 1원소 보유) [F2] 도면 설명 1원소에 도 4개 뭉침
KR 10-2622042 B1,B1,등록특허공보,등록공고,3차원 형상을 갖는 단단한 아일랜드 패턴을 이용한 신축성 전자 소자 플랫폼 및 그 제작 방법,7,,,7,D1 D3 D7 D2 D5 D6 D4,[D5] 상세설명에 하위섹션+전문 중복 렌더(섹션 24359자 = 전문 19491 + 하위섹션 5296) / [D6] 도면 미반입인데 패널 노출(서지 도면 수 0건 / 패널 캡션 1개 · 이미지 없음) / [D4] 공개번호(10-2023-0013797)와 표시 일자(2024-01-09) 계열 불일치 · 문헌일 2023-01-27,[F1] drawing_count 0 (도면의 설명 1원소 보유) [F2] 도면 설명 1원소에 도 11개 뭉침
KR 10-2622078 B1,B1,등록특허공보,등록공고,유기발광다이오드 및 이를 포함하는 유기발광장치,7,,,7,D1 D3 D7 D2 D5 D6 D4,[D5] 상세설명에 하위섹션+전문 중복 렌더(섹션 109804자 = 전문 105092 + 하위섹션 6180) / [D6] 도면 미반입인데 패널 노출(서지 도면 수 0건 / 패널 캡션 1개 · 이미지 없음) / [D4] 공개번호(10-2020-0072962)와 표시 일자(2024-01-05) 계열 불일치 · 문헌일 2020-06-23,[F1] drawing_count 0 (도면의 설명 1원소 보유) [F2] 도면 설명 1원소에 도 18개 뭉침
KR 10-2622097 B1,B1,등록특허공보,등록공고,영구 거푸집용 프레임 및 영구 거푸집,7,,,7,D1 D3 D7 D2 D5 D6 D4b,[D5] 상세설명에 하위섹션+전문 중복 렌더(섹션 9700자 = 전문 7539 + 하위섹션 2277) / [D6] 도면 미반입인데 패널 노출(서지 도면 수 0건 / 패널 캡션 1개 · 이미지 없음) / [D4b] 공개/공고번호 — 인데 공개/공고일(2024-01-05)만 표시,[F1] drawing_count 0 (도면의 설명 1원소 보유) [F2] 도면 설명 1원소에 도 7개 뭉침
KR 10-2622157 B1,B1,등록특허공보,등록공고,스틱형 두부,7,,,7,D1 D3 D7 D2 D5 D6 D4b,[D5] 상세설명에 하위섹션+전문 중복 렌더(섹션 9597자 = 전문 7429 + 하위섹션 2366) / [D6] 도면 미반입인데 패널 노출(서지 도면 수 0건 / 패널 캡션 1개 · 이미지 없음) / [D4b] 공개/공고번호 — 인데 공개/공고일(2024-01-09)만 표시,[F1] drawing_count 0 (도면의 설명 1원소 보유)
KR 10-2622191 B1,B1,등록특허공보,등록공고,사이드가스켓 결합식 커튼월 시스템,7,,,7,D1 D3 D7 D2 D5 D6 D4,[D5] 상세설명에 하위섹션+전문 중복 렌더(섹션 9556자 = 전문 6935 + 하위섹션 2653) / [D6] 도면 미반입인데 패널 노출(서지 도면 수 0건 / 패널 캡션 1개 · 이미지 없음) / [D4] 공개번호(10-2023-0111856)와 표시 일자(2024-01-09) 계열 불일치 · 문헌일 2023-07-26,[F1] drawing_count 0 (도면의 설명 1원소 보유) [F2] 도면 설명 1원소에 도 9개 뭉침
KR 10-2622234 B1,B1,등록특허공보,등록공고,다중 대역 안테나 모듈,7,,,7,D1 D3 D7 D2 D5 D6 D4,[D5] 상세설명에 하위섹션+전문 중복 렌더(섹션 42203자 = 전문 37704 + 하위섹션 4892) / [D6] 도면 미반입인데 패널 노출(서지 도면 수 0건 / 패널 캡션 1개 · 이미지 없음) / [D4] 공개번호(10-2023-0053074)와 표시 일자(2024-01-08) 계열 불일치 · 문헌일 2023-04-21,[F1] drawing_count 0 (도면의 설명 1원소 보유) [F2] 도면 설명 1원소에 도 20개 뭉침
KR 10-2622258 B1,B1,등록특허공보,등록공고,개인화된 탐색 로직을 이용한 콘텐츠 제공 방법 및 시스템,7,,,7,D1 D3 D7 D2 D5 D6 D4,[D5] 상세설명에 하위섹션+전문 중복 렌더(섹션 23721자 = 전문 20074 + 하위섹션 4087) / [D6] 도면 미반입인데 패널 노출(서지 도면 수 0건 / 패널 캡션 1개 · 이미지 없음) / [D4] 공개번호(10-2022-0143427)와 표시 일자(2024-01-05) 계열 불일치 · 문헌일 2022-10-25,[F1] drawing_count 0 (도면의 설명 1원소 보유) [F2] 도면 설명 1원소에 도 7개 뭉침
KR 10-2622267 B1,B1,등록특허공보,등록공고,표시 장치,7,,,7,D1 D3 D7 D2 D5 D6 D4,[D5] 상세설명에 하위섹션+전문 중복 렌더(섹션 20459자 = 전문 18624 + 하위섹션 2051) / [D6] 도면 미반입인데 패널 노출(서지 도면 수 0건 / 패널 캡션 1개 · 이미지 없음) / [D4] 공개번호(10-2018-0055965)와 표시 일자(2024-01-08) 계열 불일치 · 문헌일 2018-05-28,[F1] drawing_count 0 (도면의 설명 1원소 보유) [F2] 도면 설명 1원소에 도 16개 뭉침
KR 10-2622284 B1,B1,등록특허공보,등록공고,회전기용 하중 시험장치,7,,,7,D1 D3 D7 D2 D5 D6 D4b,[D5] 상세설명에 하위섹션+전문 중복 렌더(섹션 13510자 = 전문 11664 + 하위섹션 2153) / [D6] 도면 미반입인데 패널 노출(서지 도면 수 0건 / 패널 캡션 1개 · 이미지 없음) / [D4b] 공개/공고번호 — 인데 공개/공고일(2024-01-08)만 표시,[F1] drawing_count 0 (도면의 설명 1원소 보유) [F2] 도면 설명 1원소에 도 6개 뭉침
KR 10-2622321 B1,B1,등록특허공보,등록공고,전고체용 이차전지 고온 가압시스템 및 방법,7,,,7,D1 D3 D7 D2 D5 D6 D4,[D5] 상세설명에 하위섹션+전문 중복 렌더(섹션 24862자 = 전문 18124 + 하위섹션 7001) / [D6] 도면 미반입인데 패널 노출(서지 도면 수 0건 / 패널 캡션 1개 · 이미지 없음) / [D4] 공개번호(10-2023-0108820)와 표시 일자(2024-01-08) 계열 불일치 · 문헌일 2023-07-19,[F1] drawing_count 0 (도면의 설명 1원소 보유) [F2] 도면 설명 1원소에 도 8개 뭉침
KR 10-2622348 B1,B1,등록특허공보,등록공고,화소 및 이를 구비한 표시 장치,7,,,7,D1 D3 D7 D2 D5 D6 D4,[D5] 상세설명에 하위섹션+전문 중복 렌더(섹션 85940자 = 전문 81473 + 하위섹션 5076) / [D6] 도면 미반입인데 패널 노출(서지 도면 수 0건 / 패널 캡션 1개 · 이미지 없음) / [D4] 공개번호(10-2020-0098767)와 표시 일자(2024-01-10) 계열 불일치 · 문헌일 2020-08-21,[F1] drawing_count 0 (도면의 설명 1원소 보유) [F2] 도면 설명 1원소에 도 42개 뭉침
KR 10-2622442 B1,B1,등록특허공보,등록공고,APC 제어 장치 및 APC 제어 방법,7,,,7,D1 D3 D7 D2 D5 D6 D4,[D5] 상세설명에 하위섹션+전문 중복 렌더(섹션 16403자 = 전문 12129 + 하위섹션 4508) / [D6] 도면 미반입인데 패널 노출(서지 도면 수 0건 / 패널 캡션 1개 · 이미지 없음) / [D4] 공개번호(10-2022-0022008)와 표시 일자(2024-01-10) 계열 불일치 · 문헌일 2022-02-23,[F1] drawing_count 0 (도면의 설명 1원소 보유) [F2] 도면 설명 1원소에 도 7개 뭉침
KR 10-2622456 B1,B1,등록특허공보,등록공고,피트니스 고객 관리시스템,7,,,7,D1 D3 D7 D2 D5 D6 D4b,[D5] 상세설명에 하위섹션+전문 중복 렌더(섹션 23877자 = 전문 19559 + 하위섹션 4604) / [D6] 도면 미반입인데 패널 노출(서지 도면 수 0건 / 패널 캡션 1개 · 이미지 없음) / [D4b] 공개/공고번호 — 인데 공개/공고일(2024-01-08)만 표시,[F1] drawing_count 0 (도면의 설명 1원소 보유) [F2] 도면 설명 1원소에 도 25개 뭉침
KR 10-2622515 B1,B1,등록특허공보,등록공고,기판 처리 장치,7,,,7,D1 D3 D7 D2 D5 D6 D4,[D5] 상세설명에 하위섹션+전문 중복 렌더(섹션 34364자 = 전문 29412 + 하위섹션 6279) / [D6] 도면 미반입인데 패널 노출(서지 도면 수 0건 / 패널 캡션 1개 · 이미지 없음) / [D4] 공개번호(10-2022-0047514)와 표시 일자(2024-01-08) 계열 불일치 · 문헌일 2022-04-18,[F1] drawing_count 0 (도면의 설명 1원소 보유) [F2] 도면 설명 1원소에 도 23개 뭉침
KR 10-2622587 B1,B1,등록특허공보,등록공고,정밀측위 시스템의 종방향 위치 오차를 보정하기 위한 장치 및 방법,7,,,7,D1 D3 D7 D2 D5 D6 D4,[D5] 상세설명에 하위섹션+전문 중복 렌더(섹션 19426자 = 전문 12899 + 하위섹션 6808) / [D6] 도면 미반입인데 패널 노출(서지 도면 수 0건 / 패널 캡션 1개 · 이미지 없음) / [D4] 공개번호(10-2020-0036405)와 표시 일자(2024-01-08) 계열 불일치 · 문헌일 2020-04-07,[F1] drawing_count 0 (도면의 설명 1원소 보유) [F2] 도면 설명 1원소에 도 7개 뭉침
KR 10-2622632 B1,B1,등록특허공보,등록공고,전극 조립체 및 이를 포함하는 전지 셀,7,,,7,D1 D3 D7 D2 D5 D6 D4,[D5] 상세설명에 하위섹션+전문 중복 렌더(섹션 20330자 = 전문 16550 + 하위섹션 3999) / [D6] 도면 미반입인데 패널 노출(서지 도면 수 0건 / 패널 캡션 1개 · 이미지 없음) / [D4] 공개번호(10-2023-0050231)와 표시 일자(2024-01-09) 계열 불일치 · 문헌일 2023-04-14,[F1] drawing_count 0 (도면의 설명 1원소 보유) [F2] 도면 설명 1원소에 도 7개 뭉침
KR 10-2622680 B1,B1,등록특허공보,등록공고,"의료영상 정합 방법 및 장치, 컴퓨터 판독 가능한 기록 매체 및 컴퓨터 프로그램",7,,,7,D1 D3 D7 D2 D5 D6 D4,[D5] 상세설명에 하위섹션+전문 중복 렌더(섹션 20906자 = 전문 16623 + 하위섹션 4477) / [D6] 도면 미반입인데 패널 노출(서지 도면 수 0건 / 패널 캡션 1개 · 이미지 없음) / [D4] 공개번호(10-2023-0018730)와 표시 일자(2024-01-09) 계열 불일치 · 문헌일 2023-02-07,[F1] drawing_count 0 (도면의 설명 1원소 보유) [F2] 도면 설명 1원소에 도 11개 뭉침
KR 10-2622706 B1,B1,등록특허공보,등록공고,연소기용 토치 점화기,7,,,7,D1 D3 D7 D2 D5 D6 D4,[D5] 상세설명에 하위섹션+전문 중복 렌더(섹션 12988자 = 전문 11488 + 하위섹션 1706) / [D6] 도면 미반입인데 패널 노출(서지 도면 수 0건 / 패널 캡션 1개 · 이미지 없음) / [D4] 공개번호(10-2023-0156298)와 표시 일자(2024-01-08) 계열 불일치 · 문헌일 2023-11-14,[F1] drawing_count 0 (도면의 설명 1원소 보유) [F2] 도면 설명 1원소에 도 10개 뭉침
KR 10-2622758 B1,B1,등록특허공보,등록공고,캡슐내시경 위치 예측 시스템 및 방법,7,,,7,D1 D3 D7 D2 D5 D6 D4,[D5] 상세설명에 하위섹션+전문 중복 렌더(섹션 12908자 = 전문 9446 + 하위섹션 3613) / [D6] 도면 미반입인데 패널 노출(서지 도면 수 0건 / 패널 캡션 1개 · 이미지 없음) / [D4] 공개번호(10-2023-0093128)와 표시 일자(2024-01-11) 계열 불일치 · 문헌일 2023-06-27,[F1] drawing_count 0 (도면의 설명 1원소 보유) [F2] 도면 설명 1원소에 도 14개 뭉침
KR 10-2622815 B1,B1,등록특허공보,등록공고,조리기구용 핸들,7,,,7,D1 D3 D7 D2 D5 D6 D4,[D5] 상세설명에 하위섹션+전문 중복 렌더(섹션 22386자 = 전문 15158 + 하위섹션 7679) / [D6] 도면 미반입인데 패널 노출(서지 도면 수 0건 / 패널 캡션 1개 · 이미지 없음) / [D4] 공개번호(10-2023-0042783)와 표시 일자(2024-01-09) 계열 불일치 · 문헌일 2023-03-30,[F1] drawing_count 0 (도면의 설명 1원소 보유) [F2] 도면 설명 1원소에 도 15개 뭉침
KR 10-2622889 B1,B1,등록특허공보,등록공고,무선 통신 시스템에서 신호를 송수신 하는 방법 및 이를 지원하는 장치,7,,,7,D1 D3 D7 D2 D5 D6 D4,[D5] 상세설명에 하위섹션+전문 중복 렌더(섹션 127977자 = 전문 118086 + 하위섹션 12312) / [D6] 도면 미반입인데 패널 노출(서지 도면 수 0건 / 패널 캡션 1개 · 이미지 없음) / [D4] 공개번호(10-2023-0003442)와 표시 일자(2024-01-09) 계열 불일치 · 문헌일 2023-01-05,[F1] drawing_count 0 (도면의 설명 1원소 보유) [F2] 도면 설명 1원소에 도 38개 뭉침
KR 10-2622956 B1,B1,등록특허공보,등록공고,보상 데이터 처리 장치 및 방법과 이를 이용한 유기 발광 다이오드 표시 장치,7,,,7,D1 D3 D7 D2 D5 D6 D4,[D5] 상세설명에 하위섹션+전문 중복 렌더(섹션 22887자 = 전문 17547 + 하위섹션 5759) / [D6] 도면 미반입인데 패널 노출(서지 도면 수 0건 / 패널 캡션 1개 · 이미지 없음) / [D4] 공개번호(10-2018-0059158)와 표시 일자(2024-01-08) 계열 불일치 · 문헌일 2018-06-04,[F1] drawing_count 0 (도면의 설명 1원소 보유) [F2] 도면 설명 1원소에 도 20개 뭉침
KR 10-2623061 B1,B1,등록특허공보,등록공고,데이터베이스에서 이터레이터 연산을 수행하기 위한 장치,7,,,7,D1 D3 D7 D2 D5 D6 D4,[D5] 상세설명에 하위섹션+전문 중복 렌더(섹션 30016자 = 전문 27958 + 하위섹션 2266) / [D6] 도면 미반입인데 패널 노출(서지 도면 수 0건 / 패널 캡션 1개 · 이미지 없음) / [D4] 공개번호(10-2019-0082652)와 표시 일자(2024-01-10) 계열 불일치 · 문헌일 2019-07-10,[F1] drawing_count 0 (도면의 설명 1원소 보유) [F2] 도면 설명 1원소에 도 12개 뭉침
KR 10-2623097 B1,B1,등록특허공보,등록공고,레이저 드릴링 장치,7,,,7,D1 D3 D7 D2 D5 D6 D4,[D5] 상세설명에 하위섹션+전문 중복 렌더(섹션 14418자 = 전문 11955 + 하위섹션 2802) / [D6] 도면 미반입인데 패널 노출(서지 도면 수 0건 / 패널 캡션 1개 · 이미지 없음) / [D4] 공개번호(10-2022-0129525)와 표시 일자(2024-01-10) 계열 불일치 · 문헌일 2022-09-23,[F1] drawing_count 0 (도면의 설명 1원소 보유) [F2] 도면 설명 1원소에 도 22개 뭉침
KR 10-2623108 B1,B1,등록특허공보,등록공고,공익사업을 위한 토지에 대한 보상금 미지급 용지 추출 방법 및 시스템,7,,,7,D1 D3 D7 D2 D5 D6 D4b,[D5] 상세설명에 하위섹션+전문 중복 렌더(섹션 9928자 = 전문 7758 + 하위섹션 2352) / [D6] 도면 미반입인데 패널 노출(서지 도면 수 0건 / 패널 캡션 1개 · 이미지 없음) / [D4b] 공개/공고번호 — 인데 공개/공고일(2024-01-10)만 표시,[F1] drawing_count 0 (도면의 설명 1원소 보유) [F2] 도면 설명 1원소에 도 6개 뭉침
KR 10-2623191 B1,B1,등록특허공보,등록공고,비대칭 풀두플렉스 신호송수신을 위한 에코제거회로,7,,,7,D1 D3 D7 D2 D5 D6 D4,[D5] 상세설명에 하위섹션+전문 중복 렌더(섹션 13956자 = 전문 10531 + 하위섹션 3561) / [D6] 도면 미반입인데 패널 노출(서지 도면 수 0건 / 패널 캡션 1개 · 이미지 없음) / [D4] 공개번호(10-2023-0130910)와 표시 일자(2024-01-11) 계열 불일치 · 문헌일 2023-09-12,[F1] drawing_count 0 (도면의 설명 1원소 보유) [F2] 도면 설명 1원소에 도 11개 뭉침
KR 10-2623281 B1,B1,등록특허공보,등록공고,복합소재 노출을 적용한 연료전지 스택의 엔드플레이트,7,,,7,D1 D3 D7 D2 D5 D6 D4b,[D5] 상세설명에 하위섹션+전문 중복 렌더(섹션 11583자 = 전문 8961 + 하위섹션 2786) / [D6] 도면 미반입인데 패널 노출(서지 도면 수 0건 / 패널 캡션 1개 · 이미지 없음) / [D4b] 공개/공고번호 — 인데 공개/공고일(2024-01-10)만 표시,[F1] drawing_count 0 (도면의 설명 1원소 보유) [F2] 도면 설명 1원소에 도 5개 뭉침
KR 10-2623282 B1,B1,등록특허공보,등록공고,독립 거동 다리 마사지부를 포함하는 장치,7,,,7,D1 D3 D7 D2 D5 D6 D4,[D5] 상세설명에 하위섹션+전문 중복 렌더(섹션 102064자 = 전문 99413 + 하위섹션 3838) / [D6] 도면 미반입인데 패널 노출(서지 도면 수 0건 / 패널 캡션 1개 · 이미지 없음) / [D4] 공개번호(10-2022-0077841)와 표시 일자(2024-01-11) 계열 불일치 · 문헌일 2022-06-09,[F1] drawing_count 0 (도면의 설명 1원소 보유) [F2] 도면 설명 1원소에 도 47개 뭉침
KR 10-2623295 B1,B1,등록특허공보,등록공고,다수의 촬영이미지가 합성된 항공촬영이미지를 기초로정밀한 도화작업을 수행하는 공간영상도화시스템,7,,,7,D1 D3 D7 D2 D5 D6 D4b,[D5] 상세설명에 하위섹션+전문 중복 렌더(섹션 31380자 = 전문 26047 + 하위섹션 5947) / [D6] 도면 미반입인데 패널 노출(서지 도면 수 0건 / 패널 캡션 1개 · 이미지 없음) / [D4b] 공개/공고번호 — 인데 공개/공고일(2024-01-10)만 표시,[F1] drawing_count 0 (도면의 설명 1원소 보유) [F2] 도면 설명 1원소에 도 14개 뭉침
KR 10-2623465 B1,B1,등록특허공보,등록공고,기판 감압 건조 장치,7,,,7,D1 D3 D7 D2 D5 D6 D4,[D5] 상세설명에 하위섹션+전문 중복 렌더(섹션 18587자 = 전문 14953 + 하위섹션 3847) / [D6] 도면 미반입인데 패널 노출(서지 도면 수 0건 / 패널 캡션 1개 · 이미지 없음) / [D4] 공개번호(10-2022-0074119)와 표시 일자(2024-01-10) 계열 불일치 · 문헌일 2022-06-03,[F1] drawing_count 0 (도면의 설명 1원소 보유) [F2] 도면 설명 1원소에 도 19개 뭉침
KR 10-2623531 B1,B1,등록특허공보,정정공고,연마패드 및 이의 제조방법,7,,,7,D1 D3 D7 D2 D5 D6 D4b,[D5] 상세설명에 하위섹션+전문 중복 렌더(섹션 27944자 = 전문 26811 + 하위섹션 1606) / [D6] 도면 미반입인데 패널 노출(서지 도면 수 0건 / 패널 캡션 1개 · 이미지 없음) / [D4b] 공개/공고번호 — 인데 공개/공고일(2024-01-12)만 표시,[F1] drawing_count 0 (도면의 설명 1원소 보유)
KR 10-2623586 B1,B1,등록특허공보,등록공고,공중합체 및 이를 포함하는 HCl가스 검출용 필름,7,,,7,D1 D3 D7 D2 D5 D6 D4,[D5] 상세설명에 하위섹션+전문 중복 렌더(섹션 22114자 = 전문 18806 + 하위섹션 3557) / [D6] 도면 미반입인데 패널 노출(서지 도면 수 0건 / 패널 캡션 1개 · 이미지 없음) / [D4] 공개번호(10-2023-0009646)와 표시 일자(2024-01-10) 계열 불일치 · 문헌일 2023-01-17,[F1] drawing_count 0 (도면의 설명 1원소 보유) [F2] 도면 설명 1원소에 도 11개 뭉침
KR 10-2623669 B1,B1,등록특허공보,등록공고,유출 트러프에 설치되는 이물질 필터링 장치,7,,,7,D1 D3 D7 D2 D5 D6 D4,[D5] 상세설명에 하위섹션+전문 중복 렌더(섹션 11034자 = 전문 8611 + 하위섹션 2472) / [D6] 도면 미반입인데 패널 노출(서지 도면 수 0건 / 패널 캡션 1개 · 이미지 없음) / [D4] 공개번호(10-2023-0085758)와 표시 일자(2024-01-11) 계열 불일치 · 문헌일 2023-06-14,[F1] drawing_count 0 (도면의 설명 1원소 보유) [F2] 도면 설명 1원소에 도 5개 뭉침
KR 10-2623849 B1,B1,등록특허공보,등록공고,시공 보조블록 및 이를 포함하는 창호형 환기장치,7,,,7,D1 D3 D7 D2 D5 D6 D4,[D5] 상세설명에 하위섹션+전문 중복 렌더(섹션 19006자 = 전문 15555 + 하위섹션 3848) / [D6] 도면 미반입인데 패널 노출(서지 도면 수 0건 / 패널 캡션 1개 · 이미지 없음) / [D4] 공개번호(10-2022-0045418)와 표시 일자(2024-01-11) 계열 불일치 · 문헌일 2022-04-12,[F1] drawing_count 0 (도면의 설명 1원소 보유) [F2] 도면 설명 1원소에 도 9개 뭉침
KR 10-2623891 B1,B1,등록특허공보,등록공고,신규한 화합물 및 이를 포함하는 유기 발광 소자,7,,,7,D1 D3 D7 D2 D5 D6 D4,[D5] 상세설명에 하위섹션+전문 중복 렌더(섹션 19863자 = 전문 18599 + 하위섹션 1842) / [D6] 도면 미반입인데 패널 노출(서지 도면 수 0건 / 패널 캡션 1개 · 이미지 없음) / [D4] 공개번호(10-2020-0092211)와 표시 일자(2024-01-10) 계열 불일치 · 문헌일 2020-08-03,[F1] drawing_count 0 (도면의 설명 1원소 보유)
KR 10-2623893 B1,B1,등록특허공보,등록공고,신규한 화합물 및 이를 이용한 유기발광 소자,7,,,7,D1 D3 D7 D2 D5 D6 D4,[D5] 상세설명에 하위섹션+전문 중복 렌더(섹션 24665자 = 전문 23897 + 하위섹션 1645) / [D6] 도면 미반입인데 패널 노출(서지 도면 수 0건 / 패널 캡션 1개 · 이미지 없음) / [D4] 공개번호(10-2022-0064450)와 표시 일자(2024-01-11) 계열 불일치 · 문헌일 2022-05-19,[F1] drawing_count 0 (도면의 설명 1원소 보유)
KR 10-2623903 B1,B1,등록특허공보,등록공고,로봇을 이용한 차량 에너지원 보충 시스템,7,,,7,D1 D3 D7 D2 D5 D6 D4b,[D5] 상세설명에 하위섹션+전문 중복 렌더(섹션 39286자 = 전문 35309 + 하위섹션 4483) / [D6] 도면 미반입인데 패널 노출(서지 도면 수 0건 / 패널 캡션 1개 · 이미지 없음) / [D4b] 공개/공고번호 — 인데 공개/공고일(2024-01-10)만 표시,[F1] drawing_count 0 (도면의 설명 1원소 보유) [F2] 도면 설명 1원소에 도 14개 뭉침
KR 10-2623906 B1,B1,등록특허공보,등록공고,타일형 디스플레이 장치,7,,,7,D1 D3 D7 D2 D5 D6 D4,[D5] 상세설명에 하위섹션+전문 중복 렌더(섹션 26074자 = 전문 24471 + 하위섹션 1727) / [D6] 도면 미반입인데 패널 노출(서지 도면 수 0건 / 패널 캡션 1개 · 이미지 없음) / [D4] 공개번호(10-2020-0080745)와 표시 일자(2024-01-10) 계열 불일치 · 문헌일 2020-07-07,[F1] drawing_count 0 (도면의 설명 1원소 보유) [F2] 도면 설명 1원소에 도 12개 뭉침
KR 10-2624050 B1,B1,등록특허공보,등록공고,의료용 로봇 시스템의 결함 반응 메커니즘을 위한 시스템 및 방법,7,,,7,D1 D3 D7 D2 D5 D6 D4,[D5] 상세설명에 하위섹션+전문 중복 렌더(섹션 43050자 = 전문 40670 + 하위섹션 2888) / [D6] 도면 미반입인데 패널 노출(서지 도면 수 0건 / 패널 캡션 1개 · 이미지 없음) / [D4] 공개번호(10-2022-0066209)와 표시 일자(2024-01-12) 계열 불일치 · 문헌일 2022-05-23,[F1] drawing_count 0 (도면의 설명 1원소 보유) [F2] 도면 설명 1원소에 도 8개 뭉침
KR 10-2624124 B1,B1,등록특허공보,등록공고,로그 정보를 이용한 보안 위협 탐지 시스템 및 방법,7,,,7,D1 D3 D7 D2 D5 D6 D4,[D5] 상세설명에 하위섹션+전문 중복 렌더(섹션 20056자 = 전문 15352 + 하위섹션 4900) / [D6] 도면 미반입인데 패널 노출(서지 도면 수 0건 / 패널 캡션 1개 · 이미지 없음) / [D4] 공개번호(10-2023-0056639)와 표시 일자(2024-01-12) 계열 불일치 · 문헌일 2023-04-27,[F1] drawing_count 0 (도면의 설명 1원소 보유) [F2] 도면 설명 1원소에 도 12개 뭉침
KR 10-2624140 B1,B1,등록특허공보,등록공고,회전 대칭형 레이돔 제작 결과 간이 선별 장치 및 회전 대칭형 레이돔 제작 결과 간이 선별 방법,7,,,7,D1 D3 D7 D2 D5 D6 D4b,[D5] 상세설명에 하위섹션+전문 중복 렌더(섹션 24071자 = 전문 19762 + 하위섹션 4544) / [D6] 도면 미반입인데 패널 노출(서지 도면 수 0건 / 패널 캡션 1개 · 이미지 없음) / [D4b] 공개/공고번호 — 인데 공개/공고일(2024-01-12)만 표시,[F1] drawing_count 0 (도면의 설명 1원소 보유) [F2] 도면 설명 1원소에 도 10개 뭉침
KR 10-2624154 B1,B1,등록특허공보,등록공고,이미지 복원 방법 및 장치,7,,,7,D1 D3 D7 D2 D5 D6 D4,[D5] 상세설명에 하위섹션+전문 중복 렌더(섹션 32743자 = 전문 30112 + 하위섹션 3203) / [D6] 도면 미반입인데 패널 노출(서지 도면 수 0건 / 패널 캡션 1개 · 이미지 없음) / [D4] 공개번호(10-2023-0111885)와 표시 일자(2024-01-10) 계열 불일치 · 문헌일 2023-07-26,[F1] drawing_count 0 (도면의 설명 1원소 보유) [F2] 도면 설명 1원소에 도 14개 뭉침
KR 10-2624260 B1,B1,등록특허공보,등록공고,집속 초음파를 이용한 피부 치료 장치 및 그 제어방법,7,,,7,D1 D3 D7 D2 D5 D6 D4,[D5] 상세설명에 하위섹션+전문 중복 렌더(섹션 15825자 = 전문 13134 + 하위섹션 2904) / [D6] 도면 미반입인데 패널 노출(서지 도면 수 0건 / 패널 캡션 1개 · 이미지 없음) / [D4] 공개번호(10-2023-0054085)와 표시 일자(2024-01-15) 계열 불일치 · 문헌일 2023-04-24,[F1] drawing_count 0 (도면의 설명 1원소 보유) [F2] 도면 설명 1원소에 도 7개 뭉침
KR 10-2624283 B1,B1,등록특허공보,등록공고,미닫이형 칠판,7,,,7,D1 D3 D7 D2 D5 D6 D4,[D5] 상세설명에 하위섹션+전문 중복 렌더(섹션 9601자 = 전문 7159 + 하위섹션 2555) / [D6] 도면 미반입인데 패널 노출(서지 도면 수 0건 / 패널 캡션 1개 · 이미지 없음) / [D4] 공개번호(10-2023-0121021)와 표시 일자(2024-01-11) 계열 불일치 · 문헌일 2023-08-17,[F1] drawing_count 0 (도면의 설명 1원소 보유) [F2] 도면 설명 1원소에 도 6개 뭉침
KR 10-2624303 B1,B1,등록특허공보,등록공고,무선 전력 송신 장치,7,,,7,D1 D3 D7 D2 D5 D6 D4,[D5] 상세설명에 하위섹션+전문 중복 렌더(섹션 21354자 = 전문 20584 + 하위섹션 1389) / [D6] 도면 미반입인데 패널 노출(서지 도면 수 0건 / 패널 캡션 1개 · 이미지 없음) / [D4] 공개번호(10-2018-0094715)와 표시 일자(2024-01-15) 계열 불일치 · 문헌일 2018-08-24,[F1] drawing_count 0 (도면의 설명 1원소 보유) [F2] 도면 설명 1원소에 도 9개 뭉침
KR 10-2624317 B1,B1,등록특허공보,등록공고,"대상 건물의 에너지 소비를 감지하는 서버, 방법 및 컴퓨터 프로그램",7,,,7,D1 D3 D7 D2 D5 D6 D4,[D5] 상세설명에 하위섹션+전문 중복 렌더(섹션 15200자 = 전문 12526 + 하위섹션 2945) / [D6] 도면 미반입인데 패널 노출(서지 도면 수 0건 / 패널 캡션 1개 · 이미지 없음) / [D4] 공개번호(10-2021-0109290)와 표시 일자(2024-01-12) 계열 불일치 · 문헌일 2021-09-06,[F1] drawing_count 0 (도면의 설명 1원소 보유) [F2] 도면 설명 1원소에 도 6개 뭉침
KR 10-2624374 B1,B1,등록특허공보,등록공고,복수의 주파수 대역들을 통해 단말 센싱 및 무선 통신을 지원하는 통신 시스템,7,,,7,D1 D3 D7 D2 D5 D6 D4b,[D5] 상세설명에 하위섹션+전문 중복 렌더(섹션 20880자 = 전문 18391 + 하위섹션 2612) / [D6] 도면 미반입인데 패널 노출(서지 도면 수 0건 / 패널 캡션 1개 · 이미지 없음) / [D4b] 공개/공고번호 — 인데 공개/공고일(2024-01-12)만 표시,[F1] drawing_count 0 (도면의 설명 1원소 보유) [F2] 도면 설명 1원소에 도 9개 뭉침
KR 10-2624478 B1,B1,등록특허공보,등록공고,수수와 팥을 함유하는 수수 팥 쌀빵의 제조방법,7,,,7,D1 D3 D7 D2 D5 D6 D4,[D5] 상세설명에 하위섹션+전문 중복 렌더(섹션 16969자 = 전문 15557 + 하위섹션 1934) / [D6] 도면 미반입인데 패널 노출(서지 도면 수 0건 / 패널 캡션 1개 · 이미지 없음) / [D4] 공개번호(10-2023-0035729)와 표시 일자(2024-01-12) 계열 불일치 · 문헌일 2023-03-14,[F1] drawing_count 0 (도면의 설명 1원소 보유)
KR 10-2624487 B1,B1,등록특허공보,등록공고,"피부 미백 마스크, 피부 미백 기기 및 이를 이용하는 피부 미백 방법",7,,,7,D1 D3 D7 D2 D5 D6 D4,[D5] 상세설명에 하위섹션+전문 중복 렌더(섹션 72039자 = 전문 68716 + 하위섹션 4430) / [D6] 도면 미반입인데 패널 노출(서지 도면 수 0건 / 패널 캡션 1개 · 이미지 없음) / [D4] 공개번호(10-2022-0010050)와 표시 일자(2024-01-11) 계열 불일치 · 문헌일 2022-01-25,[F1] drawing_count 0 (도면의 설명 1원소 보유) [F2] 도면 설명 1원소에 도 25개 뭉침
KR 10-2624561 B1,B1,등록특허공보,등록공고,전복 양식 쉘터,7,,,7,D1 D3 D7 D2 D5 D6 D4b,[D5] 상세설명에 하위섹션+전문 중복 렌더(섹션 11760자 = 전문 9498 + 하위섹션 2546) / [D6] 도면 미반입인데 패널 노출(서지 도면 수 0건 / 패널 캡션 1개 · 이미지 없음) / [D4b] 공개/공고번호 — 인데 공개/공고일(2024-01-15)만 표시,[F1] drawing_count 0 (도면의 설명 1원소 보유) [F2] 도면 설명 1원소에 도 9개 뭉침
KR 10-2624736 B1,B1,등록특허공보,등록공고,시청각장애인용 전기안전 경보 방법 및 장치,7,,,7,D1 D3 D7 D2 D5 D6 D4,[D5] 상세설명에 하위섹션+전문 중복 렌더(섹션 12956자 = 전문 9926 + 하위섹션 3148) / [D6] 도면 미반입인데 패널 노출(서지 도면 수 0건 / 패널 캡션 1개 · 이미지 없음) / [D4] 공개번호(10-2022-0118088)와 표시 일자(2024-01-12) 계열 불일치 · 문헌일 2022-08-25,[F1] drawing_count 0 (도면의 설명 1원소 보유) [F2] 도면 설명 1원소에 도 3개 뭉침
KR 10-2625016 B1,B1,등록특허공보,등록공고,복사나무꽃 추출물을 유효성분으로 포함하는 업사이클링기능성 화장료 조성물,7,,,7,D1 D3 D7 D2 D5 D6 D4b,[D5] 상세설명에 하위섹션+전문 중복 렌더(섹션 25815자 = 전문 24016 + 하위섹션 3293) / [D6] 도면 미반입인데 패널 노출(서지 도면 수 0건 / 패널 캡션 1개 · 이미지 없음) / [D4b] 공개/공고번호 — 인데 공개/공고일(2024-01-12)만 표시,[F1] drawing_count 0 (도면의 설명 1원소 보유)
KR 10-2625091 B1,B1,등록특허공보,등록공고,선반 공구장치,7,,,7,D1 D3 D7 D2 D5 D6 D4,[D5] 상세설명에 하위섹션+전문 중복 렌더(섹션 17458자 = 전문 13147 + 하위섹션 4668) / [D6] 도면 미반입인데 패널 노출(서지 도면 수 0건 / 패널 캡션 1개 · 이미지 없음) / [D4] 공개번호(10-2023-0050302)와 표시 일자(2024-01-12) 계열 불일치 · 문헌일 2023-04-14,[F1] drawing_count 0 (도면의 설명 1원소 보유) [F2] 도면 설명 1원소에 도 12개 뭉침
KR 10-2625132 B1,B1,등록특허공보,등록공고,밀리미터 웨이브 시스템에서 랜덤 액세스를 위한 방법 및 장치,7,,,7,D1 D3 D7 D2 D5 D6 D4,[D5] 상세설명에 하위섹션+전문 중복 렌더(섹션 20505자 = 전문 15630 + 하위섹션 5005) / [D6] 도면 미반입인데 패널 노출(서지 도면 수 0건 / 패널 캡션 1개 · 이미지 없음) / [D4] 공개번호(10-2018-0049751)와 표시 일자(2024-01-16) 계열 불일치 · 문헌일 2018-05-11,[F1] drawing_count 0 (도면의 설명 1원소 보유) [F2] 도면 설명 1원소에 도 17개 뭉침
KR 10-2625139 B1,B1,등록특허공보,등록공고,다축 회전 구조를 갖는 글라스 제조 장치 및 이를 이용한 글라스의 제조 방법,7,,,7,D1 D3 D7 D2 D5 D6 D4,[D5] 상세설명에 하위섹션+전문 중복 렌더(섹션 31323자 = 전문 26053 + 하위섹션 5600) / [D6] 도면 미반입인데 패널 노출(서지 도면 수 0건 / 패널 캡션 1개 · 이미지 없음) / [D4] 공개번호(10-2022-0055047)와 표시 일자(2024-01-15) 계열 불일치 · 문헌일 2022-05-03,[F1] drawing_count 0 (도면의 설명 1원소 보유) [F2] 도면 설명 1원소에 도 18개 뭉침
KR 10-2625199 B1,B1,등록특허공보,등록공고,2차 전지용 롤 타입 분리막 이송용 가변스테이지,7,,,7,D1 D3 D7 D2 D5 D6 D4b,[D5] 상세설명에 하위섹션+전문 중복 렌더(섹션 35492자 = 전문 26404 + 하위섹션 9587) / [D6] 도면 미반입인데 패널 노출(서지 도면 수 0건 / 패널 캡션 1개 · 이미지 없음) / [D4b] 공개/공고번호 — 인데 공개/공고일(2024-01-16)만 표시,[F1] drawing_count 0 (도면의 설명 1원소 보유) [F2] 도면 설명 1원소에 도 14개 뭉침
KR 10-2625284 B1,B1,등록특허공보,등록공고,폐섬유를 이용한 난연성 가구 및 실내가구용 패널,7,,,7,D1 D3 D7 D2 D5 D6 D4b,[D5] 상세설명에 하위섹션+전문 중복 렌더(섹션 12407자 = 전문 10297 + 하위섹션 2250) / [D6] 도면 미반입인데 패널 노출(서지 도면 수 0건 / 패널 캡션 1개 · 이미지 없음) / [D4b] 공개/공고번호 — 인데 공개/공고일(2024-01-16)만 표시,[F1] drawing_count 0 (도면의 설명 1원소 보유)
KR 10-2625337 B1,B1,등록특허공보,등록공고,범용 PC 기반 스마트 팩토리 구축 시스템,7,,,7,D1 D3 D7 D2 D5 D6 D4b,[D5] 상세설명에 하위섹션+전문 중복 렌더(섹션 31929자 = 전문 27225 + 하위섹션 5158) / [D6] 도면 미반입인데 패널 노출(서지 도면 수 0건 / 패널 캡션 1개 · 이미지 없음) / [D4b] 공개/공고번호 — 인데 공개/공고일(2024-01-15)만 표시,[F1] drawing_count 0 (도면의 설명 1원소 보유) [F2] 도면 설명 1원소에 도 44개 뭉침
KR 10-2625390 B1,B1,등록특허공보,등록공고,배기가스 처리 방법,7,,,7,D1 D3 D7 D2 D5 D6 D4,[D5] 상세설명에 하위섹션+전문 중복 렌더(섹션 16269자 = 전문 15072 + 하위섹션 1898) / [D6] 도면 미반입인데 패널 노출(서지 도면 수 0건 / 패널 캡션 1개 · 이미지 없음) / [D4] 공개번호(10-2021-0035433)와 표시 일자(2024-01-15) 계열 불일치 · 문헌일 2021-04-01,[F1] drawing_count 0 (도면의 설명 1원소 보유)
KR 10-2625526 B1,B1,등록특허공보,등록공고,자동 절첩식 가스버너,7,,,7,D1 D3 D7 D2 D5 D6 D4,[D5] 상세설명에 하위섹션+전문 중복 렌더(섹션 13848자 = 전문 10721 + 하위섹션 3281) / [D6] 도면 미반입인데 패널 노출(서지 도면 수 0건 / 패널 캡션 1개 · 이미지 없음) / [D4] 공개번호(10-2023-0171805)와 표시 일자(2024-01-15) 계열 불일치 · 문헌일 2023-12-21,[F1] drawing_count 0 (도면의 설명 1원소 보유) [F2] 도면 설명 1원소에 도 8개 뭉침
KR 10-2625850 B1,B1,등록특허공보,등록공고,이리듐 산화물의 제조 방법,7,,,7,D1 D3 D7 D2 D5 D6 D4,[D5] 상세설명에 하위섹션+전문 중복 렌더(섹션 19294자 = 전문 16875 + 하위섹션 3158) / [D6] 도면 미반입인데 패널 노출(서지 도면 수 0건 / 패널 캡션 1개 · 이미지 없음) / [D4] 공개번호(10-2023-0090032)와 표시 일자(2024-01-15) 계열 불일치 · 문헌일 2023-06-21,[F1] drawing_count 0 (도면의 설명 1원소 보유) [F2] 도면 설명 1원소에 도 5개 뭉침
KR 10-2634534 B1,B1,등록특허공보,등록공고,탄성회복율과 민감도가 높은 압력센서 일체형 지오그리드,7,,,7,D1 D3 D7 D2 D6 D12 D8,[D6] 도면 미반입인데 패널 노출(서지 도면 수 0건 / 패널 캡션 1개 · 이미지 없음) / [D12] 서지 청구항 수 3개 ↔ 청구범위 목록 4개(삭제 1) 불일치 / [D8] 독립항 목록 2개 중 1개가 본문 '삭제',[F1] drawing_count 0 (도면의 설명 1원소 보유)
KR 10-2634678 B1,B1,등록특허공보,등록공고,전기자동차용 배터리 팩의 장착유닛,7,,,7,D1 D3 D7 D2 D6 D12 D8,[D6] 도면 미반입인데 패널 노출(서지 도면 수 0건 / 패널 캡션 1개 · 이미지 없음) / [D12] 서지 청구항 수 10개 ↔ 청구범위 목록 11개(삭제 1) 불일치 / [D8] 독립항 목록 2개 중 1개가 본문 '삭제',[F1] drawing_count 0 (도면의 설명 1원소 보유) [F2] 도면 설명 1원소에 도 5개 뭉침
KR 10-2635364 B1,B1,등록특허공보,등록공고,이동형 화학 작용제 중화 장치 및 그 동작 방법,7,,,7,D1 D3 D7 D2 D6 D12 D8,[D6] 도면 미반입인데 패널 노출(서지 도면 수 0건 / 패널 캡션 1개 · 이미지 없음) / [D12] 서지 청구항 수 14개 ↔ 청구범위 목록 19개(삭제 5) 불일치 / [D8] 독립항 목록 7개 중 5개가 본문 '삭제',[F1] drawing_count 0 (도면의 설명 1원소 보유) [F2] 도면 설명 1원소에 도 6개 뭉침
KR 10-2635660 B1,B1,등록특허공보,정정공고,"양자점 조성물, 이로부터 형성된 경화 패턴, 및 이를 포함하는 화상 표시 장치",7,,,7,D1 D3 D7 D2 D12 D8 D8c,[D12] 서지 청구항 수 14개 ↔ 청구범위 목록 16개(삭제 2) 불일치 / [D8] 독립항 목록 16개 중 2개가 본문 '삭제' / [D8c] 종속항 0 · 삭제항 2 → 독립/전체 토글 결과 동일(16개),
KR 10-2635784 B1,B1,등록특허공보,등록공고,씨앗 분리장치,7,,,7,D1 D3 D7 D2 D6 D12 D8,[D6] 도면 미반입인데 패널 노출(서지 도면 수 0건 / 패널 캡션 1개 · 이미지 없음) / [D12] 서지 청구항 수 2개 ↔ 청구범위 목록 5개(삭제 3) 불일치 / [D8] 독립항 목록 4개 중 3개가 본문 '삭제',[F1] drawing_count 0 (도면의 설명 1원소 보유) [F2] 도면 설명 1원소에 도 5개 뭉침
KR 10-2636132 B1,B1,등록특허공보,등록공고,놀이의 편의성을 강화한 여성용 피구공,7,,,7,D1 D3 D7 D2 D6 D12 D8,[D6] 도면 미반입인데 패널 노출(서지 도면 수 0건 / 패널 캡션 1개 · 이미지 없음) / [D12] 서지 청구항 수 2개 ↔ 청구범위 목록 6개(삭제 4) 불일치 / [D8] 독립항 목록 5개 중 4개가 본문 '삭제',[F1] drawing_count 0 (도면의 설명 1원소 보유) [F2] 도면 설명 1원소에 도 5개 뭉침
KR 10-2636181 B1,B1,등록특허공보,등록공고,분리가능한 크라운,7,,,7,D1 D3 D7 D2 D6 D12 D8,[D6] 도면 미반입인데 패널 노출(서지 도면 수 0건 / 패널 캡션 1개 · 이미지 없음) / [D12] 서지 청구항 수 14개 ↔ 청구범위 목록 15개(삭제 1) 불일치 / [D8] 독립항 목록 2개 중 1개가 본문 '삭제',[F1] drawing_count 0 (도면의 설명 1원소 보유) [F2] 도면 설명 1원소에 도 6개 뭉침
KR 10-2636214 B1,B1,등록특허공보,등록공고,다기능 소방차,7,,,7,D1 D3 D7 D2 D6 D12 D8,[D6] 도면 미반입인데 패널 노출(서지 도면 수 0건 / 패널 캡션 1개 · 이미지 없음) / [D12] 서지 청구항 수 11개 ↔ 청구범위 목록 12개(삭제 1) 불일치 / [D8] 독립항 목록 2개 중 1개가 본문 '삭제',[F1] drawing_count 0 (도면의 설명 1원소 보유) [F2] 도면 설명 1원소에 도 5개 뭉침
KR 10-2636286 B1,B1,등록특허공보,등록공고,도심지 교통 차량 진동의 방향성 추적 시스템 및 방법,7,,,7,D1 D3 D7 D2 D6 D12 D8,[D6] 도면 미반입인데 패널 노출(서지 도면 수 0건 / 패널 캡션 1개 · 이미지 없음) / [D12] 서지 청구항 수 10개 ↔ 청구범위 목록 18개(삭제 8) 불일치 / [D8] 독립항 목록 10개 중 8개가 본문 '삭제',[F1] drawing_count 0 (도면의 설명 1원소 보유) [F2] 도면 설명 1원소에 도 14개 뭉침
KR 10-2636303 B1,B1,등록특허공보,등록공고,양자 정보 처리 통합 시스템에서 단일 큐비트 계측에서 양자 상관 측정 장치 및 방법,7,,,7,D1 D3 D7 D2 D6 D12 D8,[D6] 도면 미반입인데 패널 노출(서지 도면 수 0건 / 패널 캡션 1개 · 이미지 없음) / [D12] 서지 청구항 수 8개 ↔ 청구범위 목록 10개(삭제 2) 불일치 / [D8] 독립항 목록 4개 중 2개가 본문 '삭제',[F1] drawing_count 0 (도면의 설명 1원소 보유) [F2] 도면 설명 1원소에 도 12개 뭉침
KR 10-2637385 B1,B1,등록특허공보,등록공고,복합막의 제조 방법,7,,,7,D1 D3 D7 D2 D6 D12 D8,[D6] 도면 미반입인데 패널 노출(서지 도면 수 0건 / 패널 캡션 1개 · 이미지 없음) / [D12] 서지 청구항 수 6개 ↔ 청구범위 목록 7개(삭제 1) 불일치 / [D8] 독립항 목록 2개 중 1개가 본문 '삭제',[F1] drawing_count 0 (도면의 설명 1원소 보유)
KR 10-2637717 B1,B1,등록특허공보,등록공고,쿠르토박테리움 프로이뮨 K3 균주를 이용하여 제조된 금나노입자 및 이를 포함하는 항암용 조성물,7,,,7,D1 D3 D7 D5 D6 D12 D8,[D5] 상세설명에 하위섹션+전문 중복 렌더(섹션 24178자 = 전문 21827 + 하위섹션 4619) / [D6] 도면 미반입인데 패널 노출(서지 도면 수 0건 / 패널 캡션 1개 · 이미지 없음) / [D12] 서지 청구항 수 13개 ↔ 청구범위 목록 14개(삭제 1) 불일치 / [D8] 독립항 목록 6개 중 1개가 본문 '삭제',[F1] drawing_count 0 (도면의 설명 1원소 보유) [F2] 도면 설명 1원소에 도 19개 뭉침
KR 10-2649246 B1,B1,등록특허공보,등록공고,PD-1 부착 나노케이지 및 이의 용도,7,,,7,D1 D3 D7 D5 D6 D12 D8,[D5] 상세설명에 하위섹션+전문 중복 렌더(섹션 64651자 = 전문 43080 + 하위섹션 27496) / [D6] 도면 미반입인데 패널 노출(서지 도면 수 0건 / 패널 캡션 1개 · 이미지 없음) / [D12] 서지 청구항 수 30개 ↔ 청구범위 목록 32개(삭제 2) 불일치 / [D8] 독립항 목록 4개 중 2개가 본문 '삭제',[F1] drawing_count 0 (도면의 설명 1원소 보유) [F2] 도면 설명 1원소에 도 12개 뭉침
KR 10-2649887 B1,B1,등록특허공보,등록공고,"(S)-N-(5-((R)-2-(2,5-디플루오로페닐)-피롤리딘-1-일)-피라졸로[1,5-A]피리미딘-3-일)",7,,,7,D1 D3 D7 D5 D6 D12 D8,[D5] 상세설명에 하위섹션+전문 중복 렌더(섹션 125350자 = 전문 121650 + 하위섹션 14077) / [D6] 도면 미반입인데 패널 노출(서지 도면 수 0건 / 패널 캡션 1개 · 이미지 없음) / [D12] 서지 청구항 수 25개 ↔ 청구범위 목록 29개(삭제 4) 불일치 / [D8] 독립항 목록 5개 중 4개가 본문 '삭제',[F1] drawing_count 0 (도면의 설명 1원소 보유) [F2] 도면 설명 1원소에 도 48개 뭉침
KR 10-2650070 B1,B1,등록특허공보,등록공고,확산효율 향상 가능한 외부광원을 이용한 광배양기,7,,,7,D1 D3 D7 D2 D6 D12 D8,[D6] 도면 미반입인데 패널 노출(서지 도면 수 0건 / 패널 캡션 1개 · 이미지 없음) / [D12] 서지 청구항 수 2개 ↔ 청구범위 목록 6개(삭제 4) 불일치 / [D8] 독립항 목록 5개 중 4개가 본문 '삭제',[F1] drawing_count 0 (도면의 설명 1원소 보유) [F2] 도면 설명 1원소에 도 6개 뭉침
KR 10-2650112 B1,B1,등록특허공보,등록공고,프레임 어셈블리 및 이를 포함하는 장치,7,,,7,D1 D3 D7 D2 D6 D12 D8,[D6] 도면 미반입인데 패널 노출(서지 도면 수 0건 / 패널 캡션 1개 · 이미지 없음) / [D12] 서지 청구항 수 3개 ↔ 청구범위 목록 5개(삭제 2) 불일치 / [D8] 독립항 목록 3개 중 2개가 본문 '삭제',[F1] drawing_count 0 (도면의 설명 1원소 보유) [F2] 도면 설명 1원소에 도 4개 뭉침
KR 10-2650171 B1,B1,등록특허공보,등록공고,뿌리응애 방제능을 가지는 메타리지움 펨피기 111 균주 및 이의 용도,7,,,7,D1 D3 D7 D5 D6 D12 D8,[D5] 상세설명에 하위섹션+전문 중복 렌더(섹션 16762자 = 전문 15285 + 하위섹션 3496) / [D6] 도면 미반입인데 패널 노출(서지 도면 수 0건 / 패널 캡션 1개 · 이미지 없음) / [D12] 서지 청구항 수 4개 ↔ 청구범위 목록 5개(삭제 1) 불일치 / [D8] 독립항 목록 2개 중 1개가 본문 '삭제',[F1] drawing_count 0 (도면의 설명 1원소 보유)
KR 10-2650439 B1,B1,등록특허공보,등록공고,제한된 면역글로불린 중쇄 유전자좌를 가지는 인간화된 비-인간 동물,7,,,7,D1 D3 D7 D5 D6 D12 D8,[D5] 상세설명에 하위섹션+전문 중복 렌더(섹션 249294자 = 전문 178532 + 하위섹션 88900) / [D6] 도면 미반입인데 패널 노출(서지 도면 수 0건 / 패널 캡션 1개 · 이미지 없음) / [D12] 서지 청구항 수 33개 ↔ 청구범위 목록 43개(삭제 10) 불일치 / [D8] 독립항 목록 11개 중 10개가 본문 '삭제',[F1] drawing_count 0 (도면의 설명 1원소 보유) [F2] 도면 설명 1원소에 도 10개 뭉침
KR 10-2650496 B1,B1,등록특허공보,등록공고,HPK1 억제제로서의 치환된 6-아자벤즈이미다졸 화합물,7,,,7,D1 D3 D7 D2 D5 D12 D8,[D5] 상세설명에 하위섹션+전문 중복 렌더(섹션 517100자 = 전문 580688 + 하위섹션 1351) / [D12] 서지 청구항 수 150개 ↔ 청구범위 목록 183개(삭제 33) 불일치 / [D8] 독립항 목록 58개 중 33개가 본문 '삭제',
KR 10-2650656 B1,B1,등록특허공보,등록공고,유기금속 화합물 및 이를 포함한 유기 발광 소자,7,,,7,D1 D3 D7 D2 D6 D12 D8,[D6] 도면 미반입인데 패널 노출(서지 도면 수 0건 / 패널 캡션 1개 · 이미지 없음) / [D12] 서지 청구항 수 12개 ↔ 청구범위 목록 20개(삭제 8) 불일치 / [D8] 독립항 목록 9개 중 8개가 본문 '삭제',[F1] drawing_count 0 (도면의 설명 1원소 보유)
KR 10-2651216 B1,B1,등록특허공보,등록공고,감광성 수지 조성물 및 반도체 디바이스 제조 방법,7,,,7,D1 D3 D7 D2 D6 D12 D8,[D6] 도면 미반입인데 패널 노출(서지 도면 수 0건 / 패널 캡션 1개 · 이미지 없음) / [D12] 서지 청구항 수 12개 ↔ 청구범위 목록 15개(삭제 3) 불일치 / [D8] 독립항 목록 4개 중 3개가 본문 '삭제',[F1] drawing_count 0 (도면의 설명 1원소 보유) [F2] 도면 설명 1원소에 도 4개 뭉침
KR 10-2651244 B1,B1,등록특허공보,등록공고,그라우트 조성물 및 이를 이용한 사면보강 시공방법,7,,,7,D1 D3 D7 D2 D5 D6 D4b,[D5] 상세설명에 하위섹션+전문 중복 렌더(섹션 20556자 = 전문 16968 + 하위섹션 4165) / [D6] 도면 미반입인데 패널 노출(서지 도면 수 0건 / 패널 캡션 1개 · 이미지 없음) / [D4b] 공개/공고번호 — 인데 공개/공고일(2024-03-27)만 표시,[F1] drawing_count 0 (도면의 설명 1원소 보유) [F2] 도면 설명 1원소에 도 5개 뭉침
KR 10-2651359 B1,B1,등록특허공보,등록공고,제철음식 구독서비스 시스템 및 방법,7,,,7,D1 D3 D7 D2 D6 D12 D8,[D6] 도면 미반입인데 패널 노출(서지 도면 수 0건 / 패널 캡션 1개 · 이미지 없음) / [D12] 서지 청구항 수 3개 ↔ 청구범위 목록 6개(삭제 3) 불일치 / [D8] 독립항 목록 5개 중 3개가 본문 '삭제',[F1] drawing_count 0 (도면의 설명 1원소 보유) [F2] 도면 설명 1원소에 도 4개 뭉침
KR 10-2651471 B1,B1,등록특허공보,등록공고,암모니아 흡착제의 제조방법 및 이 방법으로 제조된 암모니아 흡착제,7,,,7,D1 D3 D7 D2 D6 D12 D8,[D6] 도면 미반입인데 패널 노출(서지 도면 수 0건 / 패널 캡션 1개 · 이미지 없음) / [D12] 서지 청구항 수 5개 ↔ 청구범위 목록 8개(삭제 3) 불일치 / [D8] 독립항 목록 4개 중 3개가 본문 '삭제',[F1] drawing_count 0 (도면의 설명 1원소 보유) [F2] 도면 설명 1원소에 도 8개 뭉침
KR 10-2651754 B1,B1,등록특허공보,등록공고,표시 장치 및 그의 구동 방법,7,,,7,D1 D3 D7 D2 D5 D6 D4,[D5] 상세설명에 하위섹션+전문 중복 렌더(섹션 36067자 = 전문 32470 + 하위섹션 4022) / [D6] 도면 미반입인데 패널 노출(서지 도면 수 0건 / 패널 캡션 1개 · 이미지 없음) / [D4] 공개번호(10-2020-0042074)와 표시 일자(2024-03-29) 계열 불일치 · 문헌일 2020-04-23,[F1] drawing_count 0 (도면의 설명 1원소 보유) [F2] 도면 설명 1원소에 도 11개 뭉침
KR 10-2651909 B1,B1,등록특허공보,등록공고,임피던스 측정 장치 및 임피던스 측정 방법,7,,,7,D1 D3 D7 D2 D5 D6 D4,[D5] 상세설명에 하위섹션+전문 중복 렌더(섹션 23783자 = 전문 18759 + 하위섹션 5337) / [D6] 도면 미반입인데 패널 노출(서지 도면 수 0건 / 패널 캡션 1개 · 이미지 없음) / [D4] 공개번호(10-2022-0094178)와 표시 일자(2024-03-27) 계열 불일치 · 문헌일 2022-07-05,[F1] drawing_count 0 (도면의 설명 1원소 보유) [F2] 도면 설명 1원소에 도 16개 뭉침
KR 10-2652298 B1,B1,등록특허공보,등록공고,안전점검 및 진단을 위한 양방향 레이저 거리측정기를 이용한 교량 유간거리 측정장치,7,,,7,D1 D3 D7 D2 D5 D6 D4b,[D5] 상세설명에 하위섹션+전문 중복 렌더(섹션 20972자 = 전문 13127 + 하위섹션 8269) / [D6] 도면 미반입인데 패널 노출(서지 도면 수 0건 / 패널 캡션 1개 · 이미지 없음) / [D4b] 공개/공고번호 — 인데 공개/공고일(2024-03-28)만 표시,[F1] drawing_count 0 (도면의 설명 1원소 보유) [F2] 도면 설명 1원소에 도 7개 뭉침
KR 10-2652754 B1,B1,등록특허공보,등록공고,자유진동에서 동적특성 예측 방법 및 이를 이용한 동적특성 예측 장치,7,,,7,D1 D3 D7 D2 D5 D6 D4,[D5] 상세설명에 하위섹션+전문 중복 렌더(섹션 15851자 = 전문 11675 + 하위섹션 4406) / [D6] 도면 미반입인데 패널 노출(서지 도면 수 0건 / 패널 캡션 1개 · 이미지 없음) / [D4] 공개번호(10-2021-0083775)와 표시 일자(2024-04-01) 계열 불일치 · 문헌일 2021-07-07,[F1] drawing_count 0 (도면의 설명 1원소 보유) [F2] 도면 설명 1원소에 도 8개 뭉침
KR 10-2652977 B1,B1,등록특허공보,등록공고,펀와인더용 추벨트,7,,,7,D1 D3 D7 D2 D5 D6 D4b,[D5] 상세설명에 하위섹션+전문 중복 렌더(섹션 21463자 = 전문 14325 + 하위섹션 7289) / [D6] 도면 미반입인데 패널 노출(서지 도면 수 0건 / 패널 캡션 1개 · 이미지 없음) / [D4b] 공개/공고번호 — 인데 공개/공고일(2024-04-01)만 표시,[F1] drawing_count 0 (도면의 설명 1원소 보유) [F2] 도면 설명 1원소에 도 20개 뭉침
KR 10-2653013 B1,B1,등록특허공보,등록공고,큐 페어 기반 NVMeoF 이니시에이터-타겟 시스템에서 I/O 전송을 위한 방법 및 시스템,7,,,7,D1 D3 D7 D2 D5 D6 D4,[D5] 상세설명에 하위섹션+전문 중복 렌더(섹션 36731자 = 전문 30452 + 하위섹션 6800) / [D6] 도면 미반입인데 패널 노출(서지 도면 수 0건 / 패널 캡션 1개 · 이미지 없음) / [D4] 공개번호(10-2020-0141383)와 표시 일자(2024-03-29) 계열 불일치 · 문헌일 2020-12-18,[F1] drawing_count 0 (도면의 설명 1원소 보유) [F2] 도면 설명 1원소에 도 26개 뭉침
KR 10-2653067 B1,B1,등록특허공보,등록공고,에지 거칠기 감소,7,,,7,D1 D3 D7 D2 D5 D6 D4,[D5] 상세설명에 하위섹션+전문 중복 렌더(섹션 9709자 = 전문 9347 + 하위섹션 516) / [D6] 도면 미반입인데 패널 노출(서지 도면 수 0건 / 패널 캡션 1개 · 이미지 없음) / [D4] 공개번호(10-2019-0002327)와 표시 일자(2024-03-29) 계열 불일치 · 문헌일 2019-01-08,[F1] drawing_count 0 (도면의 설명 1원소 보유) [F2] 도면 설명 1원소에 도 8개 뭉침
KR 10-2653380 B1,B1,등록특허공보,등록공고,화재 경보 및 강화액 격발 오류 방지 이중화 시스템 및 강화액 격발 오류 방지 이중화 방법,7,,,7,D1 D3 D7 D2 D5 D6 D4b,[D5] 상세설명에 하위섹션+전문 중복 렌더(섹션 8084자 = 전문 5472 + 하위섹션 2632) / [D6] 도면 미반입인데 패널 노출(서지 도면 수 0건 / 패널 캡션 1개 · 이미지 없음) / [D4b] 공개/공고번호 — 인데 공개/공고일(2024-04-01)만 표시,[F1] drawing_count 0 (도면의 설명 1원소 보유) [F2] 도면 설명 1원소에 도 6개 뭉침
KR 10-2663476 B1,B1,등록특허공보,등록공고,경질피막이 형성된 절삭공구,7,,,7,D1 D3 D7 D2 D5 D6 D4b,[D5] 상세설명에 하위섹션+전문 중복 렌더(섹션 11023자 = 전문 10038 + 하위섹션 1737) / [D6] 도면 미반입인데 패널 노출(서지 도면 수 0건 / 패널 캡션 1개 · 이미지 없음) / [D4b] 공개/공고번호 — 인데 공개/공고일(2024-05-08)만 표시,[F1] drawing_count 0 (도면의 설명 1원소 보유) [F2] 도면 설명 1원소에 도 4개 뭉침
KR 10-2663593 B1,B1,등록특허공보,등록공고,케이블선로 인디케이터,7,,,7,D1 D3 D7 D2 D5 D6 D4b,[D5] 상세설명에 하위섹션+전문 중복 렌더(섹션 33777자 = 전문 31003 + 하위섹션 3011) / [D6] 도면 미반입인데 패널 노출(서지 도면 수 0건 / 패널 캡션 1개 · 이미지 없음) / [D4b] 공개/공고번호 — 인데 공개/공고일(2024-05-10)만 표시,[F1] drawing_count 0 (도면의 설명 1원소 보유) [F2] 도면 설명 1원소에 도 11개 뭉침
KR 10-2663671 B1,B1,등록특허공보,등록공고,목재패널 절단장치,7,,,7,D1 D3 D7 D2 D5 D6 D4b,[D5] 상세설명에 하위섹션+전문 중복 렌더(섹션 18786자 = 전문 14601 + 하위섹션 4337) / [D6] 도면 미반입인데 패널 노출(서지 도면 수 0건 / 패널 캡션 1개 · 이미지 없음) / [D4b] 공개/공고번호 — 인데 공개/공고일(2024-05-08)만 표시,[F1] drawing_count 0 (도면의 설명 1원소 보유) [F2] 도면 설명 1원소에 도 18개 뭉침
KR 10-2663677 B1,B1,등록특허공보,등록공고,블록체인 간에 가상자산을 안전하게 이동하기 위한 방법,7,,,7,D1 D3 D7 D2 D5 D6 D4b,[D5] 상세설명에 하위섹션+전문 중복 렌더(섹션 16932자 = 전문 14258 + 하위섹션 2863) / [D6] 도면 미반입인데 패널 노출(서지 도면 수 0건 / 패널 캡션 1개 · 이미지 없음) / [D4b] 공개/공고번호 — 인데 공개/공고일(2024-05-14)만 표시,[F1] drawing_count 0 (도면의 설명 1원소 보유) [F2] 도면 설명 1원소에 도 11개 뭉침
KR 10-2663715 B1,B1,등록특허공보,등록공고,표시 장치 및 이의 제조 방법,7,,,7,D1 D3 D7 D2 D5 D6 D4,[D5] 상세설명에 하위섹션+전문 중복 렌더(섹션 24662자 = 전문 20769 + 하위섹션 4424) / [D6] 도면 미반입인데 패널 노출(서지 도면 수 0건 / 패널 캡션 1개 · 이미지 없음) / [D4] 공개번호(10-2018-0055022)와 표시 일자(2024-05-16) 계열 불일치 · 문헌일 2018-05-25,[F1] drawing_count 0 (도면의 설명 1원소 보유) [F2] 도면 설명 1원소에 도 33개 뭉침
KR 10-2663722 B1,B1,등록특허공보,등록공고,이차 전지,7,,,7,D1 D3 D7 D2 D5 D6 D4,[D5] 상세설명에 하위섹션+전문 중복 렌더(섹션 16236자 = 전문 14165 + 하위섹션 2228) / [D6] 도면 미반입인데 패널 노출(서지 도면 수 0건 / 패널 캡션 1개 · 이미지 없음) / [D4] 공개번호(10-2018-0026910)와 표시 일자(2024-05-07) 계열 불일치 · 문헌일 2018-03-14,[F1] drawing_count 0 (도면의 설명 1원소 보유) [F2] 도면 설명 1원소에 도 11개 뭉침
KR 10-2663803 B1,B1,등록특허공보,등록공고,전기차 화재 진압용 물팩이 구비된 컨테이너,7,,,7,D1 D3 D7 D2 D5 D6 D4b,[D5] 상세설명에 하위섹션+전문 중복 렌더(섹션 12816자 = 전문 9740 + 하위섹션 3377) / [D6] 도면 미반입인데 패널 노출(서지 도면 수 0건 / 패널 캡션 1개 · 이미지 없음) / [D4b] 공개/공고번호 — 인데 공개/공고일(2024-05-07)만 표시,[F1] drawing_count 0 (도면의 설명 1원소 보유) [F2] 도면 설명 1원소에 도 15개 뭉침
KR 10-2663875 B1,B1,등록특허공보,등록공고,가공배전선로용 다기능 전선 고정기구,7,,,7,D1 D3 D7 D2 D5 D6 D4b,[D5] 상세설명에 하위섹션+전문 중복 렌더(섹션 12554자 = 전문 10452 + 하위섹션 2603) / [D6] 도면 미반입인데 패널 노출(서지 도면 수 0건 / 패널 캡션 1개 · 이미지 없음) / [D4b] 공개/공고번호 — 인데 공개/공고일(2024-05-08)만 표시,[F1] drawing_count 0 (도면의 설명 1원소 보유) [F2] 도면 설명 1원소에 도 6개 뭉침
KR 10-2663899 B1,B1,등록특허공보,등록공고,표시 패널,7,,,7,D1 D3 D7 D2 D5 D6 D4,[D5] 상세설명에 하위섹션+전문 중복 렌더(섹션 34824자 = 전문 31327 + 하위섹션 3953) / [D6] 도면 미반입인데 패널 노출(서지 도면 수 0건 / 패널 캡션 1개 · 이미지 없음) / [D4] 공개번호(10-2020-0037025)와 표시 일자(2024-05-09) 계열 불일치 · 문헌일 2020-04-08,[F1] drawing_count 0 (도면의 설명 1원소 보유) [F2] 도면 설명 1원소에 도 17개 뭉침
KR 10-2663964 B1,B1,등록특허공보,등록공고,엔트로피 필터의 구현 방법 및 이를 구현하기 위한 하드웨어 장치,7,,,7,D1 D3 D7 D2 D5 D6 D4b,[D5] 상세설명에 하위섹션+전문 중복 렌더(섹션 21614자 = 전문 16665 + 하위섹션 5361) / [D6] 도면 미반입인데 패널 노출(서지 도면 수 0건 / 패널 캡션 1개 · 이미지 없음) / [D4b] 공개/공고번호 — 인데 공개/공고일(2024-05-10)만 표시,[F1] drawing_count 0 (도면의 설명 1원소 보유) [F2] 도면 설명 1원소에 도 12개 뭉침
KR 10-2663989 B1,B1,등록특허공보,등록공고,디스플레이 이동장치,7,,,7,D1 D3 D7 D2 D5 D6 D4,[D5] 상세설명에 하위섹션+전문 중복 렌더(섹션 18538자 = 전문 15136 + 하위섹션 4399) / [D6] 도면 미반입인데 패널 노출(서지 도면 수 0건 / 패널 캡션 1개 · 이미지 없음) / [D4] 공개번호(10-2021-0074063)와 표시 일자(2024-05-07) 계열 불일치 · 문헌일 2021-06-21,[F1] drawing_count 0 (도면의 설명 1원소 보유) [F2] 도면 설명 1원소에 도 9개 뭉침
KR 10-2664283 B1,B1,등록특허공보,등록공고,촉매 컨버터의 배기가스 성분 어큐뮬레이터의 충전 레벨을 제어하기 위한 방법,7,,,7,D1 D3 D7 D2 D5 D6 D4,[D5] 상세설명에 하위섹션+전문 중복 렌더(섹션 25943자 = 전문 23490 + 하위섹션 2857) / [D6] 도면 미반입인데 패널 노출(서지 도면 수 0건 / 패널 캡션 1개 · 이미지 없음) / [D4] 공개번호(10-2020-0081314)와 표시 일자(2024-05-10) 계열 불일치 · 문헌일 2020-07-07,[F1] drawing_count 0 (도면의 설명 1원소 보유) [F2] 도면 설명 1원소에 도 4개 뭉침
KR 10-2664382 B1,B1,등록특허공보,등록공고,"기판 패터닝 장치 및 방법, 유기 발광 장치 제조방법",7,,,7,D1 D3 D7 D2 D5 D6 D4,[D5] 상세설명에 하위섹션+전문 중복 렌더(섹션 35664자 = 전문 29485 + 하위섹션 6840) / [D6] 도면 미반입인데 패널 노출(서지 도면 수 0건 / 패널 캡션 1개 · 이미지 없음) / [D4] 공개번호(10-2018-0005082)와 표시 일자(2024-05-09) 계열 불일치 · 문헌일 2018-01-15,[F1] drawing_count 0 (도면의 설명 1원소 보유) [F2] 도면 설명 1원소에 도 39개 뭉침
KR 10-2664534 B1,B1,등록특허공보,등록공고,안테나 패턴,7,,,7,D1 D3 D7 D2 D5 D6 D4,[D5] 상세설명에 하위섹션+전문 중복 렌더(섹션 15232자 = 전문 13040 + 하위섹션 2333) / [D6] 도면 미반입인데 패널 노출(서지 도면 수 0건 / 패널 캡션 1개 · 이미지 없음) / [D4] 공개번호(10-2023-0153774)와 표시 일자(2024-05-10) 계열 불일치 · 문헌일 2023-11-07,[F1] drawing_count 0 (도면의 설명 1원소 보유) [F2] 도면 설명 1원소에 도 8개 뭉침
KR 10-2664594 B1,B1,등록특허공보,등록공고,클로스트리디움 디피실레(Clostridium difficile) 성장 억제효과를 갖는 락토바실러스 균주,7,,,7,D1 D3 D7 D2 D5 D6 D4,[D5] 상세설명에 하위섹션+전문 중복 렌더(섹션 19803자 = 전문 15108 + 하위섹션 5008) / [D6] 도면 미반입인데 패널 노출(서지 도면 수 0건 / 패널 캡션 1개 · 이미지 없음) / [D4] 공개번호(10-2023-0009525)와 표시 일자(2024-05-10) 계열 불일치 · 문헌일 2023-01-17,[F1] drawing_count 0 (도면의 설명 1원소 보유) [F2] 도면 설명 1원소에 도 15개 뭉침
KR 10-2664727 B1,B1,등록특허공보,등록공고,가상현실 기반의 트랜스포터 교육방법,7,,,7,D1 D3 D7 D2 D5 D6 D4,[D5] 상세설명에 하위섹션+전문 중복 렌더(섹션 13958자 = 전문 11054 + 하위섹션 3061) / [D6] 도면 미반입인데 패널 노출(서지 도면 수 0건 / 패널 캡션 1개 · 이미지 없음) / [D4] 공개번호(10-2023-0148023)와 표시 일자(2024-05-10) 계열 불일치 · 문헌일 2023-10-24,[F1] drawing_count 0 (도면의 설명 1원소 보유) [F2] 도면 설명 1원소에 도 10개 뭉침
KR 10-2664863 B1,B1,등록특허공보,등록공고,옥심 유도체의 제조방법,7,,,7,D1 D3 D7 D2 D5 D6 D4,[D5] 상세설명에 하위섹션+전문 중복 렌더(섹션 36011자 = 전문 34803 + 하위섹션 2643) / [D6] 도면 미반입인데 패널 노출(서지 도면 수 0건 / 패널 캡션 1개 · 이미지 없음) / [D4] 공개번호(10-2023-0081415)와 표시 일자(2024-05-14) 계열 불일치 · 문헌일 2023-06-07,[F1] drawing_count 0 (도면의 설명 1원소 보유) [F2] 도면 설명 1원소에 도 8개 뭉침
KR 10-2664882 B1,B1,등록특허공보,등록공고,새우 밀식 구조물,7,,,7,D1 D3 D7 D2 D5 D6 D4,[D5] 상세설명에 하위섹션+전문 중복 렌더(섹션 10693자 = 전문 8403 + 하위섹션 2439) / [D6] 도면 미반입인데 패널 노출(서지 도면 수 0건 / 패널 캡션 1개 · 이미지 없음) / [D4] 공개번호(10-2023-0111472)와 표시 일자(2024-05-09) 계열 불일치 · 문헌일 2023-07-25,[F1] drawing_count 0 (도면의 설명 1원소 보유) [F2] 도면 설명 1원소에 도 7개 뭉침
KR 10-2664900 B1,B1,등록특허공보,등록공고,드론을 이용한 지상기준점 측량장치 및 그 방법,7,,,7,D1 D3 D7 D2 D5 D6 D4,[D5] 상세설명에 하위섹션+전문 중복 렌더(섹션 10628자 = 전문 7592 + 하위섹션 3236) / [D6] 도면 미반입인데 패널 노출(서지 도면 수 0건 / 패널 캡션 1개 · 이미지 없음) / [D4] 공개번호(10-2020-0064542)와 표시 일자(2024-05-16) 계열 불일치 · 문헌일 2020-06-08,[F1] drawing_count 0 (도면의 설명 1원소 보유) [F2] 도면 설명 1원소에 도 4개 뭉침
KR 10-2664902 B1,B1,등록특허공보,등록공고,모터 구동 회로의 고장 검출 장치 및 방법,7,,,7,D1 D3 D7 D2 D5 D6 D4,[D5] 상세설명에 하위섹션+전문 중복 렌더(섹션 13581자 = 전문 9866 + 하위섹션 3803) / [D6] 도면 미반입인데 패널 노출(서지 도면 수 0건 / 패널 캡션 1개 · 이미지 없음) / [D4] 공개번호(10-2023-0099373)와 표시 일자(2024-05-16) 계열 불일치 · 문헌일 2023-07-04,[F1] drawing_count 0 (도면의 설명 1원소 보유) [F2] 도면 설명 1원소에 도 12개 뭉침
KR 10-2664962 B1,B1,등록특허공보,등록공고,이중 인서트 사출이 적용된 코일매립형 인덕터 및 그 제조방법,7,,,7,D1 D3 D7 D2 D5 D6 D4,[D5] 상세설명에 하위섹션+전문 중복 렌더(섹션 25172자 = 전문 20381 + 하위섹션 5211) / [D6] 도면 미반입인데 패널 노출(서지 도면 수 0건 / 패널 캡션 1개 · 이미지 없음) / [D4] 공개번호(10-2023-0068837)와 표시 일자(2024-05-09) 계열 불일치 · 문헌일 2023-05-18,[F1] drawing_count 0 (도면의 설명 1원소 보유) [F2] 도면 설명 1원소에 도 8개 뭉침
KR 10-2664987 B1,B1,등록특허공보,등록공고,스마트폰의 유무선 충전을 위한 핸드 그립,7,,,7,D1 D3 D7 D2 D5 D6 D4,[D5] 상세설명에 하위섹션+전문 중복 렌더(섹션 22596자 = 전문 19116 + 하위섹션 3753) / [D6] 도면 미반입인데 패널 노출(서지 도면 수 0건 / 패널 캡션 1개 · 이미지 없음) / [D4] 공개번호(10-2023-0113501)와 표시 일자(2024-05-10) 계열 불일치 · 문헌일 2023-07-31,[F1] drawing_count 0 (도면의 설명 1원소 보유) [F2] 도면 설명 1원소에 도 11개 뭉침
KR 10-2665001 B1,B1,등록특허공보,등록공고,접속체의 제조 방법,7,,,7,D1 D3 D7 D2 D5 D6 D4,[D5] 상세설명에 하위섹션+전문 중복 렌더(섹션 16029자 = 전문 14201 + 하위섹션 2357) / [D6] 도면 미반입인데 패널 노출(서지 도면 수 0건 / 패널 캡션 1개 · 이미지 없음) / [D4] 공개번호(10-2017-0113037)와 표시 일자(2024-05-09) 계열 불일치 · 문헌일 2017-10-12,[F1] drawing_count 0 (도면의 설명 1원소 보유) [F2] 도면 설명 1원소에 도 8개 뭉침
KR 10-2665036 B1,B1,등록특허공보,등록공고,선체 곡 외판 성형시스템 및 방법,7,,,7,D1 D3 D7 D2 D5 D6 D4,[D5] 상세설명에 하위섹션+전문 중복 렌더(섹션 40390자 = 전문 35467 + 하위섹션 5535) / [D6] 도면 미반입인데 패널 노출(서지 도면 수 0건 / 패널 캡션 1개 · 이미지 없음) / [D4] 공개번호(10-2022-0058140)와 표시 일자(2024-05-16) 계열 불일치 · 문헌일 2022-05-09,[F1] drawing_count 0 (도면의 설명 1원소 보유) [F2] 도면 설명 1원소에 도 12개 뭉침
KR 10-2665040 B1,B1,등록특허공보,등록공고,포장도로의 상향열 집중식 융설시스템에서 전기발열선의 연결구조,7,,,7,D1 D3 D7 D2 D5 D6 D4,[D5] 상세설명에 하위섹션+전문 중복 렌더(섹션 15424자 = 전문 10384 + 하위섹션 5268) / [D6] 도면 미반입인데 패널 노출(서지 도면 수 0건 / 패널 캡션 1개 · 이미지 없음) / [D4] 공개번호(10-2024-0044037)와 표시 일자(2024-05-13) 계열 불일치 · 문헌일 2024-04-04,[F1] drawing_count 0 (도면의 설명 1원소 보유) [F2] 도면 설명 1원소에 도 5개 뭉침
KR 10-2665091 B1,B1,등록특허공보,등록공고,의료 정보 처리 장치 및 방법,7,,,7,D1 D3 D7 D2 D5 D6 D4,[D5] 상세설명에 하위섹션+전문 중복 렌더(섹션 16879자 = 전문 14573 + 하위섹션 2501) / [D6] 도면 미반입인데 패널 노출(서지 도면 수 0건 / 패널 캡션 1개 · 이미지 없음) / [D4] 공개번호(10-2020-0070752)와 표시 일자(2024-05-13) 계열 불일치 · 문헌일 2020-06-18,[F1] drawing_count 0 (도면의 설명 1원소 보유) [F2] 도면 설명 1원소에 도 6개 뭉침
KR 10-2665151 B1,B1,등록특허공보,등록공고,메탈 프레임의 커플링을 이용한 안테나 장치,7,,,7,D1 D3 D7 D2 D5 D6 D4,[D5] 상세설명에 하위섹션+전문 중복 렌더(섹션 19053자 = 전문 14816 + 하위섹션 4436) / [D6] 도면 미반입인데 패널 노출(서지 도면 수 0건 / 패널 캡션 1개 · 이미지 없음) / [D4] 공개번호(10-2020-0144686)와 표시 일자(2024-05-09) 계열 불일치 · 문헌일 2020-12-30,[F1] drawing_count 0 (도면의 설명 1원소 보유) [F2] 도면 설명 1원소에 도 5개 뭉침
KR 10-2665187 B1,B1,등록특허공보,등록공고,"영상 부호화 방법 및 장치, 영상 복호화 방법 및 장치",7,,,7,D1 D3 D7 D2 D5 D6 D4,[D5] 상세설명에 하위섹션+전문 중복 렌더(섹션 96678자 = 전문 92907 + 하위섹션 4529) / [D6] 도면 미반입인데 패널 노출(서지 도면 수 0건 / 패널 캡션 1개 · 이미지 없음) / [D4] 공개번호(10-2023-0162147)와 표시 일자(2024-05-14) 계열 불일치 · 문헌일 2023-11-28,[F1] drawing_count 0 (도면의 설명 1원소 보유) [F2] 도면 설명 1원소에 도 24개 뭉침
KR 10-2665297 B1,B1,등록특허공보,등록공고,통신 네트워크에서 신호의 송수신 방법 및 장치,7,,,7,D1 D3 D7 D2 D5 D6 D4,[D5] 상세설명에 하위섹션+전문 중복 렌더(섹션 68618자 = 전문 62736 + 하위섹션 6627) / [D6] 도면 미반입인데 패널 노출(서지 도면 수 0건 / 패널 캡션 1개 · 이미지 없음) / [D4] 공개번호(10-2024-0011653)와 표시 일자(2024-05-10) 계열 불일치 · 문헌일 2024-01-26,[F1] drawing_count 0 (도면의 설명 1원소 보유) [F2] 도면 설명 1원소에 도 47개 뭉침
KR 10-2665346 B1,B1,등록특허공보,등록공고,신규한 디클로로페녹시아세트산 유도체 및 이의 용도,7,,,7,D1 D3 D7 D2 D5 D6 D4,[D5] 상세설명에 하위섹션+전문 중복 렌더(섹션 45263자 = 전문 26562 + 하위섹션 19169) / [D6] 도면 미반입인데 패널 노출(서지 도면 수 0건 / 패널 캡션 1개 · 이미지 없음) / [D4] 공개번호(10-2023-0105558)와 표시 일자(2024-05-13) 계열 불일치 · 문헌일 2023-07-11,[F1] drawing_count 0 (도면의 설명 1원소 보유) [F2] 도면 설명 1원소에 도 13개 뭉침
KR 10-2665357 B1,B1,등록특허공보,등록공고,사출금형의 인써트 불량 감지를 위한 센서 적용 마그넷 코어핀,7,,,7,D1 D3 D7 D2 D5 D6 D4b,[D5] 상세설명에 하위섹션+전문 중복 렌더(섹션 12642자 = 전문 9062 + 하위섹션 3730) / [D6] 도면 미반입인데 패널 노출(서지 도면 수 0건 / 패널 캡션 1개 · 이미지 없음) / [D4b] 공개/공고번호 — 인데 공개/공고일(2024-05-10)만 표시,[F1] drawing_count 0 (도면의 설명 1원소 보유) [F2] 도면 설명 1원소에 도 10개 뭉침
KR 10-2665368 B1,B1,등록특허공보,등록공고,"반도체 소자, 이를 포함하는 표시패널, 표시장치, 통신장치",7,,,7,D1 D3 D7 D2 D5 D6 D4,[D5] 상세설명에 하위섹션+전문 중복 렌더(섹션 101620자 = 전문 99501 + 하위섹션 2796) / [D6] 도면 미반입인데 패널 노출(서지 도면 수 0건 / 패널 캡션 1개 · 이미지 없음) / [D4] 공개번호(10-2023-0050306)와 표시 일자(2024-05-13) 계열 불일치 · 문헌일 2023-04-14,[F1] drawing_count 0 (도면의 설명 1원소 보유) [F2] 도면 설명 1원소에 도 22개 뭉침
KR 10-2665370 B1,B1,등록특허공보,등록공고,"렌즈 구동 장치, 및 이를 포함하는 카메라 모듈 및 광학 기기",7,,,7,D1 D3 D7 D2 D5 D6 D4,[D5] 상세설명에 하위섹션+전문 중복 렌더(섹션 54203자 = 전문 50333 + 하위섹션 4579) / [D6] 도면 미반입인데 패널 노출(서지 도면 수 0건 / 패널 캡션 1개 · 이미지 없음) / [D4] 공개번호(10-2023-0019478)와 표시 일자(2024-05-14) 계열 불일치 · 문헌일 2023-02-08,[F1] drawing_count 0 (도면의 설명 1원소 보유) [F2] 도면 설명 1원소에 도 34개 뭉침
KR 10-2665438 B1,B1,등록특허공보,등록공고,"연성 회로기판, COF 모듈 및 이를 포함하는 전자 디바이스",7,,,7,D1 D3 D7 D2 D5 D6 D4,[D5] 상세설명에 하위섹션+전문 중복 렌더(섹션 30519자 = 전문 27776 + 하위섹션 3129) / [D6] 도면 미반입인데 패널 노출(서지 도면 수 0건 / 패널 캡션 1개 · 이미지 없음) / [D4] 공개번호(10-2023-0014803)와 표시 일자(2024-05-13) 계열 불일치 · 문헌일 2023-01-30,[F1] drawing_count 0 (도면의 설명 1원소 보유) [F2] 도면 설명 1원소에 도 9개 뭉침
KR 10-2665445 B1,B1,등록특허공보,등록공고,"마약검출용 키트, 이의 제조방법 및 이를 이용한 마약의 검출방법",7,,,7,D1 D3 D7 D2 D5 D6 D4,[D5] 상세설명에 하위섹션+전문 중복 렌더(섹션 20256자 = 전문 15671 + 하위섹션 5006) / [D6] 도면 미반입인데 패널 노출(서지 도면 수 0건 / 패널 캡션 1개 · 이미지 없음) / [D4] 공개번호(10-2023-0076618)와 표시 일자(2024-05-10) 계열 불일치 · 문헌일 2023-05-31,[F1] drawing_count 0 (도면의 설명 1원소 보유) [F2] 도면 설명 1원소에 도 9개 뭉침
KR 10-2665455 B1,B1,등록특허공보,등록공고,대상 물질 내부의 누출 여부를 감지하는 누출 감지 방법,7,,,7,D1 D3 D7 D2 D5 D6 D4,[D5] 상세설명에 하위섹션+전문 중복 렌더(섹션 19764자 = 전문 16047 + 하위섹션 3968) / [D6] 도면 미반입인데 패널 노출(서지 도면 수 0건 / 패널 캡션 1개 · 이미지 없음) / [D4] 공개번호(10-2019-0059217)와 표시 일자(2024-05-13) 계열 불일치 · 문헌일 2019-05-30,[F1] drawing_count 0 (도면의 설명 1원소 보유) [F2] 도면 설명 1원소에 도 7개 뭉침
KR 10-2665510 B1,B1,등록특허공보,등록공고,액추에이터 장치,7,,,7,D1 D3 D7 D2 D5 D6 D4,[D5] 상세설명에 하위섹션+전문 중복 렌더(섹션 23806자 = 전문 16092 + 하위섹션 8209) / [D6] 도면 미반입인데 패널 노출(서지 도면 수 0건 / 패널 캡션 1개 · 이미지 없음) / [D4] 공개번호(10-2019-0120072)와 표시 일자(2024-05-10) 계열 불일치 · 문헌일 2019-10-23,[F1] drawing_count 0 (도면의 설명 1원소 보유) [F2] 도면 설명 1원소에 도 10개 뭉침
KR 10-2665759 B1,B1,등록특허공보,등록공고,광물 탄산화 고액분리 장치,7,,,7,D1 D3 D7 D2 D5 D6 D4,[D5] 상세설명에 하위섹션+전문 중복 렌더(섹션 6417자 = 전문 4609 + 하위섹션 1901) / [D6] 도면 미반입인데 패널 노출(서지 도면 수 0건 / 패널 캡션 1개 · 이미지 없음) / [D4] 공개번호(10-2020-0072284)와 표시 일자(2024-05-10) 계열 불일치 · 문헌일 2020-06-22,[F1] drawing_count 0 (도면의 설명 1원소 보유) [F2] 도면 설명 1원소에 도 3개 뭉침
KR 10-2665800 B1,B1,등록특허공보,등록공고,결제 수단의 실소유자를 인증하는 방법,7,,,7,D1 D3 D7 D2 D5 D6 D4b,[D5] 상세설명에 하위섹션+전문 중복 렌더(섹션 41103자 = 전문 37311 + 하위섹션 4141) / [D6] 도면 미반입인데 패널 노출(서지 도면 수 0건 / 패널 캡션 1개 · 이미지 없음) / [D4b] 공개/공고번호 — 인데 공개/공고일(2024-05-13)만 표시,[F1] drawing_count 0 (도면의 설명 1원소 보유) [F2] 도면 설명 1원소에 도 11개 뭉침
KR 10-2665806 B1,B1,등록특허공보,등록공고,합성 레이더 데이터 생성 방법 및 시스템,7,,,7,D1 D3 D7 D2 D5 D6 D4b,[D5] 상세설명에 하위섹션+전문 중복 렌더(섹션 40063자 = 전문 35934 + 하위섹션 4797) / [D6] 도면 미반입인데 패널 노출(서지 도면 수 0건 / 패널 캡션 1개 · 이미지 없음) / [D4b] 공개/공고번호 — 인데 공개/공고일(2024-05-13)만 표시,[F1] drawing_count 0 (도면의 설명 1원소 보유) [F2] 도면 설명 1원소에 도 9개 뭉침
KR 10-2665908 B1,B1,등록특허공보,등록공고,패널 이송 로봇 및 이를 이용한 패널 이송 방법,7,,,7,D1 D3 D7 D2 D5 D6 D4,[D5] 상세설명에 하위섹션+전문 중복 렌더(섹션 21434자 = 전문 17428 + 하위섹션 4272) / [D6] 도면 미반입인데 패널 노출(서지 도면 수 0건 / 패널 캡션 1개 · 이미지 없음) / [D4] 공개번호(10-2022-0151264)와 표시 일자(2024-05-14) 계열 불일치 · 문헌일 2022-11-15,[F1] drawing_count 0 (도면의 설명 1원소 보유) [F2] 도면 설명 1원소에 도 13개 뭉침
KR 10-2666169 B1,B1,등록특허공보,등록공고,재구성 가능한 양극성 트랜지스터,7,,,7,D1 D3 D7 D2 D5 D6 D4,[D5] 상세설명에 하위섹션+전문 중복 렌더(섹션 18110자 = 전문 15742 + 하위섹션 2559) / [D6] 도면 미반입인데 패널 노출(서지 도면 수 0건 / 패널 캡션 1개 · 이미지 없음) / [D4] 공개번호(10-2022-0112718)와 표시 일자(2024-05-13) 계열 불일치 · 문헌일 2022-08-11,[F1] drawing_count 0 (도면의 설명 1원소 보유) [F2] 도면 설명 1원소에 도 19개 뭉침
KR 10-2666174 B1,B1,등록특허공보,등록공고,리드 안전개방장치 및 이를 포함하는 기판처리장치,7,,,7,D1 D3 D7 D2 D5 D6 D4,[D5] 상세설명에 하위섹션+전문 중복 렌더(섹션 21262자 = 전문 17259 + 하위섹션 4261) / [D6] 도면 미반입인데 패널 노출(서지 도면 수 0건 / 패널 캡션 1개 · 이미지 없음) / [D4] 공개번호(10-2022-0084829)와 표시 일자(2024-05-16) 계열 불일치 · 문헌일 2022-06-21,[F1] drawing_count 0 (도면의 설명 1원소 보유) [F2] 도면 설명 1원소에 도 6개 뭉침
KR 10-2666287 B1,B1,등록특허공보,등록공고,NFT 이용권 기반 서비스 제공 방법 및 시스템,7,,,7,D1 D3 D7 D2 D5 D6 D4,[D5] 상세설명에 하위섹션+전문 중복 렌더(섹션 21464자 = 전문 17518 + 하위섹션 4112) / [D6] 도면 미반입인데 패널 노출(서지 도면 수 0건 / 패널 캡션 1개 · 이미지 없음) / [D4] 공개번호(10-2024-0061390)와 표시 일자(2024-05-14) 계열 불일치 · 문헌일 2024-05-08,[F1] drawing_count 0 (도면의 설명 1원소 보유) [F2] 도면 설명 1원소에 도 21개 뭉침
KR 10-2666305 B1,B1,등록특허공보,등록공고,블레이드에 스프레이 노즐을 배치한 댐퍼 및 이를 포함한 가스배출장치,7,,,7,D1 D3 D7 D2 D5 D6 D4,[D5] 상세설명에 하위섹션+전문 중복 렌더(섹션 12011자 = 전문 10271 + 하위섹션 1903) / [D6] 도면 미반입인데 패널 노출(서지 도면 수 0건 / 패널 캡션 1개 · 이미지 없음) / [D4] 공개번호(10-2021-0021744)와 표시 일자(2024-05-14) 계열 불일치 · 문헌일 2021-03-02,[F1] drawing_count 0 (도면의 설명 1원소 보유) [F2] 도면 설명 1원소에 도 11개 뭉침
KR 10-2666343 B1,B1,등록특허공보,등록공고,차량용 고무 부싱 시험용 장치 및 차량용 고무 부싱 시험 방법,7,,,7,D1 D3 D7 D2 D5 D6 D4,[D5] 상세설명에 하위섹션+전문 중복 렌더(섹션 15236자 = 전문 11000 + 하위섹션 4459) / [D6] 도면 미반입인데 패널 노출(서지 도면 수 0건 / 패널 캡션 1개 · 이미지 없음) / [D4] 공개번호(10-2023-0103265)와 표시 일자(2024-05-16) 계열 불일치 · 문헌일 2023-07-07,[F1] drawing_count 0 (도면의 설명 1원소 보유) [F2] 도면 설명 1원소에 도 10개 뭉침
KR 10-2666362 B1,B1,등록특허공보,등록공고,변려견용 소변패드장치,7,,,7,D1 D3 D7 D2 D5 D6 D4,[D5] 상세설명에 하위섹션+전문 중복 렌더(섹션 15666자 = 전문 11687 + 하위섹션 4102) / [D6] 도면 미반입인데 패널 노출(서지 도면 수 0건 / 패널 캡션 1개 · 이미지 없음) / [D4] 공개번호(10-2023-0020104)와 표시 일자(2024-05-16) 계열 불일치 · 문헌일 2023-02-10,[F1] drawing_count 0 (도면의 설명 1원소 보유) [F2] 도면 설명 1원소에 도 9개 뭉침
KR 10-2667183 B1,B1,등록특허공보,등록공고,"배터리 모듈, 이러한 배터리 모듈을 포함하는 배터리 팩, 이러한 배터리 팩을 포함하는 에너지 저장 장치 및 ",7,,,7,D1 D3 D7 D2 D5 D6 D4,[D5] 상세설명에 하위섹션+전문 중복 렌더(섹션 12645자 = 전문 9636 + 하위섹션 3138) / [D6] 도면 미반입인데 패널 노출(서지 도면 수 0건 / 패널 캡션 1개 · 이미지 없음) / [D4] 공개번호(10-2023-0099542)와 표시 일자(2024-05-17) 계열 불일치 · 문헌일 2023-07-04,[F1] drawing_count 0 (도면의 설명 1원소 보유) [F2] 도면 설명 1원소에 도 12개 뭉침
KR 10-2667370 B1,B1,등록특허공보,등록공고,전기 신호 변환기,7,,,7,D1 D3 D7 D2 D5 D6 D4b,[D5] 상세설명에 하위섹션+전문 중복 렌더(섹션 10008자 = 전문 8514 + 하위섹션 1622) / [D6] 도면 미반입인데 패널 노출(서지 도면 수 0건 / 패널 캡션 1개 · 이미지 없음) / [D4b] 공개/공고번호 — 인데 공개/공고일(2024-05-20)만 표시,[F1] drawing_count 0 (도면의 설명 1원소 보유) [F2] 도면 설명 1원소에 도 11개 뭉침
KR 10-2667682 B1,B1,등록특허공보,등록공고,자성 물질을 포함하는 이차 전지,7,,,7,D1 D3 D7 D2 D5 D6 D4,[D5] 상세설명에 하위섹션+전문 중복 렌더(섹션 9033자 = 전문 6947 + 하위섹션 2138) / [D6] 도면 미반입인데 패널 노출(서지 도면 수 0건 / 패널 캡션 1개 · 이미지 없음) / [D4] 공개번호(10-2020-0048252)와 표시 일자(2024-05-20) 계열 불일치 · 문헌일 2020-05-08,[F1] drawing_count 0 (도면의 설명 1원소 보유) [F2] 도면 설명 1원소에 도 3개 뭉침
KR 10-2688311 B1,B1,등록특허공보,등록공고,공동주택의 정보통신 케이블 설계 시스템,7,,,7,D1 D3 D7 D2 D5 D6 D4b,[D5] 상세설명에 하위섹션+전문 중복 렌더(섹션 9956자 = 전문 7379 + 하위섹션 2647) / [D6] 도면 미반입인데 패널 노출(서지 도면 수 0건 / 패널 캡션 1개 · 이미지 없음) / [D4b] 공개/공고번호 — 인데 공개/공고일(2024-07-26)만 표시,[F1] drawing_count 0 (도면의 설명 1원소 보유)
KR 10-2688510 B1,B1,등록특허공보,등록공고,반도체 메모리 장치,7,,,7,D1 D3 D7 D2 D5 D6 D4,[D5] 상세설명에 하위섹션+전문 중복 렌더(섹션 37100자 = 전문 34538 + 하위섹션 2923) / [D6] 도면 미반입인데 패널 노출(서지 도면 수 0건 / 패널 캡션 1개 · 이미지 없음) / [D4] 공개번호(10-2020-0114285)와 표시 일자(2024-07-26) 계열 불일치 · 문헌일 2020-10-07,[F1] drawing_count 0 (도면의 설명 1원소 보유) [F2] 도면 설명 1원소에 도 42개 뭉침
KR 10-2688805 B1,B1,등록특허공보,등록공고,네트워크 접속을 제어하기 위한 시스템 및 그에 관한 방법,7,,,7,D1 D3 D7 D2 D5 D6 D4b,[D5] 상세설명에 하위섹션+전문 중복 렌더(섹션 54686자 = 전문 50326 + 하위섹션 5073) / [D6] 도면 미반입인데 패널 노출(서지 도면 수 0건 / 패널 캡션 1개 · 이미지 없음) / [D4b] 공개/공고번호 — 인데 공개/공고일(2024-07-29)만 표시,[F1] drawing_count 0 (도면의 설명 1원소 보유) [F2] 도면 설명 1원소에 도 22개 뭉침
KR 10-2688975 B1,B1,등록특허공보,등록공고,마이크로 엘이디 모듈 및 그 제조방법,7,,,7,D1 D3 D7 D2 D5 D6 D4,[D5] 상세설명에 하위섹션+전문 중복 렌더(섹션 22263자 = 전문 15911 + 하위섹션 6500) / [D6] 도면 미반입인데 패널 노출(서지 도면 수 0건 / 패널 캡션 1개 · 이미지 없음) / [D4] 공개번호(10-2018-0075856)와 표시 일자(2024-07-29) 계열 불일치 · 문헌일 2018-07-05,[F1] drawing_count 0 (도면의 설명 1원소 보유) [F2] 도면 설명 1원소에 도 9개 뭉침
KR 10-2689208 B1,B1,등록특허공보,등록공고,높이조절다리가 장착된 낚시용 밑밥통,7,,,7,D1 D3 D7 D2 D5 D6 D4b,[D5] 상세설명에 하위섹션+전문 중복 렌더(섹션 11872자 = 전문 7371 + 하위섹션 4705) / [D6] 도면 미반입인데 패널 노출(서지 도면 수 0건 / 패널 캡션 1개 · 이미지 없음) / [D4b] 공개/공고번호 — 인데 공개/공고일(2024-07-30)만 표시,[F1] drawing_count 0 (도면의 설명 1원소 보유) [F2] 도면 설명 1원소에 도 6개 뭉침
KR 10-2689223 B1,B1,등록특허공보,등록공고,양 베어링 릴,7,,,7,D1 D3 D7 D2 D5 D6 D4,[D5] 상세설명에 하위섹션+전문 중복 렌더(섹션 13488자 = 전문 11579 + 하위섹션 2137) / [D6] 도면 미반입인데 패널 노출(서지 도면 수 0건 / 패널 캡션 1개 · 이미지 없음) / [D4] 공개번호(10-2019-0114719)와 표시 일자(2024-07-30) 계열 불일치 · 문헌일 2019-10-10,[F1] drawing_count 0 (도면의 설명 1원소 보유) [F2] 도면 설명 1원소에 도 7개 뭉침
KR 10-2689334 B1,B1,등록특허공보,등록공고,저전력 전자장비 보호용 서지 차단장치,7,,,7,D1 D3 D7 D2 D5 D6 D4b,[D5] 상세설명에 하위섹션+전문 중복 렌더(섹션 48154자 = 전문 37905 + 하위섹션 10710) / [D6] 도면 미반입인데 패널 노출(서지 도면 수 0건 / 패널 캡션 1개 · 이미지 없음) / [D4b] 공개/공고번호 — 인데 공개/공고일(2024-07-29)만 표시,[F1] drawing_count 0 (도면의 설명 1원소 보유) [F2] 도면 설명 1원소에 도 8개 뭉침
KR 10-2689358 B1,B1,등록특허공보,등록공고,360도 회전이 가능한 등받이를 구비한 소파,7,,,7,D1 D3 D7 D2 D5 D6 D4,[D5] 상세설명에 하위섹션+전문 중복 렌더(섹션 16450자 = 전문 11290 + 하위섹션 5369) / [D6] 도면 미반입인데 패널 노출(서지 도면 수 0건 / 패널 캡션 1개 · 이미지 없음) / [D4] 공개번호(10-2023-0155379)와 표시 일자(2024-07-30) 계열 불일치 · 문헌일 2023-11-10,[F1] drawing_count 0 (도면의 설명 1원소 보유) [F2] 도면 설명 1원소에 도 21개 뭉침
KR 10-2689390 B1,B1,등록특허공보,등록공고,자동차 바퀴 미끄럼 방지장치,7,,,7,D1 D3 D7 D2 D5 D6 D4b,[D5] 상세설명에 하위섹션+전문 중복 렌더(섹션 10179자 = 전문 8124 + 하위섹션 2133) / [D6] 도면 미반입인데 패널 노출(서지 도면 수 0건 / 패널 캡션 1개 · 이미지 없음) / [D4b] 공개/공고번호 — 인데 공개/공고일(2024-07-30)만 표시,[F1] drawing_count 0 (도면의 설명 1원소 보유) [F2] 도면 설명 1원소에 도 3개 뭉침
KR 10-2689457 B1,B1,등록특허공보,등록공고,"애벌란시 포토다이오드용 세라믹 패키지와 이의 제조방법, 그리고 애벌란시 포토다이오드와 이의 제조방법",7,,,7,D1 D3 D7 D2 D5 D6 D4,[D5] 상세설명에 하위섹션+전문 중복 렌더(섹션 23358자 = 전문 17209 + 하위섹션 6441) / [D6] 도면 미반입인데 패널 노출(서지 도면 수 0건 / 패널 캡션 1개 · 이미지 없음) / [D4] 공개번호(10-2024-0102530)와 표시 일자(2024-07-29) 계열 불일치 · 문헌일 2024-07-03,[F1] drawing_count 0 (도면의 설명 1원소 보유) [F2] 도면 설명 1원소에 도 14개 뭉침
KR 10-2689497 B1,B1,등록특허공보,등록공고,냉장고,7,,,7,D1 D3 D7 D2 D5 D6 D4,[D5] 상세설명에 하위섹션+전문 중복 렌더(섹션 36019자 = 전문 29206 + 하위섹션 7235) / [D6] 도면 미반입인데 패널 노출(서지 도면 수 0건 / 패널 캡션 1개 · 이미지 없음) / [D4] 공개번호(10-2023-0150241)와 표시 일자(2024-07-30) 계열 불일치 · 문헌일 2023-10-30,[F1] drawing_count 0 (도면의 설명 1원소 보유) [F2] 도면 설명 1원소에 도 21개 뭉침
KR 10-2689562 B1,B1,등록특허공보,등록공고,"유기 광전자 소자용 조성물, 유기 광전자 소자 및 표시 장치",7,,,7,D1 D3 D7 D2 D5 D6 D4,[D5] 상세설명에 하위섹션+전문 중복 렌더(섹션 44191자 = 전문 44161 + 하위섹션 3354) / [D6] 도면 미반입인데 패널 노출(서지 도면 수 0건 / 패널 캡션 1개 · 이미지 없음) / [D4] 공개번호(10-2021-0152819)와 표시 일자(2024-07-26) 계열 불일치 · 문헌일 2021-12-16,[F1] drawing_count 0 (도면의 설명 1원소 보유)
KR 10-2689648 B1,B1,등록특허공보,등록공고,댐 구조물을 갖는 반도체 패키지,7,,,7,D1 D3 D7 D2 D5 D6 D4,[D5] 상세설명에 하위섹션+전문 중복 렌더(섹션 13085자 = 전문 11510 + 하위섹션 1657) / [D6] 도면 미반입인데 패널 노출(서지 도면 수 0건 / 패널 캡션 1개 · 이미지 없음) / [D4] 공개번호(10-2021-0098659)와 표시 일자(2024-07-30) 계열 불일치 · 문헌일 2021-08-11,[F1] drawing_count 0 (도면의 설명 1원소 보유) [F2] 도면 설명 1원소에 도 11개 뭉침
KR 10-2689654 B1,B1,등록특허공보,등록공고,메모리 장치,7,,,7,D1 D3 D7 D2 D5 D6 D4,[D5] 상세설명에 하위섹션+전문 중복 렌더(섹션 37306자 = 전문 34477 + 하위섹션 3150) / [D6] 도면 미반입인데 패널 노출(서지 도면 수 0건 / 패널 캡션 1개 · 이미지 없음) / [D4] 공개번호(10-2021-0008195)와 표시 일자(2024-07-31) 계열 불일치 · 문헌일 2021-01-21,[F1] drawing_count 0 (도면의 설명 1원소 보유) [F2] 도면 설명 1원소에 도 24개 뭉침
KR 10-2689751 B1,B1,등록특허공보,등록공고,실시간 머신러닝 모델 업데이트 방법,7,,,7,D1 D3 D7 D2 D5 D6 D4b,[D5] 상세설명에 하위섹션+전문 중복 렌더(섹션 42092자 = 전문 36186 + 하위섹션 6353) / [D6] 도면 미반입인데 패널 노출(서지 도면 수 0건 / 패널 캡션 1개 · 이미지 없음) / [D4b] 공개/공고번호 — 인데 공개/공고일(2024-07-31)만 표시,[F1] drawing_count 0 (도면의 설명 1원소 보유) [F2] 도면 설명 1원소에 도 14개 뭉침
KR 10-2689814 B1,B1,등록특허공보,등록공고,펌핑식 용기용 스프링 및 이를 포함하는 펌핑식 용기,7,,,7,D1 D3 D7 D2 D5 D6 D4b,[D5] 상세설명에 하위섹션+전문 중복 렌더(섹션 11248자 = 전문 8073 + 하위섹션 3371) / [D6] 도면 미반입인데 패널 노출(서지 도면 수 0건 / 패널 캡션 1개 · 이미지 없음) / [D4b] 공개/공고번호 — 인데 공개/공고일(2024-07-29)만 표시,[F1] drawing_count 0 (도면의 설명 1원소 보유) [F2] 도면 설명 1원소에 도 10개 뭉침
KR 10-2689815 B1,B1,등록특허공보,등록공고,양자점 발광다이오드 및 이를 이용한 발광 표시장치,7,,,7,D1 D3 D7 D2 D5 D6 D4,[D5] 상세설명에 하위섹션+전문 중복 렌더(섹션 62185자 = 전문 59354 + 하위섹션 3614) / [D6] 도면 미반입인데 패널 노출(서지 도면 수 0건 / 패널 캡션 1개 · 이미지 없음) / [D4] 공개번호(10-2018-0054262)와 표시 일자(2024-07-29) 계열 불일치 · 문헌일 2018-05-24,[F1] drawing_count 0 (도면의 설명 1원소 보유) [F2] 도면 설명 1원소에 도 10개 뭉침
KR 10-2689948 B1,B1,등록특허공보,등록공고,개발 데이터를 전달하는 시스템,7,,,7,D1 D3 D7 D2 D5 D6 D4,[D5] 상세설명에 하위섹션+전문 중복 렌더(섹션 26558자 = 전문 23853 + 하위섹션 2918) / [D6] 도면 미반입인데 패널 노출(서지 도면 수 0건 / 패널 캡션 1개 · 이미지 없음) / [D4] 공개번호(10-2023-0025317)와 표시 일자(2024-07-30) 계열 불일치 · 문헌일 2023-02-21,[F1] drawing_count 0 (도면의 설명 1원소 보유) [F2] 도면 설명 1원소에 도 11개 뭉침
KR 10-2690060 B1,B1,등록특허공보,등록공고,식기 세척기 검사 장치,7,,,7,D1 D3 D7 D2 D5 D6 D4,[D5] 상세설명에 하위섹션+전문 중복 렌더(섹션 9047자 = 전문 7061 + 하위섹션 2170) / [D6] 도면 미반입인데 패널 노출(서지 도면 수 0건 / 패널 캡션 1개 · 이미지 없음) / [D4] 공개번호(10-2024-0002378)와 표시 일자(2024-07-31) 계열 불일치 · 문헌일 2024-01-05,[F1] drawing_count 0 (도면의 설명 1원소 보유) [F2] 도면 설명 1원소에 도 7개 뭉침
KR 10-2690215 B1,B1,등록특허공보,등록공고,대화 스레드를 표시하기 위한 방법 및 시스템,7,,,7,D1 D3 D7 D2 D5 D6 D4,[D5] 상세설명에 하위섹션+전문 중복 렌더(섹션 26119자 = 전문 23906 + 하위섹션 2482) / [D6] 도면 미반입인데 패널 노출(서지 도면 수 0건 / 패널 캡션 1개 · 이미지 없음) / [D4] 공개번호(10-2020-0113750)와 표시 일자(2024-08-01) 계열 불일치 · 문헌일 2020-10-07,[F1] drawing_count 0 (도면의 설명 1원소 보유) [F2] 도면 설명 1원소에 도 12개 뭉침
KR 10-2690320 B1,B1,등록특허공보,등록공고,스크류 고정방식을 이용한 드롭 광케이블 접속함,7,,,7,D1 D3 D7 D2 D5 D6 D4,[D5] 상세설명에 하위섹션+전문 중복 렌더(섹션 14372자 = 전문 9310 + 하위섹션 5142) / [D6] 도면 미반입인데 패널 노출(서지 도면 수 0건 / 패널 캡션 1개 · 이미지 없음) / [D4] 공개번호(10-2023-0000472)와 표시 일자(2024-07-31) 계열 불일치 · 문헌일 2023-01-02,[F1] drawing_count 0 (도면의 설명 1원소 보유) [F2] 도면 설명 1원소에 도 7개 뭉침
KR 10-2690332 B1,B1,등록특허공보,등록공고,공기조화기 및 그 동작방법,7,,,7,D1 D3 D7 D2 D5 D6 D4,[D5] 상세설명에 하위섹션+전문 중복 렌더(섹션 21486자 = 전문 18363 + 하위섹션 3719) / [D6] 도면 미반입인데 패널 노출(서지 도면 수 0건 / 패널 캡션 1개 · 이미지 없음) / [D4] 공개번호(10-2020-0135090)와 표시 일자(2024-07-30) 계열 불일치 · 문헌일 2020-12-02,[F1] drawing_count 0 (도면의 설명 1원소 보유) [F2] 도면 설명 1원소에 도 31개 뭉침
KR 10-2690357 B1,B1,등록특허공보,등록공고,안전 장비 체결 여부를 판단하기 위한 방법,7,,,7,D1 D3 D7 D2 D5 D6 D4b,[D5] 상세설명에 하위섹션+전문 중복 렌더(섹션 49724자 = 전문 43606 + 하위섹션 6570) / [D6] 도면 미반입인데 패널 노출(서지 도면 수 0건 / 패널 캡션 1개 · 이미지 없음) / [D4b] 공개/공고번호 — 인데 공개/공고일(2024-07-31)만 표시,[F1] drawing_count 0 (도면의 설명 1원소 보유) [F2] 도면 설명 1원소에 도 10개 뭉침
KR 10-2690385 B1,B1,등록특허공보,등록공고,세탁기용 탈취장치 및 이의 제어방법,7,,,7,D1 D3 D7 D2 D5 D6 D4,[D5] 상세설명에 하위섹션+전문 중복 렌더(섹션 13485자 = 전문 9737 + 하위섹션 4014) / [D6] 도면 미반입인데 패널 노출(서지 도면 수 0건 / 패널 캡션 1개 · 이미지 없음) / [D4] 공개번호(10-2020-0122173)와 표시 일자(2024-07-30) 계열 불일치 · 문헌일 2020-10-27,[F1] drawing_count 0 (도면의 설명 1원소 보유) [F2] 도면 설명 1원소에 도 9개 뭉침
KR 10-2690414 B1,B1,등록특허공보,등록공고,결로 방지 방법 및 처리 장치,7,,,7,D1 D3 D7 D2 D5 D6 D4,[D5] 상세설명에 하위섹션+전문 중복 렌더(섹션 29416자 = 전문 27937 + 하위섹션 1827) / [D6] 도면 미반입인데 패널 노출(서지 도면 수 0건 / 패널 캡션 1개 · 이미지 없음) / [D4] 공개번호(10-2019-0118130)와 표시 일자(2024-07-31) 계열 불일치 · 문헌일 2019-10-17,[F1] drawing_count 0 (도면의 설명 1원소 보유) [F2] 도면 설명 1원소에 도 11개 뭉침
KR 10-2690460 B1,B1,등록특허공보,등록공고,긴목부가 형성되는 픽스쳐 및 초기고정용 커버스크류를 갖는 임플란트 구조체,7,,,7,D1 D3 D7 D2 D5 D6 D4b,[D5] 상세설명에 하위섹션+전문 중복 렌더(섹션 17255자 = 전문 13401 + 하위섹션 4181) / [D6] 도면 미반입인데 패널 노출(서지 도면 수 0건 / 패널 캡션 1개 · 이미지 없음) / [D4b] 공개/공고번호 — 인데 공개/공고일(2024-08-05)만 표시,[F1] drawing_count 0 (도면의 설명 1원소 보유) [F2] 도면 설명 1원소에 도 26개 뭉침
KR 10-2690485 B1,B1,등록특허공보,등록공고,전계 발광 표시장치,7,,,7,D1 D3 D7 D2 D5 D6 D4,[D5] 상세설명에 하위섹션+전문 중복 렌더(섹션 39337자 = 전문 36753 + 하위섹션 2859) / [D6] 도면 미반입인데 패널 노출(서지 도면 수 0건 / 패널 캡션 1개 · 이미지 없음) / [D4] 공개번호(10-2022-0032880)와 표시 일자(2024-08-01) 계열 불일치 · 문헌일 2022-03-15,[F1] drawing_count 0 (도면의 설명 1원소 보유) [F2] 도면 설명 1원소에 도 28개 뭉침
KR 10-2690589 B1,B1,등록특허공보,등록공고,추녀고정장치,7,,,7,D1 D3 D7 D2 D5 D6 D4b,[D5] 상세설명에 하위섹션+전문 중복 렌더(섹션 20199자 = 전문 18127 + 하위섹션 2420) / [D6] 도면 미반입인데 패널 노출(서지 도면 수 0건 / 패널 캡션 1개 · 이미지 없음) / [D4b] 공개/공고번호 — 인데 공개/공고일(2024-07-31)만 표시,[F1] drawing_count 0 (도면의 설명 1원소 보유) [F2] 도면 설명 1원소에 도 22개 뭉침
KR 10-2690596 B1,B1,등록특허공보,등록공고,심층 강화 학습 기반의 보안 오프로딩 방법 및 상기 방법을 수행하는 무인 항공기,7,,,7,D1 D3 D7 D2 D5 D6 D4,[D5] 상세설명에 하위섹션+전문 중복 렌더(섹션 29954자 = 전문 22977 + 하위섹션 7370) / [D6] 도면 미반입인데 패널 노출(서지 도면 수 0건 / 패널 캡션 1개 · 이미지 없음) / [D4] 공개번호(10-2024-0064214)와 표시 일자(2024-08-05) 계열 불일치 · 문헌일 2024-05-13,[F1] drawing_count 0 (도면의 설명 1원소 보유) [F2] 도면 설명 1원소에 도 9개 뭉침
KR 10-2690658 B1,B1,등록특허공보,등록공고,물질폭발작용과 중력의 작용과 물질밀림작용과 물질새치기작용을 이용하여 유체성 물질분자와 결합 되어 있는 비중이,7,,,7,D1 D3 D7 D2 D5 D6 D4b,[D5] 상세설명에 하위섹션+전문 중복 렌더(섹션 27024자 = 전문 24851 + 하위섹션 2521) / [D6] 도면 미반입인데 패널 노출(서지 도면 수 0건 / 패널 캡션 1개 · 이미지 없음) / [D4b] 공개/공고번호 — 인데 공개/공고일(2024-08-05)만 표시,[F1] drawing_count 0 (도면의 설명 1원소 보유) [F2] 도면 설명 1원소에 도 14개 뭉침
KR 10-2690746 B1,B1,등록특허공보,등록공고,이미지 센서,7,,,7,D1 D3 D7 D2 D5 D6 D4,[D5] 상세설명에 하위섹션+전문 중복 렌더(섹션 29182자 = 전문 28332 + 하위섹션 1336) / [D6] 도면 미반입인데 패널 노출(서지 도면 수 0건 / 패널 캡션 1개 · 이미지 없음) / [D4] 공개번호(10-2022-0122491)와 표시 일자(2024-07-31) 계열 불일치 · 문헌일 2022-09-02,[F1] drawing_count 0 (도면의 설명 1원소 보유) [F2] 도면 설명 1원소에 도 7개 뭉침
KR 10-2690782 B1,B1,등록특허공보,등록공고,전립선 마사지기,7,,,7,D1 D3 D7 D2 D5 D6 D4,[D5] 상세설명에 하위섹션+전문 중복 렌더(섹션 8758자 = 전문 5760 + 하위섹션 3074) / [D6] 도면 미반입인데 패널 노출(서지 도면 수 0건 / 패널 캡션 1개 · 이미지 없음) / [D4] 공개번호(10-2024-0009679)와 표시 일자(2024-07-31) 계열 불일치 · 문헌일 2024-01-23,[F1] drawing_count 0 (도면의 설명 1원소 보유) [F2] 도면 설명 1원소에 도 7개 뭉침
KR 10-2691053 B1,B1,등록특허공보,등록공고,NVMe-SSD 저장 장치 및 NVMe-oF 호스트 유닛 사이의 통신 관리 시스템 및 방법,7,,,7,D1 D3 D7 D2 D5 D6 D4,[D5] 상세설명에 하위섹션+전문 중복 렌더(섹션 45120자 = 전문 33018 + 하위섹션 12592) / [D6] 도면 미반입인데 패널 노출(서지 도면 수 0건 / 패널 캡션 1개 · 이미지 없음) / [D4] 공개번호(10-2020-0087052)와 표시 일자(2024-07-31) 계열 불일치 · 문헌일 2020-07-20,[F1] drawing_count 0 (도면의 설명 1원소 보유) [F2] 도면 설명 1원소에 도 13개 뭉침
KR 10-2691272 B1,B1,등록특허공보,등록공고,부바이어스를 사용하는 PEALD로 막을 증착하는 방법,7,,,7,D1 D3 D7 D2 D5 D6 D4,[D5] 상세설명에 하위섹션+전문 중복 렌더(섹션 21828자 = 전문 19599 + 하위섹션 2476) / [D6] 도면 미반입인데 패널 노출(서지 도면 수 0건 / 패널 캡션 1개 · 이미지 없음) / [D4] 공개번호(10-2019-0012097)와 표시 일자(2024-08-01) 계열 불일치 · 문헌일 2019-02-08,[F1] drawing_count 0 (도면의 설명 1원소 보유) [F2] 도면 설명 1원소에 도 9개 뭉침
KR 10-2691331 B1,B1,등록특허공보,등록공고,기판 가공용 위치 정렬장치,7,,,7,D1 D3 D7 D2 D5 D6 D4b,[D5] 상세설명에 하위섹션+전문 중복 렌더(섹션 19638자 = 전문 14324 + 하위섹션 5528) / [D6] 도면 미반입인데 패널 노출(서지 도면 수 0건 / 패널 캡션 1개 · 이미지 없음) / [D4b] 공개/공고번호 — 인데 공개/공고일(2024-08-05)만 표시,[F1] drawing_count 0 (도면의 설명 1원소 보유) [F2] 도면 설명 1원소에 도 5개 뭉침
KR 10-2691373 B1,B1,등록특허공보,등록공고,NR V2X에서 자원을 예약하는 방법 및 장치,7,,,7,D1 D3 D7 D2 D5 D6 D4,[D5] 상세설명에 하위섹션+전문 중복 렌더(섹션 123278자 = 전문 119479 + 하위섹션 4703) / [D6] 도면 미반입인데 패널 노출(서지 도면 수 0건 / 패널 캡션 1개 · 이미지 없음) / [D4] 공개번호(10-2023-0128400)와 표시 일자(2024-08-06) 계열 불일치 · 문헌일 2023-09-04,[F1] drawing_count 0 (도면의 설명 1원소 보유) [F2] 도면 설명 1원소에 도 23개 뭉침
KR 10-2691407 B1,B1,등록특허공보,등록공고,폐플라스틱 유화공정 잔사물 열분해 가공을 통한 입상활성탄의 제조장치,7,,,7,D1 D3 D7 D2 D5 D6 D4b,[D5] 상세설명에 하위섹션+전문 중복 렌더(섹션 14574자 = 전문 11972 + 하위섹션 2695) / [D6] 도면 미반입인데 패널 노출(서지 도면 수 0건 / 패널 캡션 1개 · 이미지 없음) / [D4b] 공개/공고번호 — 인데 공개/공고일(2024-08-05)만 표시,[F1] drawing_count 0 (도면의 설명 1원소 보유) [F2] 도면 설명 1원소에 도 18개 뭉침
KR 10-2691474 B1,B1,등록특허공보,등록공고,차량용 배터리 충전 제어 시스템 및 방법,7,,,7,D1 D3 D7 D2 D5 D6 D4,[D5] 상세설명에 하위섹션+전문 중복 렌더(섹션 16180자 = 전문 12051 + 하위섹션 4234) / [D6] 도면 미반입인데 패널 노출(서지 도면 수 0건 / 패널 캡션 1개 · 이미지 없음) / [D4] 공개번호(10-2021-0007429)와 표시 일자(2024-08-01) 계열 불일치 · 문헌일 2021-01-20,[F1] drawing_count 0 (도면의 설명 1원소 보유) [F2] 도면 설명 1원소에 도 5개 뭉침
KR 10-2691687 B1,B1,등록특허공보,등록공고,웨이퍼의 생성 방법,7,,,7,D1 D3 D7 D2 D5 D6 D4,[D5] 상세설명에 하위섹션+전문 중복 렌더(섹션 17422자 = 전문 14413 + 하위섹션 3123) / [D6] 도면 미반입인데 패널 노출(서지 도면 수 0건 / 패널 캡션 1개 · 이미지 없음) / [D4] 공개번호(10-2019-0116070)와 표시 일자(2024-08-02) 계열 불일치 · 문헌일 2019-10-14,[F1] drawing_count 0 (도면의 설명 1원소 보유) [F2] 도면 설명 1원소에 도 10개 뭉침
KR 10-2691711 B1,B1,등록특허공보,등록공고,용량성 센서를 위한 읽기 회로,7,,,7,D1 D3 D7 D2 D5 D6 D4,[D5] 상세설명에 하위섹션+전문 중복 렌더(섹션 16642자 = 전문 15314 + 하위섹션 1683) / [D6] 도면 미반입인데 패널 노출(서지 도면 수 0건 / 패널 캡션 1개 · 이미지 없음) / [D4] 공개번호(10-2022-0163758)와 표시 일자(2024-08-02) 계열 불일치 · 문헌일 2022-12-12,[F1] drawing_count 0 (도면의 설명 1원소 보유) [F2] 도면 설명 1원소에 도 8개 뭉침
KR 10-2691739 B1,B1,등록특허공보,등록공고,등온증폭 및 측방유동분석을 이용한 유전자 증폭 및 검출장치,7,,,7,D1 D3 D7 D2 D5 D6 D4,[D5] 상세설명에 하위섹션+전문 중복 렌더(섹션 16368자 = 전문 11576 + 하위섹션 5025) / [D6] 도면 미반입인데 패널 노출(서지 도면 수 0건 / 패널 캡션 1개 · 이미지 없음) / [D4] 공개번호(10-2023-0131598)와 표시 일자(2024-08-05) 계열 불일치 · 문헌일 2023-09-14,[F1] drawing_count 0 (도면의 설명 1원소 보유) [F2] 도면 설명 1원소에 도 16개 뭉침
KR 10-2692225 B1,B1,등록특허공보,등록공고,로봇 프로세서 자동화를 위한 객체 탐지 시스템,7,,,7,D1 D3 D7 D2 D5 D6 D4,[D5] 상세설명에 하위섹션+전문 중복 렌더(섹션 31657자 = 전문 29577 + 하위섹션 2380) / [D6] 도면 미반입인데 패널 노출(서지 도면 수 0건 / 패널 캡션 1개 · 이미지 없음) / [D4] 공개번호(10-2023-0102575)와 표시 일자(2024-08-05) 계열 불일치 · 문헌일 2023-07-07,[F1] drawing_count 0 (도면의 설명 1원소 보유) [F2] 도면 설명 1원소에 도 20개 뭉침
KR 10-2692235 B1,B1,등록특허공보,등록공고,열 보상을 처리하기 위한 시스템 및 방법,7,,,7,D1 D3 D7 D2 D5 D6 D4,[D5] 상세설명에 하위섹션+전문 중복 렌더(섹션 9935자 = 전문 9212 + 하위섹션 785) / [D6] 도면 미반입인데 패널 노출(서지 도면 수 0건 / 패널 캡션 1개 · 이미지 없음) / [D4] 공개번호(10-2024-0092869)와 표시 일자(2024-08-05) 계열 불일치 · 문헌일 2024-06-24,[F1] drawing_count 0 (도면의 설명 1원소 보유) [F2] 도면 설명 1원소에 도 6개 뭉침
KR 10-2692284 B1,B1,등록특허공보,등록공고,자동차용 에어벤트 장치,7,,,7,D1 D3 D7 D2 D5 D6 D4,[D5] 상세설명에 하위섹션+전문 중복 렌더(섹션 19093자 = 전문 15032 + 하위섹션 4679) / [D6] 도면 미반입인데 패널 노출(서지 도면 수 0건 / 패널 캡션 1개 · 이미지 없음) / [D4] 공개번호(10-2020-0124493)와 표시 일자(2024-08-05) 계열 불일치 · 문헌일 2020-11-03,[F1] drawing_count 0 (도면의 설명 1원소 보유) [F2] 도면 설명 1원소에 도 23개 뭉침
KR 10-2692299 B1,B1,등록특허공보,등록공고,영구자석형 동기전동기의 벡터 제어 시 엔코더 오차 보상 방법 및 이를 수행하는 시스템,7,,,7,D1 D3 D7 D2 D5 D6 D4,[D5] 상세설명에 하위섹션+전문 중복 렌더(섹션 17567자 = 전문 13465 + 하위섹션 4446) / [D6] 도면 미반입인데 패널 노출(서지 도면 수 0건 / 패널 캡션 1개 · 이미지 없음) / [D4] 공개번호(10-2024-0025201)와 표시 일자(2024-08-05) 계열 불일치 · 문헌일 2024-02-27,[F1] drawing_count 0 (도면의 설명 1원소 보유) [F2] 도면 설명 1원소에 도 5개 뭉침
KR 10-2692358 B1,B1,등록특허공보,등록공고,트랙터의 마그네틱 댐핑 커플러를 이용한 잭나이핑 방지 장치,7,,,7,D1 D3 D7 D2 D5 D6 D4,[D5] 상세설명에 하위섹션+전문 중복 렌더(섹션 24381자 = 전문 20994 + 하위섹션 3811) / [D6] 도면 미반입인데 패널 노출(서지 도면 수 0건 / 패널 캡션 1개 · 이미지 없음) / [D4] 공개번호(10-2021-0076669)와 표시 일자(2024-08-05) 계열 불일치 · 문헌일 2021-06-24,[F1] drawing_count 0 (도면의 설명 1원소 보유) [F2] 도면 설명 1원소에 도 23개 뭉침
KR 10-2692360 B1,B1,등록특허공보,등록공고,차량용 가속 페달,7,,,7,D1 D3 D7 D2 D5 D6 D4,[D5] 상세설명에 하위섹션+전문 중복 렌더(섹션 13735자 = 전문 10631 + 하위섹션 3288) / [D6] 도면 미반입인데 패널 노출(서지 도면 수 0건 / 패널 캡션 1개 · 이미지 없음) / [D4] 공개번호(10-2021-0074472)와 표시 일자(2024-08-05) 계열 불일치 · 문헌일 2021-06-22,[F1] drawing_count 0 (도면의 설명 1원소 보유) [F2] 도면 설명 1원소에 도 7개 뭉침
KR 10-2692601 B1,B1,등록특허공보,등록공고,식물용 온실의 공기 순환 겸용 온도 조절 장치,7,,,7,D1 D3 D7 D2 D5 D6 D4,[D5] 상세설명에 하위섹션+전문 중복 렌더(섹션 30572자 = 전문 27526 + 하위섹션 3547) / [D6] 도면 미반입인데 패널 노출(서지 도면 수 0건 / 패널 캡션 1개 · 이미지 없음) / [D4] 공개번호(10-2023-0115212)와 표시 일자(2024-08-05) 계열 불일치 · 문헌일 2023-08-02,[F1] drawing_count 0 (도면의 설명 1원소 보유) [F2] 도면 설명 1원소에 도 16개 뭉침
KR 10-2692954 B1,B1,등록특허공보,등록공고,"경로를 결정하는 서버, 방법, 컴퓨터 프로그램",7,,,7,D1 D3 D7 D2 D5 D6 D4,[D5] 상세설명에 하위섹션+전문 중복 렌더(섹션 17152자 = 전문 14672 + 하위섹션 2777) / [D6] 도면 미반입인데 패널 노출(서지 도면 수 0건 / 패널 캡션 1개 · 이미지 없음) / [D4] 공개번호(10-2020-0089445)와 표시 일자(2024-08-07) 계열 불일치 · 문헌일 2020-07-27,[F1] drawing_count 0 (도면의 설명 1원소 보유) [F2] 도면 설명 1원소에 도 9개 뭉침
KR 10-2700640 B1,B1,등록특허공보,등록공고,화물열차용 원격 무인 자동 입환 시스템,7,,,7,D1 D3 D7 D2 D5 D6 D4b,[D5] 상세설명에 하위섹션+전문 중복 렌더(섹션 23764자 = 전문 19536 + 하위섹션 4468) / [D6] 도면 미반입인데 패널 노출(서지 도면 수 0건 / 패널 캡션 1개 · 이미지 없음) / [D4b] 공개/공고번호 — 인데 공개/공고일(2024-09-06)만 표시,[F1] drawing_count 0 (도면의 설명 1원소 보유) [F2] 도면 설명 1원소에 도 9개 뭉침
KR 10-2701718 B1,B1,등록특허공보,등록공고,결제 과정에서 휴대폰 번호를 이용하는 방법 및 디바이스,7,,,7,D1 D3 D7 D2 D5 D6 D4,[D5] 상세설명에 하위섹션+전문 중복 렌더(섹션 33315자 = 전문 28328 + 하위섹션 5226) / [D6] 도면 미반입인데 패널 노출(서지 도면 수 0건 / 패널 캡션 1개 · 이미지 없음) / [D4] 공개번호(10-2023-0159778)와 표시 일자(2024-09-05) 계열 불일치 · 문헌일 2023-11-22,[F1] drawing_count 0 (도면의 설명 1원소 보유) [F2] 도면 설명 1원소에 도 15개 뭉침
KR 10-2702062 B1,B1,등록특허공보,등록공고,버퍼링유닛 및 이를 이용한 라벨부착장치,7,,,7,D1 D3 D7 D2 D5 D6 D4,[D5] 상세설명에 하위섹션+전문 중복 렌더(섹션 18906자 = 전문 13828 + 하위섹션 5256) / [D6] 도면 미반입인데 패널 노출(서지 도면 수 0건 / 패널 캡션 1개 · 이미지 없음) / [D4] 공개번호(10-2023-0141231)와 표시 일자(2024-09-04) 계열 불일치 · 문헌일 2023-10-10,[F1] drawing_count 0 (도면의 설명 1원소 보유) [F2] 도면 설명 1원소에 도 53개 뭉침
KR 10-2702486 B1,B1,등록특허공보,등록공고,갑피의 자동화 제조방법,7,,,7,D1 D3 D7 D2 D5 D6 D4,[D5] 상세설명에 하위섹션+전문 중복 렌더(섹션 17909자 = 전문 14806 + 하위섹션 3261) / [D6] 도면 미반입인데 패널 노출(서지 도면 수 0건 / 패널 캡션 1개 · 이미지 없음) / [D4] 공개번호(10-2021-0066962)와 표시 일자(2024-09-05) 계열 불일치 · 문헌일 2021-06-08,[F1] drawing_count 0 (도면의 설명 1원소 보유) [F2] 도면 설명 1원소에 도 3개 뭉침
KR 10-2702556 B1,B1,등록특허공보,등록공고,진공 챔버 내에서 기판을 이송하는 기판 이송 장치,7,,,7,D1 D3 D7 D2 D5 D6 D4b,[D5] 상세설명에 하위섹션+전문 중복 렌더(섹션 55051자 = 전문 42674 + 하위섹션 12740) / [D6] 도면 미반입인데 패널 노출(서지 도면 수 0건 / 패널 캡션 1개 · 이미지 없음) / [D4b] 공개/공고번호 — 인데 공개/공고일(2024-09-04)만 표시,[F1] drawing_count 0 (도면의 설명 1원소 보유) [F2] 도면 설명 1원소에 도 16개 뭉침
KR 10-2702568 B1,B1,등록특허공보,등록공고,게이트 구동부 및 이를 포함하는 표시 장치,7,,,7,D1 D3 D7 D2 D5 D6 D4,[D5] 상세설명에 하위섹션+전문 중복 렌더(섹션 33021자 = 전문 30536 + 하위섹션 2836) / [D6] 도면 미반입인데 패널 노출(서지 도면 수 0건 / 패널 캡션 1개 · 이미지 없음) / [D4] 공개번호(10-2023-0044910)와 표시 일자(2024-09-04) 계열 불일치 · 문헌일 2023-04-04,[F1] drawing_count 0 (도면의 설명 1원소 보유) [F2] 도면 설명 1원소에 도 22개 뭉침
KR 10-2702954 B1,B1,등록특허공보,등록공고,확장형 표시 장치,7,,,7,D1 D3 D7 D2 D5 D6 D4,[D5] 상세설명에 하위섹션+전문 중복 렌더(섹션 22243자 = 전문 18609 + 하위섹션 3894) / [D6] 도면 미반입인데 패널 노출(서지 도면 수 0건 / 패널 캡션 1개 · 이미지 없음) / [D4] 공개번호(10-2024-0016391)와 표시 일자(2024-09-05) 계열 불일치 · 문헌일 2024-02-06,[F1] drawing_count 0 (도면의 설명 1원소 보유) [F2] 도면 설명 1원소에 도 24개 뭉침
KR 10-2702985 B1,B1,등록특허공보,등록공고,우수저장이 가능한 환경친화적인 도로 중앙분리대,7,,,7,D1 D3 D7 D2 D5 D6 D4b,[D5] 상세설명에 하위섹션+전문 중복 렌더(섹션 12036자 = 전문 8804 + 하위섹션 3364) / [D6] 도면 미반입인데 패널 노출(서지 도면 수 0건 / 패널 캡션 1개 · 이미지 없음) / [D4b] 공개/공고번호 — 인데 공개/공고일(2024-09-05)만 표시,[F1] drawing_count 0 (도면의 설명 1원소 보유) [F2] 도면 설명 1원소에 도 5개 뭉침
KR 10-2702988 B1,B1,등록특허공보,등록공고,GPU의 전력소비 모델에 따른 클럭 주파수 및 전압 최적화를 통한 컴퓨터 시스템의 전력 절감 장치 및 방법,7,,,7,D1 D3 D7 D2 D5 D6 D4b,[D5] 상세설명에 하위섹션+전문 중복 렌더(섹션 81473자 = 전문 48303 + 하위섹션 34129) / [D6] 도면 미반입인데 패널 노출(서지 도면 수 0건 / 패널 캡션 1개 · 이미지 없음) / [D4b] 공개/공고번호 — 인데 공개/공고일(2024-09-04)만 표시,[F1] drawing_count 0 (도면의 설명 1원소 보유) [F2] 도면 설명 1원소에 도 24개 뭉침
KR 10-2703008 B1,B1,등록특허공보,등록공고,행거를 이용한 도금장비의 검사 및 관리 시스템,7,,,7,D1 D3 D7 D2 D5 D6 D4b,[D5] 상세설명에 하위섹션+전문 중복 렌더(섹션 13721자 = 전문 10886 + 하위섹션 3050) / [D6] 도면 미반입인데 패널 노출(서지 도면 수 0건 / 패널 캡션 1개 · 이미지 없음) / [D4b] 공개/공고번호 — 인데 공개/공고일(2024-09-05)만 표시,[F1] drawing_count 0 (도면의 설명 1원소 보유) [F2] 도면 설명 1원소에 도 3개 뭉침
KR 10-2703111 B1,B1,등록특허공보,등록공고,경보 및 잔류 전류 감지 기능을 구비한 스마트 안전화 시스템,7,,,7,D1 D3 D7 D2 D5 D6 D4b,[D5] 상세설명에 하위섹션+전문 중복 렌더(섹션 17319자 = 전문 12926 + 하위섹션 4694) / [D6] 도면 미반입인데 패널 노출(서지 도면 수 0건 / 패널 캡션 1개 · 이미지 없음) / [D4b] 공개/공고번호 — 인데 공개/공고일(2024-09-06)만 표시,[F1] drawing_count 0 (도면의 설명 1원소 보유) [F2] 도면 설명 1원소에 도 5개 뭉침
KR 10-2703164 B1,B1,등록특허공보,등록공고,발리스틱 패들,7,,,7,D1 D3 D7 D2 D5 D6 D4b,[D5] 상세설명에 하위섹션+전문 중복 렌더(섹션 8680자 = 전문 6154 + 하위섹션 2598) / [D6] 도면 미반입인데 패널 노출(서지 도면 수 0건 / 패널 캡션 1개 · 이미지 없음) / [D4b] 공개/공고번호 — 인데 공개/공고일(2024-09-04)만 표시,[F1] drawing_count 0 (도면의 설명 1원소 보유) [F2] 도면 설명 1원소에 도 7개 뭉침
KR 10-2703179 B1,B1,등록특허공보,등록공고,차량용 히트펌프 시스템,7,,,7,D1 D3 D7 D2 D5 D6 D4,[D5] 상세설명에 하위섹션+전문 중복 렌더(섹션 48628자 = 전문 40084 + 하위섹션 9381) / [D6] 도면 미반입인데 패널 노출(서지 도면 수 0건 / 패널 캡션 1개 · 이미지 없음) / [D4] 공개번호(10-2021-0026705)와 표시 일자(2024-09-04) 계열 불일치 · 문헌일 2021-03-10,[F1] drawing_count 0 (도면의 설명 1원소 보유) [F2] 도면 설명 1원소에 도 8개 뭉침
KR 10-2703180 B1,B1,등록특허공보,등록공고,차량용 히트펌프 시스템 제어방법,7,,,7,D1 D3 D7 D2 D5 D6 D4,[D5] 상세설명에 하위섹션+전문 중복 렌더(섹션 15393자 = 전문 11701 + 하위섹션 3870) / [D6] 도면 미반입인데 패널 노출(서지 도면 수 0건 / 패널 캡션 1개 · 이미지 없음) / [D4] 공개번호(10-2021-0013858)와 표시 일자(2024-09-04) 계열 불일치 · 문헌일 2021-02-08,[F1] drawing_count 0 (도면의 설명 1원소 보유)
KR 10-2703204 B1,B1,등록특허공보,등록공고,"양자점, 이의 제조방법 및 이를 포함하는 디스플레이 소자",7,,,7,D1 D3 D7 D2 D5 D6 D4,[D5] 상세설명에 하위섹션+전문 중복 렌더(섹션 22589자 = 전문 15952 + 하위섹션 7076) / [D6] 도면 미반입인데 패널 노출(서지 도면 수 0건 / 패널 캡션 1개 · 이미지 없음) / [D4] 공개번호(10-2024-0023061)와 표시 일자(2024-09-05) 계열 불일치 · 문헌일 2024-02-20,[F1] drawing_count 0 (도면의 설명 1원소 보유) [F2] 도면 설명 1원소에 도 14개 뭉침
KR 10-2703308 B1,B1,등록특허공보,정정공고,정규화 알고리즘에 기반하여 차량 내 모터의 고장 여부를 판단하는 방법 및 그를 이용한 시스템,7,,,7,D1 D3 D7 D2 D5 D6 D4,[D5] 상세설명에 하위섹션+전문 중복 렌더(섹션 29593자 = 전문 26595 + 하위섹션 3310) / [D6] 도면 미반입인데 패널 노출(서지 도면 수 0건 / 패널 캡션 1개 · 이미지 없음) / [D4] 공개번호(10-2024-0002786)와 표시 일자(2024-09-05) 계열 불일치 · 문헌일 2024-01-08,[F1] drawing_count 0 (도면의 설명 1원소 보유) [F2] 도면 설명 1원소에 도 5개 뭉침
KR 10-2703364 B1,B1,등록특허공보,등록공고,스크린 타입의 전기자동차 화재 진압 장치,7,,,7,D1 D3 D7 D2 D5 D6 D4b,[D5] 상세설명에 하위섹션+전문 중복 렌더(섹션 11327자 = 전문 8970 + 하위섹션 2465) / [D6] 도면 미반입인데 패널 노출(서지 도면 수 0건 / 패널 캡션 1개 · 이미지 없음) / [D4b] 공개/공고번호 — 인데 공개/공고일(2024-09-05)만 표시,[F1] drawing_count 0 (도면의 설명 1원소 보유) [F2] 도면 설명 1원소에 도 10개 뭉침
KR 10-2703375 B1,B1,등록특허공보,등록공고,이미지 로딩 방법 및 장치,7,,,7,D1 D3 D7 D2 D5 D6 D4,[D5] 상세설명에 하위섹션+전문 중복 렌더(섹션 16388자 = 전문 15607 + 하위섹션 900) / [D6] 도면 미반입인데 패널 노출(서지 도면 수 0건 / 패널 캡션 1개 · 이미지 없음) / [D4] 공개번호(10-2022-0103005)와 표시 일자(2024-09-06) 계열 불일치 · 문헌일 2022-07-21,[F1] drawing_count 0 (도면의 설명 1원소 보유) [F2] 도면 설명 1원소에 도 5개 뭉침
KR 10-2703433 B1,B1,등록특허공보,등록공고,리포터 및 이의 용도,7,,,7,D1 D3 D7 D2 D5 D6 D4,[D5] 상세설명에 하위섹션+전문 중복 렌더(섹션 43474자 = 전문 38422 + 하위섹션 6324) / [D6] 도면 미반입인데 패널 노출(서지 도면 수 0건 / 패널 캡션 1개 · 이미지 없음) / [D4] 공개번호(10-2022-0089636)와 표시 일자(2024-09-05) 계열 불일치 · 문헌일 2022-06-28,[F1] drawing_count 0 (도면의 설명 1원소 보유) [F2] 도면 설명 1원소에 도 6개 뭉침
KR 10-2703463 B1,B1,등록특허공보,등록공고,주차시설의 재생방향 설정방법 및 이를 수행하기 위한 컴퓨터 프로그램,7,,,7,D1 D3 D7 D2 D5 D6 D4,[D5] 상세설명에 하위섹션+전문 중복 렌더(섹션 23547자 = 전문 19740 + 하위섹션 4077) / [D6] 도면 미반입인데 패널 노출(서지 도면 수 0건 / 패널 캡션 1개 · 이미지 없음) / [D4] 공개번호(10-2023-0034121)와 표시 일자(2024-09-09) 계열 불일치 · 문헌일 2023-03-09,[F1] drawing_count 0 (도면의 설명 1원소 보유) [F2] 도면 설명 1원소에 도 5개 뭉침
KR 10-2703468 B1,B1,등록특허공보,등록공고,답력 조절형 가속 페달 장치,7,,,7,D1 D3 D7 D2 D5 D6 D4,[D5] 상세설명에 하위섹션+전문 중복 렌더(섹션 10184자 = 전문 7738 + 하위섹션 2601) / [D6] 도면 미반입인데 패널 노출(서지 도면 수 0건 / 패널 캡션 1개 · 이미지 없음) / [D4] 공개번호(10-2021-0091932)와 표시 일자(2024-09-04) 계열 불일치 · 문헌일 2021-07-23,[F1] drawing_count 0 (도면의 설명 1원소 보유) [F2] 도면 설명 1원소에 도 9개 뭉침
KR 10-2703476 B1,B1,등록특허공보,등록공고,추측항법 오차 보정 방법 및 그 전자 장치,7,,,7,D1 D3 D7 D2 D5 D6 D4,[D5] 상세설명에 하위섹션+전문 중복 렌더(섹션 13493자 = 전문 11518 + 하위섹션 2040) / [D6] 도면 미반입인데 패널 노출(서지 도면 수 0건 / 패널 캡션 1개 · 이미지 없음) / [D4] 공개번호(10-2021-0039561)와 표시 일자(2024-09-05) 계열 불일치 · 문헌일 2021-04-12,[F1] drawing_count 0 (도면의 설명 1원소 보유) [F2] 도면 설명 1원소에 도 5개 뭉침
KR 10-2703533 B1,B1,등록특허공보,등록공고,그래핀 나노시트의 제조방법,7,,,7,D1 D3 D7 D2 D5 D6 D4,[D5] 상세설명에 하위섹션+전문 중복 렌더(섹션 22322자 = 전문 20847 + 하위섹션 2051) / [D6] 도면 미반입인데 패널 노출(서지 도면 수 0건 / 패널 캡션 1개 · 이미지 없음) / [D4] 공개번호(10-2021-0059387)와 표시 일자(2024-09-06) 계열 불일치 · 문헌일 2021-05-25,[F1] drawing_count 0 (도면의 설명 1원소 보유) [F2] 도면 설명 1원소에 도 5개 뭉침
KR 10-2703543 B1,B1,등록특허공보,등록공고,표시 장치,7,,,7,D1 D3 D7 D2 D5 D6 D4,[D5] 상세설명에 하위섹션+전문 중복 렌더(섹션 42250자 = 전문 38482 + 하위섹션 4402) / [D6] 도면 미반입인데 패널 노출(서지 도면 수 0건 / 패널 캡션 1개 · 이미지 없음) / [D4] 공개번호(10-2023-0151504)와 표시 일자(2024-09-05) 계열 불일치 · 문헌일 2023-11-01,[F1] drawing_count 0 (도면의 설명 1원소 보유) [F2] 도면 설명 1원소에 도 30개 뭉침
KR 10-2703544 B1,B1,등록특허공보,등록공고,직렬 데이터 수신 회로,7,,,7,D1 D3 D7 D2 D5 D6 D4,[D5] 상세설명에 하위섹션+전문 중복 렌더(섹션 22204자 = 전문 17984 + 하위섹션 4420) / [D6] 도면 미반입인데 패널 노출(서지 도면 수 0건 / 패널 캡션 1개 · 이미지 없음) / [D4] 공개번호(10-2021-0103387)와 표시 일자(2024-09-05) 계열 불일치 · 문헌일 2021-08-23,[F1] drawing_count 0 (도면의 설명 1원소 보유) [F2] 도면 설명 1원소에 도 14개 뭉침
KR 10-2703571 B1,B1,등록특허공보,등록공고,하우스 농작물 고온 피해 및 저온 피해를 줄일 수 있는 냉난방 필터 시스템,7,,,7,D1 D3 D7 D2 D5 D6 D4,[D5] 상세설명에 하위섹션+전문 중복 렌더(섹션 10637자 = 전문 7180 + 하위섹션 3566) / [D6] 도면 미반입인데 패널 노출(서지 도면 수 0건 / 패널 캡션 1개 · 이미지 없음) / [D4] 공개번호(10-2023-0062953)와 표시 일자(2024-09-05) 계열 불일치 · 문헌일 2023-05-09,[F1] drawing_count 0 (도면의 설명 1원소 보유)
KR 10-2703580 B1,B1,등록특허공보,등록공고,임대형 차량 이용자의 프라이버시 보호 시스템 및 방법,7,,,7,D1 D3 D7 D2 D5 D6 D4b,[D5] 상세설명에 하위섹션+전문 중복 렌더(섹션 16459자 = 전문 13315 + 하위섹션 3283) / [D6] 도면 미반입인데 패널 노출(서지 도면 수 0건 / 패널 캡션 1개 · 이미지 없음) / [D4b] 공개/공고번호 — 인데 공개/공고일(2024-09-06)만 표시,[F1] drawing_count 0 (도면의 설명 1원소 보유) [F2] 도면 설명 1원소에 도 9개 뭉침
KR 10-2703674 B1,B1,등록특허공보,등록공고,반도체 포토레지스트용 조성물 및 이를 이용한 패턴 형성 방법,7,,,7,D1 D3 D7 D2 D5 D6 D4,[D5] 상세설명에 하위섹션+전문 중복 렌더(섹션 39045자 = 전문 31330 + 하위섹션 8884) / [D6] 도면 미반입인데 패널 노출(서지 도면 수 0건 / 패널 캡션 1개 · 이미지 없음) / [D4] 공개번호(10-2024-0018224)와 표시 일자(2024-09-04) 계열 불일치 · 문헌일 2024-02-13,[F1] drawing_count 0 (도면의 설명 1원소 보유)
KR 10-2703683 B1,B1,등록특허공보,등록공고,유전자 편집을 위한 TaRGET 시스템 및 이의 용도,7,,,7,D1 D3 D7 D2 D5 D6 D4b,[D5] 상세설명에 하위섹션+전문 중복 렌더(섹션 132776자 = 전문 128231 + 하위섹션 7488) / [D6] 도면 미반입인데 패널 노출(서지 도면 수 0건 / 패널 캡션 1개 · 이미지 없음) / [D4b] 공개/공고번호 — 인데 공개/공고일(2024-09-09)만 표시,[F1] drawing_count 0 (도면의 설명 1원소 보유) [F2] 도면 설명 1원소에 도 27개 뭉침
KR 10-2703690 B1,B1,등록특허공보,등록공고,카메라 모듈 및 이를 포함하는 카메라 장치,7,,,7,D1 D3 D7 D2 D5 D6 D4,[D5] 상세설명에 하위섹션+전문 중복 렌더(섹션 67674자 = 전문 61987 + 하위섹션 6490) / [D6] 도면 미반입인데 패널 노출(서지 도면 수 0건 / 패널 캡션 1개 · 이미지 없음) / [D4] 공개번호(10-2024-0072981)와 표시 일자(2024-09-05) 계열 불일치 · 문헌일 2024-05-24,[F1] drawing_count 0 (도면의 설명 1원소 보유) [F2] 도면 설명 1원소에 도 25개 뭉침
KR 10-2703917 B1,B1,등록특허공보,등록공고,도로지도의 구축 자동화를 위한 정밀도로지도 구축시스템,7,,,7,D1 D3 D7 D2 D5 D6 D4,[D5] 상세설명에 하위섹션+전문 중복 렌더(섹션 35826자 = 전문 29818 + 하위섹션 6500) / [D6] 도면 미반입인데 패널 노출(서지 도면 수 0건 / 패널 캡션 1개 · 이미지 없음) / [D4] 공개번호(10-2023-0164439)와 표시 일자(2024-09-06) 계열 불일치 · 문헌일 2023-12-04,[F1] drawing_count 0 (도면의 설명 1원소 보유) [F2] 도면 설명 1원소에 도 23개 뭉침
KR 10-2703935 B1,B1,등록특허공보,등록공고,"영상의 화질을 개선하기 위한 전자 장치, 방법, 컴퓨터 판독 가능한 기록 매체 및 컴퓨터 프로그램",7,,,7,D1 D3 D7 D2 D5 D6 D4,[D5] 상세설명에 하위섹션+전문 중복 렌더(섹션 15977자 = 전문 13668 + 하위섹션 2415) / [D6] 도면 미반입인데 패널 노출(서지 도면 수 0건 / 패널 캡션 1개 · 이미지 없음) / [D4] 공개번호(10-2021-0048296)와 표시 일자(2024-09-05) 계열 불일치 · 문헌일 2021-05-03,[F1] drawing_count 0 (도면의 설명 1원소 보유) [F2] 도면 설명 1원소에 도 7개 뭉침
KR 10-2703998 B1,B1,등록특허공보,등록공고,유기 화합물 및 이를 포함하는 유기 전계 발광 소자,7,,,7,D1 D3 D7 D2 D5 D6 D4,[D5] 상세설명에 하위섹션+전문 중복 렌더(섹션 44922자 = 전문 39651 + 하위섹션 6924) / [D6] 도면 미반입인데 패널 노출(서지 도면 수 0건 / 패널 캡션 1개 · 이미지 없음) / [D4] 공개번호(10-2024-0095140)와 표시 일자(2024-09-09) 계열 불일치 · 문헌일 2024-06-25,[F1] drawing_count 0 (도면의 설명 1원소 보유)
KR 10-2704077 B1,B1,등록특허공보,등록공고,친환경 비접착식 조립 신발,7,,,7,D1 D3 D7 D2 D5 D6 D4b,[D5] 상세설명에 하위섹션+전문 중복 렌더(섹션 8412자 = 전문 6611 + 하위섹션 1961) / [D6] 도면 미반입인데 패널 노출(서지 도면 수 0건 / 패널 캡션 1개 · 이미지 없음) / [D4b] 공개/공고번호 — 인데 공개/공고일(2024-09-09)만 표시,[F1] drawing_count 0 (도면의 설명 1원소 보유) [F2] 도면 설명 1원소에 도 12개 뭉침
KR 10-2704232 B1,B1,등록특허공보,등록공고,소상 공인 업무 지원을 위한 정보 관리 시스템 및 이의 실행 방법,7,,,7,D1 D3 D7 D2 D5 D6 D4,[D5] 상세설명에 하위섹션+전문 중복 렌더(섹션 18125자 = 전문 14431 + 하위섹션 3953) / [D6] 도면 미반입인데 패널 노출(서지 도면 수 0건 / 패널 캡션 1개 · 이미지 없음) / [D4] 공개번호(10-2024-0117735)와 표시 일자(2024-09-05) 계열 불일치 · 문헌일 2024-08-02,[F1] drawing_count 0 (도면의 설명 1원소 보유) [F2] 도면 설명 1원소에 도 4개 뭉침
KR 10-2704439 B1,B1,등록특허공보,등록공고,유기 발광 소자 및 이를 포함하는 표시 장치,7,,,7,D1 D3 D7 D2 D5 D6 D4,[D5] 상세설명에 하위섹션+전문 중복 렌더(섹션 77410자 = 전문 75200 + 하위섹션 3808) / [D6] 도면 미반입인데 패널 노출(서지 도면 수 0건 / 패널 캡션 1개 · 이미지 없음) / [D4] 공개번호(10-2020-0039087)와 표시 일자(2024-09-09) 계열 불일치 · 문헌일 2020-04-16,[F1] drawing_count 0 (도면의 설명 1원소 보유) [F2] 도면 설명 1원소에 도 4개 뭉침
KR 10-2704445 B1,B1,등록특허공보,등록공고,딜레이 시간을 정밀 제어 가능한 디지털-타임 컨버터 장치 및 이의 제어 방법,7,,,7,D1 D3 D7 D2 D5 D6 D4,[D5] 상세설명에 하위섹션+전문 중복 렌더(섹션 24771자 = 전문 19836 + 하위섹션 5174) / [D6] 도면 미반입인데 패널 노출(서지 도면 수 0건 / 패널 캡션 1개 · 이미지 없음) / [D4] 공개번호(10-2023-0174462)와 표시 일자(2024-09-05) 계열 불일치 · 문헌일 2023-12-28,[F1] drawing_count 0 (도면의 설명 1원소 보유) [F2] 도면 설명 1원소에 도 7개 뭉침
KR 10-2704478 B1,B1,등록특허공보,등록공고,영상 콘텐츠 분할 방법 및 시스템,7,,,7,D1 D3 D7 D2 D5 D6 D4,[D5] 상세설명에 하위섹션+전문 중복 렌더(섹션 16873자 = 전문 14033 + 하위섹션 3025) / [D6] 도면 미반입인데 패널 노출(서지 도면 수 0건 / 패널 캡션 1개 · 이미지 없음) / [D4] 공개번호(10-2021-0060127)와 표시 일자(2024-09-09) 계열 불일치 · 문헌일 2021-05-26,[F1] drawing_count 0 (도면의 설명 1원소 보유) [F2] 도면 설명 1원소에 도 4개 뭉침
KR 10-2704531 B1,B1,등록특허공보,등록공고,서빙 로봇을 제어하는 방법 및 시스템,7,,,7,D1 D3 D7 D2 D5 D6 D4,[D5] 상세설명에 하위섹션+전문 중복 렌더(섹션 34138자 = 전문 31481 + 하위섹션 3032) / [D6] 도면 미반입인데 패널 노출(서지 도면 수 0건 / 패널 캡션 1개 · 이미지 없음) / [D4] 공개번호(10-2023-0084970)와 표시 일자(2024-09-09) 계열 불일치 · 문헌일 2023-06-13,[F1] drawing_count 0 (도면의 설명 1원소 보유) [F2] 도면 설명 1원소에 도 12개 뭉침
KR 10-2704559 B1,B1,등록특허공보,등록공고,도어의 특정각도 정지 및 제한 기능을 갖는 경첩,7,,,7,D1 D3 D7 D2 D5 D6 D4b,[D5] 상세설명에 하위섹션+전문 중복 렌더(섹션 11758자 = 전문 8066 + 하위섹션 3742) / [D6] 도면 미반입인데 패널 노출(서지 도면 수 0건 / 패널 캡션 1개 · 이미지 없음) / [D4b] 공개/공고번호 — 인데 공개/공고일(2024-09-09)만 표시,[F1] drawing_count 0 (도면의 설명 1원소 보유)
KR 10-2704576 B1,B1,등록특허공보,등록공고,전도성 물질이 형성된 필터 및 그 제조방법,7,,,7,D1 D3 D7 D2 D5 D6 D4,[D5] 상세설명에 하위섹션+전문 중복 렌더(섹션 10749자 = 전문 8126 + 하위섹션 2764) / [D6] 도면 미반입인데 패널 노출(서지 도면 수 0건 / 패널 캡션 1개 · 이미지 없음) / [D4] 공개번호(10-2021-0157541)와 표시 일자(2024-09-09) 계열 불일치 · 문헌일 2021-12-29,[F1] drawing_count 0 (도면의 설명 1원소 보유) [F2] 도면 설명 1원소에 도 6개 뭉침
KR 10-2704594 B1,B1,등록특허공보,등록공고,인트라 예측 기반의 영상 부호화 또는 복호화 장치 및 방법,7,,,7,D1 D3 D7 D2 D5 D6 D4,[D5] 상세설명에 하위섹션+전문 중복 렌더(섹션 27183자 = 전문 25278 + 하위섹션 2230) / [D6] 도면 미반입인데 패널 노출(서지 도면 수 0건 / 패널 캡션 1개 · 이미지 없음) / [D4] 공개번호(10-2020-0000548)와 표시 일자(2024-09-06) 계열 불일치 · 문헌일 2020-01-03,[F1] drawing_count 0 (도면의 설명 1원소 보유) [F2] 도면 설명 1원소에 도 14개 뭉침
KR 10-2704623 B1,B1,등록특허공보,등록공고,레이저를 이용한 시술장치 및 이를 이용한 시술방법,7,,,7,D1 D3 D7 D2 D5 D6 D4,[D5] 상세설명에 하위섹션+전문 중복 렌더(섹션 19597자 = 전문 16480 + 하위섹션 3419) / [D6] 도면 미반입인데 패널 노출(서지 도면 수 0건 / 패널 캡션 1개 · 이미지 없음) / [D4] 공개번호(10-2024-0032803)와 표시 일자(2024-09-09) 계열 불일치 · 문헌일 2024-03-12,[F1] drawing_count 0 (도면의 설명 1원소 보유) [F2] 도면 설명 1원소에 도 12개 뭉침
KR 10-2704628 B1,B1,등록특허공보,등록공고,식기세척기,7,,,7,D1 D3 D7 D2 D5 D6 D4,[D5] 상세설명에 하위섹션+전문 중복 렌더(섹션 26602자 = 전문 21115 + 하위섹션 5934) / [D6] 도면 미반입인데 패널 노출(서지 도면 수 0건 / 패널 캡션 1개 · 이미지 없음) / [D4] 공개번호(10-2020-0012710)와 표시 일자(2024-09-09) 계열 불일치 · 문헌일 2020-02-05,[F1] drawing_count 0 (도면의 설명 1원소 보유) [F2] 도면 설명 1원소에 도 12개 뭉침
KR 10-2704633 B1,B1,등록특허공보,등록공고,외부 충격에 강한 통신설비용 함체,7,,,7,D1 D3 D7 D2 D5 D6 D4,[D5] 상세설명에 하위섹션+전문 중복 렌더(섹션 12180자 = 전문 9969 + 하위섹션 2610) / [D6] 도면 미반입인데 패널 노출(서지 도면 수 0건 / 패널 캡션 1개 · 이미지 없음) / [D4] 공개번호(10-2023-0068275)와 표시 일자(2024-09-06) 계열 불일치 · 문헌일 2023-05-17,[F1] drawing_count 0 (도면의 설명 1원소 보유) [F2] 도면 설명 1원소에 도 8개 뭉침
KR 10-2704657 B1,B1,등록특허공보,등록공고,생성적 적대 신경망과 이미지 필터링을 이용한 이미지 생성 장치 및 방법,7,,,7,D1 D3 D7 D2 D5 D6 D4,[D5] 상세설명에 하위섹션+전문 중복 렌더(섹션 18582자 = 전문 15822 + 하위섹션 2844) / [D6] 도면 미반입인데 패널 노출(서지 도면 수 0건 / 패널 캡션 1개 · 이미지 없음) / [D4] 공개번호(10-2023-0105814)와 표시 일자(2024-09-09) 계열 불일치 · 문헌일 2023-07-12,[F1] drawing_count 0 (도면의 설명 1원소 보유) [F2] 도면 설명 1원소에 도 9개 뭉침
KR 10-2704740 B1,B1,등록특허공보,등록공고,물체 프로세싱 방법,7,,,7,D1 D3 D7 D2 D5 D6 D4,[D5] 상세설명에 하위섹션+전문 중복 렌더(섹션 41128자 = 전문 27258 + 하위섹션 14084) / [D6] 도면 미반입인데 패널 노출(서지 도면 수 0건 / 패널 캡션 1개 · 이미지 없음) / [D4] 공개번호(10-2020-0023233)와 표시 일자(2024-09-10) 계열 불일치 · 문헌일 2020-03-04,[F1] drawing_count 0 (도면의 설명 1원소 보유) [F2] 도면 설명 1원소에 도 10개 뭉침
KR 10-2704758 B1,B1,등록특허공보,등록공고,방연마스크용 필터의 수명연장장치,7,,,7,D1 D3 D7 D2 D5 D6 D4,[D5] 상세설명에 하위섹션+전문 중복 렌더(섹션 5602자 = 전문 3911 + 하위섹션 1793) / [D6] 도면 미반입인데 패널 노출(서지 도면 수 0건 / 패널 캡션 1개 · 이미지 없음) / [D4] 공개번호(10-2024-0086109)와 표시 일자(2024-09-09) 계열 불일치 · 문헌일 2024-06-18,[F1] drawing_count 0 (도면의 설명 1원소 보유) [F2] 도면 설명 1원소에 도 3개 뭉침
KR 10-2704810 B1,B1,등록특허공보,등록공고,모듈형 잠열에너지저장 시스템 및 이를 이용한 석탄화력발전소 기동시간 단축 방법,7,,,7,D1 D3 D7 D2 D5 D6 D4,[D5] 상세설명에 하위섹션+전문 중복 렌더(섹션 9740자 = 전문 7273 + 하위섹션 2608) / [D6] 도면 미반입인데 패널 노출(서지 도면 수 0건 / 패널 캡션 1개 · 이미지 없음) / [D4] 공개번호(10-2024-0048892)와 표시 일자(2024-09-09) 계열 불일치 · 문헌일 2024-04-16,[F1] drawing_count 0 (도면의 설명 1원소 보유) [F2] 도면 설명 1원소에 도 7개 뭉침
KR 10-2704848 B1,B1,등록특허공보,등록공고,데이터 프로세싱 시스템을 위한 캐시 배열,7,,,7,D1 D3 D7 D2 D5 D6 D4,[D5] 상세설명에 하위섹션+전문 중복 렌더(섹션 50335자 = 전문 49060 + 하위섹션 1967) / [D6] 도면 미반입인데 패널 노출(서지 도면 수 0건 / 패널 캡션 1개 · 이미지 없음) / [D4] 공개번호(10-2022-0012818)와 표시 일자(2024-09-09) 계열 불일치 · 문헌일 2022-02-04,[F1] drawing_count 0 (도면의 설명 1원소 보유) [F2] 도면 설명 1원소에 도 13개 뭉침
KR 10-2705024 B1,B1,등록특허공보,등록공고,반도체 장치,7,,,7,D1 D3 D7 D2 D5 D6 D4,[D5] 상세설명에 하위섹션+전문 중복 렌더(섹션 32557자 = 전문 30140 + 하위섹션 2632) / [D6] 도면 미반입인데 패널 노출(서지 도면 수 0건 / 패널 캡션 1개 · 이미지 없음) / [D4] 공개번호(10-2018-0068653)와 표시 일자(2024-09-09) 계열 불일치 · 문헌일 2018-06-22,[F1] drawing_count 0 (도면의 설명 1원소 보유) [F2] 도면 설명 1원소에 도 37개 뭉침
KR 10-2705409 B1,B1,등록특허공보,등록공고,물품 운반 엘리베이터용 피씨비 기판의 고장 진단 구조,7,,,7,D1 D3 D7 D2 D5 D6 D4b,[D5] 상세설명에 하위섹션+전문 중복 렌더(섹션 11312자 = 전문 8517 + 하위섹션 2856) / [D6] 도면 미반입인데 패널 노출(서지 도면 수 0건 / 패널 캡션 1개 · 이미지 없음) / [D4b] 공개/공고번호 — 인데 공개/공고일(2024-09-09)만 표시,[F1] drawing_count 0 (도면의 설명 1원소 보유) [F2] 도면 설명 1원소에 도 10개 뭉침
KR 10-2705642 B1,B1,등록특허공보,등록공고,성인 발병 스틸병 진단용 조성물 및 이를 이용한 진단 방법,7,,,7,D1 D3 D7 D2 D5 D6 D4,[D5] 상세설명에 하위섹션+전문 중복 렌더(섹션 10638자 = 전문 8123 + 하위섹션 2558) / [D6] 도면 미반입인데 패널 노출(서지 도면 수 0건 / 패널 캡션 1개 · 이미지 없음) / [D4] 공개번호(10-2022-0163839)와 표시 일자(2024-09-12) 계열 불일치 · 문헌일 2022-12-12,[F1] drawing_count 0 (도면의 설명 1원소 보유) [F2] 도면 설명 1원소에 도 6개 뭉침
KR 10-2705804 B1,B1,등록특허공보,등록공고,벨트 고리형 캐리어,7,,,7,D1 D3 D7 D2 D5 D6 D4b,[D5] 상세설명에 하위섹션+전문 중복 렌더(섹션 11876자 = 전문 8712 + 하위섹션 3312) / [D6] 도면 미반입인데 패널 노출(서지 도면 수 0건 / 패널 캡션 1개 · 이미지 없음) / [D4b] 공개/공고번호 — 인데 공개/공고일(2024-09-11)만 표시,[F1] drawing_count 0 (도면의 설명 1원소 보유) [F2] 도면 설명 1원소에 도 5개 뭉침
KR 10-2706160 B1,B1,등록특허공보,등록공고,콘크리트 구조물 매립 시공용 앙카 볼트 설치장치,7,,,7,D1 D3 D7 D2 D5 D6 D4b,[D5] 상세설명에 하위섹션+전문 중복 렌더(섹션 8357자 = 전문 5760 + 하위섹션 2692) / [D6] 도면 미반입인데 패널 노출(서지 도면 수 0건 / 패널 캡션 1개 · 이미지 없음) / [D4b] 공개/공고번호 — 인데 공개/공고일(2024-09-11)만 표시,[F1] drawing_count 0 (도면의 설명 1원소 보유) [F2] 도면 설명 1원소에 도 15개 뭉침
KR 10-2706245 B1,B1,등록특허공보,등록공고,차량 변속기의 기어 액츄에이터 제어방법,7,,,7,D1 D3 D7 D2 D5 D6 D4,[D5] 상세설명에 하위섹션+전문 중복 렌더(섹션 15546자 = 전문 12056 + 하위섹션 3698) / [D6] 도면 미반입인데 패널 노출(서지 도면 수 0건 / 패널 캡션 1개 · 이미지 없음) / [D4] 공개번호(10-2020-0129607)와 표시 일자(2024-09-11) 계열 불일치 · 문헌일 2020-11-18,[F1] drawing_count 0 (도면의 설명 1원소 보유) [F2] 도면 설명 1원소에 도 9개 뭉침
KR 10-2706485 B1,B1,등록특허공보,등록공고,발광 소자,7,,,7,D1 D3 D7 D2 D5 D6 D4,[D5] 상세설명에 하위섹션+전문 중복 렌더(섹션 17299자 = 전문 15427 + 하위섹션 2525) / [D6] 도면 미반입인데 패널 노출(서지 도면 수 0건 / 패널 캡션 1개 · 이미지 없음) / [D4] 공개번호(10-2018-0054957)와 표시 일자(2024-09-12) 계열 불일치 · 문헌일 2018-05-25,[F1] drawing_count 0 (도면의 설명 1원소 보유)
KR 10-2706513 B1,B1,등록특허공보,등록공고,홀로그램 디스플레이 장치를 이용한 실감형 실시간 원격학습시스템 및 그 방법,7,,,7,D1 D3 D7 D2 D5 D6 D4,[D5] 상세설명에 하위섹션+전문 중복 렌더(섹션 24335자 = 전문 18430 + 하위섹션 6375) / [D6] 도면 미반입인데 패널 노출(서지 도면 수 0건 / 패널 캡션 1개 · 이미지 없음) / [D4] 공개번호(10-2023-0041597)와 표시 일자(2024-09-12) 계열 불일치 · 문헌일 2023-03-24,[F1] drawing_count 0 (도면의 설명 1원소 보유) [F2] 도면 설명 1원소에 도 22개 뭉침
KR 10-2706834 B1,B1,등록특허공보,등록공고,메모리 소자 및 그 제조 방법,7,,,7,D1 D3 D7 D2 D5 D6 D4,[D5] 상세설명에 하위섹션+전문 중복 렌더(섹션 37384자 = 전문 31526 + 하위섹션 6456) / [D6] 도면 미반입인데 패널 노출(서지 도면 수 0건 / 패널 캡션 1개 · 이미지 없음) / [D4] 공개번호(10-2024-0098835)와 표시 일자(2024-09-12) 계열 불일치 · 문헌일 2024-06-28,[F1] drawing_count 0 (도면의 설명 1원소 보유) [F2] 도면 설명 1원소에 도 72개 뭉침
KR 10-2706857 B1,B1,등록특허공보,등록공고,신규한 고분자 및 이를 포함하는 유기 발광 소자,7,,,7,D1 D3 D7 D2 D5 D6 D4,[D5] 상세설명에 하위섹션+전문 중복 렌더(섹션 23600자 = 전문 22306 + 하위섹션 1903) / [D6] 도면 미반입인데 패널 노출(서지 도면 수 0건 / 패널 캡션 1개 · 이미지 없음) / [D4] 공개번호(10-2020-0117762)와 표시 일자(2024-09-12) 계열 불일치 · 문헌일 2020-10-14,[F1] drawing_count 0 (도면의 설명 1원소 보유)
KR 10-2714374 B1,B1,등록특허공보,등록공고,유기 발광 표시 장치,7,,,7,D1 D3 D7 D2 D5 D6 D4,[D5] 상세설명에 하위섹션+전문 중복 렌더(섹션 38154자 = 전문 33714 + 하위섹션 4689) / [D6] 도면 미반입인데 패널 노출(서지 도면 수 0건 / 패널 캡션 1개 · 이미지 없음) / [D4] 공개번호(10-2023-0057320)와 표시 일자(2024-10-14) 계열 불일치 · 문헌일 2023-04-28,[F1] drawing_count 0 (도면의 설명 1원소 보유) [F2] 도면 설명 1원소에 도 9개 뭉침
KR 10-2715191 B1,B1,등록특허공보,등록공고,금속 탄화물 나노와이어를 이용한 극자외선 노광용 펠리클,7,,,7,D1 D3 D7 D2 D5 D6 D4,[D5] 상세설명에 하위섹션+전문 중복 렌더(섹션 11818자 = 전문 8579 + 하위섹션 3349) / [D6] 도면 미반입인데 패널 노출(서지 도면 수 0건 / 패널 캡션 1개 · 이미지 없음) / [D4] 공개번호(10-2023-0077095)와 표시 일자(2024-10-11) 계열 불일치 · 문헌일 2023-06-01,[F1] drawing_count 0 (도면의 설명 1원소 보유) [F2] 도면 설명 1원소에 도 5개 뭉침
KR 10-2715695 B1,B1,등록특허공보,등록공고,메모리 소자 및 그 제조 방법,7,,,7,D1 D3 D7 D2 D5 D6 D4,[D5] 상세설명에 하위섹션+전문 중복 렌더(섹션 37118자 = 전문 30994 + 하위섹션 6754) / [D6] 도면 미반입인데 패널 노출(서지 도면 수 0건 / 패널 캡션 1개 · 이미지 없음) / [D4] 공개번호(10-2024-0143174)와 표시 일자(2024-10-11) 계열 불일치 · 문헌일 2024-10-02,[F1] drawing_count 0 (도면의 설명 1원소 보유) [F2] 도면 설명 1원소에 도 55개 뭉침
KR 10-2715775 B1,B1,등록특허공보,등록공고,다층 연철심형 플럭스 게이트 센서 장치,7,,,7,D1 D3 D7 D2 D5 D6 D4,[D5] 상세설명에 하위섹션+전문 중복 렌더(섹션 31962자 = 전문 26088 + 하위섹션 6296) / [D6] 도면 미반입인데 패널 노출(서지 도면 수 0건 / 패널 캡션 1개 · 이미지 없음) / [D4] 공개번호(10-2024-0010678)와 표시 일자(2024-10-11) 계열 불일치 · 문헌일 2024-01-24,[F1] drawing_count 0 (도면의 설명 1원소 보유) [F2] 도면 설명 1원소에 도 6개 뭉침
KR 10-2715887 B1,B1,등록특허공보,등록공고,휴지를 이용한 용기홀더,7,,,7,D1 D3 D7 D2 D5 D6 D4,[D5] 상세설명에 하위섹션+전문 중복 렌더(섹션 19321자 = 전문 13441 + 하위섹션 6151) / [D6] 도면 미반입인데 패널 노출(서지 도면 수 0건 / 패널 캡션 1개 · 이미지 없음) / [D4] 공개번호(10-2023-0099078)와 표시 일자(2024-10-11) 계열 불일치 · 문헌일 2023-07-04,[F1] drawing_count 0 (도면의 설명 1원소 보유) [F2] 도면 설명 1원소에 도 8개 뭉침
KR 10-2715968 B1,B1,등록특허공보,등록공고,릴리프밸브의 오일 맥동압이 저감되는 오일펌프,7,,,7,D1 D3 D7 D2 D5 D6 D4,[D5] 상세설명에 하위섹션+전문 중복 렌더(섹션 6268자 = 전문 4244 + 하위섹션 2039) / [D6] 도면 미반입인데 패널 노출(서지 도면 수 0건 / 패널 캡션 1개 · 이미지 없음) / [D4] 공개번호(10-2018-0079508)와 표시 일자(2024-10-15) 계열 불일치 · 문헌일 2018-07-11,[F1] drawing_count 0 (도면의 설명 1원소 보유)
KR 10-2716018 B1,B1,등록특허공보,등록공고,액체 가열 장치 및 그 제조 방법,7,,,7,D1 D3 D7 D2 D5 D6 D4,[D5] 상세설명에 하위섹션+전문 중복 렌더(섹션 25086자 = 전문 20777 + 하위섹션 4805) / [D6] 도면 미반입인데 패널 노출(서지 도면 수 0건 / 패널 캡션 1개 · 이미지 없음) / [D4] 공개번호(10-2024-0020741)와 표시 일자(2024-10-14) 계열 불일치 · 문헌일 2024-02-16,[F1] drawing_count 0 (도면의 설명 1원소 보유) [F2] 도면 설명 1원소에 도 25개 뭉침
KR 10-2716033 B1,B1,등록특허공보,등록공고,카메라 모듈,7,,,7,D1 D3 D7 D2 D5 D6 D4,[D5] 상세설명에 하위섹션+전문 중복 렌더(섹션 18419자 = 전문 14768 + 하위섹션 3853) / [D6] 도면 미반입인데 패널 노출(서지 도면 수 0건 / 패널 캡션 1개 · 이미지 없음) / [D4] 공개번호(10-2023-0038453)와 표시 일자(2024-10-15) 계열 불일치 · 문헌일 2023-03-20,[F1] drawing_count 0 (도면의 설명 1원소 보유) [F2] 도면 설명 1원소에 도 10개 뭉침
KR 10-2716039 B1,B1,등록특허공보,등록공고,클러치 닫힘 방지 시스템 및 그 방법,7,,,7,D1 D3 D7 D2 D5 D6 D4,[D5] 상세설명에 하위섹션+전문 중복 렌더(섹션 9093자 = 전문 7092 + 하위섹션 2104) / [D6] 도면 미반입인데 패널 노출(서지 도면 수 0건 / 패널 캡션 1개 · 이미지 없음) / [D4] 공개번호(10-2024-0105742)와 표시 일자(2024-10-11) 계열 불일치 · 문헌일 2024-07-08,[F1] drawing_count 0 (도면의 설명 1원소 보유) [F2] 도면 설명 1원소에 도 5개 뭉침
KR 10-2716099 B1,B1,등록특허공보,등록공고,저전압 직류 배전 시스템,7,,,7,D1 D3 D7 D2 D5 D6 D4,[D5] 상세설명에 하위섹션+전문 중복 렌더(섹션 10831자 = 전문 9646 + 하위섹션 1372) / [D6] 도면 미반입인데 패널 노출(서지 도면 수 0건 / 패널 캡션 1개 · 이미지 없음) / [D4] 공개번호(10-2023-0120863)와 표시 일자(2024-10-15) 계열 불일치 · 문헌일 2023-08-17,[F1] drawing_count 0 (도면의 설명 1원소 보유) [F2] 도면 설명 1원소에 도 6개 뭉침
KR 10-2716169 B1,B1,등록특허공보,등록공고,벅-플라이백 타입 역률보정 컨버터,7,,,7,D1 D3 D7 D2 D5 D6 D4,[D5] 상세설명에 하위섹션+전문 중복 렌더(섹션 8549자 = 전문 6505 + 하위섹션 2092) / [D6] 도면 미반입인데 패널 노출(서지 도면 수 0건 / 패널 캡션 1개 · 이미지 없음) / [D4] 공개번호(10-2024-0080572)와 표시 일자(2024-10-15) 계열 불일치 · 문헌일 2024-06-07,[F1] drawing_count 0 (도면의 설명 1원소 보유) [F2] 도면 설명 1원소에 도 6개 뭉침
KR 10-2716228 B1,B1,등록특허공보,등록공고,앵글 타입 커넥터,7,,,7,D1 D3 D7 D2 D5 D6 D4,[D5] 상세설명에 하위섹션+전문 중복 렌더(섹션 13234자 = 전문 9646 + 하위섹션 3951) / [D6] 도면 미반입인데 패널 노출(서지 도면 수 0건 / 패널 캡션 1개 · 이미지 없음) / [D4] 공개번호(10-2024-0041589)와 표시 일자(2024-10-11) 계열 불일치 · 문헌일 2024-04-01,[F1] drawing_count 0 (도면의 설명 1원소 보유) [F2] 도면 설명 1원소에 도 10개 뭉침
KR 10-2716593 B1,B1,등록특허공보,등록공고,폐합성수지 가공 시스템 및 그 방법,7,,,7,D1 D3 D7 D2 D5 D6 D4b,[D5] 상세설명에 하위섹션+전문 중복 렌더(섹션 43811자 = 전문 34416 + 하위섹션 9780) / [D6] 도면 미반입인데 패널 노출(서지 도면 수 0건 / 패널 캡션 1개 · 이미지 없음) / [D4b] 공개/공고번호 — 인데 공개/공고일(2024-10-15)만 표시,[F1] drawing_count 0 (도면의 설명 1원소 보유) [F2] 도면 설명 1원소에 도 10개 뭉침
KR 10-2716666 B1,B1,등록특허공보,등록공고,차량용 수직 댐퍼,7,,,7,D1 D3 D7 D2 D5 D6 D4b,[D5] 상세설명에 하위섹션+전문 중복 렌더(섹션 17577자 = 전문 14972 + 하위섹션 2774) / [D6] 도면 미반입인데 패널 노출(서지 도면 수 0건 / 패널 캡션 1개 · 이미지 없음) / [D4b] 공개/공고번호 — 인데 공개/공고일(2024-10-15)만 표시,[F1] drawing_count 0 (도면의 설명 1원소 보유) [F2] 도면 설명 1원소에 도 14개 뭉침
KR 10-2716930 B1,B1,등록특허공보,등록공고,생체 정보 측정용 센서 유닛,7,,,7,D1 D3 D7 D2 D5 D6 D4,[D5] 상세설명에 하위섹션+전문 중복 렌더(섹션 28024자 = 전문 23544 + 하위섹션 4738) / [D6] 도면 미반입인데 패널 노출(서지 도면 수 0건 / 패널 캡션 1개 · 이미지 없음) / [D4] 공개번호(10-2024-0023574)와 표시 일자(2024-10-15) 계열 불일치 · 문헌일 2024-02-22,[F1] drawing_count 0 (도면의 설명 1원소 보유) [F2] 도면 설명 1원소에 도 20개 뭉침
KR 10-2717006 B1,B1,등록특허공보,등록공고,압축기용 토출 체크 밸브,7,,,7,D1 D3 D7 D2 D5 D6 D4,[D5] 상세설명에 하위섹션+전문 중복 렌더(섹션 29206자 = 전문 22398 + 하위섹션 7167) / [D6] 도면 미반입인데 패널 노출(서지 도면 수 0건 / 패널 캡션 1개 · 이미지 없음) / [D4] 공개번호(10-2021-0106826)와 표시 일자(2024-10-15) 계열 불일치 · 문헌일 2021-08-31,[F1] drawing_count 0 (도면의 설명 1원소 보유) [F2] 도면 설명 1원소에 도 16개 뭉침
KR 10-2717097 B1,B1,등록특허공보,등록공고,메모리 장치의 비트 에러율 균등화 방법,7,,,7,D1 D3 D7 D2 D5 D6 D4,[D5] 상세설명에 하위섹션+전문 중복 렌더(섹션 39450자 = 전문 36897 + 하위섹션 3157) / [D6] 도면 미반입인데 패널 노출(서지 도면 수 0건 / 패널 캡션 1개 · 이미지 없음) / [D4] 공개번호(10-2019-0139082)와 표시 일자(2024-10-15) 계열 불일치 · 문헌일 2019-12-17,[F1] drawing_count 0 (도면의 설명 1원소 보유) [F2] 도면 설명 1원소에 도 38개 뭉침
KR 10-2717108 B1,B1,등록특허공보,등록공고,화합물 및 이를 포함하는 발광 소자,7,,,7,D1 D3 D7 D2 D5 D6 D4,[D5] 상세설명에 하위섹션+전문 중복 렌더(섹션 59324자 = 전문 56622 + 하위섹션 4267) / [D6] 도면 미반입인데 패널 노출(서지 도면 수 0건 / 패널 캡션 1개 · 이미지 없음) / [D4] 공개번호(10-2024-0076761)와 표시 일자(2024-10-16) 계열 불일치 · 문헌일 2024-05-30,[F1] drawing_count 0 (도면의 설명 1원소 보유)
KR 10-2717182 B1,B1,등록특허공보,등록공고,"신경망 모델을 이용한 심근의 3D ECV 맵 생성 방법, 장치 및 컴퓨터 프로그램",7,,,7,D1 D3 D7 D2 D5 D6 D4b,[D5] 상세설명에 하위섹션+전문 중복 렌더(섹션 24800자 = 전문 21789 + 하위섹션 3386) / [D6] 도면 미반입인데 패널 노출(서지 도면 수 0건 / 패널 캡션 1개 · 이미지 없음) / [D4b] 공개/공고번호 — 인데 공개/공고일(2024-10-15)만 표시,[F1] drawing_count 0 (도면의 설명 1원소 보유) [F2] 도면 설명 1원소에 도 6개 뭉침
KR 10-2717270 B1,B1,등록특허공보,등록공고,매립형 정착베이스를 이용한 건축물용 안전난간 내진 시공방법,7,,,7,D1 D3 D7 D2 D5 D6 D4b,[D5] 상세설명에 하위섹션+전문 중복 렌더(섹션 22338자 = 전문 15284 + 하위섹션 7155) / [D6] 도면 미반입인데 패널 노출(서지 도면 수 0건 / 패널 캡션 1개 · 이미지 없음) / [D4b] 공개/공고번호 — 인데 공개/공고일(2024-10-15)만 표시,[F1] drawing_count 0 (도면의 설명 1원소 보유) [F2] 도면 설명 1원소에 도 12개 뭉침
KR 10-2717287 B1,B1,등록특허공보,등록공고,수소가스 누출 감시장치,7,,,7,D1 D3 D7 D2 D5 D6 D4b,[D5] 상세설명에 하위섹션+전문 중복 렌더(섹션 12590자 = 전문 9666 + 하위섹션 3067) / [D6] 도면 미반입인데 패널 노출(서지 도면 수 0건 / 패널 캡션 1개 · 이미지 없음) / [D4b] 공개/공고번호 — 인데 공개/공고일(2024-10-15)만 표시,[F1] drawing_count 0 (도면의 설명 1원소 보유) [F2] 도면 설명 1원소에 도 3개 뭉침
KR 10-2717351 B1,B1,등록특허공보,등록공고,소셜 네트워크 서비스 시스템에서 수행되는 소셜 네트워크 게시물 분류 방법 및 소셜 네트워크 게시물 분류 방법,7,,,7,D1 D3 D7 D2 D5 D6 D4,[D5] 상세설명에 하위섹션+전문 중복 렌더(섹션 33795자 = 전문 26738 + 하위섹션 7386) / [D6] 도면 미반입인데 패널 노출(서지 도면 수 0건 / 패널 캡션 1개 · 이미지 없음) / [D4] 공개번호(10-2023-0077321)와 표시 일자(2024-10-15) 계열 불일치 · 문헌일 2023-06-01,[F1] drawing_count 0 (도면의 설명 1원소 보유) [F2] 도면 설명 1원소에 도 7개 뭉침
KR 10-2717460 B1,B1,등록특허공보,등록공고,편성포의  편성방법  및  편성포,7,,,7,D1 D3 D7 D2 D5 D6 D4,[D5] 상세설명에 하위섹션+전문 중복 렌더(섹션 18607자 = 전문 15986 + 하위섹션 5903) / [D6] 도면 미반입인데 패널 노출(서지 도면 수 0건 / 패널 캡션 1개 · 이미지 없음) / [D4] 공개번호(10-2023-0037462)와 표시 일자(2024-10-15) 계열 불일치 · 문헌일 2023-03-16,[F1] drawing_count 0 (도면의 설명 1원소 보유) [F2] 도면 설명 1원소에 도 6개 뭉침
KR 10-2717468 B1,B1,등록특허공보,등록공고,해저케이블 열-전기-기계 복합 시험 시스템,7,,,7,D1 D3 D7 D2 D5 D6 D4b,[D5] 상세설명에 하위섹션+전문 중복 렌더(섹션 17312자 = 전문 12203 + 하위섹션 5301) / [D6] 도면 미반입인데 패널 노출(서지 도면 수 0건 / 패널 캡션 1개 · 이미지 없음) / [D4b] 공개/공고번호 — 인데 공개/공고일(2024-10-15)만 표시,[F1] drawing_count 0 (도면의 설명 1원소 보유) [F2] 도면 설명 1원소에 도 9개 뭉침
KR 10-2717488 B1,B1,등록특허공보,등록공고,반려동물 상호작용 메타버스 구축 시스템,7,,,7,D1 D3 D7 D2 D5 D6 D4,[D5] 상세설명에 하위섹션+전문 중복 렌더(섹션 48232자 = 전문 43692 + 하위섹션 4850) / [D6] 도면 미반입인데 패널 노출(서지 도면 수 0건 / 패널 캡션 1개 · 이미지 없음) / [D4] 공개번호(10-2023-0155944)와 표시 일자(2024-10-16) 계열 불일치 · 문헌일 2023-11-13,[F1] drawing_count 0 (도면의 설명 1원소 보유) [F2] 도면 설명 1원소에 도 6개 뭉침
KR 10-2717495 B1,B1,등록특허공보,등록공고,웨이퍼 구조를 생성하기 위한 포토리소그래피 공정의 시뮬레이션 방법 및 장치,7,,,7,D1 D3 D7 D2 D5 D6 D4,[D5] 상세설명에 하위섹션+전문 중복 렌더(섹션 29641자 = 전문 19703 + 하위섹션 10389) / [D6] 도면 미반입인데 패널 노출(서지 도면 수 0건 / 패널 캡션 1개 · 이미지 없음) / [D4] 공개번호(10-2017-0094082)와 표시 일자(2024-10-16) 계열 불일치 · 문헌일 2017-08-17,[F1] drawing_count 0 (도면의 설명 1원소 보유) [F2] 도면 설명 1원소에 도 14개 뭉침
KR 10-2717549 B1,B1,등록특허공보,등록공고,반품 기능을 구비한 무인 판매 장치 및 그 방법,7,,,7,D1 D3 D7 D2 D5 D6 D4,[D5] 상세설명에 하위섹션+전문 중복 렌더(섹션 25149자 = 전문 20559 + 하위섹션 4871) / [D6] 도면 미반입인데 패널 노출(서지 도면 수 0건 / 패널 캡션 1개 · 이미지 없음) / [D4] 공개번호(10-2024-0035139)와 표시 일자(2024-10-16) 계열 불일치 · 문헌일 2024-03-15,[F1] drawing_count 0 (도면의 설명 1원소 보유) [F2] 도면 설명 1원소에 도 5개 뭉침
KR 10-2717604 B1,B1,등록특허공보,등록공고,감성 분석 시스템을 이용한 데이터 학습 방법,7,,,7,D1 D3 D7 D2 D5 D6 D4,[D5] 상세설명에 하위섹션+전문 중복 렌더(섹션 33815자 = 전문 30388 + 하위섹션 3804) / [D6] 도면 미반입인데 패널 노출(서지 도면 수 0건 / 패널 캡션 1개 · 이미지 없음) / [D4] 공개번호(10-2023-0031056)와 표시 일자(2024-10-16) 계열 불일치 · 문헌일 2023-03-07,[F1] drawing_count 0 (도면의 설명 1원소 보유) [F2] 도면 설명 1원소에 도 5개 뭉침
KR 10-2717736 B1,B1,등록특허공보,등록공고,"연결 디바이스를 제어하기 위한 복합 그래픽 어시스턴트 인터페이스를 제공하는 방법, 시스템, 및 장치",7,,,7,D1 D3 D7 D2 D5 D6 D4,[D5] 상세설명에 하위섹션+전문 중복 렌더(섹션 36047자 = 전문 34651 + 하위섹션 1516) / [D6] 도면 미반입인데 패널 노출(서지 도면 수 0건 / 패널 캡션 1개 · 이미지 없음) / [D4] 공개번호(10-2023-0037704)와 표시 일자(2024-10-16) 계열 불일치 · 문헌일 2023-03-16,[F1] drawing_count 0 (도면의 설명 1원소 보유) [F2] 도면 설명 1원소에 도 9개 뭉침
KR 10-2717789 B1,B1,등록특허공보,등록공고,창호용 프레임의 잠금기구 설치를 위한 구멍 가공장치,7,,,7,D1 D3 D7 D2 D5 D6 D4b,[D5] 상세설명에 하위섹션+전문 중복 렌더(섹션 13345자 = 전문 10350 + 하위섹션 3290) / [D6] 도면 미반입인데 패널 노출(서지 도면 수 0건 / 패널 캡션 1개 · 이미지 없음) / [D4b] 공개/공고번호 — 인데 공개/공고일(2024-10-15)만 표시,[F1] drawing_count 0 (도면의 설명 1원소 보유) [F2] 도면 설명 1원소에 도 11개 뭉침
KR 10-2717833 B1,B1,등록특허공보,등록공고,"약물 반응성 산출 장치, 오가노이드에서 발현되는 유전자의 약물 반응성 산출하는 방법 및 컴퓨터 프로그램",7,,,7,D1 D3 D7 D2 D5 D6 D4b,[D5] 상세설명에 하위섹션+전문 중복 렌더(섹션 25055자 = 전문 22252 + 하위섹션 3259) / [D6] 도면 미반입인데 패널 노출(서지 도면 수 0건 / 패널 캡션 1개 · 이미지 없음) / [D4b] 공개/공고번호 — 인데 공개/공고일(2024-10-15)만 표시,[F1] drawing_count 0 (도면의 설명 1원소 보유) [F2] 도면 설명 1원소에 도 11개 뭉침
KR 10-2717838 B1,B1,등록특허공보,등록공고,복합화력발전소의 배기가스 흡착 설비,7,,,7,D1 D3 D7 D2 D5 D6 D4,[D5] 상세설명에 하위섹션+전문 중복 렌더(섹션 13063자 = 전문 10969 + 하위섹션 2357) / [D6] 도면 미반입인데 패널 노출(서지 도면 수 0건 / 패널 캡션 1개 · 이미지 없음) / [D4] 공개번호(10-2024-0022240)와 표시 일자(2024-10-15) 계열 불일치 · 문헌일 2024-02-20,[F1] drawing_count 0 (도면의 설명 1원소 보유) [F2] 도면 설명 1원소에 도 6개 뭉침
KR 10-2717839 B1,B1,등록특허공보,등록공고,"방송 중 코드 표시 방법, 방송 시스템 및 상기 방법을 실행시키기 위하여 기록매체에 저장된 컴퓨터 프로그램",7,,,7,D1 D3 D7 D2 D5 D6 D4,[D5] 상세설명에 하위섹션+전문 중복 렌더(섹션 42809자 = 전문 39171 + 하위섹션 3908) / [D6] 도면 미반입인데 패널 노출(서지 도면 수 0건 / 패널 캡션 1개 · 이미지 없음) / [D4] 공개번호(10-2023-0115150)와 표시 일자(2024-10-15) 계열 불일치 · 문헌일 2023-08-02,[F1] drawing_count 0 (도면의 설명 1원소 보유) [F2] 도면 설명 1원소에 도 10개 뭉침
KR 10-2717896 B1,B1,등록특허공보,등록공고,에어 인테이크 호스용 열가소성 탄성체 조성물 및 자동차용 에어 인테이크 호스,7,,,7,D1 D3 D7 D2 D5 D6 D4,[D5] 상세설명에 하위섹션+전문 중복 렌더(섹션 25263자 = 전문 23234 + 하위섹션 3010) / [D6] 도면 미반입인데 패널 노출(서지 도면 수 0건 / 패널 캡션 1개 · 이미지 없음) / [D4] 공개번호(10-2024-0070486)와 표시 일자(2024-10-15) 계열 불일치 · 문헌일 2024-05-21,[F1] drawing_count 0 (도면의 설명 1원소 보유)
KR 10-2717952 B1,B1,등록특허공보,등록공고,상추 추출물을 포함하는 수면장애 예방 또는 개선용 조성물 및 이를 이용한 사탕의 제조방법,7,,,7,D1 D3 D7 D2 D5 D6 D4,[D5] 상세설명에 하위섹션+전문 중복 렌더(섹션 38047자 = 전문 22421 + 하위섹션 16446) / [D6] 도면 미반입인데 패널 노출(서지 도면 수 0건 / 패널 캡션 1개 · 이미지 없음) / [D4] 공개번호(10-2023-0115429)와 표시 일자(2024-10-15) 계열 불일치 · 문헌일 2023-08-03,[F1] drawing_count 0 (도면의 설명 1원소 보유)
KR 10-2718139 B1,B1,등록특허공보,등록공고,내진접합 합성철골보구조 및 그가 적용되어 진동 등 외부환경에 안전성을 강화하도록 된 합성철골보구조의 시공방법,7,,,7,D1 D3 D7 D2 D5 D6 D4b,[D5] 상세설명에 하위섹션+전문 중복 렌더(섹션 25941자 = 전문 17608 + 하위섹션 8562) / [D6] 도면 미반입인데 패널 노출(서지 도면 수 0건 / 패널 캡션 1개 · 이미지 없음) / [D4b] 공개/공고번호 — 인데 공개/공고일(2024-10-16)만 표시,[F1] drawing_count 0 (도면의 설명 1원소 보유) [F2] 도면 설명 1원소에 도 8개 뭉침
KR 10-2718148 B1,B1,등록특허공보,등록공고,사용자 개시 연합 아이덴티티의 생성을 위한 방법 및 시스템,7,,,7,D1 D3 D7 D2 D5 D6 D4,[D5] 상세설명에 하위섹션+전문 중복 렌더(섹션 46436자 = 전문 31184 + 하위섹션 15820) / [D6] 도면 미반입인데 패널 노출(서지 도면 수 0건 / 패널 캡션 1개 · 이미지 없음) / [D4] 공개번호(10-2019-0107601)와 표시 일자(2024-10-15) 계열 불일치 · 문헌일 2019-09-20,[F1] drawing_count 0 (도면의 설명 1원소 보유) [F2] 도면 설명 1원소에 도 3개 뭉침
KR 10-2718243 B1,B1,등록특허공보,등록공고,다중 대역 안테나 모듈,7,,,7,D1 D3 D7 D2 D5 D6 D4,[D5] 상세설명에 하위섹션+전문 중복 렌더(섹션 30365자 = 전문 25759 + 하위섹션 4912) / [D6] 도면 미반입인데 패널 노출(서지 도면 수 0건 / 패널 캡션 1개 · 이미지 없음) / [D4] 공개번호(10-2023-0028164)와 표시 일자(2024-10-16) 계열 불일치 · 문헌일 2023-02-28,[F1] drawing_count 0 (도면의 설명 1원소 보유) [F2] 도면 설명 1원소에 도 25개 뭉침
KR 10-2718256 B1,B1,등록특허공보,등록공고,프로그램 단위로 사설망 접속을 제어하는 시스템 및 그 방법,7,,,7,D1 D3 D7 D2 D5 D6 D4,[D5] 상세설명에 하위섹션+전문 중복 렌더(섹션 30525자 = 전문 26132 + 하위섹션 4879) / [D6] 도면 미반입인데 패널 노출(서지 도면 수 0건 / 패널 캡션 1개 · 이미지 없음) / [D4] 공개번호(10-2023-0010993)와 표시 일자(2024-10-15) 계열 불일치 · 문헌일 2023-01-20,[F1] drawing_count 0 (도면의 설명 1원소 보유) [F2] 도면 설명 1원소에 도 10개 뭉침
KR 10-2718579 B1,B1,등록특허공보,등록공고,기질분석 기반 맞춤형 광고 추천 플랫폼 운영 서버 및 방법,7,,,7,D1 D3 D7 D2 D5 D6 D4b,[D5] 상세설명에 하위섹션+전문 중복 렌더(섹션 27090자 = 전문 23585 + 하위섹션 3795) / [D6] 도면 미반입인데 패널 노출(서지 도면 수 0건 / 패널 캡션 1개 · 이미지 없음) / [D4b] 공개/공고번호 — 인데 공개/공고일(2024-10-17)만 표시,[F1] drawing_count 0 (도면의 설명 1원소 보유) [F2] 도면 설명 1원소에 도 6개 뭉침
KR 10-2718593 B1,B1,등록특허공보,등록공고,지하수용 영구배수 시스템,7,,,7,D1 D3 D7 D2 D5 D6 D4b,[D5] 상세설명에 하위섹션+전문 중복 렌더(섹션 16980자 = 전문 11479 + 하위섹션 5616) / [D6] 도면 미반입인데 패널 노출(서지 도면 수 0건 / 패널 캡션 1개 · 이미지 없음) / [D4b] 공개/공고번호 — 인데 공개/공고일(2024-10-16)만 표시,[F1] drawing_count 0 (도면의 설명 1원소 보유) [F2] 도면 설명 1원소에 도 11개 뭉침
KR 10-2718614 B1,B1,등록특허공보,등록공고,"동기화 회로, 반도체 기억장치 및 동기화 방법",7,,,7,D1 D3 D7 D2 D5 D6 D4,[D5] 상세설명에 하위섹션+전문 중복 렌더(섹션 31008자 = 전문 25608 + 하위섹션 5766) / [D6] 도면 미반입인데 패널 노출(서지 도면 수 0건 / 패널 캡션 1개 · 이미지 없음) / [D4] 공개번호(10-2023-0067398)와 표시 일자(2024-10-16) 계열 불일치 · 문헌일 2023-05-16,[F1] drawing_count 0 (도면의 설명 1원소 보유) [F2] 도면 설명 1원소에 도 16개 뭉침
KR 10-2718751 B1,B1,등록특허공보,등록공고,가스 리크를 검사하기 위한 장치 및 방법,7,,,7,D1 D3 D7 D2 D5 D6 D4b,[D5] 상세설명에 하위섹션+전문 중복 렌더(섹션 27817자 = 전문 24613 + 하위섹션 3561) / [D6] 도면 미반입인데 패널 노출(서지 도면 수 0건 / 패널 캡션 1개 · 이미지 없음) / [D4b] 공개/공고번호 — 인데 공개/공고일(2024-10-16)만 표시,[F1] drawing_count 0 (도면의 설명 1원소 보유) [F2] 도면 설명 1원소에 도 8개 뭉침
KR 10-2718773 B1,B1,등록특허공보,등록공고,항균 및 다기능성을 보유한 친환경 우레탄 접착제 및 이를 이용한 타일 시공방법,7,,,7,D1 D3 D7 D2 D5 D6 D4b,[D5] 상세설명에 하위섹션+전문 중복 렌더(섹션 20525자 = 전문 14582 + 하위섹션 6215) / [D6] 도면 미반입인데 패널 노출(서지 도면 수 0건 / 패널 캡션 1개 · 이미지 없음) / [D4b] 공개/공고번호 — 인데 공개/공고일(2024-10-17)만 표시,[F1] drawing_count 0 (도면의 설명 1원소 보유) [F2] 도면 설명 1원소에 도 12개 뭉침
KR 10-2718777 B1,B1,등록특허공보,등록공고,높은 역률을 갖는 정전류 선형 구동기,7,,,7,D1 D3 D7 D2 D5 D6 D4,[D5] 상세설명에 하위섹션+전문 중복 렌더(섹션 28398자 = 전문 26578 + 하위섹션 1983) / [D6] 도면 미반입인데 패널 노출(서지 도면 수 0건 / 패널 캡션 1개 · 이미지 없음) / [D4] 공개번호(10-2019-0121682)와 표시 일자(2024-10-18) 계열 불일치 · 문헌일 2019-10-28,[F1] drawing_count 0 (도면의 설명 1원소 보유) [F2] 도면 설명 1원소에 도 16개 뭉침
KR 10-2718875 B1,B1,등록특허공보,등록공고,수직형 메모리 장치,7,,,7,D1 D3 D7 D2 D5 D6 D4,[D5] 상세설명에 하위섹션+전문 중복 렌더(섹션 18040자 = 전문 16477 + 하위섹션 1769) / [D6] 도면 미반입인데 패널 노출(서지 도면 수 0건 / 패널 캡션 1개 · 이미지 없음) / [D4] 공개번호(10-2022-0012631)와 표시 일자(2024-10-17) 계열 불일치 · 문헌일 2022-02-04,[F1] drawing_count 0 (도면의 설명 1원소 보유) [F2] 도면 설명 1원소에 도 3개 뭉침
KR 10-2718891 B1,B1,등록특허공보,등록공고,발광 소자와 이를 포함한 표시 장치,7,,,7,D1 D3 D7 D2 D5 D6 D4,[D5] 상세설명에 하위섹션+전문 중복 렌더(섹션 50574자 = 전문 47710 + 하위섹션 3892) / [D6] 도면 미반입인데 패널 노출(서지 도면 수 0건 / 패널 캡션 1개 · 이미지 없음) / [D4] 공개번호(10-2020-0039605)와 표시 일자(2024-10-17) 계열 불일치 · 문헌일 2020-04-16,[F1] drawing_count 0 (도면의 설명 1원소 보유) [F2] 도면 설명 1원소에 도 8개 뭉침
KR 10-2719025 B1,B1,등록특허공보,등록공고,분산 안테나 시스템의 인터페이스 장치,7,,,7,D1 D3 D7 D2 D5 D6 D4,[D5] 상세설명에 하위섹션+전문 중복 렌더(섹션 8012자 = 전문 6050 + 하위섹션 2080) / [D6] 도면 미반입인데 패널 노출(서지 도면 수 0건 / 패널 캡션 1개 · 이미지 없음) / [D4] 공개번호(10-2023-0171197)와 표시 일자(2024-10-17) 계열 불일치 · 문헌일 2023-12-20,[F1] drawing_count 0 (도면의 설명 1원소 보유) [F2] 도면 설명 1원소에 도 4개 뭉침
KR 10-2719118 B1,B1,등록특허공보,등록공고,필터 자동 세척이 가능한 진공 청소기,7,,,7,D1 D3 D7 D2 D5 D6 D4b,[D5] 상세설명에 하위섹션+전문 중복 렌더(섹션 12918자 = 전문 10028 + 하위섹션 3013) / [D6] 도면 미반입인데 패널 노출(서지 도면 수 0건 / 패널 캡션 1개 · 이미지 없음) / [D4b] 공개/공고번호 — 인데 공개/공고일(2024-10-17)만 표시,[F1] drawing_count 0 (도면의 설명 1원소 보유) [F2] 도면 설명 1원소에 도 7개 뭉침
KR 10-2719148 B1,B1,등록특허공보,등록공고,다중 포트 가스 주입 시스템 및 이를 포함하는 반응기 시스템,7,,,7,D1 D3 D7 D2 D5 D6 D4,[D5] 상세설명에 하위섹션+전문 중복 렌더(섹션 16098자 = 전문 14348 + 하위섹션 1803) / [D6] 도면 미반입인데 패널 노출(서지 도면 수 0건 / 패널 캡션 1개 · 이미지 없음) / [D4] 공개번호(10-2020-0016170)와 표시 일자(2024-10-17) 계열 불일치 · 문헌일 2020-02-14,[F1] drawing_count 0 (도면의 설명 1원소 보유) [F2] 도면 설명 1원소에 도 5개 뭉침
KR 10-2719398 B1,B1,등록특허공보,등록공고,자동차 내장재의 스킨 열 압착 금형장치,7,,,7,D1 D3 D7 D2 D5 D6 D4,[D5] 상세설명에 하위섹션+전문 중복 렌더(섹션 17550자 = 전문 13218 + 하위섹션 4688) / [D6] 도면 미반입인데 패널 노출(서지 도면 수 0건 / 패널 캡션 1개 · 이미지 없음) / [D4] 공개번호(10-2023-0139530)와 표시 일자(2024-10-17) 계열 불일치 · 문헌일 2023-10-05,[F1] drawing_count 0 (도면의 설명 1원소 보유) [F2] 도면 설명 1원소에 도 21개 뭉침
KR 10-2719533 B1,B1,등록특허공보,등록공고,"이미지 센서용 기판, 이미지 센서용 기판 모듈, 이를 포함하는 이미지 센서 액츄에이터 및 카메라 장치",7,,,7,D1 D3 D7 D2 D5 D6 D4,[D5] 상세설명에 하위섹션+전문 중복 렌더(섹션 52640자 = 전문 47164 + 하위섹션 5933) / [D6] 도면 미반입인데 패널 노출(서지 도면 수 0건 / 패널 캡션 1개 · 이미지 없음) / [D4] 공개번호(10-2023-0156300)와 표시 일자(2024-10-21) 계열 불일치 · 문헌일 2023-11-14,[F1] drawing_count 0 (도면의 설명 1원소 보유) [F2] 도면 설명 1원소에 도 30개 뭉침
KR 10-2719552 B1,B1,등록특허공보,등록공고,HSS 폐기물로부터 제강용 브리켓을 제조하여 이를 재활용하는 방법,7,,,7,D1 D3 D7 D2 D5 D6 D4b,[D5] 상세설명에 하위섹션+전문 중복 렌더(섹션 15519자 = 전문 13447 + 하위섹션 2274) / [D6] 도면 미반입인데 패널 노출(서지 도면 수 0건 / 패널 캡션 1개 · 이미지 없음) / [D4b] 공개/공고번호 — 인데 공개/공고일(2024-10-21)만 표시,[F1] drawing_count 0 (도면의 설명 1원소 보유)
KR 10-2719639 B1,B1,등록특허공보,등록공고,친환경 자동차 및 그를 위한 충전 제어 방법,7,,,7,D1 D3 D7 D2 D5 D6 D4,[D5] 상세설명에 하위섹션+전문 중복 렌더(섹션 12659자 = 전문 9381 + 하위섹션 3345) / [D6] 도면 미반입인데 패널 노출(서지 도면 수 0건 / 패널 캡션 1개 · 이미지 없음) / [D4] 공개번호(10-2020-0113934)와 표시 일자(2024-10-21) 계열 불일치 · 문헌일 2020-10-07,[F1] drawing_count 0 (도면의 설명 1원소 보유) [F2] 도면 설명 1원소에 도 3개 뭉침
KR 10-2719826 B1,B1,등록특허공보,등록공고,행사 기의 정보를 이용한 물동량 패턴 예측 방법,7,,,7,D1 D3 D7 D2 D5 D6 D4,[D5] 상세설명에 하위섹션+전문 중복 렌더(섹션 24452자 = 전문 21581 + 하위섹션 3227) / [D6] 도면 미반입인데 패널 노출(서지 도면 수 0건 / 패널 캡션 1개 · 이미지 없음) / [D4] 공개번호(10-2024-0020175)와 표시 일자(2024-10-21) 계열 불일치 · 문헌일 2024-02-14,[F1] drawing_count 0 (도면의 설명 1원소 보유) [F2] 도면 설명 1원소에 도 11개 뭉침
KR 10-2720048 B1,B1,등록특허공보,등록공고,합성 시야를 활용하는 웨어러블 디스플레이 디바이스,7,,,7,D1 D3 D7 D2 D5 D6 D4,[D5] 상세설명에 하위섹션+전문 중복 렌더(섹션 19511자 = 전문 17202 + 하위섹션 2587) / [D6] 도면 미반입인데 패널 노출(서지 도면 수 0건 / 패널 캡션 1개 · 이미지 없음) / [D4] 공개번호(10-2023-0164224)와 표시 일자(2024-10-18) 계열 불일치 · 문헌일 2023-12-01,[F1] drawing_count 0 (도면의 설명 1원소 보유) [F2] 도면 설명 1원소에 도 14개 뭉침
KR 10-2720410 B1,B1,등록특허공보,등록공고,광학 적층체 및 그 제조 방법,7,,,7,D1 D3 D7 D2 D5 D6 D4,[D5] 상세설명에 하위섹션+전문 중복 렌더(섹션 32581자 = 전문 28936 + 하위섹션 4128) / [D6] 도면 미반입인데 패널 노출(서지 도면 수 0건 / 패널 캡션 1개 · 이미지 없음) / [D4] 공개번호(10-2019-0141594)와 표시 일자(2024-10-21) 계열 불일치 · 문헌일 2019-12-24,[F1] drawing_count 0 (도면의 설명 1원소 보유) [F2] 도면 설명 1원소에 도 12개 뭉침
KR 10-2729260 B1,B1,등록특허공보,등록공고,사이드링크 HARQ 피드백 정보를 전송하는 방법 및 장치,7,,,7,D1 D3 D7 D2 D5 D6 D4,[D5] 상세설명에 하위섹션+전문 중복 렌더(섹션 68071자 = 전문 65569 + 하위섹션 3243) / [D6] 도면 미반입인데 패널 노출(서지 도면 수 0건 / 패널 캡션 1개 · 이미지 없음) / [D4] 공개번호(10-2023-0107171)와 표시 일자(2024-11-15) 계열 불일치 · 문헌일 2023-07-14,[F1] drawing_count 0 (도면의 설명 1원소 보유) [F2] 도면 설명 1원소에 도 17개 뭉침
KR 10-2729321 B1,B1,등록특허공보,등록공고,화소 및 스테이지 회로와 이를 가지는 유기전계발광 표시장치,7,,,7,D1 D3 D7 D2 D5 D6 D4,[D5] 상세설명에 하위섹션+전문 중복 렌더(섹션 28966자 = 전문 24907 + 하위섹션 4441) / [D6] 도면 미반입인데 패널 노출(서지 도면 수 0건 / 패널 캡션 1개 · 이미지 없음) / [D4] 공개번호(10-2023-0115277)와 표시 일자(2024-11-14) 계열 불일치 · 문헌일 2023-08-02,[F1] drawing_count 0 (도면의 설명 1원소 보유) [F2] 도면 설명 1원소에 도 11개 뭉침
KR 10-2729649 B1,B1,등록특허공보,등록공고,기계학습 기반 선박 사이버보안 이상징후 탐지 방법,7,,,7,D1 D3 D7 D2 D5 D6 D4b,[D5] 상세설명에 하위섹션+전문 중복 렌더(섹션 8530자 = 전문 6358 + 하위섹션 2217) / [D6] 도면 미반입인데 패널 노출(서지 도면 수 0건 / 패널 캡션 1개 · 이미지 없음) / [D4b] 공개/공고번호 — 인데 공개/공고일(2024-11-14)만 표시,[F1] drawing_count 0 (도면의 설명 1원소 보유) [F2] 도면 설명 1원소에 도 3개 뭉침
KR 10-2729870 B1,B1,등록특허공보,등록공고,배터리 자동 충전이 가능한 이동식 시트 제어 장치,7,,,7,D1 D3 D7 D2 D5 D6 D4,[D5] 상세설명에 하위섹션+전문 중복 렌더(섹션 15964자 = 전문 12284 + 하위섹션 3908) / [D6] 도면 미반입인데 패널 노출(서지 도면 수 0건 / 패널 캡션 1개 · 이미지 없음) / [D4] 공개번호(10-2021-0076313)와 표시 일자(2024-11-14) 계열 불일치 · 문헌일 2021-06-24,[F1] drawing_count 0 (도면의 설명 1원소 보유) [F2] 도면 설명 1원소에 도 22개 뭉침
KR 10-2730021 B1,B1,등록특허공보,등록공고,키네틱 조형물 장치,7,,,7,D1 D3 D7 D2 D5 D6 D4,[D5] 상세설명에 하위섹션+전문 중복 렌더(섹션 11880자 = 전문 10873 + 하위섹션 1185) / [D6] 도면 미반입인데 패널 노출(서지 도면 수 0건 / 패널 캡션 1개 · 이미지 없음) / [D4] 공개번호(10-2023-0106001)와 표시 일자(2024-11-14) 계열 불일치 · 문헌일 2023-07-12,[F1] drawing_count 0 (도면의 설명 1원소 보유) [F2] 도면 설명 1원소에 도 13개 뭉침
KR 10-2730097 B1,B1,등록특허공보,등록공고,후면 영상정보 생성 장치 및 방법,7,,,7,D1 D3 D7 D2 D5 D6 D4,[D5] 상세설명에 하위섹션+전문 중복 렌더(섹션 34260자 = 전문 27836 + 하위섹션 6919) / [D6] 도면 미반입인데 패널 노출(서지 도면 수 0건 / 패널 캡션 1개 · 이미지 없음) / [D4] 공개번호(10-2023-0145981)와 표시 일자(2024-11-15) 계열 불일치 · 문헌일 2023-10-18,[F1] drawing_count 0 (도면의 설명 1원소 보유) [F2] 도면 설명 1원소에 도 13개 뭉침
KR 10-2730237 B1,B1,등록특허공보,등록공고,시공 중인 콘크리트 슬래브의 시공품질 측정장치,7,,,7,D1 D3 D7 D2 D5 D6 D4,[D5] 상세설명에 하위섹션+전문 중복 렌더(섹션 15790자 = 전문 12212 + 하위섹션 3812) / [D6] 도면 미반입인데 패널 노출(서지 도면 수 0건 / 패널 캡션 1개 · 이미지 없음) / [D4] 공개번호(10-2024-0052391)와 표시 일자(2024-11-15) 계열 불일치 · 문헌일 2024-04-23,[F1] drawing_count 0 (도면의 설명 1원소 보유) [F2] 도면 설명 1원소에 도 8개 뭉침
KR 10-2730348 B1,B1,등록특허공보,등록공고,전고체전지 제조장치,7,,,7,D1 D3 D7 D2 D5 D6 D4,[D5] 상세설명에 하위섹션+전문 중복 렌더(섹션 16323자 = 전문 13947 + 하위섹션 2584) / [D6] 도면 미반입인데 패널 노출(서지 도면 수 0건 / 패널 캡션 1개 · 이미지 없음) / [D4] 공개번호(10-2024-0078859)와 표시 일자(2024-11-15) 계열 불일치 · 문헌일 2024-06-04,[F1] drawing_count 0 (도면의 설명 1원소 보유) [F2] 도면 설명 1원소에 도 9개 뭉침
KR 10-2730360 B1,B1,등록특허공보,등록공고,국가별 교류점수를 기반으로 주거 및 관광 서비스를 제공하는 장치 및 방법,7,,,7,D1 D3 D7 D2 D5 D6 D4,[D5] 상세설명에 하위섹션+전문 중복 렌더(섹션 24499자 = 전문 21137 + 하위섹션 3636) / [D6] 도면 미반입인데 패널 노출(서지 도면 수 0건 / 패널 캡션 1개 · 이미지 없음) / [D4] 공개번호(10-2023-0000073)와 표시 일자(2024-11-14) 계열 불일치 · 문헌일 2023-01-02,[F1] drawing_count 0 (도면의 설명 1원소 보유) [F2] 도면 설명 1원소에 도 5개 뭉침
KR 10-2730501 B1,B1,등록특허공보,등록공고,반도체장치,7,,,7,D1 D3 D7 D2 D5 D6 D4,[D5] 상세설명에 하위섹션+전문 중복 렌더(섹션 26972자 = 전문 25314 + 하위섹션 2025) / [D6] 도면 미반입인데 패널 노출(서지 도면 수 0건 / 패널 캡션 1개 · 이미지 없음) / [D4] 공개번호(10-2018-0082929)와 표시 일자(2024-11-14) 계열 불일치 · 문헌일 2018-07-19,[F1] drawing_count 0 (도면의 설명 1원소 보유) [F2] 도면 설명 1원소에 도 22개 뭉침
KR 10-2730542 B1,B1,등록특허공보,등록공고,차량의 하이브리드 파워트레인,7,,,7,D1 D3 D7 D2 D5 D6 D4,[D5] 상세설명에 하위섹션+전문 중복 렌더(섹션 14893자 = 전문 11666 + 하위섹션 3501) / [D6] 도면 미반입인데 패널 노출(서지 도면 수 0건 / 패널 캡션 1개 · 이미지 없음) / [D4] 공개번호(10-2021-0116724)와 표시 일자(2024-11-15) 계열 불일치 · 문헌일 2021-09-28,[F1] drawing_count 0 (도면의 설명 1원소 보유) [F2] 도면 설명 1원소에 도 17개 뭉침
KR 10-2730678 B1,B1,등록특허공보,등록공고,영상정보를 활용한 분만사 자돈 압사 조기 탐지 시스템 및 방법,7,,,7,D1 D3 D7 D2 D5 D6 D4b,[D5] 상세설명에 하위섹션+전문 중복 렌더(섹션 24474자 = 전문 19906 + 하위섹션 4961) / [D6] 도면 미반입인데 패널 노출(서지 도면 수 0건 / 패널 캡션 1개 · 이미지 없음) / [D4b] 공개/공고번호 — 인데 공개/공고일(2024-11-18)만 표시,[F1] drawing_count 0 (도면의 설명 1원소 보유) [F2] 도면 설명 1원소에 도 12개 뭉침
KR 10-2730682 B1,B1,등록특허공보,등록공고,용액수조용 편광필름롤축 기밀장치,7,,,7,D1 D3 D7 D2 D5 D6 D4b,[D5] 상세설명에 하위섹션+전문 중복 렌더(섹션 8173자 = 전문 5738 + 하위섹션 2543) / [D6] 도면 미반입인데 패널 노출(서지 도면 수 0건 / 패널 캡션 1개 · 이미지 없음) / [D4b] 공개/공고번호 — 인데 공개/공고일(2024-11-15)만 표시,[F1] drawing_count 0 (도면의 설명 1원소 보유) [F2] 도면 설명 1원소에 도 3개 뭉침
KR 10-2730719 B1,B1,등록특허공보,등록공고,완충부재를 이용한 건축판넬,7,,,7,D1 D3 D7 D2 D5 D6 D4b,[D5] 상세설명에 하위섹션+전문 중복 렌더(섹션 12746자 = 전문 9320 + 하위섹션 3726) / [D6] 도면 미반입인데 패널 노출(서지 도면 수 0건 / 패널 캡션 1개 · 이미지 없음) / [D4b] 공개/공고번호 — 인데 공개/공고일(2024-11-15)만 표시,[F1] drawing_count 0 (도면의 설명 1원소 보유) [F2] 도면 설명 1원소에 도 7개 뭉침
KR 10-2730848 B1,B1,등록특허공보,등록공고,레이저 가공 장치 및 레이저 가공 장치의 오차 보정 방법,7,,,7,D1 D3 D7 D2 D5 D6 D4,[D5] 상세설명에 하위섹션+전문 중복 렌더(섹션 17660자 = 전문 14695 + 하위섹션 3201) / [D6] 도면 미반입인데 패널 노출(서지 도면 수 0건 / 패널 캡션 1개 · 이미지 없음) / [D4] 공개번호(10-2020-0091994)와 표시 일자(2024-11-15) 계열 불일치 · 문헌일 2020-08-03,[F1] drawing_count 0 (도면의 설명 1원소 보유) [F2] 도면 설명 1원소에 도 8개 뭉침
KR 10-2731269 B1,B1,등록특허공보,등록공고,자가진동칩이 포함된 접지신발,7,,,7,D1 D3 D7 D2 D5 D6 D4b,[D5] 상세설명에 하위섹션+전문 중복 렌더(섹션 20533자 = 전문 15657 + 하위섹션 5223) / [D6] 도면 미반입인데 패널 노출(서지 도면 수 0건 / 패널 캡션 1개 · 이미지 없음) / [D4b] 공개/공고번호 — 인데 공개/공고일(2024-11-18)만 표시,[F1] drawing_count 0 (도면의 설명 1원소 보유) [F2] 도면 설명 1원소에 도 8개 뭉침
KR 10-2731310 B1,B1,등록특허공보,등록공고,"이상 탐지를 위한 신경망을 이용하여 분류를 위한 신경망의 분류 결과를 보정하는 방법, 장치 및 명령어들을 저",7,,,7,D1 D3 D7 D2 D5 D6 D4b,[D5] 상세설명에 하위섹션+전문 중복 렌더(섹션 40281자 = 전문 34739 + 하위섹션 5866) / [D6] 도면 미반입인데 패널 노출(서지 도면 수 0건 / 패널 캡션 1개 · 이미지 없음) / [D4b] 공개/공고번호 — 인데 공개/공고일(2024-11-19)만 표시,[F1] drawing_count 0 (도면의 설명 1원소 보유) [F2] 도면 설명 1원소에 도 9개 뭉침
KR 10-2731329 B1,B1,등록특허공보,등록공고,유닛 체어용 용수 공급 장치,7,,,7,D1 D3 D7 D2 D5 D6 D4b,[D5] 상세설명에 하위섹션+전문 중복 렌더(섹션 21056자 = 전문 18266 + 하위섹션 2982) / [D6] 도면 미반입인데 패널 노출(서지 도면 수 0건 / 패널 캡션 1개 · 이미지 없음) / [D4b] 공개/공고번호 — 인데 공개/공고일(2024-11-18)만 표시,[F1] drawing_count 0 (도면의 설명 1원소 보유) [F2] 도면 설명 1원소에 도 4개 뭉침
KR 10-2731332 B1,B1,등록특허공보,등록공고,공기 청정기 및 이의 제어 방법,7,,,7,D1 D3 D7 D2 D5 D6 D4,[D5] 상세설명에 하위섹션+전문 중복 렌더(섹션 33071자 = 전문 28072 + 하위섹션 5298) / [D6] 도면 미반입인데 패널 노출(서지 도면 수 0건 / 패널 캡션 1개 · 이미지 없음) / [D4] 공개번호(10-2021-0046212)와 표시 일자(2024-11-19) 계열 불일치 · 문헌일 2021-04-28,[F1] drawing_count 0 (도면의 설명 1원소 보유) [F2] 도면 설명 1원소에 도 12개 뭉침
KR 10-2731396 B1,B1,등록특허공보,등록공고,언어 이해 알고리즘 학습 시스템 및 방법,7,,,7,D1 D3 D7 D2 D5 D6 D4,[D5] 상세설명에 하위섹션+전문 중복 렌더(섹션 18318자 = 전문 15255 + 하위섹션 3410) / [D6] 도면 미반입인데 패널 노출(서지 도면 수 0건 / 패널 캡션 1개 · 이미지 없음) / [D4] 공개번호(10-2023-0030821)와 표시 일자(2024-11-18) 계열 불일치 · 문헌일 2023-03-07,[F1] drawing_count 0 (도면의 설명 1원소 보유) [F2] 도면 설명 1원소에 도 9개 뭉침
KR 10-2731487 B1,B1,등록특허공보,등록공고,내연 기관 시스템,7,,,7,D1 D3 D7 D2 D5 D6 D4,[D5] 상세설명에 하위섹션+전문 중복 렌더(섹션 15671자 = 전문 11074 + 하위섹션 4929) / [D6] 도면 미반입인데 패널 노출(서지 도면 수 0건 / 패널 캡션 1개 · 이미지 없음) / [D4] 공개번호(10-2021-0113579)와 표시 일자(2024-11-15) 계열 불일치 · 문헌일 2021-09-16,[F1] drawing_count 0 (도면의 설명 1원소 보유)
KR 10-2731499 B1,B1,등록특허공보,등록공고,영상의 부호화/복호화 방법 및 이를 이용하는 장치,7,,,7,D1 D3 D7 D2 D5 D6 D4,[D5] 상세설명에 하위섹션+전문 중복 렌더(섹션 22670자 = 전문 19843 + 하위섹션 3210) / [D6] 도면 미반입인데 패널 노출(서지 도면 수 0건 / 패널 캡션 1개 · 이미지 없음) / [D4] 공개번호(10-2024-0010512)와 표시 일자(2024-11-18) 계열 불일치 · 문헌일 2024-01-23,[F1] drawing_count 0 (도면의 설명 1원소 보유) [F2] 도면 설명 1원소에 도 6개 뭉침
KR 10-2731773 B1,B1,등록특허공보,등록공고,조끼가 구비된 다용도 수납벨트,7,,,7,D1 D3 D7 D2 D5 D6 D4b,[D5] 상세설명에 하위섹션+전문 중복 렌더(섹션 10341자 = 전문 8065 + 하위섹션 2403) / [D6] 도면 미반입인데 패널 노출(서지 도면 수 0건 / 패널 캡션 1개 · 이미지 없음) / [D4b] 공개/공고번호 — 인데 공개/공고일(2024-11-19)만 표시,[F1] drawing_count 0 (도면의 설명 1원소 보유) [F2] 도면 설명 1원소에 도 4개 뭉침
KR 10-2731774 B1,B1,등록특허공보,등록공고,안전성이 개선된 다용도 수납벨트,7,,,7,D1 D3 D7 D2 D5 D6 D4b,[D5] 상세설명에 하위섹션+전문 중복 렌더(섹션 10718자 = 전문 8255 + 하위섹션 2590) / [D6] 도면 미반입인데 패널 노출(서지 도면 수 0건 / 패널 캡션 1개 · 이미지 없음) / [D4b] 공개/공고번호 — 인데 공개/공고일(2024-11-19)만 표시,[F1] drawing_count 0 (도면의 설명 1원소 보유) [F2] 도면 설명 1원소에 도 4개 뭉침
KR 10-2731891 B1,B1,등록특허공보,등록공고,"비디오 인코딩 방법, 이를 수행하는 비디오 인코더 및 이를 포함하는 전자 시스템",7,,,7,D1 D3 D7 D2 D5 D6 D4,[D5] 상세설명에 하위섹션+전문 중복 렌더(섹션 32694자 = 전문 29531 + 하위섹션 3401) / [D6] 도면 미반입인데 패널 노출(서지 도면 수 0건 / 패널 캡션 1개 · 이미지 없음) / [D4] 공개번호(10-2018-0076591)와 표시 일자(2024-11-19) 계열 불일치 · 문헌일 2018-07-06,[F1] drawing_count 0 (도면의 설명 1원소 보유) [F2] 도면 설명 1원소에 도 25개 뭉침
KR 10-2731928 B1,B1,등록특허공보,등록공고,초음파 영상을 이용하여 경동맥 압축성을 결정하는 방법 및 분석장치,7,,,7,D1 D3 D7 D2 D5 D6 D4b,[D5] 상세설명에 하위섹션+전문 중복 렌더(섹션 15052자 = 전문 13755 + 하위섹션 1569) / [D6] 도면 미반입인데 패널 노출(서지 도면 수 0건 / 패널 캡션 1개 · 이미지 없음) / [D4b] 공개/공고번호 — 인데 공개/공고일(2024-11-18)만 표시,[F1] drawing_count 0 (도면의 설명 1원소 보유) [F2] 도면 설명 1원소에 도 6개 뭉침
KR 10-2731983 B1,B1,등록특허공보,등록공고,"샤워헤드, 그를 포함하는 반도체 소자의 제조 장치, 및 반도체 소자의 제조 방법",7,,,7,D1 D3 D7 D2 D5 D6 D4,[D5] 상세설명에 하위섹션+전문 중복 렌더(섹션 16250자 = 전문 14281 + 하위섹션 2095) / [D6] 도면 미반입인데 패널 노출(서지 도면 수 0건 / 패널 캡션 1개 · 이미지 없음) / [D4] 공개번호(10-2020-0120860)와 표시 일자(2024-11-21) 계열 불일치 · 문헌일 2020-10-22,[F1] drawing_count 0 (도면의 설명 1원소 보유) [F2] 도면 설명 1원소에 도 24개 뭉침
KR 10-2731984 B1,B1,등록특허공보,등록공고,툴 자동 교체장치,7,,,7,D1 D3 D7 D2 D5 D6 D4,[D5] 상세설명에 하위섹션+전문 중복 렌더(섹션 18943자 = 전문 15367 + 하위섹션 3801) / [D6] 도면 미반입인데 패널 노출(서지 도면 수 0건 / 패널 캡션 1개 · 이미지 없음) / [D4] 공개번호(10-2024-0039952)와 표시 일자(2024-11-19) 계열 불일치 · 문헌일 2024-03-27,[F1] drawing_count 0 (도면의 설명 1원소 보유) [F2] 도면 설명 1원소에 도 19개 뭉침
KR 10-2732086 B1,B1,등록특허공보,등록공고,블레이드 팁 이젝터를 갖는 터빈 블레이드,7,,,7,D1 D3 D7 D2 D5 D6 D4,[D5] 상세설명에 하위섹션+전문 중복 렌더(섹션 14153자 = 전문 12980 + 하위섹션 1386) / [D6] 도면 미반입인데 패널 노출(서지 도면 수 0건 / 패널 캡션 1개 · 이미지 없음) / [D4] 공개번호(10-2023-0013603)와 표시 일자(2024-11-18) 계열 불일치 · 문헌일 2023-01-26,[F1] drawing_count 0 (도면의 설명 1원소 보유) [F2] 도면 설명 1원소에 도 7개 뭉침
KR 10-2732100 B1,B1,등록특허공보,등록공고,영상 내 포함된 반사상을 수평 윈도우 트랜스포머 기반의 기계 학습 모델을 이용하여 제거하는 방법 및 장치,7,,,7,D1 D3 D7 D2 D5 D6 D4b,[D5] 상세설명에 하위섹션+전문 중복 렌더(섹션 28819자 = 전문 24571 + 하위섹션 4641) / [D6] 도면 미반입인데 패널 노출(서지 도면 수 0건 / 패널 캡션 1개 · 이미지 없음) / [D4b] 공개/공고번호 — 인데 공개/공고일(2024-11-19)만 표시,[F1] drawing_count 0 (도면의 설명 1원소 보유) [F2] 도면 설명 1원소에 도 10개 뭉침
KR 10-2732229 B1,B1,등록특허공보,등록공고,"천연물 유래의 화합물을 유효성분으로 포함하는 암의 개선, 예방, 또는 치료용 조성물",7,,,7,D1 D3 D7 D2 D5 D6 D4,[D5] 상세설명에 하위섹션+전문 중복 렌더(섹션 65049자 = 전문 69958 + 하위섹션 4535) / [D6] 도면 미반입인데 패널 노출(서지 도면 수 0건 / 패널 캡션 1개 · 이미지 없음) / [D4] 공개번호(10-2024-0013528)와 표시 일자(2024-11-25) 계열 불일치 · 문헌일 2024-01-30,[F1] drawing_count 0 (도면의 설명 1원소 보유) [F2] 도면 설명 1원소에 도 5개 뭉침
KR 10-2732230 B1,B1,등록특허공보,등록공고,다공성 실리콘 물질 및 전도성 중합체 결합제 전극,7,,,7,D1 D3 D7 D2 D5 D6 D4,[D5] 상세설명에 하위섹션+전문 중복 렌더(섹션 19419자 = 전문 15809 + 하위섹션 3772) / [D6] 도면 미반입인데 패널 노출(서지 도면 수 0건 / 패널 캡션 1개 · 이미지 없음) / [D4] 공개번호(10-2023-0090374)와 표시 일자(2024-11-19) 계열 불일치 · 문헌일 2023-06-21,[F1] drawing_count 0 (도면의 설명 1원소 보유) [F2] 도면 설명 1원소에 도 9개 뭉침
KR 10-2732313 B1,B1,등록특허공보,등록공고,위치측위 서비스 제공 방법 및 시스템,7,,,7,D1 D3 D7 D2 D5 D6 D4,[D5] 상세설명에 하위섹션+전문 중복 렌더(섹션 21989자 = 전문 18753 + 하위섹션 3553) / [D6] 도면 미반입인데 패널 노출(서지 도면 수 0건 / 패널 캡션 1개 · 이미지 없음) / [D4] 공개번호(10-2023-0096800)와 표시 일자(2024-11-21) 계열 불일치 · 문헌일 2023-06-30,[F1] drawing_count 0 (도면의 설명 1원소 보유) [F2] 도면 설명 1원소에 도 6개 뭉침
KR 10-2732367 B1,B1,등록특허공보,등록공고,식물 물질의 유기산 전처리로부터 생성물을 회수하기 위한 효율적인 방법 및 조성물,7,,,7,D1 D3 D7 D2 D5 D6 D4,[D5] 상세설명에 하위섹션+전문 중복 렌더(섹션 58107자 = 전문 46061 + 하위섹션 13756) / [D6] 도면 미반입인데 패널 노출(서지 도면 수 0건 / 패널 캡션 1개 · 이미지 없음) / [D4] 공개번호(10-2024-0115330)와 표시 일자(2024-11-25) 계열 불일치 · 문헌일 2024-07-25,[F1] drawing_count 0 (도면의 설명 1원소 보유) [F2] 도면 설명 1원소에 도 16개 뭉침
KR 10-2732378 B1,B1,등록특허공보,등록공고,유기 발광 표시 장치,7,,,7,D1 D3 D7 D2 D5 D6 D4,[D5] 상세설명에 하위섹션+전문 중복 렌더(섹션 35668자 = 전문 32460 + 하위섹션 3692) / [D6] 도면 미반입인데 패널 노출(서지 도면 수 0건 / 패널 캡션 1개 · 이미지 없음) / [D4] 공개번호(10-2021-0132778)와 표시 일자(2024-11-20) 계열 불일치 · 문헌일 2021-11-05,[F1] drawing_count 0 (도면의 설명 1원소 보유) [F2] 도면 설명 1원소에 도 10개 뭉침
KR 10-2732394 B1,B1,등록특허공보,등록공고,인쇄 시스템 및 제어 방법,7,,,7,D1 D3 D7 D2 D5 D6 D4,[D5] 상세설명에 하위섹션+전문 중복 렌더(섹션 29547자 = 전문 27265 + 하위섹션 2803) / [D6] 도면 미반입인데 패널 노출(서지 도면 수 0건 / 패널 캡션 1개 · 이미지 없음) / [D4] 공개번호(10-2021-0001988)와 표시 일자(2024-11-22) 계열 불일치 · 문헌일 2021-01-06,[F1] drawing_count 0 (도면의 설명 1원소 보유) [F2] 도면 설명 1원소에 도 17개 뭉침
KR 10-2732538 B1,B1,등록특허공보,등록공고,반도체 패키지,7,,,7,D1 D3 D7 D2 D5 D6 D4,[D5] 상세설명에 하위섹션+전문 중복 렌더(섹션 30802자 = 전문 28019 + 하위섹션 3102) / [D6] 도면 미반입인데 패널 노출(서지 도면 수 0건 / 패널 캡션 1개 · 이미지 없음) / [D4] 공개번호(10-2021-0152255)와 표시 일자(2024-11-19) 계열 불일치 · 문헌일 2021-12-15,[F1] drawing_count 0 (도면의 설명 1원소 보유) [F2] 도면 설명 1원소에 도 26개 뭉침
KR 10-2732946 B1,B1,등록특허공보,등록공고,차량용 램프의 휘도 제어 장치 및 방법,7,,,7,D1 D3 D7 D2 D5 D6 D4,[D5] 상세설명에 하위섹션+전문 중복 렌더(섹션 19457자 = 전문 15673 + 하위섹션 3971) / [D6] 도면 미반입인데 패널 노출(서지 도면 수 0건 / 패널 캡션 1개 · 이미지 없음) / [D4] 공개번호(10-2020-0035858)와 표시 일자(2024-11-21) 계열 불일치 · 문헌일 2020-04-06,[F1] drawing_count 0 (도면의 설명 1원소 보유) [F2] 도면 설명 1원소에 도 7개 뭉침
KR 10-2732992 B1,B1,등록특허공보,등록공고,유기 발광 표시 장치 및 유기 발광 표시 장치의 불량 서브-화소의 암점화 방법,7,,,7,D1 D3 D7 D2 D5 D6 D4,[D5] 상세설명에 하위섹션+전문 중복 렌더(섹션 52844자 = 전문 44558 + 하위섹션 8811) / [D6] 도면 미반입인데 패널 노출(서지 도면 수 0건 / 패널 캡션 1개 · 이미지 없음) / [D4] 공개번호(10-2023-0022932)와 표시 일자(2024-11-20) 계열 불일치 · 문헌일 2023-02-16,[F1] drawing_count 0 (도면의 설명 1원소 보유) [F2] 도면 설명 1원소에 도 29개 뭉침
KR 10-2733107 B1,B1,등록특허공보,등록공고,악성메일 분류방법 및 시스템,7,,,7,D1 D3 D7 D2 D5 D6 D4,[D5] 상세설명에 하위섹션+전문 중복 렌더(섹션 22339자 = 전문 18816 + 하위섹션 3758) / [D6] 도면 미반입인데 패널 노출(서지 도면 수 0건 / 패널 캡션 1개 · 이미지 없음) / [D4] 공개번호(10-2023-0143401)와 표시 일자(2024-11-20) 계열 불일치 · 문헌일 2023-10-12,[F1] drawing_count 0 (도면의 설명 1원소 보유) [F2] 도면 설명 1원소에 도 5개 뭉침
KR 10-2733209 B1,B1,등록특허공보,등록공고,플랜지에 장착된 하이드로포일을 포함하는 조립식 보트,7,,,7,D1 D3 D7 D2 D5 D6 D4,[D5] 상세설명에 하위섹션+전문 중복 렌더(섹션 12477자 = 전문 10865 + 하위섹션 1752) / [D6] 도면 미반입인데 패널 노출(서지 도면 수 0건 / 패널 캡션 1개 · 이미지 없음) / [D4] 공개번호(10-2024-0001496)와 표시 일자(2024-11-21) 계열 불일치 · 문헌일 2024-01-03,[F1] drawing_count 0 (도면의 설명 1원소 보유) [F2] 도면 설명 1원소에 도 6개 뭉침
KR 10-2733247 B1,B1,등록특허공보,등록공고,빌지오일 검출 장치,7,,,7,D1 D3 D7 D2 D5 D6 D4,[D5] 상세설명에 하위섹션+전문 중복 렌더(섹션 22033자 = 전문 17123 + 하위섹션 5210) / [D6] 도면 미반입인데 패널 노출(서지 도면 수 0건 / 패널 캡션 1개 · 이미지 없음) / [D4] 공개번호(10-2024-0080881)와 표시 일자(2024-11-25) 계열 불일치 · 문헌일 2024-06-07,[F1] drawing_count 0 (도면의 설명 1원소 보유) [F2] 도면 설명 1원소에 도 15개 뭉침
KR 10-2733531 B1,B1,등록특허공보,등록공고,전해폐액으로부터 니켈을 회수하는 방법,7,,,7,D1 D3 D7 D2 D5 D6 D4,[D5] 상세설명에 하위섹션+전문 중복 렌더(섹션 21240자 = 전문 16981 + 하위섹션 4719) / [D6] 도면 미반입인데 패널 노출(서지 도면 수 0건 / 패널 캡션 1개 · 이미지 없음) / [D4] 공개번호(10-2023-0122362)와 표시 일자(2024-11-25) 계열 불일치 · 문헌일 2023-08-22,[F1] drawing_count 0 (도면의 설명 1원소 보유) [F2] 도면 설명 1원소에 도 5개 뭉침
KR 10-2733651 B1,B1,등록특허공보,등록공고,지하도침수방지 수해조절용장비,7,,,7,D1 D3 D7 D2 D5 D6 D4,[D5] 상세설명에 하위섹션+전문 중복 렌더(섹션 422584자 = 전문 232190 + 하위섹션 195533) / [D6] 도면 미반입인데 패널 노출(서지 도면 수 0건 / 패널 캡션 1개 · 이미지 없음) / [D4] 공개번호(10-2024-0021497)와 표시 일자(2024-11-25) 계열 불일치 · 문헌일 2024-02-19,[F1] drawing_count 0 (도면의 설명 1원소 보유) [F2] 도면 설명 1원소에 도 90개 뭉침
KR 10-2733771 B1,B1,등록특허공보,등록공고,로직감시 블랙박스 내장형 분산제어기,7,,,7,D1 D3 D7 D2 D5 D6 D4b,[D5] 상세설명에 하위섹션+전문 중복 렌더(섹션 15882자 = 전문 13632 + 하위섹션 2506) / [D6] 도면 미반입인데 패널 노출(서지 도면 수 0건 / 패널 캡션 1개 · 이미지 없음) / [D4b] 공개/공고번호 — 인데 공개/공고일(2024-11-25)만 표시,[F1] drawing_count 0 (도면의 설명 1원소 보유) [F2] 도면 설명 1원소에 도 3개 뭉침
KR 10-2621249 B1,B1,등록특허공보,등록공고,폴리에스터 원사 및 그의 제조방법,6,,,6,D1 D3 D7 D2 D5 D4,[D5] 상세설명에 하위섹션+전문 중복 렌더(섹션 16630자 = 전문 13916 + 하위섹션 2938) / [D4] 공개번호(10-2022-0022872)와 표시 일자(2024-01-08) 계열 불일치 · 문헌일 2022-02-28,
KR 10-2624213 B1,B1,등록특허공보,등록공고,항-HER2 어피바디 및 이를 스위치 분자로 이용하는 스위처블 키메라 항원 수용체,6,,,6,D1 D3 D7 D5 D6 D4,[D5] 상세설명에 하위섹션+전문 중복 렌더(섹션 71296자 = 전문 43783 + 하위섹션 28814) / [D6] 도면 미반입인데 패널 노출(서지 도면 수 0건 / 패널 캡션 1개 · 이미지 없음) / [D4] 공개번호(10-2023-0022422)와 표시 일자(2024-01-15) 계열 불일치 · 문헌일 2023-02-15,[F1] drawing_count 0 (도면의 설명 1원소 보유) [F2] 도면 설명 1원소에 도 12개 뭉침
KR 10-2625086 B1,B1,등록특허공보,등록공고,밀의 성숙기 판별용 바이오마커,6,,,6,D1 D3 D7 D5 D6 D4,[D5] 상세설명에 하위섹션+전문 중복 렌더(섹션 26806자 = 전문 17243 + 하위섹션 10481) / [D6] 도면 미반입인데 패널 노출(서지 도면 수 0건 / 패널 캡션 1개 · 이미지 없음) / [D4] 공개번호(10-2023-0068537)와 표시 일자(2024-01-12) 계열 불일치 · 문헌일 2023-05-18,[F1] drawing_count 0 (도면의 설명 1원소 보유)
KR 10-2633084 B1,B1,등록특허공보,등록공고,스마트 창호 시스템,6,,,6,D1 D3 D7 D2 D5 D6,[D5] 상세설명에 하위섹션+전문 중복 렌더(섹션 14005자 = 전문 12145 + 하위섹션 2668) / [D6] 도면 미반입인데 패널 노출(서지 도면 수 0건 / 패널 캡션 1개 · 이미지 없음),[F1] drawing_count 0 (도면의 설명 1원소 보유) [F2] 도면 설명 1원소에 도 8개 뭉침
KR 10-2634552 B1,B1,등록특허공보,등록공고,마늘줄기 커팅장치,6,,,6,D1 D3 D7 D2 D5 D6,[D5] 상세설명에 하위섹션+전문 중복 렌더(섹션 15779자 = 전문 14633 + 하위섹션 3180) / [D6] 도면 미반입인데 패널 노출(서지 도면 수 0건 / 패널 캡션 1개 · 이미지 없음),[F1] drawing_count 0 (도면의 설명 1원소 보유) [F2] 도면 설명 1원소에 도 9개 뭉침
KR 10-2634942 B1,B1,등록특허공보,등록공고,용량 제어 밸브,6,,,6,D1 D3 D7 D2 D5 D6,[D5] 상세설명에 하위섹션+전문 중복 렌더(섹션 28304자 = 전문 25853 + 하위섹션 5412) / [D6] 도면 미반입인데 패널 노출(서지 도면 수 0건 / 패널 캡션 1개 · 이미지 없음),[F1] drawing_count 0 (도면의 설명 1원소 보유) [F2] 도면 설명 1원소에 도 15개 뭉침
KR 10-2635479 B1,B1,등록특허공보,등록공고,반도체소자 테스트용 핸들러,6,,,6,D1 D3 D7 D2 D5 D6,[D5] 상세설명에 하위섹션+전문 중복 렌더(섹션 17295자 = 전문 15138 + 하위섹션 4548) / [D6] 도면 미반입인데 패널 노출(서지 도면 수 0건 / 패널 캡션 1개 · 이미지 없음),[F1] drawing_count 0 (도면의 설명 1원소 보유) [F2] 도면 설명 1원소에 도 14개 뭉침
KR 10-2635634 B1,B1,등록특허공보,등록공고,원주 분할캠 웨이브 제너레이터,6,,,6,D1 D3 D7 D2 D5 D6,[D5] 상세설명에 하위섹션+전문 중복 렌더(섹션 11536자 = 전문 9056 + 하위섹션 4066) / [D6] 도면 미반입인데 패널 노출(서지 도면 수 0건 / 패널 캡션 1개 · 이미지 없음),[F1] drawing_count 0 (도면의 설명 1원소 보유) [F2] 도면 설명 1원소에 도 25개 뭉침
KR 10-2635657 B1,B1,등록특허공보,등록공고,강화학습 기반의 세그웨이형 로봇 및 이의 동작 제어방법,6,,,6,D1 D3 D7 D2 D5 D6,[D5] 상세설명에 하위섹션+전문 중복 렌더(섹션 21040자 = 전문 19522 + 하위섹션 4527) / [D6] 도면 미반입인데 패널 노출(서지 도면 수 0건 / 패널 캡션 1개 · 이미지 없음),[F1] drawing_count 0 (도면의 설명 1원소 보유) [F2] 도면 설명 1원소에 도 8개 뭉침
KR 10-2635763 B1,B1,등록특허공보,등록공고,난연성 폴리프로필렌 수지 조성물,6,,,6,D1 D3 D7 D2 D12 D8,[D12] 서지 청구항 수 3개 ↔ 청구범위 목록 5개(삭제 2) 불일치 / [D8] 독립항 목록 3개 중 2개가 본문 '삭제',
KR 10-2635876 B1,B1,등록특허공보,등록공고,2중 루프방식 유도선을 이용한 무인 농약 살포시스템,6,,,6,D1 D3 D7 D2 D5 D6,[D5] 상세설명에 하위섹션+전문 중복 렌더(섹션 9893자 = 전문 8422 + 하위섹션 2660) / [D6] 도면 미반입인데 패널 노출(서지 도면 수 0건 / 패널 캡션 1개 · 이미지 없음),[F1] drawing_count 0 (도면의 설명 1원소 보유) [F2] 도면 설명 1원소에 도 5개 뭉침
KR 10-2635953 B1,B1,등록특허공보,등록공고,반도체 반응 챔버,6,,,6,D1 D3 D7 D2 D5 D6,[D5] 상세설명에 하위섹션+전문 중복 렌더(섹션 17288자 = 전문 17033 + 하위섹션 1588) / [D6] 도면 미반입인데 패널 노출(서지 도면 수 0건 / 패널 캡션 1개 · 이미지 없음),[F1] drawing_count 0 (도면의 설명 1원소 보유) [F2] 도면 설명 1원소에 도 3개 뭉침
KR 10-2635964 B1,B1,등록특허공보,등록공고,폴리머 분산물 및 이를 제조하는 방법,6,,,6,D1 D3 D7 D2 D12 D8,[D12] 서지 청구항 수 23개 ↔ 청구범위 목록 24개(삭제 1) 불일치 / [D8] 독립항 목록 2개 중 1개가 본문 '삭제',
KR 10-2636028 B1,B1,등록특허공보,등록공고,촬영 기반 생체 정보 분석을 위한 체외 진단 기기,6,,,6,D1 D3 D7 D2 D5 D6,[D5] 상세설명에 하위섹션+전문 중복 렌더(섹션 137173자 = 전문 135567 + 하위섹션 8730) / [D6] 도면 미반입인데 패널 노출(서지 도면 수 0건 / 패널 캡션 1개 · 이미지 없음),[F1] drawing_count 0 (도면의 설명 1원소 보유) [F2] 도면 설명 1원소에 도 62개 뭉침
KR 10-2636052 B1,B1,등록특허공보,등록공고,차량 공조 장치 및 그 제어 방법,6,,,6,D1 D3 D7 D2 D5 D6,[D5] 상세설명에 하위섹션+전문 중복 렌더(섹션 15607자 = 전문 12156 + 하위섹션 4994) / [D6] 도면 미반입인데 패널 노출(서지 도면 수 0건 / 패널 캡션 1개 · 이미지 없음),[F1] drawing_count 0 (도면의 설명 1원소 보유) [F2] 도면 설명 1원소에 도 24개 뭉침
KR 10-2636080 B1,B1,등록특허공보,등록공고,도저와 롤러가 구비된 건설장비,6,,,6,D1 D3 D7 D2 D5 D6,[D5] 상세설명에 하위섹션+전문 중복 렌더(섹션 14721자 = 전문 12448 + 하위섹션 4112) / [D6] 도면 미반입인데 패널 노출(서지 도면 수 0건 / 패널 캡션 1개 · 이미지 없음),[F1] drawing_count 0 (도면의 설명 1원소 보유) [F2] 도면 설명 1원소에 도 7개 뭉침
KR 10-2636143 B1,B1,등록특허공보,등록공고,드론영상 기반의 광고콘텐츠 적합성 판단방법 및 시스템,6,,,6,D1 D3 D7 D2 D5 D6,[D5] 상세설명에 하위섹션+전문 중복 렌더(섹션 10954자 = 전문 10998 + 하위섹션 1746) / [D6] 도면 미반입인데 패널 노출(서지 도면 수 0건 / 패널 캡션 1개 · 이미지 없음),[F1] drawing_count 0 (도면의 설명 1원소 보유) [F2] 도면 설명 1원소에 도 15개 뭉침
KR 10-2636156 B1,B1,등록특허공보,등록공고,폐알루미늄 분진으로부터 제올라이트를 제조하는 방법,6,,,6,D1 D3 D7 D2 D5 D6,[D5] 상세설명에 하위섹션+전문 중복 렌더(섹션 11229자 = 전문 8958 + 하위섹션 3682) / [D6] 도면 미반입인데 패널 노출(서지 도면 수 0건 / 패널 캡션 1개 · 이미지 없음),[F1] drawing_count 0 (도면의 설명 1원소 보유) [F2] 도면 설명 1원소에 도 7개 뭉침
KR 10-2636159 B1,B1,등록특허공보,등록공고,P2 타입 병렬형 하이브리드 차량의 엔진 클러치 가변유압제어 중 킥다운 변속 시 엔진 토크 제어 방법 및 시,6,,,6,D1 D3 D7 D2 D5 D6,[D5] 상세설명에 하위섹션+전문 중복 렌더(섹션 24717자 = 전문 19701 + 하위섹션 7867) / [D6] 도면 미반입인데 패널 노출(서지 도면 수 0건 / 패널 캡션 1개 · 이미지 없음),[F1] drawing_count 0 (도면의 설명 1원소 보유) [F2] 도면 설명 1원소에 도 5개 뭉침
KR 10-2636398 B1,B1,등록특허공보,등록공고,회전볼을 사용하는 시트 지지대를 구비한 미싱장치,6,,,6,D1 D3 D7 D2 D5 D6,[D5] 상세설명에 하위섹션+전문 중복 렌더(섹션 16850자 = 전문 15536 + 하위섹션 3564) / [D6] 도면 미반입인데 패널 노출(서지 도면 수 0건 / 패널 캡션 1개 · 이미지 없음),[F1] drawing_count 0 (도면의 설명 1원소 보유) [F2] 도면 설명 1원소에 도 12개 뭉침
KR 10-2636490 B1,B1,등록특허공보,등록공고,미립자의 제조 방법 및 미립자의 제조 장치,6,,,6,D1 D3 D7 D2 D5 D6,[D5] 상세설명에 하위섹션+전문 중복 렌더(섹션 41340자 = 전문 40190 + 하위섹션 4904) / [D6] 도면 미반입인데 패널 노출(서지 도면 수 0건 / 패널 캡션 1개 · 이미지 없음),[F1] drawing_count 0 (도면의 설명 1원소 보유) [F2] 도면 설명 1원소에 도 16개 뭉침
KR 10-2636655 B1,B1,등록특허공보,등록공고,카트리지를 포함하는 에어로졸 생성 장치,6,,,6,D1 D3 D7 D2 D5 D6,[D5] 상세설명에 하위섹션+전문 중복 렌더(섹션 48658자 = 전문 51817 + 하위섹션 1671) / [D6] 도면 미반입인데 패널 노출(서지 도면 수 0건 / 패널 캡션 1개 · 이미지 없음),[F1] drawing_count 0 (도면의 설명 1원소 보유) [F2] 도면 설명 1원소에 도 17개 뭉침
KR 10-2636664 B1,B1,등록특허공보,등록공고,기호도와 보존성이 우수한 건어물용 소스 조성물의 제조방법,6,,,6,D1 D3 D7 D2 D5 D6,[D5] 상세설명에 하위섹션+전문 중복 렌더(섹션 15082자 = 전문 14711 + 하위섹션 2579) / [D6] 도면 미반입인데 패널 노출(서지 도면 수 0건 / 패널 캡션 1개 · 이미지 없음),[F1] drawing_count 0 (도면의 설명 1원소 보유)
KR 10-2636823 B1,B1,등록특허공보,등록공고,선박 배기관 그을음 제거용 파일럿 체크 밸브,6,,,6,D1 D3 D7 D2 D5 D6,[D5] 상세설명에 하위섹션+전문 중복 렌더(섹션 15723자 = 전문 13323 + 하위섹션 4430) / [D6] 도면 미반입인데 패널 노출(서지 도면 수 0건 / 패널 캡션 1개 · 이미지 없음),[F1] drawing_count 0 (도면의 설명 1원소 보유) [F2] 도면 설명 1원소에 도 19개 뭉침
KR 10-2636990 B1,B1,등록특허공보,등록공고,"반송차, 및 반송 설비",6,,,6,D1 D3 D7 D2 D5 D6,[D5] 상세설명에 하위섹션+전문 중복 렌더(섹션 31495자 = 전문 32073 + 하위섹션 2173) / [D6] 도면 미반입인데 패널 노출(서지 도면 수 0건 / 패널 캡션 1개 · 이미지 없음),[F1] drawing_count 0 (도면의 설명 1원소 보유) [F2] 도면 설명 1원소에 도 12개 뭉침
KR 10-2637015 B1,B1,등록특허공보,등록공고,표시 장치 및 그것의 제조 방법,6,,,6,D1 D3 D7 D2 D5 D6,[D5] 상세설명에 하위섹션+전문 중복 렌더(섹션 21739자 = 전문 20283 + 하위섹션 3626) / [D6] 도면 미반입인데 패널 노출(서지 도면 수 0건 / 패널 캡션 1개 · 이미지 없음),[F1] drawing_count 0 (도면의 설명 1원소 보유) [F2] 도면 설명 1원소에 도 15개 뭉침
KR 10-2637173 B1,B1,등록특허공보,등록공고,"5G 모바일 에지 컴퓨팅 환경을 위한 블록체인 시스템, 장치 및 운영 방법",6,,,6,D1 D3 D7 D2 D5 D6,[D5] 상세설명에 하위섹션+전문 중복 렌더(섹션 25747자 = 전문 18811 + 하위섹션 8434) / [D6] 도면 미반입인데 패널 노출(서지 도면 수 0건 / 패널 캡션 1개 · 이미지 없음),[F1] drawing_count 0 (도면의 설명 1원소 보유) [F2] 도면 설명 1원소에 도 13개 뭉침
KR 10-2637176 B1,B1,등록특허공보,등록공고,스마트팜 재배용 하우스에 적용되는 사물 인터넷 환경측정 통합센서보드,6,,,6,D1 D3 D7 D2 D5 D6,[D5] 상세설명에 하위섹션+전문 중복 렌더(섹션 19891자 = 전문 21146 + 하위섹션 1841) / [D6] 도면 미반입인데 패널 노출(서지 도면 수 0건 / 패널 캡션 1개 · 이미지 없음),[F1] drawing_count 0 (도면의 설명 1원소 보유) [F2] 도면 설명 1원소에 도 4개 뭉침
KR 10-2637215 B1,B1,등록특허공보,등록공고,치과 물체를 제작하기 위한 방법,6,,,6,D1 D3 D7 D2 D5 D6,[D5] 상세설명에 하위섹션+전문 중복 렌더(섹션 30273자 = 전문 22546 + 하위섹션 10358) / [D6] 도면 미반입인데 패널 노출(서지 도면 수 0건 / 패널 캡션 1개 · 이미지 없음),[F1] drawing_count 0 (도면의 설명 1원소 보유) [F2] 도면 설명 1원소에 도 14개 뭉침
KR 10-2637235 B1,B1,등록특허공보,등록공고,2-아크릴아미도-2-메틸프로판 술폰산의 수화된 결정형,6,,,6,D1 D3 D7 D2 D5 D6,[D5] 상세설명에 하위섹션+전문 중복 렌더(섹션 34817자 = 전문 38307 + 하위섹션 2381) / [D6] 도면 미반입인데 패널 노출(서지 도면 수 0건 / 패널 캡션 1개 · 이미지 없음),[F1] drawing_count 0 (도면의 설명 1원소 보유) [F2] 도면 설명 1원소에 도 16개 뭉침
KR 10-2637311 B1,B1,등록특허공보,등록공고,열화 배터리 셀 검출 장치 및 방법,6,,,6,D1 D3 D7 D2 D5 D6,[D5] 상세설명에 하위섹션+전문 중복 렌더(섹션 32493자 = 전문 27511 + 하위섹션 7587) / [D6] 도면 미반입인데 패널 노출(서지 도면 수 0건 / 패널 캡션 1개 · 이미지 없음),[F1] drawing_count 0 (도면의 설명 1원소 보유) [F2] 도면 설명 1원소에 도 7개 뭉침
KR 10-2637374 B1,B1,등록특허공보,등록공고,낚시대 자동 고패질 장치,6,,,6,D1 D3 D7 D2 D5 D6,[D5] 상세설명에 하위섹션+전문 중복 렌더(섹션 7608자 = 전문 6925 + 하위섹션 1840) / [D6] 도면 미반입인데 패널 노출(서지 도면 수 0건 / 패널 캡션 1개 · 이미지 없음),[F1] drawing_count 0 (도면의 설명 1원소 보유) [F2] 도면 설명 1원소에 도 5개 뭉침
KR 10-2637467 B1,B1,등록특허공보,등록공고,신호 재송신을 위한 시스템 및 방법,6,,,6,D1 D3 D7 D2 D5 D6,[D5] 상세설명에 하위섹션+전문 중복 렌더(섹션 13796자 = 전문 12715 + 하위섹션 1714) / [D6] 도면 미반입인데 패널 노출(서지 도면 수 0건 / 패널 캡션 1개 · 이미지 없음),[F1] drawing_count 0 (도면의 설명 1원소 보유) [F2] 도면 설명 1원소에 도 4개 뭉침
KR 10-2637471 B1,B1,등록특허공보,등록공고,수면다원검사에 따른 호흡 이벤트 감지를 위한 데이터 처리 장치 및 그 동작 방법,6,,,6,D1 D3 D7 D2 D5 D6,[D5] 상세설명에 하위섹션+전문 중복 렌더(섹션 38485자 = 전문 34941 + 하위섹션 9072) / [D6] 도면 미반입인데 패널 노출(서지 도면 수 0건 / 패널 캡션 1개 · 이미지 없음),[F1] drawing_count 0 (도면의 설명 1원소 보유) [F2] 도면 설명 1원소에 도 15개 뭉침
KR 10-2637554 B1,B1,등록특허공보,등록공고,정보 보호 인증에 관한 프로젝트 내의 과제 분석 및 정보 제공 시스템,6,,,6,D1 D3 D7 D2 D5 D6,[D5] 상세설명에 하위섹션+전문 중복 렌더(섹션 41161자 = 전문 40147 + 하위섹션 3496) / [D6] 도면 미반입인데 패널 노출(서지 도면 수 0건 / 패널 캡션 1개 · 이미지 없음),[F1] drawing_count 0 (도면의 설명 1원소 보유) [F2] 도면 설명 1원소에 도 19개 뭉침
KR 10-2637614 B1,B1,등록특허공보,등록공고,애플리케이션 전달 서버를 통해 전달을 위한 애플리케이션 디버깅,6,,,6,D1 D3 D7 D2 D5 D6,[D5] 상세설명에 하위섹션+전문 중복 렌더(섹션 82599자 = 전문 85200 + 하위섹션 414) / [D6] 도면 미반입인데 패널 노출(서지 도면 수 0건 / 패널 캡션 1개 · 이미지 없음),[F1] drawing_count 0 (도면의 설명 1원소 보유) [F2] 도면 설명 1원소에 도 6개 뭉침
KR 10-2637616 B1,B1,등록특허공보,등록공고,"마이크로 유체 장치, 마이크로 유체 시스템 및 입자 분리 방법",6,,,6,D1 D3 D7 D2 D5 D6,[D5] 상세설명에 하위섹션+전문 중복 렌더(섹션 17458자 = 전문 17387 + 하위섹션 2378) / [D6] 도면 미반입인데 패널 노출(서지 도면 수 0건 / 패널 캡션 1개 · 이미지 없음),[F1] drawing_count 0 (도면의 설명 1원소 보유) [F2] 도면 설명 1원소에 도 9개 뭉침
KR 10-2637656 B1,B1,등록특허공보,등록공고,보일러 연료 공급장치,6,,,6,D1 D3 D7 D2 D5 D6,[D5] 상세설명에 하위섹션+전문 중복 렌더(섹션 18304자 = 전문 15746 + 하위섹션 3993) / [D6] 도면 미반입인데 패널 노출(서지 도면 수 0건 / 패널 캡션 1개 · 이미지 없음),[F1] drawing_count 0 (도면의 설명 1원소 보유) [F2] 도면 설명 1원소에 도 4개 뭉침
KR 10-2637684 B1,B1,등록특허공보,등록공고,유도 가열 모듈 및 이를 구비하는 정수기,6,,,6,D1 D3 D7 D2 D5 D6,[D5] 상세설명에 하위섹션+전문 중복 렌더(섹션 52663자 = 전문 53328 + 하위섹션 4353) / [D6] 도면 미반입인데 패널 노출(서지 도면 수 0건 / 패널 캡션 1개 · 이미지 없음),[F1] drawing_count 0 (도면의 설명 1원소 보유) [F2] 도면 설명 1원소에 도 6개 뭉침
KR 10-2637847 B1,B1,등록특허공보,등록공고,원자로 노심의 용융물에 대한 사고 방지 및 냉각을 위한 유도 장치,6,,,6,D1 D3 D7 D2 D5 D6,[D5] 상세설명에 하위섹션+전문 중복 렌더(섹션 22423자 = 전문 16460 + 하위섹션 7419) / [D6] 도면 미반입인데 패널 노출(서지 도면 수 0건 / 패널 캡션 1개 · 이미지 없음),[F1] drawing_count 0 (도면의 설명 1원소 보유) [F2] 도면 설명 1원소에 도 4개 뭉침
KR 10-2637850 B1,B1,등록특허공보,등록공고,반도체 디바이스 테스트 장치 및 그것의 리던던시 분석 방법,6,,,6,D1 D3 D7 D2 D5 D6,[D5] 상세설명에 하위섹션+전문 중복 렌더(섹션 24349자 = 전문 22956 + 하위섹션 3815) / [D6] 도면 미반입인데 패널 노출(서지 도면 수 0건 / 패널 캡션 1개 · 이미지 없음),[F1] drawing_count 0 (도면의 설명 1원소 보유) [F2] 도면 설명 1원소에 도 14개 뭉침
KR 10-2637899 B1,B1,등록특허공보,등록공고,공압 철판 전도식 가동보의 유지 보수 방법,6,,,6,D1 D3 D7 D2 D5 D6,[D5] 상세설명에 하위섹션+전문 중복 렌더(섹션 16633자 = 전문 14868 + 하위섹션 3597) / [D6] 도면 미반입인데 패널 노출(서지 도면 수 0건 / 패널 캡션 1개 · 이미지 없음),[F1] drawing_count 0 (도면의 설명 1원소 보유) [F2] 도면 설명 1원소에 도 6개 뭉침
KR 10-2638181 B1,B1,등록특허공보,등록공고,공기조화기의 제어방법,6,,,6,D1 D3 D7 D2 D5 D6,[D5] 상세설명에 하위섹션+전문 중복 렌더(섹션 16889자 = 전문 15280 + 하위섹션 4435) / [D6] 도면 미반입인데 패널 노출(서지 도면 수 0건 / 패널 캡션 1개 · 이미지 없음),[F1] drawing_count 0 (도면의 설명 1원소 보유) [F2] 도면 설명 1원소에 도 3개 뭉침
KR 10-2638227 B1,B1,등록특허공보,등록공고,다중 안테나 스위칭을 이용한 디바이스 위치 판단 방법 및 장치,6,,,6,D1 D3 D7 D2 D5 D6,[D5] 상세설명에 하위섹션+전문 중복 렌더(섹션 22011자 = 전문 18850 + 하위섹션 6435) / [D6] 도면 미반입인데 패널 노출(서지 도면 수 0건 / 패널 캡션 1개 · 이미지 없음),[F1] drawing_count 0 (도면의 설명 1원소 보유) [F2] 도면 설명 1원소에 도 6개 뭉침
KR 10-2638237 B1,B1,등록특허공보,등록공고,헤드어레이 조종기,6,,,6,D1 D3 D7 D2 D5 D6,[D5] 상세설명에 하위섹션+전문 중복 렌더(섹션 14993자 = 전문 14465 + 하위섹션 2365) / [D6] 도면 미반입인데 패널 노출(서지 도면 수 0건 / 패널 캡션 1개 · 이미지 없음),[F1] drawing_count 0 (도면의 설명 1원소 보유) [F2] 도면 설명 1원소에 도 7개 뭉침
KR 10-2638368 B1,B1,등록특허공보,등록공고,"가상 현실 공간 생성 장치, 방법 및 컴퓨터 프로그램",6,,,6,D1 D3 D7 D2 D5 D6,[D5] 상세설명에 하위섹션+전문 중복 렌더(섹션 18754자 = 전문 17055 + 하위섹션 3592) / [D6] 도면 미반입인데 패널 노출(서지 도면 수 0건 / 패널 캡션 1개 · 이미지 없음),[F1] drawing_count 0 (도면의 설명 1원소 보유) [F2] 도면 설명 1원소에 도 11개 뭉침
KR 10-2638385 B1,B1,등록특허공보,등록공고,위상 스위치 소자를 갖는 튜너블 매칭 네트워크,6,,,6,D1 D3 D7 D2 D5 D6,[D5] 상세설명에 하위섹션+전문 중복 렌더(섹션 55080자 = 전문 51822 + 하위섹션 3737) / [D6] 도면 미반입인데 패널 노출(서지 도면 수 0건 / 패널 캡션 1개 · 이미지 없음),[F1] drawing_count 0 (도면의 설명 1원소 보유) [F2] 도면 설명 1원소에 도 35개 뭉침
KR 10-2638428 B1,B1,등록특허공보,등록공고,전동 릴의 모터 제어 장치,6,,,6,D1 D3 D7 D2 D5 D6,[D5] 상세설명에 하위섹션+전문 중복 렌더(섹션 15255자 = 전문 14685 + 하위섹션 2345) / [D6] 도면 미반입인데 패널 노출(서지 도면 수 0건 / 패널 캡션 1개 · 이미지 없음),[F1] drawing_count 0 (도면의 설명 1원소 보유) [F2] 도면 설명 1원소에 도 6개 뭉침
KR 10-2638459 B1,B1,등록특허공보,등록공고,"채팅 히스토리 기반의 개인화 메시징 서비스 제공 방법, 장치 및 프로그램",6,,,6,D1 D3 D7 D2 D5 D6,[D5] 상세설명에 하위섹션+전문 중복 렌더(섹션 33820자 = 전문 32650 + 하위섹션 5133) / [D6] 도면 미반입인데 패널 노출(서지 도면 수 0건 / 패널 캡션 1개 · 이미지 없음),[F1] drawing_count 0 (도면의 설명 1원소 보유) [F2] 도면 설명 1원소에 도 9개 뭉침
KR 10-2638674 B1,B1,등록특허공보,등록공고,메디컬 가압돌기 밴드,6,,,6,D1 D3 D7 D2 D5 D6,[D5] 상세설명에 하위섹션+전문 중복 렌더(섹션 7363자 = 전문 5322 + 하위섹션 2793) / [D6] 도면 미반입인데 패널 노출(서지 도면 수 0건 / 패널 캡션 1개 · 이미지 없음),[F1] drawing_count 0 (도면의 설명 1원소 보유) [F2] 도면 설명 1원소에 도 6개 뭉침
KR 10-2639659 B1,B1,등록특허공보,등록공고,배터리 시스템,6,,,6,D1 D3 D7 D2 D5 D6,[D5] 상세설명에 하위섹션+전문 중복 렌더(섹션 14528자 = 전문 12904 + 하위섹션 3521) / [D6] 도면 미반입인데 패널 노출(서지 도면 수 0건 / 패널 캡션 1개 · 이미지 없음),[F1] drawing_count 0 (도면의 설명 1원소 보유) [F2] 도면 설명 1원소에 도 4개 뭉침
KR 10-2648491 B1,B1,등록특허공보,등록공고,태양광 패널 외벽 고정용 어셈블리,6,,,6,D1 D3 D7 D2 D5 D6,[D5] 상세설명에 하위섹션+전문 중복 렌더(섹션 12586자 = 전문 10491 + 하위섹션 3533) / [D6] 도면 미반입인데 패널 노출(서지 도면 수 0건 / 패널 캡션 1개 · 이미지 없음),[F1] drawing_count 0 (도면의 설명 1원소 보유) [F2] 도면 설명 1원소에 도 7개 뭉침
KR 10-2648704 B1,B1,등록특허공보,등록공고,기판 처리 장치 및 도포 모듈의 파라미터의 조정 방법 및 기억 매체,6,,,6,D1 D3 D7 D2 D5 D6,[D5] 상세설명에 하위섹션+전문 중복 렌더(섹션 43479자 = 전문 39368 + 하위섹션 8250) / [D6] 도면 미반입인데 패널 노출(서지 도면 수 0건 / 패널 캡션 1개 · 이미지 없음),[F1] drawing_count 0 (도면의 설명 1원소 보유) [F2] 도면 설명 1원소에 도 25개 뭉침
KR 10-2648742 B1,B1,등록특허공보,등록공고,"애플리케이션 배포 방법, 장치, 전자 기기 및 판독 가능 저장 매체",6,,,6,D1 D3 D7 D2 D5 D6,[D5] 상세설명에 하위섹션+전문 중복 렌더(섹션 23327자 = 전문 24252 + 하위섹션 769) / [D6] 도면 미반입인데 패널 노출(서지 도면 수 0건 / 패널 캡션 1개 · 이미지 없음),[F1] drawing_count 0 (도면의 설명 1원소 보유) [F2] 도면 설명 1원소에 도 6개 뭉침
KR 10-2648801 B1,B1,등록특허공보,등록공고,"유기 EL 표시 장치용 점착제층, 유기 EL 표시 장치용 점착제층을 갖는 편광 필름, 및 유기 EL 표시 장",6,,,6,D1 D3 D7 D2 D5 D6,[D5] 상세설명에 하위섹션+전문 중복 렌더(섹션 46262자 = 전문 47294 + 하위섹션 4002) / [D6] 도면 미반입인데 패널 노출(서지 도면 수 0건 / 패널 캡션 1개 · 이미지 없음),[F1] drawing_count 0 (도면의 설명 1원소 보유) [F2] 도면 설명 1원소에 도 4개 뭉침
KR 10-2649068 B1,B1,등록특허공보,등록공고,의료 장치,6,,,6,D1 D3 D7 D2 D12 D8,[D12] 서지 청구항 수 11개 ↔ 청구범위 목록 15개(삭제 4) 불일치 / [D8] 독립항 목록 5개 중 4개가 본문 '삭제',
KR 10-2649092 B1,B1,등록특허공보,등록공고,바운디드 포인터의 사용을 제어하기 위한 장치 및 방법,6,,,6,D1 D3 D7 D2 D5 D6,[D5] 상세설명에 하위섹션+전문 중복 렌더(섹션 52720자 = 전문 53672 + 하위섹션 2185) / [D6] 도면 미반입인데 패널 노출(서지 도면 수 0건 / 패널 캡션 1개 · 이미지 없음),[F1] drawing_count 0 (도면의 설명 1원소 보유) [F2] 도면 설명 1원소에 도 23개 뭉침
KR 10-2649121 B1,B1,등록특허공보,등록공고,전기분해관을 포함하는 마이크로버블 클렌저,6,,,6,D1 D3 D7 D2 D5 D6,[D5] 상세설명에 하위섹션+전문 중복 렌더(섹션 18620자 = 전문 17101 + 하위섹션 3183) / [D6] 도면 미반입인데 패널 노출(서지 도면 수 0건 / 패널 캡션 1개 · 이미지 없음),[F1] drawing_count 0 (도면의 설명 1원소 보유) [F2] 도면 설명 1원소에 도 10개 뭉침
KR 10-2649335 B1,B1,등록특허공보,등록공고,가스 처리 시스템 및 이를 포함하는 선박,6,,,6,D1 D3 D7 D2 D5 D6,[D5] 상세설명에 하위섹션+전문 중복 렌더(섹션 17670자 = 전문 17733 + 하위섹션 2000) / [D6] 도면 미반입인데 패널 노출(서지 도면 수 0건 / 패널 캡션 1개 · 이미지 없음),[F1] drawing_count 0 (도면의 설명 1원소 보유)
KR 10-2649455 B1,B1,등록특허공보,등록공고,3차원 노심에서 최적 가연성흡수봉 패턴 자동탐색을 통한 장전모형 최적화 시스템과 그 방법,6,,,6,D1 D3 D7 D2 D5 D6,[D5] 상세설명에 하위섹션+전문 중복 렌더(섹션 18459자 = 전문 15111 + 하위섹션 5020) / [D6] 도면 미반입인데 패널 노출(서지 도면 수 0건 / 패널 캡션 1개 · 이미지 없음),[F1] drawing_count 0 (도면의 설명 1원소 보유) [F2] 도면 설명 1원소에 도 5개 뭉침
KR 10-2649485 B1,B1,등록특허공보,등록공고,가상 사설 네트워크 시스템 및 그 제어방법,6,,,6,D1 D3 D7 D2 D5 D6,[D5] 상세설명에 하위섹션+전문 중복 렌더(섹션 26757자 = 전문 23494 + 하위섹션 6368) / [D6] 도면 미반입인데 패널 노출(서지 도면 수 0건 / 패널 캡션 1개 · 이미지 없음),[F1] drawing_count 0 (도면의 설명 1원소 보유) [F2] 도면 설명 1원소에 도 9개 뭉침
KR 10-2649579 B1,B1,등록특허공보,등록공고,두날리엘라 살리나의 수성 추출물을 수득하는 방법 및 이의 화장품 용도,6,,,6,D1 D3 D7 D2 D5 D6,[D5] 상세설명에 하위섹션+전문 중복 렌더(섹션 32019자 = 전문 26335 + 하위섹션 9342) / [D6] 도면 미반입인데 패널 노출(서지 도면 수 0건 / 패널 캡션 1개 · 이미지 없음),[F1] drawing_count 0 (도면의 설명 1원소 보유) [F2] 도면 설명 1원소에 도 4개 뭉침
KR 10-2649688 B1,B1,등록특허공보,등록공고,백라이트 유닛 및 이를 포함하는 액정 표시 장치,6,,,6,D1 D3 D7 D2 D5 D6,[D5] 상세설명에 하위섹션+전문 중복 렌더(섹션 26936자 = 전문 24230 + 하위섹션 5690) / [D6] 도면 미반입인데 패널 노출(서지 도면 수 0건 / 패널 캡션 1개 · 이미지 없음),[F1] drawing_count 0 (도면의 설명 1원소 보유) [F2] 도면 설명 1원소에 도 24개 뭉침
KR 10-2649711 B1,B1,등록특허공보,등록공고,초박형 반도체 다이의 제조 방법,6,,,6,D1 D3 D7 D2 D5 D6,[D5] 상세설명에 하위섹션+전문 중복 렌더(섹션 44328자 = 전문 42481 + 하위섹션 6914) / [D6] 도면 미반입인데 패널 노출(서지 도면 수 0건 / 패널 캡션 1개 · 이미지 없음),[F1] drawing_count 0 (도면의 설명 1원소 보유) [F2] 도면 설명 1원소에 도 17개 뭉침
KR 10-2649739 B1,B1,등록특허공보,등록공고,수배전반 자동소화장치용 조명기구,6,,,6,D1 D3 D7 D2 D5 D6,[D5] 상세설명에 하위섹션+전문 중복 렌더(섹션 16979자 = 전문 13039 + 하위섹션 5715) / [D6] 도면 미반입인데 패널 노출(서지 도면 수 0건 / 패널 캡션 1개 · 이미지 없음),[F1] drawing_count 0 (도면의 설명 1원소 보유) [F2] 도면 설명 1원소에 도 9개 뭉침
KR 10-2649857 B1,B1,등록특허공보,등록공고,소화 기능 개선을 위한 사료 첨가제 조성물 및 이의 제조방법,6,,,6,D1 D3 D7 D2 D12 D8,[D12] 서지 청구항 수 4개 ↔ 청구범위 목록 5개(삭제 1) 불일치 / [D8] 독립항 목록 2개 중 1개가 본문 '삭제',
KR 10-2649954 B1,B1,등록특허공보,등록공고,유량 조정 장치 및 유량 조정 장치의 제어 방법,6,,,6,D1 D3 D7 D2 D5 D6,[D5] 상세설명에 하위섹션+전문 중복 렌더(섹션 29651자 = 전문 26598 + 하위섹션 5525) / [D6] 도면 미반입인데 패널 노출(서지 도면 수 0건 / 패널 캡션 1개 · 이미지 없음),[F1] drawing_count 0 (도면의 설명 1원소 보유) [F2] 도면 설명 1원소에 도 16개 뭉침
KR 10-2650004 B1,B1,등록특허공보,등록공고,데이터드라이버 및 그를 이용한 유기발광표시장치,6,,,6,D1 D3 D7 D2 D5 D6,[D5] 상세설명에 하위섹션+전문 중복 렌더(섹션 39703자 = 전문 40006 + 하위섹션 2806) / [D6] 도면 미반입인데 패널 노출(서지 도면 수 0건 / 패널 캡션 1개 · 이미지 없음),[F1] drawing_count 0 (도면의 설명 1원소 보유) [F2] 도면 설명 1원소에 도 19개 뭉침
KR 10-2650010 B1,B1,등록특허공보,등록공고,"이방성 반도체 나노 결정 입자를 포함하는 백라이트 유닛, 그 제조 방법, 및 이를 포함한 전자 소자",6,,,6,D1 D3 D7 D2 D5 D6,[D5] 상세설명에 하위섹션+전문 중복 렌더(섹션 39664자 = 전문 38113 + 하위섹션 7281) / [D6] 도면 미반입인데 패널 노출(서지 도면 수 0건 / 패널 캡션 1개 · 이미지 없음),[F1] drawing_count 0 (도면의 설명 1원소 보유) [F2] 도면 설명 1원소에 도 16개 뭉침
KR 10-2650033 B1,B1,등록특허공보,등록공고,스크류의 후퇴 방지 기능을 가지는 와이 척,6,,,6,D1 D3 D7 D2 D5 D6,[D5] 상세설명에 하위섹션+전문 중복 렌더(섹션 7034자 = 전문 5761 + 하위섹션 1962) / [D6] 도면 미반입인데 패널 노출(서지 도면 수 0건 / 패널 캡션 1개 · 이미지 없음),[F1] drawing_count 0 (도면의 설명 1원소 보유)
KR 10-2650135 B1,B1,등록특허공보,등록공고,대화형 어시스턴트 컨텍스트 포함하여 사후 검색 결과를 자율적으로 제공,6,,,6,D1 D3 D7 D2 D5 D6,[D5] 상세설명에 하위섹션+전문 중복 렌더(섹션 45005자 = 전문 38450 + 하위섹션 9034) / [D6] 도면 미반입인데 패널 노출(서지 도면 수 0건 / 패널 캡션 1개 · 이미지 없음),[F1] drawing_count 0 (도면의 설명 1원소 보유) [F2] 도면 설명 1원소에 도 31개 뭉침
KR 10-2650144 B1,B1,등록특허공보,등록공고,표시 장치 및 표시 장치 제조 방법,6,,,6,D1 D3 D7 D2 D5 D6,[D5] 상세설명에 하위섹션+전문 중복 렌더(섹션 27923자 = 전문 27483 + 하위섹션 2994) / [D6] 도면 미반입인데 패널 노출(서지 도면 수 0건 / 패널 캡션 1개 · 이미지 없음),[F1] drawing_count 0 (도면의 설명 1원소 보유) [F2] 도면 설명 1원소에 도 9개 뭉침
KR 10-2650325 B1,B1,등록특허공보,등록공고,잠금 상태를 표시할 수 있는 패스너 장치,6,,,6,D1 D3 D7 D2 D5 D6,[D5] 상세설명에 하위섹션+전문 중복 렌더(섹션 40897자 = 전문 36046 + 하위섹션 8049) / [D6] 도면 미반입인데 패널 노출(서지 도면 수 0건 / 패널 캡션 1개 · 이미지 없음),[F1] drawing_count 0 (도면의 설명 1원소 보유) [F2] 도면 설명 1원소에 도 17개 뭉침
KR 10-2650343 B1,B1,등록특허공보,등록공고,의류처리장치,6,,,6,D1 D3 D7 D2 D5 D6,[D5] 상세설명에 하위섹션+전문 중복 렌더(섹션 30932자 = 전문 29195 + 하위섹션 4563) / [D6] 도면 미반입인데 패널 노출(서지 도면 수 0건 / 패널 캡션 1개 · 이미지 없음),[F1] drawing_count 0 (도면의 설명 1원소 보유) [F2] 도면 설명 1원소에 도 9개 뭉침
KR 10-2650364 B1,B1,등록특허공보,등록공고,"석산(꽃무릇) 추출물을 유효성분으로 포함하는, 항산화, 항염증, 항아토피, 항주름 및 보습 증진용 조성물",6,,,6,D1 D3 D7 D2 D5 D6,[D5] 상세설명에 하위섹션+전문 중복 렌더(섹션 30196자 = 전문 29128 + 하위섹션 4252) / [D6] 도면 미반입인데 패널 노출(서지 도면 수 0건 / 패널 캡션 1개 · 이미지 없음),[F1] drawing_count 0 (도면의 설명 1원소 보유) [F2] 도면 설명 1원소에 도 19개 뭉침
KR 10-2650509 B1,B1,등록특허공보,등록공고,유기전계발광 표시장치 및 그 제조 방법,6,,,6,D1 D3 D7 D2 D5 D6,[D5] 상세설명에 하위섹션+전문 중복 렌더(섹션 79955자 = 전문 82900 + 하위섹션 4012) / [D6] 도면 미반입인데 패널 노출(서지 도면 수 0건 / 패널 캡션 1개 · 이미지 없음),[F1] drawing_count 0 (도면의 설명 1원소 보유) [F2] 도면 설명 1원소에 도 10개 뭉침
KR 10-2650576 B1,B1,등록특허공보,등록공고,지형지물 변화에 따른 정밀도를 향상시킨 항공촬영 시스템,6,,,6,D1 D3 D7 D2 D5 D6,[D5] 상세설명에 하위섹션+전문 중복 렌더(섹션 30804자 = 전문 28360 + 하위섹션 6551) / [D6] 도면 미반입인데 패널 노출(서지 도면 수 0건 / 패널 캡션 1개 · 이미지 없음),[F1] drawing_count 0 (도면의 설명 1원소 보유) [F2] 도면 설명 1원소에 도 18개 뭉침
KR 10-2650577 B1,B1,등록특허공보,등록공고,지형지물 이미지의 선명도를 향상시킨 항공촬영 시스템,6,,,6,D1 D3 D7 D2 D5 D6,[D5] 상세설명에 하위섹션+전문 중복 렌더(섹션 33318자 = 전문 30765 + 하위섹션 6941) / [D6] 도면 미반입인데 패널 노출(서지 도면 수 0건 / 패널 캡션 1개 · 이미지 없음),[F1] drawing_count 0 (도면의 설명 1원소 보유) [F2] 도면 설명 1원소에 도 20개 뭉침
KR 10-2650685 B1,B1,등록특허공보,등록공고,벽부형 환기장치,6,,,6,D1 D3 D7 D2 D5 D6,[D5] 상세설명에 하위섹션+전문 중복 렌더(섹션 11392자 = 전문 9525 + 하위섹션 3291) / [D6] 도면 미반입인데 패널 노출(서지 도면 수 0건 / 패널 캡션 1개 · 이미지 없음),[F1] drawing_count 0 (도면의 설명 1원소 보유) [F2] 도면 설명 1원소에 도 20개 뭉침
KR 10-2650708 B1,B1,등록특허공보,등록공고,표시 장치 및 이의 구동 방법,6,,,6,D1 D3 D7 D2 D5 D6,[D5] 상세설명에 하위섹션+전문 중복 렌더(섹션 24271자 = 전문 22273 + 하위섹션 5082) / [D6] 도면 미반입인데 패널 노출(서지 도면 수 0건 / 패널 캡션 1개 · 이미지 없음),[F1] drawing_count 0 (도면의 설명 1원소 보유) [F2] 도면 설명 1원소에 도 23개 뭉침
KR 10-2650771 B1,B1,등록특허공보,등록공고,"유량 센서의 보정 장치, 보정 장치용 프로그램, 및, 보정 방법",6,,,6,D1 D3 D7 D2 D5 D6,[D5] 상세설명에 하위섹션+전문 중복 렌더(섹션 24740자 = 전문 19962 + 하위섹션 6909) / [D6] 도면 미반입인데 패널 노출(서지 도면 수 0건 / 패널 캡션 1개 · 이미지 없음),[F1] drawing_count 0 (도면의 설명 1원소 보유) [F2] 도면 설명 1원소에 도 7개 뭉침
KR 10-2650786 B1,B1,등록특허공보,등록공고,야외 환경용 흑화 방지 및 보호 장치,6,,,6,D1 D3 D7 D2 D5 D6,[D5] 상세설명에 하위섹션+전문 중복 렌더(섹션 20425자 = 전문 18450 + 하위섹션 4218) / [D6] 도면 미반입인데 패널 노출(서지 도면 수 0건 / 패널 캡션 1개 · 이미지 없음),[F1] drawing_count 0 (도면의 설명 1원소 보유) [F2] 도면 설명 1원소에 도 8개 뭉침
KR 10-2650809 B1,B1,등록특허공보,등록공고,스토리지 장치 및 그것의 동작 방법,6,,,6,D1 D3 D7 D2 D5 D6,[D5] 상세설명에 하위섹션+전문 중복 렌더(섹션 109690자 = 전문 111044 + 하위섹션 3040) / [D6] 도면 미반입인데 패널 노출(서지 도면 수 0건 / 패널 캡션 1개 · 이미지 없음),[F1] drawing_count 0 (도면의 설명 1원소 보유) [F2] 도면 설명 1원소에 도 33개 뭉침
KR 10-2650811 B1,B1,등록특허공보,등록공고,폐기물 분류 사업장 별 특성을 고려한 폐기물 분류 시스템,6,,,6,D1 D3 D7 D2 D5 D6,[D5] 상세설명에 하위섹션+전문 중복 렌더(섹션 13690자 = 전문 12469 + 하위섹션 2959) / [D6] 도면 미반입인데 패널 노출(서지 도면 수 0건 / 패널 캡션 1개 · 이미지 없음),[F1] drawing_count 0 (도면의 설명 1원소 보유) [F2] 도면 설명 1원소에 도 5개 뭉침
KR 10-2650858 B1,B1,등록특허공보,등록공고,배열 안테나 기반 OAM 기법,6,,,6,D1 D3 D7 D2 D5 D6,[D5] 상세설명에 하위섹션+전문 중복 렌더(섹션 6788자 = 전문 5344 + 하위섹션 2274) / [D6] 도면 미반입인데 패널 노출(서지 도면 수 0건 / 패널 캡션 1개 · 이미지 없음),[F1] drawing_count 0 (도면의 설명 1원소 보유) [F2] 도면 설명 1원소에 도 3개 뭉침
KR 10-2650863 B1,B1,등록특허공보,등록공고,반도체 제조용 기판 결합 시스템 및 이를 이용한 반도체 제조용 기판 결합 방법,6,,,6,D1 D3 D7 D2 D5 D6,[D5] 상세설명에 하위섹션+전문 중복 렌더(섹션 51708자 = 전문 40260 + 하위섹션 14617) / [D6] 도면 미반입인데 패널 노출(서지 도면 수 0건 / 패널 캡션 1개 · 이미지 없음),[F1] drawing_count 0 (도면의 설명 1원소 보유) [F2] 도면 설명 1원소에 도 18개 뭉침
KR 10-2650898 B1,B1,등록특허공보,등록공고,옥외용 영상 전시 장치,6,,,6,D1 D3 D7 D2 D5 D6,[D5] 상세설명에 하위섹션+전문 중복 렌더(섹션 24337자 = 전문 18848 + 하위섹션 8443) / [D6] 도면 미반입인데 패널 노출(서지 도면 수 0건 / 패널 캡션 1개 · 이미지 없음),[F1] drawing_count 0 (도면의 설명 1원소 보유)
KR 10-2650949 B1,B1,등록특허공보,등록공고,성막 방법 및 성막 장치,6,,,6,D1 D3 D7 D2 D5 D6,[D5] 상세설명에 하위섹션+전문 중복 렌더(섹션 15840자 = 전문 16281 + 하위섹션 1203) / [D6] 도면 미반입인데 패널 노출(서지 도면 수 0건 / 패널 캡션 1개 · 이미지 없음),[F1] drawing_count 0 (도면의 설명 1원소 보유) [F2] 도면 설명 1원소에 도 9개 뭉침
KR 10-2650972 B1,B1,등록특허공보,등록공고,콘텐츠 또는 서비스의 구매를 위한 캐시 충전 방법 및 장치,6,,,6,D1 D3 D7 D2 D5 D6,[D5] 상세설명에 하위섹션+전문 중복 렌더(섹션 39178자 = 전문 35852 + 하위섹션 6851) / [D6] 도면 미반입인데 패널 노출(서지 도면 수 0건 / 패널 캡션 1개 · 이미지 없음),[F1] drawing_count 0 (도면의 설명 1원소 보유) [F2] 도면 설명 1원소에 도 14개 뭉침
KR 10-2651066 B1,B1,등록특허공보,등록공고,피처리체를 처리하는 방법,6,,,6,D1 D3 D7 D2 D5 D6,[D5] 상세설명에 하위섹션+전문 중복 렌더(섹션 30763자 = 전문 30567 + 하위섹션 4245) / [D6] 도면 미반입인데 패널 노출(서지 도면 수 0건 / 패널 캡션 1개 · 이미지 없음),[F1] drawing_count 0 (도면의 설명 1원소 보유) [F2] 도면 설명 1원소에 도 11개 뭉침
KR 10-2651379 B1,B1,등록특허공보,등록공고,시간 지연 추정 방법 및 디바이스,6,,,6,D1 D3 D7 D2 D5 D6,[D5] 상세설명에 하위섹션+전문 중복 렌더(섹션 78896자 = 전문 87685 + 하위섹션 2091) / [D6] 도면 미반입인데 패널 노출(서지 도면 수 0건 / 패널 캡션 1개 · 이미지 없음),[F1] drawing_count 0 (도면의 설명 1원소 보유) [F2] 도면 설명 1원소에 도 12개 뭉침
KR 10-2651811 B1,B1,등록특허공보,등록공고,차량용 커넥터,6,,,6,D1 D3 D7 D2 D5 D6,[D5] 상세설명에 하위섹션+전문 중복 렌더(섹션 30417자 = 전문 28951 + 하위섹션 3811) / [D6] 도면 미반입인데 패널 노출(서지 도면 수 0건 / 패널 캡션 1개 · 이미지 없음),[F1] drawing_count 0 (도면의 설명 1원소 보유) [F2] 도면 설명 1원소에 도 16개 뭉침
KR 10-2651927 B1,B1,등록특허공보,등록공고,포장박스,6,,,6,D1 D3 D7 D2 D5 D6,[D5] 상세설명에 하위섹션+전문 중복 렌더(섹션 16520자 = 전문 14624 + 하위섹션 3972) / [D6] 도면 미반입인데 패널 노출(서지 도면 수 0건 / 패널 캡션 1개 · 이미지 없음),[F1] drawing_count 0 (도면의 설명 1원소 보유) [F2] 도면 설명 1원소에 도 10개 뭉침
KR 10-2651945 B1,B1,등록특허공보,등록공고,"HBED-비스포스포네이트, 이의 방사성금속 접합체 및 이의 진단치료제로서의 용도",6,,,6,D1 D3 D7 D2 D5 D6,[D5] 상세설명에 하위섹션+전문 중복 렌더(섹션 54322자 = 전문 52780 + 하위섹션 7325) / [D6] 도면 미반입인데 패널 노출(서지 도면 수 0건 / 패널 캡션 1개 · 이미지 없음),[F1] drawing_count 0 (도면의 설명 1원소 보유) [F2] 도면 설명 1원소에 도 6개 뭉침
KR 10-2664715 B1,B1,등록특허공보,등록공고,비수 전해질 및 이를 포함하는 리튬 이차전지,6,,,6,D1 D3 D7 D2 D5 D4,[D5] 상세설명에 하위섹션+전문 중복 렌더(섹션 24157자 = 전문 22845 + 하위섹션 1746) / [D4] 공개번호(10-2024-0022998)와 표시 일자(2024-05-10) 계열 불일치 · 문헌일 2024-02-20,
KR 10-2689183 B1,B1,등록특허공보,등록공고,"감광성 수지 조성물, 필름 및 전자장치",6,,,6,D1 D3 D7 D2 D5 D4,[D5] 상세설명에 하위섹션+전문 중복 렌더(섹션 28790자 = 전문 26929 + 하위섹션 2490) / [D4] 공개번호(10-2020-0064274)와 표시 일자(2024-07-31) 계열 불일치 · 문헌일 2020-06-08,
KR 10-2689468 B1,B1,등록특허공보,등록공고,관능성이 개선된 체중 감소용 식품 조성물 및 이의 제조방법,6,,,6,D1 D3 D7 D2 D5 D4b,[D5] 상세설명에 하위섹션+전문 중복 렌더(섹션 14383자 = 전문 11799 + 하위섹션 3222) / [D4b] 공개/공고번호 — 인데 공개/공고일(2024-07-29)만 표시,
KR 10-2689699 B1,B1,등록특허공보,등록공고,나무외피를 이용한 판재 제조방법,6,,,6,D1 D3 D7 D2 D5 D4,[D5] 상세설명에 하위섹션+전문 중복 렌더(섹션 12771자 = 전문 8841 + 하위섹션 4067) / [D4] 공개번호(10-2024-0018823)와 표시 일자(2024-07-30) 계열 불일치 · 문헌일 2024-02-14,
KR 10-2689774 B1,B1,등록특허공보,등록공고,피부 개선용 조성물,6,,,6,D1 D3 D7 D2 D5 D4,[D5] 상세설명에 하위섹션+전문 중복 렌더(섹션 27949자 = 전문 23870 + 하위섹션 4912) / [D4] 공개번호(10-2018-0060609)와 표시 일자(2024-07-31) 계열 불일치 · 문헌일 2018-06-07,
KR 10-2691283 B1,B1,등록특허공보,등록공고,복합기능을 가지는 수지 첨가제 조성물,6,,,6,D1 D3 D7 D2 D5 D4b,[D5] 상세설명에 하위섹션+전문 중복 렌더(섹션 14110자 = 전문 12458 + 하위섹션 2056) / [D4b] 공개/공고번호 — 인데 공개/공고일(2024-08-05)만 표시,
KR 10-2702049 B1,B1,등록특허공보,등록공고,약염기성 음이온 교환 수지를 이용한 당 함유 용액의 정제 방법,6,,,6,D1 D3 D7 D2 D5 D4,[D5] 상세설명에 하위섹션+전문 중복 렌더(섹션 10999자 = 전문 9234 + 하위섹션 1864) / [D4] 공개번호(10-2023-0092052)와 표시 일자(2024-09-05) 계열 불일치 · 문헌일 2023-06-26,
KR 10-2702659 B1,B1,등록특허공보,등록공고,폐플라스틱 열분해 개질오일을 기반으로 하는 친환경 윤활그리스 조성물,6,,,6,D1 D3 D7 D2 D5 D4b,[D5] 상세설명에 하위섹션+전문 중복 렌더(섹션 10304자 = 전문 7184 + 하위섹션 3345) / [D4b] 공개/공고번호 — 인데 공개/공고일(2024-09-05)만 표시,
KR 10-2703058 B1,B1,등록특허공보,등록공고,윤활유 조성물,6,,,6,D1 D3 D7 D2 D5 D4,[D5] 상세설명에 하위섹션+전문 중복 렌더(섹션 21352자 = 전문 20806 + 하위섹션 965) / [D4] 공개번호(10-2019-0063433)와 표시 일자(2024-09-05) 계열 불일치 · 문헌일 2019-06-07,
KR 10-2703236 B1,B1,등록특허공보,등록공고,입체 선택성이 향상된 칸디다 안타르티카 지방분해효소 B 변이체,6,,,6,D1 D3 D7 D5 D6 D4,[D5] 상세설명에 하위섹션+전문 중복 렌더(섹션 35101자 = 전문 29310 + 하위섹션 6105) / [D6] 도면 미반입인데 패널 노출(서지 도면 수 0건 / 패널 캡션 1개 · 이미지 없음) / [D4] 공개번호(10-2023-0010934)와 표시 일자(2024-09-04) 계열 불일치 · 문헌일 2023-01-20,[F1] drawing_count 0 (도면의 설명 1원소 보유) [F2] 도면 설명 1원소에 도 4개 뭉침
KR 10-2703679 B1,B1,등록특허공보,등록공고,"이중 가교 공중합체, 이의 제조 방법 및 이를 포함하는 패치",6,,,6,D1 D3 D7 D2 D5 D4,[D5] 상세설명에 하위섹션+전문 중복 렌더(섹션 20389자 = 전문 13050 + 하위섹션 7784) / [D4] 공개번호(10-2024-0025796)와 표시 일자(2024-09-05) 계열 불일치 · 문헌일 2024-02-27,
KR 10-2704049 B1,B1,등록특허공보,등록공고,"무수당 알코올-알킬렌 글리콜 조성물을 포함하는 에폭시 수지용 경화제, 및 이를 포함하는 에폭시 수지 조성물 ",6,,,6,D1 D3 D7 D2 D5 D4,[D5] 상세설명에 하위섹션+전문 중복 렌더(섹션 38958자 = 전문 35658 + 하위섹션 3692) / [D4] 공개번호(10-2023-0083043)와 표시 일자(2024-09-06) 계열 불일치 · 문헌일 2023-06-09,
KR 10-2717780 B1,B1,등록특허공보,등록공고,영양분의 소화흡수를 촉진시키는 복합 효소,6,,,6,D1 D3 D7 D2 D5 D4,[D5] 상세설명에 하위섹션+전문 중복 렌더(섹션 21654자 = 전문 15016 + 하위섹션 7589) / [D4] 공개번호(10-2023-0112526)와 표시 일자(2024-10-15) 계열 불일치 · 문헌일 2023-07-27,
KR 10-2732107 B1,B1,등록특허공보,등록공고,"고분자의 결정화도 확인방법, 필름의 고분자 결정화도 확인방법, 및 폴리에스테르 필름",6,,,6,D1 D3 D7 D2 D5 D4,[D5] 상세설명에 하위섹션+전문 중복 렌더(섹션 31307자 = 전문 28781 + 하위섹션 3557) / [D4] 공개번호(10-2024-0003323)와 표시 일자(2024-11-20) 계열 불일치 · 문헌일 2024-01-08,
KR 10-2732146 B1,B1,등록특허공보,등록공고,"초저소음용 그리스 조성물 및 이의 제조방법, 그리고 이를 포함한 전기 전자제품",6,,,6,D1 D3 D7 D2 D5 D4,[D5] 상세설명에 하위섹션+전문 중복 렌더(섹션 15665자 = 전문 13122 + 하위섹션 3038) / [D4] 공개번호(10-2024-0028242)와 표시 일자(2024-11-19) 계열 불일치 · 문헌일 2024-03-05,
KR 10-2634318 B1,B1,등록특허공보,등록공고,어플리케이션 데이터의 블록체인 저장 방법 및 이를 이용하는 시스템,5,,,5,D1 D3 D7 D2 D6,[D6] 도면 미반입인데 패널 노출(서지 도면 수 0건 / 패널 캡션 1개 · 이미지 없음),[F1] drawing_count 0 (도면의 설명 1원소 보유) [F2] 도면 설명 1원소에 도 10개 뭉침
KR 10-2636944 B1,B1,등록특허공보,등록공고,첩부제 및 그 제조 방법,5,,,5,D1 D3 D7 D2 D5,[D5] 상세설명에 하위섹션+전문 중복 렌더(섹션 19986자 = 전문 22425 + 하위섹션 970),
KR 10-2636960 B1,B1,등록특허공보,등록공고,절연막 식각액 조성물 및 이를 이용한 패턴 형성 방법,5,,,5,D1 D3 D7 D2 D6,[D6] 도면 미반입인데 패널 노출(서지 도면 수 0건 / 패널 캡션 1개 · 이미지 없음),[F1] drawing_count 0 (도면의 설명 1원소 보유) [F2] 도면 설명 1원소에 도 4개 뭉침
KR 10-2637283 B1,B1,등록특허공보,등록공고,"경화막의 제조 방법, 수지 조성물, 경화막, 적층체의 제조 방법 및 반도체 디바이스의 제조 방법",5,,,5,D1 D3 D7 D2 D5,[D5] 상세설명에 하위섹션+전문 중복 렌더(섹션 62965자 = 전문 68824 + 하위섹션 2803),
KR 10-2638729 B1,B1,등록특허공보,등록공고,로터리 킬른 자동 및 수동 전환장치,5,,,5,D1 D3 D7 D2 D6,[D6] 도면 미반입인데 패널 노출(서지 도면 수 0건 / 패널 캡션 1개 · 이미지 없음),[F1] drawing_count 0 (도면의 설명 1원소 보유) [F2] 도면 설명 1원소에 도 7개 뭉침
KR 10-2639220 B1,B1,등록특허공보,등록공고,변압기의 화재 방지 장치,5,,,5,D1 D3 D7 D2 D6,[D6] 도면 미반입인데 패널 노출(서지 도면 수 0건 / 패널 캡션 1개 · 이미지 없음),[F1] drawing_count 0 (도면의 설명 1원소 보유) [F2] 도면 설명 1원소에 도 6개 뭉침
KR 10-2650313 B1,B1,등록특허공보,등록공고,락토오스 없는 유제품,5,,,5,D1 D3 D7 D2 D5,[D5] 상세설명에 하위섹션+전문 중복 렌더(섹션 78494자 = 전문 66052 + 하위섹션 24546),
KR 10-2648309 B1,B1,등록특허공보,등록공고,포장용 종이 코팅용 조성물 및 이를 포함하는 코팅된 포장지,4,,,4,D1 D3 D7 D2,,
KR 10-2649404 B1,B1,등록특허공보,등록공고,"산화물 소결체, 그 제조 방법 및 스퍼터링 타깃",4,,,4,D1 D3 D7 D2,,
